# dimensionless total lensed [l(l+1)/2pi] C_l's
# for l=2 to 2500, i.e. number of multipoles equal to 2499
#
# -> if you prefer output in CAMB/HealPix/LensPix units/order, set 'format' to 'camb' in input file
# -> if you don't want to see such a header, set 'headers' to 'no' in input file
# -> for CMB lensing (phi), these are C_l^phi-phi for the lensing potential.
#    Remember the conversion factors:
#    C_l^dd (deflection) = l(l+1) C_l^phi-phi
#    C_l^gg (shear/convergence) = 1/4 (l(l+1))^2 C_l^phi-phi
#
# 1:l     2:TT                     3:EE                     4:TE                     5:BB                     6:phiphi                 7:TPhi                   8:Ephi               
    2       1.385985891427e-10       4.278654558088e-15       3.546298640229e-13       2.272470741615e-19       8.307656180912e-09       4.974331448896e-10      -1.846227676172e-12 
    3       1.262547858362e-10       5.362447105178e-15       4.059731294039e-13       4.545876809414e-19       5.118142536625e-09       3.263194143053e-10      -1.391068174219e-12 
    4       1.176377792836e-10       4.558328710136e-15       3.745864054365e-13       7.578521468838e-19       3.555845058707e-09       2.361429128917e-10      -9.059231943597e-13 
    5       1.119438001659e-10       2.993644541461e-15       3.119411235457e-13       1.137160118361e-18       2.651565534124e-09       1.809187666458e-10      -5.015890094724e-13 
    6       1.083368156199e-10       1.651286632666e-15       2.451621200158e-13       1.592656916836e-18       2.068857564115e-09       1.439169696645e-10      -2.067784971794e-13 
    7       1.062123024469e-10       8.873438645438e-16       1.882136828559e-13       2.124510901961e-18       1.666896099761e-09       1.176552276251e-10      -2.127311307623e-14 
    8       1.050625657520e-10       5.757464969635e-16       1.463035864558e-13       2.732910486097e-18       1.375752533147e-09       9.818680180655e-11       7.118565217627e-14 
    9       1.046433489354e-10       4.641820883596e-16       1.197640846808e-13       3.418060887209e-18       1.156887241858e-09       8.326885039598e-11       9.489586962719e-14 
   10       1.047518040660e-10       3.956650410904e-16       1.062858818368e-13       4.180180713300e-18       9.875896281346e-10       7.158649943577e-11       7.623244428985e-14 
   11       1.052275205257e-10       3.344663349165e-16       1.025049828686e-13       5.019498474600e-18       8.465147280089e-10       6.299934892515e-11       3.927497794703e-14 
   12       1.060450942738e-10       2.958731291501e-16       1.050317792760e-13       5.936249119373e-18       7.398152528429e-10       5.533823553387e-11       1.429680969982e-15 
   13       1.070712532361e-10       2.877191361466e-16       1.109558322970e-13       6.930670685706e-18       6.521640408155e-10       4.898048466583e-11      -2.636552667037e-14 
   14       1.082454234625e-10       3.005416113792e-16       1.183189441358e-13       8.003001154943e-18       5.791988324150e-10       4.353352364360e-11      -4.011566098106e-14 
   15       1.095924804629e-10       3.237767711992e-16       1.260781142791e-13       9.153475582959e-18       5.177571885079e-10       3.898022029104e-11      -4.076027219402e-14 
   16       1.110922727721e-10       3.569094021353e-16       1.337683846734e-13       1.038232357352e-17       4.654973279322e-10       3.514398657820e-11      -3.260821736297e-14 
   17       1.126526271932e-10       4.062366403577e-16       1.414758903789e-13       1.168976714409e-17       4.206521506201e-10       3.183092651233e-11      -2.101132267562e-14 
   18       1.143098101258e-10       4.767711124255e-16       1.494877094530e-13       1.307601884999e-17       3.817235399469e-10       2.889856866412e-11      -1.071820066590e-14 
   19       1.160747847019e-10       5.685235223106e-16       1.580598990680e-13       1.454128136872e-17       3.480838045201e-10       2.632750292693e-11      -4.001596887671e-15 
   20       1.178854038698e-10       6.792641546740e-16       1.673793149509e-13       1.608574480916e-17       3.184537140492e-10       2.407468194578e-11      -2.121468833604e-15 
   21       1.197522567126e-10       8.083152300540e-16       1.773228723046e-13       1.770958896581e-17       2.923698536041e-10       2.212126793693e-11      -4.240508284242e-15 
   22       1.216792953539e-10       9.551845125445e-16       1.875782562073e-13       1.941298037682e-17       2.692056229145e-10       2.041830386245e-11      -8.412534052328e-15 
   23       1.236616461849e-10       1.119856204118e-15       1.977691516826e-13       2.119607596748e-17       2.486436784080e-10       1.891471601093e-11      -1.290820562683e-14 
   24       1.256733894776e-10       1.302322045922e-15       2.074527989344e-13       2.305902005584e-17       2.302111747386e-10       1.754082557216e-11      -1.600321394293e-14 
   25       1.277209542117e-10       1.502795639083e-15       2.163075211314e-13       2.500194963282e-17       2.136916902510e-10       1.628111232146e-11      -1.711001846687e-14 
   26       1.298072608221e-10       1.721814280986e-15       2.240744009358e-13       2.702499075084e-17       1.987861837731e-10       1.512875506768e-11      -1.616933153330e-14 
   27       1.319368707249e-10       1.961518693753e-15       2.307405228506e-13       2.912826362534e-17       1.853164646215e-10       1.409304866074e-11      -1.385234512440e-14 
   28       1.341052016322e-10       2.224531707586e-15       2.363937385668e-13       3.131188016649e-17       1.730511428233e-10       1.317820251823e-11      -1.114047685083e-14 
   29       1.363157953018e-10       2.512315696435e-15       2.411099343522e-13       3.357595242493e-17       1.619275956095e-10       1.237016779412e-11      -8.655187000628e-15 
   30       1.385621362830e-10       2.825955261775e-15       2.449929209606e-13       3.592058548059e-17       1.518261405664e-10       1.163679206082e-11      -7.007029395560e-15 
   31       1.408278909357e-10       3.166449573259e-15       2.481429100633e-13       3.834587742690e-17       1.425405263733e-10       1.094031505935e-11      -6.731610739422e-15 
   32       1.431168363376e-10       3.534605242644e-15       2.504835439573e-13       4.085193020268e-17       1.340228616445e-10       1.028312157559e-11      -7.543523682579e-15 
   33       1.454316812977e-10       3.931086399211e-15       2.518681583365e-13       4.343884254990e-17       1.262131083666e-10       9.678107641717e-12      -8.786302655140e-15 
   34       1.477688122679e-10       4.356518621471e-15       2.521386632382e-13       4.610670875274e-17       1.190021703207e-10       9.133882792579e-12      -9.764806281927e-15 
   35       1.501312274657e-10       4.811790997748e-15       2.511829490140e-13       4.885562426146e-17       1.123530739602e-10       8.645420470698e-12      -1.028220713588e-14 
   36       1.525185154730e-10       5.297852722224e-15       2.488957430605e-13       5.168568210057e-17       1.062123177195e-10       8.199324601603e-12      -1.028519756058e-14 
   37       1.549263292624e-10       5.815608650644e-15       2.451819180421e-13       5.459697115678e-17       1.004998170385e-10       7.780342530733e-12      -9.760319056997e-15 
   38       1.573591913246e-10       6.365840530739e-15       2.400219859148e-13       5.758957511852e-17       9.520076028291e-11       7.387127754263e-12      -8.861744411022e-15 
   39       1.598208311756e-10       6.949254304389e-15       2.334289203003e-13       6.066357328867e-17       9.029831834630e-11       7.021199729437e-12      -7.830063625851e-15 
   40       1.623100788232e-10       7.566496233840e-15       2.254318519905e-13       6.381904093405e-17       8.574570913283e-11       6.682531709649e-12      -6.962751981868e-15 
   41       1.648229420049e-10       8.218182767673e-15       2.160629303651e-13       6.705604675408e-17       8.148248233388e-11       6.369726282559e-12      -6.535001420702e-15 
   42       1.673609269409e-10       8.905011152691e-15       2.053104592520e-13       7.037464417527e-17       7.749602935912e-11       6.080972111575e-12      -6.522494166804e-15 
   43       1.699245330138e-10       9.627678303699e-15       1.931521186936e-13       7.377487730713e-17       7.377570000730e-11       5.813145604032e-12      -6.794491356426e-15 
   44       1.725105336041e-10       1.038684863874e-14       1.795677350639e-13       7.725678315390e-17       7.029434430353e-11       5.561386312035e-12      -7.186816667771e-15 
   45       1.751143485843e-10       1.118312295229e-14       1.645326203484e-13       8.082038812606e-17       6.701799339040e-11       5.320568966885e-12      -7.538965504594e-15 
   46       1.777388364418e-10       1.201693764541e-14       1.479952503780e-13       8.446569663662e-17       6.394144758382e-11       5.090545699580e-12      -7.823531176148e-15 
   47       1.803875323657e-10       1.288863269319e-14       1.298928880157e-13       8.819269887505e-17       6.106109428025e-11       4.872253524197e-12      -8.051957370213e-15 
   48       1.830619624553e-10       1.379847539248e-14       1.101572624140e-13       9.200137355546e-17       5.836417553207e-11       4.666215688391e-12      -8.238906996238e-15 
   49       1.857614488905e-10       1.474665708665e-14       8.871417142801e-14       9.589168759359e-17       5.582810819804e-11       4.472505942682e-12      -8.402452143573e-15 
   50       1.884842892641e-10       1.573331673533e-14       6.549650290140e-14       9.986359562039e-17       5.342727692515e-11       4.290833598637e-12      -8.560967997581e-15 
   51       1.912321239662e-10       1.675862676492e-14       4.048838774052e-14       1.039170391170e-16       5.115716409930e-11       4.120908817250e-12      -8.722379938072e-15 
   52       1.940064175025e-10       1.782272485965e-14       1.369234443916e-14       1.080519464863e-16       4.901559453532e-11       3.962114711244e-12      -8.892326041728e-15 
   53       1.968070608707e-10       1.892568718896e-14      -1.488286397016e-14       1.122682328733e-16       4.699551470203e-11       3.813365888558e-12      -9.077232046592e-15 
   54       1.996322413973e-10       2.006752639546e-14      -4.522199602705e-14       1.165657998338e-16       4.508466453529e-11       3.673078405824e-12      -9.284346202434e-15 
   55       2.024797288971e-10       2.124821495510e-14      -7.730957500756e-14       1.209445426660e-16       4.326931015173e-11       3.539600732030e-12      -9.518602410875e-15 
   56       2.053514064963e-10       2.246776666250e-14      -1.111509704287e-13       1.254043752946e-16       4.154727971643e-11       3.412700844599e-12      -9.772217265725e-15 
   57       2.082496373729e-10       2.372617186409e-14      -1.467561439673e-13       1.299452109889e-16       3.991759111948e-11       3.292395931055e-12      -1.003256973728e-14 
   58       2.111758736997e-10       2.502337285840e-14      -1.841336493109e-13       1.345669552113e-16       3.837650853272e-11       3.178511923681e-12      -1.028505966859e-14 
   59       2.141305816624e-10       2.635926287250e-14      -2.232906506215e-13       1.392695055845e-16       3.691737243981e-11       3.070671414433e-12      -1.051301905274e-14 
   60       2.171131664792e-10       2.773368503858e-14      -2.642329409992e-13       1.440527518594e-16       3.553042966613e-11       2.968281569849e-12      -1.069762331003e-14 
   61       2.201227056394e-10       2.914637040295e-14      -3.069634186754e-13       1.489165906237e-16       3.420553706478e-11       2.870707004713e-12      -1.082199374212e-14 
   62       2.231605105787e-10       3.059673800874e-14      -3.514770741334e-13       1.538609733567e-16       3.294136625995e-11       2.777861086999e-12      -1.088478166493e-14 
   63       2.262280095605e-10       3.208404791923e-14      -3.977649054364e-13       1.588858691526e-16       3.173797279502e-11       2.689726516489e-12      -1.088948981644e-14 
   64       2.293259418339e-10       3.360745532624e-14      -4.458153313414e-13       1.639912513587e-16       3.059402756301e-11       2.606175984543e-12      -1.084059362210e-14 
   65       2.324543082966e-10       3.516600759219e-14      -4.956141608273e-13       1.691770980109e-16       2.950673801555e-11       2.526965957613e-12      -1.074358545489e-14 
   66       2.356123221579e-10       3.675864129219e-14      -5.471445626237e-13       1.744433922694e-16       2.847176937179e-11       2.451730460750e-12      -1.060501889545e-14 
   67       2.387983596012e-10       3.838417925610e-14      -6.003870347396e-13       1.797901228536e-16       2.748316582733e-11       2.379974861121e-12      -1.043255299218e-14 
   68       2.420107949773e-10       4.004144170411e-14      -6.553200149423e-13       1.852172930749e-16       2.653493826973e-11       2.311201277180e-12      -1.023416199116e-14 
   69       2.452508131826e-10       4.172961241501e-14      -7.119219239491e-13       1.907249490857e-16       2.562637712640e-11       2.245328209920e-12      -1.001547964567e-14 
   70       2.485200811296e-10       4.344794178038e-14      -7.701694834024e-13       1.963131581628e-16       2.475767944211e-11       2.182345163068e-12      -9.781993832163e-15 
   71       2.518198874020e-10       4.519563923664e-14      -8.300370977232e-13       2.019820012606e-16       2.392834210168e-11       2.122185741683e-12      -9.539855974283e-15 
   72       2.551511155399e-10       4.697187322508e-14      -8.914968400324e-13       2.077315736665e-16       2.313712566054e-11       2.064724802053e-12      -9.295903959488e-15 
   73       2.585142173249e-10       4.877577115195e-14      -9.545184380725e-13       2.135619856561e-16       2.238201817532e-11       2.009775601590e-12      -9.057685055660e-15 
   74       2.619091860653e-10       5.060641934852e-14      -1.019069260128e-12       2.194733631486e-16       2.166019903440e-11       1.957086948729e-12      -8.833478827741e-15 
   75       2.653355298812e-10       5.246286303111e-14      -1.085114300947e-12       2.254658483621e-16       2.096800278854e-11       1.906340352823e-12      -8.632320054349e-15 
   76       2.687926770546e-10       5.434405676947e-14      -1.152616863332e-12       2.315395943989e-16       2.030182728524e-11       1.857230910007e-12      -8.461939067837e-15 
   77       2.722813364709e-10       5.624870555245e-14      -1.221540777522e-12       2.376947464121e-16       1.966112921173e-11       1.809733289613e-12      -8.322098504035e-15 
   78       2.758023378775e-10       5.817539453264e-14      -1.291848562829e-12       2.439314581792e-16       1.904591162907e-11       1.763879298946e-12      -8.210077466316e-15 
   79       2.793562042612e-10       6.012263490922e-14      -1.363500768053e-12       2.502498983900e-16       1.845581159460e-11       1.719677335594e-12      -8.122626839824e-15 
   80       2.829431339928e-10       6.208886287317e-14      -1.436455971671e-12       2.566502511772e-16       1.789008335623e-11       1.677111254398e-12      -8.055949503180e-15 
   81       2.865629829728e-10       6.407243855241e-14      -1.510670782021e-12       2.631327166475e-16       1.734758154673e-11       1.636139234420e-12      -8.005680540184e-15 
   82       2.902152467757e-10       6.607164495706e-14      -1.586099837491e-12       2.696975114124e-16       1.682674437800e-11       1.596692645916e-12      -7.966867451524e-15 
   83       2.938990427952e-10       6.808468692459e-14      -1.662695806704e-12       2.763448691190e-16       1.632557683542e-11       1.558674917305e-12      -7.933950366477e-15 
   84       2.976134838725e-10       7.010975385223e-14      -1.740409880943e-12       2.830750369213e-16       1.584213453182e-11       1.521986517147e-12      -7.901763288559e-15 
   85       3.013589094595e-10       7.214522215389e-14      -1.819193344820e-12       2.898882630592e-16       1.537610424486e-11       1.486607140419e-12      -7.868771891716e-15 
   86       3.051358267689e-10       7.418948458838e-14      -1.898996267543e-12       2.967848081841e-16       1.492745580513e-11       1.452525132976e-12      -7.834338696951e-15 
   87       3.089445263285e-10       7.624088947341e-14      -1.979767042163e-12       3.037649496914e-16       1.449595646530e-11       1.419711904052e-12      -7.797747172972e-15 
   88       3.127850707062e-10       7.829774070278e-14      -2.061452394034e-12       3.108289821827e-16       1.408116250894e-11       1.388121232135e-12      -7.758199108132e-15 
   89       3.166572832340e-10       8.035829776366e-14      -2.143997389270e-12       3.179772179288e-16       1.368241085920e-11       1.357688570846e-12      -7.714811982368e-15 
   90       3.205607367327e-10       8.242077575381e-14      -2.227345443207e-12       3.252099873321e-16       1.329881068759e-11       1.328330354818e-12      -7.666616339139e-15 
   91       3.244947422367e-10       8.448334539886e-14      -2.311438328862e-12       3.325276393894e-16       1.292923502269e-11       1.299943305574e-12      -7.612553157366e-15 
   92       3.284583377181e-10       8.654413306953e-14      -2.396216185391e-12       3.399305421543e-16       1.257231235889e-11       1.272403737406e-12      -7.551471223372e-15 
   93       3.324505969636e-10       8.860125002839e-14      -2.481618031173e-12       3.474190896091e-16       1.222675142288e-11       1.245597724610e-12      -7.482508082612e-15 
   94       3.364716338349e-10       9.065288516419e-14      -2.567583372964e-12       3.549937224562e-16       1.189238957305e-11       1.219518300923e-12      -7.406304143217e-15 
   95       3.405217289045e-10       9.269722630160e-14      -2.654050855523e-12       3.626549113234e-16       1.156928729849e-11       1.194181663550e-12      -7.323967164342e-15 
   96       3.446010159734e-10       9.473243262723e-14      -2.740957793740e-12       3.704031511770e-16       1.125740534393e-11       1.169597347502e-12      -7.236707548439e-15 
   97       3.487094751901e-10       9.675663510822e-14      -2.828240188014e-12       3.782389618725e-16       1.095660089170e-11       1.145767955100e-12      -7.145840978531e-15 
   98       3.528469261699e-10       9.876793691061e-14      -2.915832739644e-12       3.861628887048e-16       1.066662374363e-11       1.122688885481e-12      -7.052791055494e-15 
   99       3.570130211139e-10       1.007644138179e-13      -3.003668866214e-12       3.941755029592e-16       1.038711250304e-11       1.100348064112e-12      -6.959091935324e-15 
  100       3.612072379284e-10       1.027441146495e-13      -3.091680716981e-12       4.022774024618e-16       1.011759075663e-11       1.078725672289e-12      -6.866390966422e-15 
  101       3.654288733443e-10       1.047050616792e-13      -3.179799188257e-12       4.104692121301e-16       9.857463256479e-12       1.057793876647e-12      -6.776451326864e-15 
  102       3.696770360358e-10       1.066452510535e-13      -3.267953938800e-12       4.187515845238e-16       9.606012101928e-12       1.037516558669e-12      -6.691154661678e-15 
  103       3.739506397400e-10       1.085626532105e-13      -3.356073405197e-12       4.271252003951e-16       9.362392921565e-12       1.017849044191e-12      -6.612503720122e-15 
  104       3.782486259345e-10       1.104552644192e-13      -3.444085603519e-12       4.355907510841e-16       9.125825938965e-12       9.987484084370e-13      -6.542150765391e-15 
  105       3.825706809497e-10       1.123212684266e-13      -3.531920624476e-12       4.441488818087e-16       8.896206788224e-12       9.802065591142e-13      -6.479904571086e-15 
  106       3.869166033506e-10       1.141588975288e-13      -3.619508505573e-12       4.528002417049e-16       8.673571476872e-12       9.622211388923e-13      -6.425025719475e-15 
  107       3.912860787242e-10       1.159663843682e-13      -3.706778498678e-12       4.615455016446e-16       8.457907214027e-12       9.447851965350e-13      -6.376680276085e-15 
  108       3.956786753203e-10       1.177419629133e-13      -3.793659094053e-12       4.703853545874e-16       8.249150733918e-12       9.278870326222e-13      -6.333937215691e-15 
  109       4.000938396940e-10       1.194838694393e-13      -3.880078044376e-12       4.793205159311e-16       8.047186619407e-12       9.115100452715e-13      -6.295765848293e-15 
  110       4.045308923473e-10       1.211903435085e-13      -3.965962388769e-12       4.883517238631e-16       7.851845625508e-12       8.956325758599e-13      -6.261033245108e-15 
  111       4.089890233709e-10       1.228596289501e-13      -4.051238476824e-12       4.974797397113e-16       7.662903002915e-12       8.802277547451e-13      -6.228501664548e-15 
  112       4.134672880859e-10       1.244899748409e-13      -4.135831992632e-12       5.067053482954e-16       7.480076821518e-12       8.652633469874e-13      -6.196825978208e-15 
  113       4.179646026859e-10       1.260796364850e-13      -4.219667978807e-12       5.160293582778e-16       7.303026293929e-12       8.507015980711e-13      -6.164551096846e-15 
  114       4.224797398790e-10       1.276268763947e-13      -4.302670860514e-12       5.254526025149e-16       7.131350099001e-12       8.364990796260e-13      -6.130109396372e-15 
  115       4.270113245288e-10       1.291299652703e-13      -4.384764469494e-12       5.349759384080e-16       6.964584705353e-12       8.226065351493e-13      -6.091818143827e-15 
  116       4.315580265429e-10       1.305872301078e-13      -4.465872947900e-12       5.446002219277e-16       6.802305821266e-12       8.089801720071e-13      -6.048253617611e-15 
  117       4.361191754581e-10       1.319972030612e-13      -4.545923533102e-12       5.543262253541e-16       6.644450321666e-12       7.956174247945e-13      -5.999430574005e-15 
  118       4.406942127406e-10       1.333584926039e-13      -4.624844158153e-12       5.641547101478e-16       6.491030495401e-12       7.825252706537e-13      -5.945762015419e-15 
  119       4.452824986405e-10       1.346697394031e-13      -4.702562633742e-12       5.740864524994e-16       6.342033664703e-12       7.697091195591e-13      -5.887696075695e-15 
  120       4.498833095776e-10       1.359296177160e-13      -4.779006679994e-12       5.841222434474e-16       6.197421420515e-12       7.571727612439e-13      -5.825716776715e-15 
  121       4.544958355273e-10       1.371368367873e-13      -4.854103958277e-12       5.942628889964e-16       6.057128857836e-12       7.449183121266e-13      -5.760344785021e-15 
  122       4.591191774064e-10       1.382901422458e-13      -4.927782103011e-12       6.045092102359e-16       5.921063811058e-12       7.329461622377e-13      -5.692138168427e-15 
  123       4.637523444587e-10       1.393883175016e-13      -4.999968753468e-12       6.148620434581e-16       5.789106089300e-12       7.212549221460e-13      -5.621693152630e-15 
  124       4.683942516414e-10       1.404301851427e-13      -5.070591585582e-12       6.253222402766e-16       5.661106711750e-12       7.098413698853e-13      -5.549644877828e-15 
  125       4.730437170100e-10       1.414146083325e-13      -5.139578343753e-12       6.358906677445e-16       5.536887143002e-12       6.987003978807e-13      -5.476668155332e-15 
  126       4.776994591051e-10       1.423404922059e-13      -5.206856872652e-12       6.465682084728e-16       5.416238528393e-12       6.878249598755e-13      -5.403478224180e-15 
  127       4.823600943376e-10       1.432067852672e-13      -5.272355149028e-12       6.573557607488e-16       5.298920929340e-12       6.772060178574e-13      -5.330831507750e-15 
  128       4.870241343747e-10       1.440124807861e-13      -5.336001313513e-12       6.682542386541e-16       5.184662558681e-12       6.668324889851e-13      -5.259526370377e-15 
  129       4.916901327851e-10       1.447566587706e-13      -5.397724443008e-12       6.792645449260e-16       5.073218095647e-12       6.566936187006e-13      -5.190237387184e-15 
  130       4.963571487160e-10       1.454386141220e-13      -5.457456896090e-12       6.903874859221e-16       4.964552487813e-12       6.467865071355e-13      -5.122995990835e-15 
  131       5.010243293784e-10       1.460577452434e-13      -5.515132286200e-12       7.016238475074e-16       4.858675961259e-12       6.371093119061e-13      -5.057654015730e-15 
  132       5.056907638165e-10       1.466135163960e-13      -5.570684800873e-12       7.129744213991e-16       4.755586409806e-12       6.276588605782e-13      -4.994044647262e-15 
  133       5.103554813618e-10       1.471054593862e-13      -5.624049238835e-12       7.244400050903e-16       4.655269053112e-12       6.184306149540e-13      -4.931981987116e-15 
  134       5.150174500865e-10       1.475331752524e-13      -5.675161047112e-12       7.360214017729e-16       4.557696094758e-12       6.094186353599e-13      -4.871260618566e-15 
  135       5.196755752580e-10       1.478963359531e-13      -5.723956358135e-12       7.477194202612e-16       4.462826380340e-12       6.006155449338e-13      -4.811655171761e-15 
  136       5.243286977921e-10       1.481946860535e-13      -5.770372026844e-12       7.595348749150e-16       4.370605055561e-12       5.920124939125e-13      -4.752919889034e-15 
  137       5.289755927074e-10       1.484280444128e-13      -5.814345667794e-12       7.714685855628e-16       4.280963224317e-12       5.835991239191e-13      -4.694788190183e-15 
  138       5.336149675788e-10       1.485963058722e-13      -5.855815692257e-12       7.835213774252e-16       4.193817606791e-12       5.753635322507e-13      -4.636972237777e-15 
  139       5.382454609916e-10       1.486994429413e-13      -5.894721345330e-12       7.956940810383e-16       4.109070197541e-12       5.672922361653e-13      -4.579162502448e-15 
  140       5.428656409952e-10       1.487375074858e-13      -5.931002743040e-12       8.079875321766e-16       4.026607923591e-12       5.593701371697e-13      -4.521027328184e-15 
  141       5.474740035573e-10       1.487106324148e-13      -5.964600909447e-12       8.204025717767e-16       3.946302302522e-12       5.515804853070e-13      -4.462212497625e-15 
  142       5.520689710173e-10       1.486190333678e-13      -5.995457813749e-12       8.329400458601e-16       3.868009100560e-12       5.439048434433e-13      -4.402340797363e-15 
  143       5.566488905403e-10       1.484630104026e-13      -6.023516407389e-12       8.456008054571e-16       3.791567990668e-12       5.363230515561e-13      -4.341011583231e-15 
  144       5.612121648746e-10       1.482429615913e-13      -6.048721213508e-12       8.583856575028e-16       3.716836118974e-12       5.288179689941e-13      -4.277897987791e-15 
  145       5.657576624144e-10       1.479594217610e-13      -6.071020082472e-12       8.712952122346e-16       3.643793255473e-12       5.213903035693e-13      -4.213050261341e-15 
  146       5.702843448127e-10       1.476130307981e-13      -6.090362680760e-12       8.843300205340e-16       3.572446408079e-12       5.140451833332e-13      -4.146621649131e-15 
  147       5.747911375293e-10       1.472045238216e-13      -6.106699994071e-12       8.974906212479e-16       3.502796699410e-12       5.067875016990e-13      -4.078773559863e-15 
  148       5.792769290452e-10       1.467347329389e-13      -6.119984367612e-12       9.107775408293e-16       3.434839219751e-12       4.996219091886e-13      -4.009675692145e-15 
  149       5.837405700764e-10       1.462045890016e-13      -6.130169546370e-12       9.241912929793e-16       3.368562880022e-12       4.925528051798e-13      -3.939506160947e-15 
  150       5.881808727886e-10       1.456151233613e-13      -6.137210715397e-12       9.377323782884e-16       3.303950264744e-12       4.855843296534e-13      -3.868451624061e-15 
  151       5.925966100113e-10       1.449674696250e-13      -6.141064540083e-12       9.514012838781e-16       3.240977485000e-12       4.787203549401e-13      -3.796707408555e-15 
  152       5.969865144518e-10       1.442628654112e-13      -6.141689206443e-12       9.651984830424e-16       3.179614031407e-12       4.719644774674e-13      -3.724477637235e-15 
  153       6.013492779096e-10       1.435026541055e-13      -6.139044461389e-12       9.791244348892e-16       3.119822627078e-12       4.653200095070e-13      -3.651975355096e-15 
  154       6.056835504908e-10       1.426882866160e-13      -6.133091653016e-12       9.931795839819e-16       3.061559080588e-12       4.587899709218e-13      -3.579422655787e-15 
  155       6.099879398221e-10       1.418213231296e-13      -6.123793770876e-12       1.007364359981e-15       3.004772138942e-12       4.523770809125e-13      -3.507050808061e-15 
  156       6.142610102650e-10       1.409034348672e-13      -6.111115486260e-12       1.021679177286e-15       2.949403340536e-12       4.460837497652e-13      -3.435100382236e-15 
  157       6.185012821304e-10       1.399364058399e-13      -6.095023192476e-12       1.036124434675e-15       2.895386868128e-12       4.399120705982e-13      -3.363821376653e-15 
  158       6.227072308922e-10       1.389221346042e-13      -6.075485045131e-12       1.050700514949e-15       2.842649401802e-12       4.338638111089e-13      -3.293473344132e-15 
  159       6.268772864022e-10       1.378626360182e-13      -6.052471002408e-12       1.065407784571e-15       2.791109971930e-12       4.279404053211e-13      -3.224325518427e-15 
  160       6.310098321038e-10       1.367600429971e-13      -6.025952865344e-12       1.080246593311e-15       2.740679812144e-12       4.221429453319e-13      -3.156656940690e-15 
  161       6.351033157088e-10       1.356165595116e-13      -5.995904177802e-12       1.095217236784e-15       2.691280521542e-12       4.164719215203e-13      -3.090698712559e-15 
  162       6.391565938749e-10       1.344343112276e-13      -5.962299831858e-12       1.110319841116e-15       2.642900664948e-12       4.109264346808e-13      -3.026454751154e-15 
  163       6.431686166491e-10       1.332154849522e-13      -5.925116504337e-12       1.125554467350e-15       2.595543920260e-12       4.055048981194e-13      -2.963865350855e-15 
  164       6.471383184760e-10       1.319623777221e-13      -5.884332833297e-12       1.140921147099e-15       2.549211157089e-12       4.002052735909e-13      -2.902863492321e-15 
  165       6.510646179248e-10       1.306773983353e-13      -5.839929457670e-12       1.156419882018e-15       2.503900373959e-12       3.950250618880e-13      -2.843374702678e-15 
  166       6.549464174167e-10       1.293630688820e-13      -5.791889056890e-12       1.172050643277e-15       2.459606635514e-12       3.899612934313e-13      -2.785316915711e-15 
  167       6.587826029516e-10       1.280220262765e-13      -5.740196390532e-12       1.187813371028e-15       2.416322009722e-12       3.850105188593e-13      -2.728600332048e-15 
  168       6.625720438353e-10       1.266570237884e-13      -5.684838337941e-12       1.203707973879e-15       2.374035505077e-12       3.801687996178e-13      -2.673127279353e-15 
  169       6.663135924065e-10       1.252709325737e-13      -5.625803937870e-12       1.219734328363e-15       2.332733007808e-12       3.754316985498e-13      -2.618792072516e-15 
  170       6.700060837641e-10       1.238667432069e-13      -5.563084428109e-12       1.235892278409e-15       2.292397219076e-12       3.707942704850e-13      -2.565480873840e-15 
  171       6.736483354937e-10       1.224475672117e-13      -5.496673285124e-12       1.252181634815e-15       2.253007592186e-12       3.662510528301e-13      -2.513071553230e-15 
  172       6.772391473953e-10       1.210166385926e-13      -5.426566263689e-12       1.268602174715e-15       2.214540269787e-12       3.617960561580e-13      -2.461433548384e-15 
  173       6.807773012100e-10       1.195773153667e-13      -5.352761436517e-12       1.285153641054e-15       2.176968021074e-12       3.574227547978e-13      -2.410427724983e-15 
  174       6.842615603470e-10       1.181330810943e-13      -5.275259233896e-12       1.301835742054e-15       2.140260179000e-12       3.531240774246e-13      -2.359906236875e-15 
  175       6.876906696109e-10       1.166875464114e-13      -5.194062483325e-12       1.318648150690e-15       2.104382577472e-12       3.488923976489e-13      -2.309712386273e-15 
  176       6.910633549285e-10       1.152444505598e-13      -5.109176449144e-12       1.335590504157e-15       2.069297488558e-12       3.447195246068e-13      -2.259680483936e-15 
  177       6.943783230762e-10       1.138076629196e-13      -5.020608872170e-12       1.352662403344e-15       2.034963559696e-12       3.405966935495e-13      -2.209635709362e-15 
  178       6.976342614065e-10       1.123811845401e-13      -4.928370009328e-12       1.369863412302e-15       2.001335750889e-12       3.365145564331e-13      -2.159393970978e-15 
  179       7.008298375757e-10       1.109691496712e-13      -4.832472673291e-12       1.387193057714e-15       1.968365271919e-12       3.324631725082e-13      -2.108761766327e-15 
  180       7.039637848850e-10       1.095756794772e-13      -4.732930920806e-12       1.404650808675e-15       1.936009345597e-12       3.284342344940e-13      -2.057579105098e-15 
  181       7.070351664615e-10       1.082044269763e-13      -4.629755918314e-12       1.422236015315e-15       1.904261496559e-12       3.244279646376e-13      -2.005852385642e-15 
  182       7.100431316012e-10       1.068589987859e-13      -4.522959823047e-12       1.439947964270e-15       1.873123555092e-12       3.204467500156e-13      -1.953631836677e-15 
  183       7.129868320838e-10       1.055431006690e-13      -4.412557139197e-12       1.457785897335e-15       1.842596021023e-12       3.164929550417e-13      -1.900969422278e-15 
  184       7.158654222154e-10       1.042605385221e-13      -4.298564752578e-12       1.475749010871e-15       1.812678037118e-12       3.125689202908e-13      -1.847918860670e-15 
  185       7.186780588703e-10       1.030152193612e-13      -4.181001965285e-12       1.493836455195e-15       1.783367362473e-12       3.086769613227e-13      -1.794535643035e-15 
  186       7.214239015339e-10       1.018111523093e-13      -4.059890530342e-12       1.512047333985e-15       1.754660345914e-12       3.048193675066e-13      -1.740877052305e-15 
  187       7.241021123447e-10       1.006524495833e-13      -3.935254686367e-12       1.530380703674e-15       1.726551899391e-12       3.009984008443e-13      -1.687002181966e-15 
  188       7.267118561371e-10       9.954332748059e-14      -3.807121192224e-12       1.548835572850e-15       1.699035471375e-12       2.972162947947e-13      -1.632971954860e-15 
  189       7.292523004834e-10       9.848810736659e-14      -3.675519361684e-12       1.567410901652e-15       1.672103020253e-12       2.934752530975e-13      -1.578849141980e-15 
  190       7.317226157365e-10       9.749121666122e-14      -3.540481098073e-12       1.586105601174e-15       1.645744987724e-12       2.897774485971e-13      -1.524698381274e-15 
  191       7.341219750721e-10       9.655718982603e-14      -3.402040928941e-12       1.604918532857e-15       1.619950272198e-12       2.861250220668e-13      -1.470586196443e-15 
  192       7.364495545312e-10       9.569066935114e-14      -3.260236040706e-12       1.623848507890e-15       1.594706202187e-12       2.825200810325e-13      -1.416581015743e-15 
  193       7.387045330625e-10       9.489640674219e-14      -3.115106313321e-12       1.642894286609e-15       1.569998509704e-12       2.789646985967e-13      -1.362753190783e-15 
  194       7.408860925647e-10       9.417926350728e-14      -2.966694354923e-12       1.662054577893e-15       1.545811303658e-12       2.754609122625e-13      -1.309175015327e-15 
  195       7.429934179288e-10       9.354421214393e-14      -2.815045536496e-12       1.681328038564e-15       1.522127043252e-12       2.720107227574e-13      -1.255920744092e-15 
  196       7.450256970810e-10       9.299633712602e-14      -2.660208026520e-12       1.700713272786e-15       1.498926511374e-12       2.686160928574e-13      -1.203066611550e-15 
  197       7.469821210243e-10       9.254083589075e-14      -2.502232825637e-12       1.720208831462e-15       1.476188788001e-12       2.652789462110e-13      -1.150690850728e-15 
  198       7.488618838817e-10       9.218301982559e-14      -2.341173801300e-12       1.739813211631e-15       1.453891223586e-12       2.620011661629e-13      -1.098873712007e-15 
  199       7.506641829380e-10       9.192831525524e-14      -2.177087722432e-12       1.759524855869e-15       1.432009412460e-12       2.587845945780e-13      -1.047697481921e-15 
  200       7.523882186824e-10       9.178226442854e-14      -2.010034294084e-12       1.779342151687e-15       1.410517166226e-12       2.556310306655e-13      -9.972465019600e-16 
  201       7.540332526853e-10       9.175026138877e-14      -1.840073105933e-12       1.799263462284e-15       1.389391638119e-12       2.525417907261e-13      -9.475907142095e-16 
  202       7.555987857460e-10       9.183673650672e-14      -1.667254162805e-12       1.819287222523e-15       1.368629159314e-12       2.495163547941e-13      -8.987349493722e-16 
  203       7.570843925668e-10       9.204591553337e-14      -1.491626743783e-12       1.839411848662e-15       1.348230483836e-12       2.465536209431e-13      -8.506660483724e-16 
  204       7.584896652745e-10       9.238207968328e-14      -1.313242452941e-12       1.859635707103e-15       1.328195727959e-12       2.436523332154e-13      -8.033689802387e-16 
  205       7.598142136335e-10       9.284956583791e-14      -1.132155244882e-12       1.879957113885e-15       1.308524358825e-12       2.408110791488e-13      -7.568268122179e-16 
  206       7.610576652593e-10       9.345276674908e-14      -9.484214502686e-13       1.900374334173e-15       1.289215183069e-12       2.380282873028e-13      -7.110206798878e-16 
  207       7.622196658319e-10       9.419613124232e-14      -7.620998013611e-13       1.920885581753e-15       1.270266335432e-12       2.353022247843e-13      -6.659297572710e-16 
  208       7.632998793088e-10       9.508416442026e-14      -5.732514575530e-13       1.941489018520e-15       1.251675267387e-12       2.326309947745e-13      -6.215312269480e-16 
  209       7.642979881388e-10       9.612142786605e-14      -3.819400309059e-13       1.962182753968e-15       1.233438735753e-12       2.300125340548e-13      -5.778002501705e-16 
  210       7.652136934748e-10       9.731253984675e-14      -1.882316116850e-13       1.982964844684e-15       1.215552791319e-12       2.274446105329e-13      -5.347099369749e-16 
  211       7.660467153875e-10       9.866217551669e-14       7.805206105501e-15       2.003833293835e-15       1.198012767462e-12       2.249248207696e-13      -4.922313162957e-16 
  212       7.667967930788e-10       1.001750671209e-13       2.060992991868e-13       2.024786050664e-15       1.180813268766e-12       2.224505875044e-13      -4.503333060785e-16 
  213       7.674636850945e-10       1.018560041985e-13       4.065769894703e-13       2.045821009977e-15       1.163948159644e-12       2.200191571821e-13      -4.089826833938e-16 
  214       7.680471695385e-10       1.037098337861e-13       6.091620185219e-13       2.066936011635e-15       1.147410552955e-12       2.176275974790e-13      -3.681440545499e-16 
  215       7.685470442854e-10       1.057414606211e-13       8.137755220268e-13       2.088128840046e-15       1.131192798627e-12       2.152727948291e-13      -3.277798252065e-16 
  216       7.689631271942e-10       1.079558473452e-13       1.020336004254e-12       2.109397223654e-15       1.115286472274e-12       2.129514519503e-13      -2.878501704882e-16 
  217       7.692952563214e-10       1.103580147077e-13       1.228759312521e-12       2.130738834433e-15       1.099682363815e-12       2.106600853707e-13      -2.483130050973e-16 
  218       7.695432901347e-10       1.129530417692e-13       1.438958611657e-12       2.152151287375e-15       1.084370466099e-12       2.083950229550e-13      -2.091239534278e-16 
  219       7.697071077259e-10       1.157460661043e-13       1.650844358472e-12       2.173632139981e-15       1.069339963517e-12       2.061524014303e-13      -1.702363196782e-16 
  220       7.697866090245e-10       1.187422840059e-13       1.864324276213e-12       2.195178891755e-15       1.054579220630e-12       2.039281639129e-13      -1.316010579652e-16 
  221       7.697817150106e-10       1.219469506877e-13       2.079303329039e-12       2.216788983691e-15       1.040075770780e-12       2.017180574339e-13      -9.316674243694e-17 
  222       7.696923679291e-10       1.253653804884e-13       2.295683696476e-12       2.238459797768e-15       1.025816304719e-12       1.995176304662e-13      -5.487953738619e-17 
  223       7.695185315019e-10       1.290029470743e-13       2.513364747888e-12       2.260188656438e-15       1.011786659221e-12       1.973222304501e-13      -1.668316736391e-17 
  224       7.692602103952e-10       1.328647180727e-13       2.732248321830e-12       2.281972928653e-15       9.979745546635e-13       1.951279893811e-13       2.146846455292e-17 
  225       7.689175095658e-10       1.369543324496e-13       2.952254994100e-12       2.303810356574e-15       9.843780268694e-13       1.929348560960e-13       5.957245874452e-17 
  226       7.684905791437e-10       1.412750513384e-13       3.173308806334e-12       2.325698748886e-15       9.709975154235e-13       1.907437541814e-13       9.761329882786e-17 
  227       7.679795957793e-10       1.458301164587e-13       3.395332042307e-12       2.347635875896e-15       9.578331586396e-13       1.885556113172e-13       1.355752752291e-16 
  228       7.673847629030e-10       1.506227494497e-13       3.618245215027e-12       2.369619469275e-15       9.448847887259e-13       1.863713591561e-13       1.734424849555e-16 
  229       7.667063109843e-10       1.556561512027e-13       3.841967053833e-12       2.391647221809e-15       9.321519269497e-13       1.841919332015e-13       2.111988313676e-16 
  230       7.659444977905e-10       1.609335011946e-13       4.066414491488e-12       2.413716787137e-15       9.196337788025e-13       1.820182726869e-13       2.488280239509e-16 
  231       7.650996086466e-10       1.664579568206e-13       4.291502651278e-12       2.435825779500e-15       9.073292291648e-13       1.798513204543e-13       2.863135780884e-16 
  232       7.641719566937e-10       1.722326527270e-13       4.517144834099e-12       2.457971773484e-15       8.952368374708e-13       1.776920228333e-13       3.236388148321e-16 
  233       7.631618831489e-10       1.782607001447e-13       4.743252505564e-12       2.480152303764e-15       8.833548328736e-13       1.755413295196e-13       3.607868606751e-16 
  234       7.620697575639e-10       1.845451862218e-13       4.969735283088e-12       2.502364864849e-15       8.716811094098e-13       1.734001934536e-13       3.977406473238e-16 
  235       7.608959780844e-10       1.910891733566e-13       5.196500922988e-12       2.524606910829e-15       8.602132211645e-13       1.712695706999e-13       4.344829114698e-16 
  236       7.596409717092e-10       1.978956985309e-13       5.423455307578e-12       2.546875855115e-15       8.489483774363e-13       1.691504203252e-13       4.709961945618e-16 
  237       7.583051945496e-10       2.049677726425e-13       5.650502432263e-12       2.569169070188e-15       8.378834379016e-13       1.670437042777e-13       5.072628425778e-16 
  238       7.568891320881e-10       2.123083798387e-13       5.877544392638e-12       2.591483887341e-15       8.270149077805e-13       1.649503872655e-13       5.432650057970e-16 
  239       7.553932994380e-10       2.199204768488e-13       6.104481371576e-12       2.613817596425e-15       8.163389330006e-13       1.628714366354e-13       5.789846385716e-16 
  240       7.538182416023e-10       2.278069923174e-13       6.331211626331e-12       2.636167445592e-15       8.058512953626e-13       1.608078222520e-13       6.144034990992e-16 
  241       7.521645337330e-10       2.359708261375e-13       6.557631475628e-12       2.658530641042e-15       7.955474077049e-13       1.587605163761e-13       6.495031491946e-16 
  242       7.504327813903e-10       2.444148487829e-13       6.783635286760e-12       2.680904346766e-15       7.854223090684e-13       1.567304935436e-13       6.842649540617e-16 
  243       7.486236208015e-10       2.531419006420e-13       7.009115462685e-12       2.703285684289e-15       7.754706598617e-13       1.547187304443e-13       7.186700820657e-16 
  244       7.467377191204e-10       2.621547913501e-13       7.233962429118e-12       2.725671732420e-15       7.656867370256e-13       1.527262058006e-13       7.526995045049e-16 
  245       7.447757746865e-10       2.714562991228e-13       7.458064621629e-12       2.748059526990e-15       7.560644291982e-13       1.507539002464e-13       7.863339953831e-16 
  246       7.427385172841e-10       2.810491700886e-13       7.681308472736e-12       2.770446060602e-15       7.465972318797e-13       1.488027962056e-13       8.195541311809e-16 
  247       7.406267084012e-10       2.909361176224e-13       7.903578399003e-12       2.792828282372e-15       7.372782425973e-13       1.468738777713e-13       8.523402906284e-16 
  248       7.384411414893e-10       3.011198216781e-13       8.124756788133e-12       2.815203097675e-15       7.281001560700e-13       1.449681305840e-13       8.846726544768e-16 
  249       7.361826422216e-10       3.116029281217e-13       8.344723986062e-12       2.837567367891e-15       7.190552593736e-13       1.430865417109e-13       9.165312052707e-16 
  250       7.338520398515e-10       3.223876914155e-13       8.563365582975e-12       2.859918093077e-15       7.101369017395e-13       1.412299321893e-13       9.478989291117e-16 
  251       7.314500789152e-10       3.334748811799e-13       8.780594764278e-12       2.882252972208e-15       7.013440079971e-13       1.393984441903e-13       9.787716263344e-16 
  252       7.289775029355e-10       3.448648112203e-13       8.996331224701e-12       2.904569874780e-15       6.926768162657e-13       1.375920240177e-13       1.009148666681e-15 
  253       7.264350830673e-10       3.565576891549e-13       9.210493986527e-12       2.926866660884e-15       6.841354247587e-13       1.358105863404e-13       1.039029844129e-15 
  254       7.238236183021e-10       3.685536150655e-13       9.423001400639e-12       2.949141181299e-15       6.757197897680e-13       1.340540137513e-13       1.068415382788e-15 
  255       7.211439356713e-10       3.808525801484e-13       9.633771147577e-12       2.971391277586e-15       6.674297236496e-13       1.323221563262e-13       1.097305942796e-15 
  256       7.183968904505e-10       3.934544653653e-13       9.842720238590e-12       2.993614782187e-15       6.592648928079e-13       1.306148311822e-13       1.125702626213e-15 
  257       7.155833663631e-10       4.063590400946e-13       1.004976501669e-11       3.015809518513e-15       6.512248156811e-13       1.289318220367e-13       1.153606982914e-15 
  258       7.127042757846e-10       4.195659607817e-13       1.025482115770e-11       3.037973301043e-15       6.433088607255e-13       1.272728787661e-13       1.181021016490e-15 
  259       7.097605599460e-10       4.330747695908e-13       1.045780367133e-11       3.060103935417e-15       6.355162444010e-13       1.256377169647e-13       1.207947190139e-15 
  260       7.067531891380e-10       4.468848930549e-13       1.065862690218e-11       3.082199218530e-15       6.278460291556e-13       1.240260175033e-13       1.234388432565e-15 
  261       7.036831629150e-10       4.609956407277e-13       1.085720453087e-11       3.104256938627e-15       6.202971214104e-13       1.224374260880e-13       1.260348143867e-15 
  262       7.005515102986e-10       4.754062038337e-13       1.105344957500e-11       3.126274875399e-15       6.128682695445e-13       1.208715528189e-13       1.285830201441e-15 
  263       6.973592899818e-10       4.901156539197e-13       1.124727439029e-11       3.148250800073e-15       6.055580618800e-13       1.193279717492e-13       1.310838965873e-15 
  264       6.941075905328e-10       5.051229415057e-13       1.143859067158e-11       3.170182475511e-15       5.983649246667e-13       1.178062204435e-13       1.335379286833e-15 
  265       6.907975305989e-10       5.204268947355e-13       1.162730945391e-11       3.192067656303e-15       5.912871200670e-13       1.163057995368e-13       1.359456508971e-15 
  266       6.874302591104e-10       5.360262180281e-13       1.181334111355e-11       3.213904088861e-15       5.843227441410e-13       1.148261722933e-13       1.383076477814e-15 
  267       6.840069554844e-10       5.519194907282e-13       1.199659536907e-11       3.235689511512e-15       5.774697248312e-13       1.133667641653e-13       1.406245545660e-15 
  268       6.805288298290e-10       5.681051657575e-13       1.217698128240e-11       3.257421654596e-15       5.707258199476e-13       1.119269623513e-13       1.428970577472e-15 
  269       6.769971231468e-10       5.845815682656e-13       1.235440725985e-11       3.279098240558e-15       5.640886151522e-13       1.105061153557e-13       1.451258956776e-15 
  270       6.734131075389e-10       6.013468942807e-13       1.252878105321e-11       3.300716984043e-15       5.575555219443e-13       1.091035325469e-13       1.473118591554e-15 
  271       6.697780864091e-10       6.183992093608e-13       1.270000976077e-11       3.322275591989e-15       5.511237756454e-13       1.077184837163e-13       1.494557920141e-15 
  272       6.660933946673e-10       6.357364472448e-13       1.286799982837e-11       3.343771763725e-15       5.447904333835e-13       1.063501986370e-13       1.515585917120e-15 
  273       6.623603989339e-10       6.533564085027e-13       1.303265705050e-11       3.365203191062e-15       5.385523720789e-13       1.049978666227e-13       1.536212099217e-15 
  274       6.585804977432e-10       6.712567591877e-13       1.319388657128e-11       3.386567558390e-15       5.324062864283e-13       1.036606360863e-13       1.556446531196e-15 
  275       6.547551217477e-10       6.894350294860e-13       1.335159288558e-11       3.407862542769e-15       5.263486868902e-13       1.023376140988e-13       1.576299831754e-15 
  276       6.508857339217e-10       7.078886123685e-13       1.350567984003e-11       3.429085814027e-15       5.203758976694e-13       1.010278659479e-13       1.595783179418e-15 
  277       6.469738297654e-10       7.266147622416e-13       1.365605063410e-11       3.450235034853e-15       5.144840547022e-13       9.973041469688e-14       1.614908318441e-15 
  278       6.430209375088e-10       7.456105935978e-13       1.380260782114e-11       3.471307860892e-15       5.086691036413e-13       9.844424074343e-14       1.633687564691e-15 
  279       6.390285367092e-10       7.648729766123e-13       1.394526102369e-11       3.492302146849e-15       5.029275665973e-13       9.716849181249e-14       1.652131697518e-15 
  280       6.349978089576e-10       7.843982207191e-13       1.408395051970e-11       3.513216576430e-15       4.972588904806e-13       9.590312588562e-14       1.670243502284e-15 
  281       6.309298746538e-10       8.041823720129e-13       1.421862488034e-11       3.534050065221e-15       4.916632163986e-13       9.464830072143e-14       1.688023904763e-15 
  282       6.268258735279e-10       8.242213133272e-13       1.434923337864e-11       3.554801558029e-15       4.861406210267e-13       9.340416630424e-14       1.705474057678e-15 
  283       6.226869647184e-10       8.445107627265e-13       1.447572600241e-11       3.575470029290e-15       4.806911157749e-13       9.217086472602e-14       1.722595343348e-15 
  284       6.185143268511e-10       8.650462719997e-13       1.459805346713e-11       3.596054483480e-15       4.753146459527e-13       9.094853006844e-14       1.739389376336e-15 
  285       6.143091581174e-10       8.858232251520e-13       1.471616722887e-11       3.616553955528e-15       4.700110899354e-13       8.973728828488e-14       1.755858006100e-15 
  286       6.100726763526e-10       9.068368368979e-13       1.483001949718e-11       3.636967511225e-15       4.647802583299e-13       8.853725708247e-14       1.772003319638e-15 
  287       6.058061191152e-10       9.280821511539e-13       1.493956324798e-11       3.657294247635e-15       4.596218931401e-13       8.734854580405e-14       1.787827644137e-15 
  288       6.015107437647e-10       9.495540395310e-13       1.504475223650e-11       3.677533293508e-15       4.545356669332e-13       8.617125531021e-14       1.803333549620e-15 
  289       5.971878275405e-10       9.712471998273e-13       1.514554101015e-11       3.697683809687e-15       4.495211820049e-13       8.500547786130e-14       1.818523851595e-15 
  290       5.928386676401e-10       9.931561545211e-13       1.524188492145e-11       3.717744989524e-15       4.445779695457e-13       8.385129699945e-14       1.833401613705e-15 
  291       5.884645812983e-10       1.015275249263e-12       1.533374014089e-11       3.737716059286e-15       4.397054888063e-13       8.270878743058e-14       1.847970150370e-15 
  292       5.840669058651e-10       1.037598651368e-12       1.542106366990e-11       3.757596278569e-15       4.349031262636e-13       8.157801490641e-14       1.862233029442e-15 
  293       5.796469988843e-10       1.060120348310e-12       1.550381335368e-11       3.777384940707e-15       4.301701947865e-13       8.045903610647e-14       1.876194074847e-15 
  294       5.752062381725e-10       1.082834146213e-12       1.558194789416e-11       3.797081373185e-15       4.255059328015e-13       7.935189852010e-14       1.889857369238e-15 
  295       5.707460218972e-10       1.105733668344e-12       1.565542686288e-11       3.816684938047e-15       4.209095034584e-13       7.825664032851e-14       1.903227256639e-15 
  296       5.662677686554e-10       1.128812353605e-12       1.572421071388e-11       3.836195032311e-15       4.163799937967e-13       7.717329028672e-14       1.916308345094e-15 
  297       5.617729175524e-10       1.152063455028e-12       1.578826079663e-11       3.855611088376e-15       4.119164139104e-13       7.610186760566e-14       1.929105509318e-15 
  298       5.572629282800e-10       1.175480038265e-12       1.584753936893e-11       3.874932574435e-15       4.075176961147e-13       7.504238183410e-14       1.941623893339e-15 
  299       5.527392811953e-10       1.199054980081e-12       1.590200960978e-11       3.894158994883e-15       4.031826941113e-13       7.399483274071e-14       1.953868913152e-15 
  300       5.482034773990e-10       1.222780966848e-12       1.595163563232e-11       3.913289890734e-15       3.989101821540e-13       7.295921019607e-14       1.965846259364e-15 
  301       5.436570388142e-10       1.246650493037e-12       1.599638249673e-11       3.932324840026e-15       3.946988542152e-13       7.193549405468e-14       1.977561899842e-15 
  302       5.391015082647e-10       1.270655859712e-12       1.603621622311e-11       3.951263458234e-15       3.905473231509e-13       7.092365403694e-14       1.989022082360e-15 
  303       5.345384495537e-10       1.294789173019e-12       1.607110380441e-11       3.970105398681e-15       3.864541198668e-13       6.992364961121e-14       2.000233337251e-15 
  304       5.299694475423e-10       1.319042342681e-12       1.610101321930e-11       3.988850352949e-15       3.824176924843e-13       6.893542987581e-14       2.011202480049e-15 
  305       5.253961082281e-10       1.343407080491e-12       1.612591344512e-11       4.007498051290e-15       3.784364055058e-13       6.795893344101e-14       2.021936614144e-15 
  306       5.208200588234e-10       1.367874898807e-12       1.614577447074e-11       4.026048263036e-15       3.745085389810e-13       6.699408831107e-14       2.032443133421e-15 
  307       5.162429478342e-10       1.392437109036e-12       1.616056730948e-11       4.044500797010e-15       3.706322876722e-13       6.604081176623e-14       2.042729724919e-15 
  308       5.116664451385e-10       1.417084820138e-12       1.617026401201e-11       4.062855501940e-15       3.668057602205e-13       6.509901024476e-14       2.052804371469e-15 
  309       5.070922420649e-10       1.441808937111e-12       1.617483767927e-11       4.081112266863e-15       3.630269783111e-13       6.416857922491e-14       2.062675354347e-15 
  310       5.025220514712e-10       1.466600159484e-12       1.617426247536e-11       4.099271021545e-15       3.592938758397e-13       6.324940310699e-14       2.072351255921e-15 
  311       4.979576078225e-10       1.491448979815e-12       1.616851364043e-11       4.117331736884e-15       3.556042980776e-13       6.234135509535e-14       2.081840962299e-15 
  312       4.934005490009e-10       1.516346168351e-12       1.615757189993e-11       4.135294514758e-15       3.519564059533e-13       6.144432047700e-14       2.091151440801e-15 
  313       4.888520555096e-10       1.541284254980e-12       1.614143689204e-11       4.153159861327e-15       3.483499113382e-13       6.055826789340e-14       2.100280952962e-15 
  314       4.843131946810e-10       1.566256113101e-12       1.612011438846e-11       4.170928427212e-15       3.447848974481e-13       5.968318114515e-14       2.109225531788e-15 
  315       4.797850373705e-10       1.591254478739e-12       1.609361197250e-11       4.188600919730e-15       3.412614185599e-13       5.881903600470e-14       2.117981178453e-15 
  316       4.752686578898e-10       1.616271949639e-12       1.606193905736e-11       4.206178103405e-15       3.377794996757e-13       5.796580012708e-14       2.126543862213e-15 
  317       4.707651339400e-10       1.641300984353e-12       1.602510690447e-11       4.223660800499e-15       3.343391361860e-13       5.712343296066e-14       2.134909520322e-15 
  318       4.662755465449e-10       1.666333901334e-12       1.598312864175e-11       4.241049891525e-15       3.309402935336e-13       5.629188565794e-14       2.143074057943e-15 
  319       4.618009799841e-10       1.691362878022e-12       1.593601928198e-11       4.258346315773e-15       3.275829068768e-13       5.547110098629e-14       2.151033348061e-15 
  320       4.573425217263e-10       1.716379949935e-12       1.588379574103e-11       4.275551071826e-15       3.242668807536e-13       5.466101323871e-14       2.158783231400e-15 
  321       4.529012623624e-10       1.741377009762e-12       1.582647685621e-11       4.292665218086e-15       3.209920887445e-13       5.386154814461e-14       2.166319516334e-15 
  322       4.484782955389e-10       1.766345806448e-12       1.576408340458e-11       4.309689873291e-15       3.177583731366e-13       5.307262278057e-14       2.173637978803e-15 
  323       4.440747178908e-10       1.791277944291e-12       1.569663812124e-11       4.326626217038e-15       3.145655445874e-13       5.229414548108e-14       2.180734362222e-15 
  324       4.396916289753e-10       1.816164882023e-12       1.562416571762e-11       4.343475490300e-15       3.114133817876e-13       5.152601574934e-14       2.187604377401e-15 
  325       4.353301312045e-10       1.840997931909e-12       1.554669289983e-11       4.360238995954e-15       3.083016311254e-13       5.076812416798e-14       2.194243702453e-15 
  326       4.309913297787e-10       1.865768258831e-12       1.546424838693e-11       4.376918099293e-15       3.052300063498e-13       5.002035230986e-14       2.200647982711e-15 
  327       4.266763326199e-10       1.890466879380e-12       1.537686292923e-11       4.393514228554e-15       3.021981882342e-13       4.928257264881e-14       2.206812830642e-15 
  328       4.223862503050e-10       1.915084660948e-12       1.528456932662e-11       4.410028875435e-15       2.992058242400e-13       4.855464847040e-14       2.212733825758e-15 
  329       4.181221959984e-10       1.939612320815e-12       1.518740244687e-11       4.426463595618e-15       2.962525281802e-13       4.783643378271e-14       2.218406514531e-15 
  330       4.138852853859e-10       1.964040425241e-12       1.508539924393e-11       4.442820009286e-15       2.933378798831e-13       4.712777322708e-14       2.223826410308e-15 
  331       4.096766366078e-10       1.988359388553e-12       1.497859877624e-11       4.459099801649e-15       2.904614248555e-13       4.642850198888e-14       2.228988993221e-15 
  332       4.054973701917e-10       2.012559472240e-12       1.486704222502e-11       4.475304723460e-15       2.876226739467e-13       4.573844570827e-14       2.233889710105e-15 
  333       4.013486089860e-10       2.036630784040e-12       1.475077291258e-11       4.491436591541e-15       2.848211030120e-13       4.505742039095e-14       2.238523974410e-15 
  334       3.972314780934e-10       2.060563277030e-12       1.462983632067e-11       4.507497289297e-15       2.820561525761e-13       4.438523231896e-14       2.242887166112e-15 
  335       3.931471048033e-10       2.084346748717e-12       1.450428010871e-11       4.523488767243e-15       2.793272274969e-13       4.372167796139e-14       2.246974631633e-15 
  336       3.890966185258e-10       2.107970840127e-12       1.437415413215e-11       4.539413043523e-15       2.766336966289e-13       4.306654388521e-14       2.250781683746e-15 
  337       3.850811507246e-10       2.131425034897e-12       1.423951046076e-11       4.555272204427e-15       2.739748924870e-13       4.241960666596e-14       2.254303601497e-15 
  338       3.811018348502e-10       2.154698658362e-12       1.410040339692e-11       4.571068404918e-15       2.713501109099e-13       4.178063279855e-14       2.257535630114e-15 
  339       3.771598062730e-10       2.177780876649e-12       1.395688949396e-11       4.586803869149e-15       2.687586107237e-13       4.114937860804e-14       2.260472980919e-15 
  340       3.732562022168e-10       2.200660695763e-12       1.380902757444e-11       4.602480890983e-15       2.661996134055e-13       4.052559016036e-14       2.263110831249e-15 
  341       3.693921616918e-10       2.223326960680e-12       1.365687874845e-11       4.618101834517e-15       2.636723027472e-13       3.990900317310e-14       2.265444324361e-15 
  342       3.655688254276e-10       2.245768354435e-12       1.350050643194e-11       4.633669134602e-15       2.611758245188e-13       3.929934292628e-14       2.267468569351e-15 
  343       3.617873358071e-10       2.267973397215e-12       1.333997636500e-11       4.649185297359e-15       2.587092861322e-13       3.869632417309e-14       2.269178641067e-15 
  344       3.580488367989e-10       2.289930445445e-12       1.317535663019e-11       4.664652900709e-15       2.562717563044e-13       3.809965105065e-14       2.270569580022e-15 
  345       3.543544738910e-10       2.311627690881e-12       1.300671767081e-11       4.680074594884e-15       2.538622647216e-13       3.750901699081e-14       2.271636392306e-15 
  346       3.507053940239e-10       2.333053159700e-12       1.283413230926e-11       4.695453102954e-15       2.514798017026e-13       3.692410463086e-14       2.272374049502e-15 
  347       3.471027455239e-10       2.354194711589e-12       1.265767576528e-11       4.710791221348e-15       2.491233178621e-13       3.634458572435e-14       2.272777488599e-15 
  348       3.435476780359e-10       2.375040038833e-12       1.247742567433e-11       4.726091820370e-15       2.467917237748e-13       3.577012105180e-14       2.272841611907e-15 
  349       3.400412430360e-10       2.395577793223e-12       1.229345833556e-11       4.741357654152e-15       2.444840907218e-13       3.520042831494e-14       2.272562717317e-15 
  350       3.365840909430e-10       2.415801020277e-12       1.210583724665e-11       4.756590780722e-15       2.422002628235e-13       3.463548911454e-14       2.271942854844e-15 
  351       3.331767612948e-10       2.435703865885e-12       1.191462412860e-11       4.771793118864e-15       2.399402696743e-13       3.407535039511e-14       2.270985650879e-15 
  352       3.298197808702e-10       2.455280461562e-12       1.171988266761e-11       4.786966636851e-15       2.377041274156e-13       3.352005721489e-14       2.269694895476e-15 
  353       3.265136635245e-10       2.474524924645e-12       1.152167852963e-11       4.802113352780e-15       2.354918385967e-13       3.296965272335e-14       2.268074543674e-15 
  354       3.232589100252e-10       2.493431358496e-12       1.132007937500e-11       4.817235334902e-15       2.333033920357e-13       3.242417813878e-14       2.266128716818e-15 
  355       3.200560078875e-10       2.511993852696e-12       1.111515487304e-11       4.832334701956e-15       2.311387626812e-13       3.188367272581e-14       2.263861703873e-15 
  356       3.169054312096e-10       2.530206483246e-12       1.090697671663e-11       4.847413623507e-15       2.289979114729e-13       3.134817377298e-14       2.261277962746e-15 
  357       3.138076405085e-10       2.548063312762e-12       1.069561863685e-11       4.862474320275e-15       2.268807852030e-13       3.081771657029e-14       2.258382121603e-15 
  358       3.107630825556e-10       2.565558390673e-12       1.048115641755e-11       4.877519064469e-15       2.247873163774e-13       3.029233438672e-14       2.255178980191e-15 
  359       3.077721902118e-10       2.582685753422e-12       1.026366790997e-11       4.892550180122e-15       2.227174230766e-13       2.977205844782e-14       2.251673511153e-15 
  360       3.048353822635e-10       2.599439424663e-12       1.004323304732e-11       4.907570043425e-15       2.206710088167e-13       2.925691791322e-14       2.247870861348e-15 
  361       3.019530632579e-10       2.615813415457e-12       9.819933859408e-12       4.922581083060e-15       2.186479624113e-13       2.874693985423e-14       2.243776353172e-15 
  362       2.991256233387e-10       2.631801724471e-12       9.593854487238e-12       4.937585780531e-15       2.166481578315e-13       2.824214923133e-14       2.239395485874e-15 
  363       2.963534380813e-10       2.647398338178e-12       9.365081197589e-12       4.952586670503e-15       2.146714540680e-13       2.774256887176e-14       2.234733936877e-15 
  364       2.936368683289e-10       2.662597231053e-12       9.133702397636e-12       4.967586341130e-15       2.127176949918e-13       2.724821944707e-14       2.229797563095e-15 
  365       2.909762600274e-10       2.677392365771e-12       8.899808649546e-12       4.982587434392e-15       2.107867092153e-13       2.675911945063e-14       2.224592402252e-15 
  366       2.883719440614e-10       2.691777693406e-12       8.663492685081e-12       4.997592646428e-15       2.088783099535e-13       2.627528517524e-14       2.219124674202e-15 
  367       2.858242360896e-10       2.705747153627e-12       8.424849420197e-12       5.012604727869e-15       2.069922948852e-13       2.579673069061e-14       2.213400782250e-15 
  368       2.833334363802e-10       2.719294674899e-12       8.183975969648e-12       5.027626484171e-15       2.051284460140e-13       2.532346782099e-14       2.207427314463e-15 
  369       2.808998296467e-10       2.732414174681e-12       7.940971661588e-12       5.042660775950e-15       2.032865295296e-13       2.485550612263e-14       2.201211044999e-15 
  370       2.785236848833e-10       2.745099559618e-12       7.695938052169e-12       5.057710519315e-15       2.014662956689e-13       2.439285286142e-14       2.194758935417e-15 
  371       2.762052552002e-10       2.757344725748e-12       7.448978940146e-12       5.072778686202e-15       1.996674785767e-13       2.393551299035e-14       2.188078136002e-15 
  372       2.739447776596e-10       2.769143558694e-12       7.200200381478e-12       5.087868304705e-15       1.978897961676e-13       2.348348912714e-14       2.181175987081e-15 
  373       2.717424731110e-10       2.780489933864e-12       6.949710703929e-12       5.102982459415e-15       1.961329499864e-13       2.303678153174e-14       2.174060020341e-15 
  374       2.695985460265e-10       2.791377716646e-12       6.697620521667e-12       5.118124291747e-15       1.943966250699e-13       2.259538808389e-14       2.166737960151e-15 
  375       2.675131843370e-10       2.801800762613e-12       6.444042749872e-12       5.133297000279e-15       1.926804898074e-13       2.215930426069e-14       2.159217724878e-15 
  376       2.654865592669e-10       2.811752917714e-12       6.189092619331e-12       5.148503841082e-15       1.909841958021e-13       2.172852311409e-14       2.151507428207e-15 
  377       2.635188251703e-10       2.821228018475e-12       5.932887691043e-12       5.163748128056e-15       1.893073777324e-13       2.130303524854e-14       2.143615380459e-15 
  378       2.616101193662e-10       2.830219892197e-12       5.675547870819e-12       5.179033233262e-15       1.876496532127e-13       2.088282879844e-14       2.135550089912e-15 
  379       2.597605619741e-10       2.838722357154e-12       5.417195423887e-12       5.194362587257e-15       1.860106226550e-13       2.046788940574e-14       2.127320264117e-15 
  380       2.579702557497e-10       2.846729222789e-12       5.157954989488e-12       5.209739679425e-15       1.843898691294e-13       2.005820019748e-14       2.118934811219e-15 
  381       2.562392859202e-10       2.854234289918e-12       4.897953595481e-12       5.225168058314e-15       1.827869582256e-13       1.965374176336e-14       2.110402841273e-15 
  382       2.545677200199e-10       2.861231350918e-12       4.637320672947e-12       5.240651331967e-15       1.812014379143e-13       1.925449213323e-14       2.101733667568e-15 
  383       2.529556077259e-10       2.867714189936e-12       4.376188070783e-12       5.256193168257e-15       1.796328384075e-13       1.886042675472e-14       2.092936807940e-15 
  384       2.514029806934e-10       2.873676583078e-12       4.114690070311e-12       5.271797295219e-15       1.780806720207e-13       1.847151847072e-14       2.084021986094e-15 
  385       2.499098523915e-10       2.879112298614e-12       3.852963399877e-12       5.287467501387e-15       1.765444330331e-13       1.808773749697e-14       2.074999132924e-15 
  386       2.484762179383e-10       2.884015097170e-12       3.591147249452e-12       5.303207636121e-15       1.750235975492e-13       1.770905139960e-14       2.065878387828e-15 
  387       2.471020539371e-10       2.888378731932e-12       3.329383285232e-12       5.319021609949e-15       1.735176233599e-13       1.733542507266e-14       2.056670100029e-15 
  388       2.457873043789e-10       2.892198083363e-12       3.067803566459e-12       5.334912964683e-15       1.720260469207e-13       1.696682729434e-14       2.047383058378e-15 
  389       2.445318381061e-10       2.895472609773e-12       2.806493767776e-12       5.350883565381e-15       1.705487785688e-13       1.660325071169e-14       2.038019105065e-15 
  390       2.433354894354e-10       2.898203026209e-12       2.545528609836e-12       5.366934860114e-15       1.690858180765e-13       1.624469255939e-14       2.028578323016e-15 
  391       2.421980717712e-10       2.900390182685e-12       2.284983837819e-12       5.383068305749e-15       1.676371584692e-13       1.589114813139e-14       2.019060789130e-15 
  392       2.411193774303e-10       2.902035065280e-12       2.024936226427e-12       5.399285367942e-15       1.662027859646e-13       1.554261076376e-14       2.009466574185e-15 
  393       2.400991774661e-10       2.903138797240e-12       1.765463584859e-12       5.415587521130e-15       1.647826799100e-13       1.519907181743e-14       1.999795742754e-15 
  394       2.391372214935e-10       2.903702640076e-12       1.506644761800e-12       5.431976248522e-15       1.633768127215e-13       1.486052066098e-14       1.990048353113e-15 
  395       2.382332375129e-10       2.903727994663e-12       1.248559650400e-12       5.448453042090e-15       1.619851498220e-13       1.452694465342e-14       1.980224457149e-15 
  396       2.373869317350e-10       2.903216402345e-12       9.912891932568e-13       5.465019402561e-15       1.606076495794e-13       1.419832912696e-14       1.970324100275e-15 
  397       2.365979884051e-10       2.902169546028e-12       7.349153874032e-13       5.481676839407e-15       1.592442632453e-13       1.387465736981e-14       1.960347321334e-15 
  398       2.358660696275e-10       2.900589251287e-12       4.795212892866e-13       5.498426870840e-15       1.578949348930e-13       1.355591060895e-14       1.950294152519e-15 
  399       2.351908151901e-10       2.898477487461e-12       2.251910197530e-13       5.515271023800e-15       1.565596013561e-13       1.324206799291e-14       1.940164619271e-15 
  400       2.345718423888e-10       2.895836368755e-12      -2.799023096963e-14       5.532210833950e-15       1.552381921666e-13       1.293310657452e-14       1.929958740202e-15 
  401       2.340087458520e-10       2.892668155342e-12      -2.799361982883e-13       5.549247845663e-15       1.539306294936e-13       1.262900129377e-14       1.919676526994e-15 
  402       2.335010973649e-10       2.888975254457e-12      -5.305595382622e-13       5.566383612019e-15       1.526368280812e-13       1.232972496048e-14       1.909317984319e-15 
  403       2.330484456943e-10       2.884760221505e-12      -7.797718226193e-13       5.583619694789e-15       1.513566951872e-13       1.203524823720e-14       1.898883109743e-15 
  404       2.326503164126e-10       2.880025761154e-12      -1.027483533773e-12       5.600957664437e-15       1.500901305214e-13       1.174553962187e-14       1.888371893637e-15 
  405       2.323062117227e-10       2.874774728440e-12      -1.273604059841e-12       5.618399100102e-15       1.488370261836e-13       1.146056543071e-14       1.877784319093e-15 
  406       2.320156102821e-10       2.869010129865e-12      -1.518041689658e-12       5.635945589594e-15       1.475972666024e-13       1.118028978090e-14       1.867120361826e-15 
  407       2.317779670277e-10       2.862735124495e-12      -1.760703607797e-12       5.653598729384e-15       1.463707284734e-13       1.090467457345e-14       1.856379990090e-15 
  408       2.315927130000e-10       2.855953025064e-12      -2.001495889585e-12       5.671360124598e-15       1.451572806972e-13       1.063367947591e-14       1.845563164587e-15 
  409       2.314592551675e-10       2.848667299073e-12      -2.240323496117e-12       5.689231389006e-15       1.439567843183e-13       1.036726190519e-14       1.834669838379e-15 
  410       2.313769762515e-10       2.840881569887e-12      -2.477090269276e-12       5.707214145015e-15       1.427690924632e-13       1.010537701032e-14       1.823699956793e-15 
  411       2.313452345504e-10       2.832599617839e-12      -2.711698926752e-12       5.725310023658e-15       1.415940502785e-13       9.847977655253e-15       1.812653457338e-15 
  412       2.313633637639e-10       2.823825381326e-12      -2.944051057052e-12       5.743520664589e-15       1.404314948696e-13       9.595014401616e-15       1.801530269611e-15 
  413       2.314306728178e-10       2.814562957915e-12      -3.174047114522e-12       5.761847716073e-15       1.392812552389e-13       9.346435491507e-15       1.790330315209e-15 
  414       2.315464456885e-10       2.804816605437e-12      -3.401586414364e-12       5.780292834977e-15       1.381431522242e-13       9.102186830273e-15       1.779053507640e-15 
  415       2.317099412270e-10       2.794590743089e-12      -3.626567127652e-12       5.798857686763e-15       1.370169984368e-13       8.862211969288e-15       1.767699752230e-15 
  416       2.319203929839e-10       2.783889952535e-12      -3.848886276346e-12       5.817543945477e-15       1.359025982003e-13       8.626452088731e-15       1.756268946038e-15 
  417       2.321770090336e-10       2.772718979007e-12      -4.068439728315e-12       5.836353293744e-15       1.347997474886e-13       8.394845980373e-15       1.744760977765e-15 
  418       2.324789717986e-10       2.761082732401e-12      -4.285122192347e-12       5.855287422755e-15       1.337082338642e-13       8.167330030347e-15       1.733175727662e-15 
  419       2.328254378743e-10       2.748986288380e-12      -4.498827213171e-12       5.874348032263e-15       1.326278364168e-13       7.943838201938e-15       1.721513067441e-15 
  420       2.332155378534e-10       2.736434889477e-12      -4.709447166474e-12       5.893536830574e-15       1.315583257015e-13       7.724302018354e-15       1.709772860188e-15 
  421       2.336483761500e-10       2.723433946186e-12      -4.916873253912e-12       5.912855534535e-15       1.304994636771e-13       7.508650545512e-15       1.697954960272e-15 
  422       2.341230308246e-10       2.709989038072e-12      -5.120995498135e-12       5.932305869528e-15       1.294510036446e-13       7.296810374816e-15       1.686059213255e-15 
  423       2.346385534080e-10       2.696105914866e-12      -5.321702737798e-12       5.951889569463e-15       1.284126901853e-13       7.088705605936e-15       1.674085455800e-15 
  424       2.351939687263e-10       2.681790497563e-12      -5.518882622580e-12       5.971608376765e-15       1.273842590994e-13       6.884257829588e-15       1.662033515586e-15 
  425       2.357882747249e-10       2.667048879529e-12      -5.712421608200e-12       5.991464042372e-15       1.263654373443e-13       6.683386110317e-15       1.649903211217e-15 
  426       2.364204422934e-10       2.651887327593e-12      -5.902204951436e-12       6.011458325720e-15       1.253559429728e-13       6.486006969273e-15       1.637694352129e-15 
  427       2.370894985985e-10       2.636312475088e-12      -6.088130674906e-12       6.031592609335e-15       1.243555339256e-13       6.292046433753e-15       1.625407010817e-15 
  428       2.377947805644e-10       2.620331905948e-12      -6.270151994840e-12       6.051866728174e-15       1.233641563628e-13       6.101476672420e-15       1.613042349885e-15 
  429       2.385356896715e-10       2.603953592640e-12      -6.448236326976e-12       6.072280100436e-15       1.223818012580e-13       5.914280572623e-15       1.600601822954e-15 
  430       2.393116091061e-10       2.587185707254e-12      -6.622351451394e-12       6.092832109112e-15       1.214084559702e-13       5.730439776981e-15       1.588086904983e-15 
  431       2.401219036397e-10       2.570036622724e-12      -6.792465516698e-12       6.113522101717e-15       1.204441042143e-13       5.549934674086e-15       1.575499092358e-15 
  432       2.409659195085e-10       2.552514914054e-12      -6.958547044215e-12       6.134349390035e-15       1.194887260317e-13       5.372744389204e-15       1.562839902982e-15 
  433       2.418429842924e-10       2.534629359549e-12      -7.120564932175e-12       6.155313249851e-15       1.185422977608e-13       5.198846774983e-15       1.550110876362e-15 
  434       2.427524067946e-10       2.516388942033e-12      -7.278488459910e-12       6.176412920694e-15       1.176047920069e-13       5.028218402150e-15       1.537313573700e-15 
  435       2.436934769208e-10       2.497802850082e-12      -7.432287292036e-12       6.197647605576e-15       1.166761776132e-13       4.860834550219e-15       1.524449577979e-15 
  436       2.446654655582e-10       2.478880479249e-12      -7.581931482646e-12       6.219016470725e-15       1.157564196310e-13       4.696669198192e-15       1.511520494057e-15 
  437       2.456676244552e-10       2.459631433285e-12      -7.727391479501e-12       6.240518645330e-15       1.148454792901e-13       4.535695015262e-15       1.498527948754e-15 
  438       2.466991861007e-10       2.440065525373e-12      -7.868638128216e-12       6.262153221275e-15       1.139433139692e-13       4.377883351517e-15       1.485473590940e-15 
  439       2.477593636028e-10       2.420192779346e-12      -8.005642676452e-12       6.283919252880e-15       1.130498771665e-13       4.223204228643e-15       1.472359091626e-15 
  440       2.488473505690e-10       2.400023430918e-12      -8.138376778107e-12       6.305815756637e-15       1.121651184697e-13       4.071626330626e-15       1.459186144050e-15 
  441       2.499623209845e-10       2.379567928912e-12      -8.266812497501e-12       6.327841710951e-15       1.112889835269e-13       3.923116994455e-15       1.445956463770e-15 
  442       2.511034290925e-10       2.358836936478e-12      -8.390922313571e-12       6.349996055879e-15       1.104214140170e-13       3.777642200829e-15       1.432671788753e-15 
  443       2.522698092726e-10       2.337841332327e-12      -8.510679124056e-12       6.372277692864e-15       1.095623476196e-13       3.635166564853e-15       1.419333879462e-15 
  444       2.534605759207e-10       2.316592211955e-12      -8.626056249690e-12       6.394685484478e-15       1.087117179860e-13       3.495653326748e-15       1.405944518943e-15 
  445       2.546748233280e-10       2.295100888865e-12      -8.737027438391e-12       6.417218254158e-15       1.078694547093e-13       3.359064342551e-15       1.392505512923e-15 
  446       2.559116255605e-10       2.273378895799e-12      -8.843566869448e-12       6.439874785947e-15       1.070354832951e-13       3.225360074817e-15       1.379018689887e-15 
  447       2.571700363379e-10       2.251437985960e-12      -8.945649157715e-12       6.462653824229e-15       1.062097251315e-13       3.094499583325e-15       1.365485901178e-15 
  448       2.584490889135e-10       2.229290134241e-12      -9.043249357797e-12       6.485554073470e-15       1.053920974598e-13       2.966440515779e-15       1.351909021080e-15 
  449       2.597477959529e-10       2.206947538446e-12      -9.136342968241e-12       6.508574197957e-15       1.045825133451e-13       2.841139098513e-15       1.338289946909e-15 
  450       2.610651494136e-10       2.184422620524e-12      -9.224905935725e-12       6.531712821532e-15       1.037808816463e-13       2.718550127189e-15       1.324630599102e-15 
  451       2.624001204244e-10       2.161728027787e-12      -9.308914659249e-12       6.554968527337e-15       1.029871069867e-13       2.598626957509e-15       1.310932921307e-15 
  452       2.637516591642e-10       2.138876634141e-12      -9.388345994324e-12       6.578339857547e-15       1.022010897247e-13       2.481321495910e-15       1.297198880470e-15 
  453       2.651186947420e-10       2.115881541310e-12      -9.463177257162e-12       6.601825313113e-15       1.014227259237e-13       2.366584190270e-15       1.283430466926e-15 
  454       2.665001350755e-10       2.092756080065e-12      -9.533386228862e-12       6.625423353496e-15       1.006519073230e-13       2.254364020613e-15       1.269629694488e-15 
  455       2.678948667710e-10       2.069513811446e-12      -9.598951159607e-12       6.649132396407e-15       9.988852130781e-14       2.144608489809e-15       1.255798600537e-15 
  456       2.693017550021e-10       2.046168527988e-12      -9.659850772846e-12       6.672950817550e-15       9.913245088012e-14       2.037263614279e-15       1.241939246107e-15 
  457       2.707196433896e-10       2.022734254953e-12      -9.716064269489e-12       6.696876950351e-15       9.838357462871e-14       1.932273914699e-15       1.228053715981e-15 
  458       2.721473538803e-10       1.999225251550e-12      -9.767571332093e-12       6.720909085707e-15       9.764176669981e-14       1.829582406698e-15       1.214144118773e-15 
  459       2.735836866265e-10       1.975656012162e-12      -9.814352129056e-12       6.745045471717e-15       9.690689676744e-14       1.729130591569e-15       1.200212587023e-15 
  460       2.750274198653e-10       1.952041267575e-12      -9.856387318801e-12       6.769284313423e-15       9.617883000385e-14       1.630858446966e-15       1.186261277282e-15 
  461       2.764773097980e-10       1.928395986201e-12      -9.893658053969e-12       6.793623772549e-15       9.545742704995e-14       1.534704417609e-15       1.172292370205e-15 
  462       2.779320904689e-10       1.904735375306e-12      -9.926145985610e-12       6.818061967239e-15       9.474254398571e-14       1.440605405987e-15       1.158308070636e-15 
  463       2.793904736454e-10       1.881074882236e-12      -9.953833267370e-12       6.842596971795e-15       9.403403230060e-14       1.348496763062e-15       1.144310607701e-15 
  464       2.808511486966e-10       1.857430195639e-12      -9.976702559679e-12       6.867226816416e-15       9.333173886401e-14       1.258312278971e-15       1.130302234894e-15 
  465       2.823127824729e-10       1.833817246699e-12      -9.994737033948e-12       6.891949486937e-15       9.263550589568e-14       1.169984173729e-15       1.116285230168e-15 
  466       2.837741596249e-10       1.810251152690e-12      -1.000792830261e-11       6.916762860383e-15       9.194519735460e-14       1.083455185721e-15       1.102261682370e-15 
  467       2.852346086242e-10       1.786743008898e-12      -1.001630047304e-11       6.941664509965e-15       9.126077907209e-14       9.987152711344e-16       1.088232843027e-15 
  468       2.866935887966e-10       1.763302999026e-12      -1.001988685234e-11       6.966651893485e-15       9.058224106061e-14       9.157660312164e-16       1.074199754513e-15 
  469       2.881505510405e-10       1.739941444452e-12      -1.001872209787e-11       6.991722416674e-15       8.990957130625e-14       8.346087153662e-16       1.060163461844e-15 
  470       2.896049377838e-10       1.716668804873e-12      -1.001284222580e-11       7.016873432895e-15       8.924275575374e-14       7.552442185118e-16       1.046125012649e-15 
  471       2.910561829407e-10       1.693495678945e-12      -1.000228461968e-11       7.042102242846e-15       8.858177829142e-14       6.776730784835e-16       1.032085457145e-15 
  472       2.925037118681e-10       1.670432804931e-12      -9.987088038968e-12       7.067406094264e-15       8.792662073625e-14       6.018954733875e-16       1.018045848104e-15 
  473       2.939469413228e-10       1.647491061338e-12      -9.967292627641e-12       7.092782181625e-15       8.727726281880e-14       5.279112189801e-16       1.004007240829e-15 
  474       2.953852794178e-10       1.624681467562e-12      -9.942939922710e-12       7.118227645850e-15       8.663368216820e-14       4.557197660422e-16       9.899706931204e-16 
  475       2.968181255795e-10       1.602015184535e-12      -9.914072862801e-12       7.143739574008e-15       8.599585429721e-14       3.853201977525e-16       9.759372652509e-16 
  476       2.982448705039e-10       1.579503515359e-12      -9.880735796712e-12       7.169314999017e-15       8.536375258711e-14       3.167112270620e-16       9.619080199356e-16 
  477       2.996648961137e-10       1.557157905958e-12      -9.842974491974e-12       7.194950899349e-15       8.473734827277e-14       2.498911940680e-16       9.478840223035e-16 
  478       3.010775755149e-10       1.534989945716e-12      -9.800836143408e-12       7.220644198733e-15       8.411661042760e-14       1.848580633880e-16       9.338663398686e-16 
  479       3.024822729537e-10       1.513011368120e-12      -9.754369381686e-12       7.246391765857e-15       8.350150594856e-14       1.216094215337e-16       9.198560425019e-16 
  480       3.038783437730e-10       1.491234051404e-12      -9.703624281895e-12       7.272190414072e-15       8.289199954111e-14       6.014247428494e-17       9.058542024022e-16 
  481       3.052651343691e-10       1.469670019191e-12      -9.648652372091e-12       7.298036901093e-15       8.228805370426e-14       4.540440639532e-19       8.918618940675e-16 
  482       3.066419821488e-10       1.448331441136e-12      -9.589506641862e-12       7.323927928706e-15       8.168962871551e-14      -5.745943269082e-17       8.778801942667e-16 
  483       3.080082154858e-10       1.427230633572e-12      -9.526241550890e-12       7.349860142468e-15       8.109668261588e-14      -1.136019081507e-16       8.639101820107e-16 
  484       3.093631536776e-10       1.406380060146e-12      -9.458913037508e-12       7.375830131411e-15       8.050917119484e-14      -1.679777257227e-16       8.499529385238e-16 
  485       3.107061069019e-10       1.385792332469e-12      -9.387578527259e-12       7.401834427746e-15       7.992704797536e-14      -2.205916226755e-16       8.360095472150e-16 
  486       3.120363761740e-10       1.365480210753e-12      -9.312296941463e-12       7.427869506562e-15       7.935026419889e-14      -2.714487327656e-16       8.220810936496e-16 
  487       3.133532533029e-10       1.345456604458e-12      -9.233128705767e-12       7.453931785536e-15       7.877876881031e-14      -3.205545888631e-16       8.081686655202e-16 
  488       3.146560208483e-10       1.325734572934e-12      -9.150135758714e-12       7.480017624631e-15       7.821250844296e-14      -3.679151255779e-16       7.942733526186e-16 
  489       3.159439520773e-10       1.306327326062e-12      -9.063381560299e-12       7.506123325799e-15       7.765142740362e-14      -4.135366818854e-16       7.803962468063e-16 
  490       3.172163109211e-10       1.287248224899e-12      -8.972931100528e-12       7.532245132688e-15       7.709546765748e-14      -4.574260037528e-16       7.665384419869e-16 
  491       3.184723519319e-10       1.268510782320e-12      -8.878850907981e-12       7.558379230339e-15       7.654456881315e-14      -4.995902467649e-16       7.527010340767e-16 
  492       3.197113202395e-10       1.250128663659e-12      -8.781209058370e-12       7.584521744896e-15       7.599866810767e-14      -5.400369787503e-16       7.388851209762e-16 
  493       3.209324515077e-10       1.232115687356e-12      -8.680075183100e-12       7.610668743304e-15       7.545770039142e-14      -5.787741824070e-16       7.250918025418e-16 
  494       3.221349718919e-10       1.214485825596e-12      -8.575520477827e-12       7.636816233015e-15       7.492159811323e-14      -6.158102579287e-16       7.113221805567e-16 
  495       3.233180979949e-10       1.197253204954e-12      -8.467617711024e-12       7.662960161689e-15       7.439029130525e-14      -6.511540256308e-16       6.975773587026e-16 
  496       3.244810368242e-10       1.180432107037e-12      -8.356441232533e-12       7.689096416897e-15       7.386370756802e-14      -6.848147285763e-16       6.838584425310e-16 
  497       3.256229857486e-10       1.164036969128e-12      -8.242066982130e-12       7.715220825826e-15       7.334177205542e-14      -7.168020352018e-16       6.701665394344e-16 
  498       3.267431324548e-10       1.148082384827e-12      -8.124572498086e-12       7.741329154983e-15       7.282440745970e-14      -7.471260419434e-16       6.565027586178e-16 
  499       3.278406549043e-10       1.132583104693e-12      -8.004036925723e-12       7.767417109893e-15       7.231153399640e-14      -7.757972758629e-16       6.428682110700e-16 
  500       3.289147212900e-10       1.117554036892e-12      -7.880541025977e-12       7.793480334807e-15       7.180306938941e-14      -8.028266972735e-16       6.292640095350e-16 
  501       3.299644899932e-10       1.103010247835e-12      -7.754167183957e-12       7.819514412403e-15       7.129892885594e-14      -8.282257023663e-16       6.156912684834e-16 
  502       3.309891095399e-10       1.088966962821e-12      -7.624999417506e-12       7.845514863490e-15       7.079902509147e-14      -8.520061258355e-16       6.021511040836e-16 
  503       3.319877185579e-10       1.075439566683e-12      -7.493123385760e-12       7.871477146710e-15       7.030326825479e-14      -8.741802435053e-16       5.886446341733e-16 
  504       3.329594457335e-10       1.062443604428e-12      -7.358626397708e-12       7.897396658242e-15       6.981156595297e-14      -8.947607749550e-16       5.751729782310e-16 
  505       3.339035373118e-10       1.049992930892e-12      -7.221594504386e-12       7.923269063103e-15       6.932383815696e-14      -9.137612204109e-16       5.617372521241e-16 
  506       3.348197437269e-10       1.038094099766e-12      -7.082103665927e-12       7.949091300164e-15       6.884006245138e-14      -9.311968767578e-16       5.483385522465e-16 
  507       3.357079440250e-10       1.026751814189e-12      -6.940228346914e-12       7.974860605500e-15       6.836023005875e-14      -9.470838559737e-16       5.349779708679e-16 
  508       3.365680193445e-10       1.015970762893e-12      -6.796044416907e-12       8.000574183273e-15       6.788433101880e-14      -9.614387562878e-16       5.216566012843e-16 
  509       3.373998529327e-10       1.005755619980e-12      -6.649629157634e-12       8.026229205590e-15       6.741235418046e-14      -9.742786649631e-16       5.083755377864e-16 
  510       3.382033301622e-10       9.961110446910e-13      -6.501061270181e-12       8.051822812360e-15       6.694428719385e-14      -9.856211610796e-16       4.951358756294e-16 
  511       3.389783385477e-10       9.870416811815e-13      -6.350420882183e-12       8.077352111154e-15       6.648011650232e-14      -9.954843183173e-16       4.819387110012e-16 
  512       3.397247677628e-10       9.785521582959e-13      -6.197789555012e-12       8.102814177063e-15       6.601982733439e-14      -1.003886707739e-15       4.687851409915e-16 
  513       3.404425096562e-10       9.706470893404e-13      -6.043250290971e-12       8.128206052559e-15       6.556340369582e-14      -1.010847400573e-15       4.556762635609e-16 
  514       3.411314582686e-10       9.633310718563e-13      -5.886887540484e-12       8.153524747352e-15       6.511082836157e-14      -1.016385970997e-15       4.426131775094e-16 
  515       3.417915098495e-10       9.566086873943e-13      -5.728787209285e-12       8.178767238247e-15       6.466208286780e-14      -1.020522498920e-15       4.295969824459e-16 
  516       3.424225628734e-10       9.504845012873e-13      -5.569036665608e-12       8.203930469007e-15       6.421714750389e-14      -1.023277572765e-15       4.166287787565e-16 
  517       3.430245180566e-10       9.449630624247e-13      -5.407724747379e-12       8.229011350208e-15       6.377600130444e-14      -1.024672292255e-15       4.037096675738e-16 
  518       3.435972783743e-10       9.400489030256e-13      -5.244941769407e-12       8.254006759103e-15       6.333862204126e-14      -1.024728271192e-15       3.908407507456e-16 
  519       3.441407490762e-10       9.357465384128e-13      -5.080779530573e-12       8.278913539472e-15       6.290498621535e-14      -1.023467640241e-15       3.780231308039e-16 
  520       3.446548377044e-10       9.320604667858e-13      -4.915331321022e-12       8.303728501490e-15       6.247506904896e-14      -1.020913049714e-15       3.652579109340e-16 
  521       3.451394541088e-10       9.289951689950e-13      -4.748691929351e-12       8.328448421581e-15       6.204884447755e-14      -1.017087672354e-15       3.525461949429e-16 
  522       3.455945104646e-10       9.265551083149e-13      -4.580957649803e-12       8.353070042277e-15       6.162628514179e-14      -1.012015206116e-15       3.398890872287e-16 
  523       3.460199212886e-10       9.247447302178e-13      -4.412226289454e-12       8.377590072078e-15       6.120736237957e-14      -1.005719876948e-15       3.272876927494e-16 
  524       3.464156034559e-10       9.235684621477e-13      -4.242597175407e-12       8.402005185310e-15       6.079204621800e-14      -9.982264415800e-16       3.147431169914e-16 
  525       3.467814762164e-10       9.230307132934e-13      -4.072171161979e-12       8.426312021984e-15       6.038030536544e-14      -9.895601903010e-16       3.022564659392e-16 
  526       3.471174612116e-10       9.231358743626e-13      -3.901050637893e-12       8.450507187657e-15       5.997210720343e-14      -9.797469497453e-16       2.898288460434e-16 
  527       3.474234824910e-10       9.238883173550e-13      -3.729339533472e-12       8.474587253285e-15       5.956741777876e-14      -9.688130856745e-16       2.774613641903e-16 
  528       3.476994665291e-10       9.252923953365e-13      -3.557143327821e-12       8.498548755089e-15       5.916620179545e-14      -9.567855057604e-16       2.651551276706e-16 
  529       3.479453422417e-10       9.273524422121e-13      -3.384569056028e-12       8.522388194407e-15       5.876842260674e-14      -9.436916623680e-16       2.529112441481e-16 
  530       3.481610410026e-10       9.300727725002e-13      -3.211725316345e-12       8.546102037561e-15       5.837404220710e-14      -9.295595553386e-16       2.407308216289e-16 
  531       3.483464966603e-10       9.334576811057e-13      -3.038722277386e-12       8.569686715705e-15       5.798302122423e-14      -9.144177347729e-16       2.286149684301e-16 
  532       3.485016455548e-10       9.375114430939e-13      -2.865671685312e-12       8.593138624695e-15       5.759531891106e-14      -8.982953038135e-16       2.165647931489e-16 
  533       3.486264265336e-10       9.422383134638e-13      -2.692686871025e-12       8.616454124939e-15       5.721089313775e-14      -8.812219214282e-16       2.045814046314e-16 
  534       3.487207809692e-10       9.476425269222e-13      -2.519882757356e-12       8.639629541261e-15       5.682970038370e-14      -8.632278051929e-16       1.926659119413e-16 
  535       3.487846527751e-10       9.537282976567e-13      -2.347375866259e-12       8.662661162758e-15       5.645169572955e-14      -8.443437340747e-16       1.808194243292e-16 
  536       3.488179884226e-10       9.604998191098e-13      -2.175284325997e-12       8.685545242660e-15       5.607683284917e-14      -8.246010512146e-16       1.690430512014e-16 
  537       3.488207369574e-10       9.679612637522e-13      -2.003727878337e-12       8.708277998184e-15       5.570506400166e-14      -8.040316667106e-16       1.573379020885e-16 
  538       3.487928500164e-10       9.761167828564e-13      -1.832827885736e-12       8.730855610402e-15       5.533634002336e-14      -7.826680604007e-16       1.457050866148e-16 
  539       3.487342818443e-10       9.849705062708e-13      -1.662707338536e-12       8.753274224091e-15       5.497061031987e-14      -7.605432846458e-16       1.341457144666e-16 
  540       3.486449893099e-10       9.945265421926e-13      -1.493490862150e-12       8.775529947595e-15       5.460782285801e-14      -7.376909671127e-16       1.226608953619e-16 
  541       3.485249319230e-10       1.004788976942e-12      -1.325304724257e-12       8.797618852686e-15       5.424792415785e-14      -7.141453135571e-16       1.112517390184e-16 
  542       3.483740718513e-10       1.015761874734e-12      -1.158276841990e-12       8.819536974420e-15       5.389085928471e-14      -6.899411106065e-16       9.991935512324e-17 
  543       3.481923739363e-10       1.027449277457e-12      -9.925367891251e-13       8.841280310995e-15       5.353657184114e-14      -6.651137285432e-16       8.866485330135e-17 
  544       3.479798636872e-10       1.039853722935e-12      -8.282038811700e-13       8.862845344242e-15       5.318501274985e-14      -6.396951879192e-16       7.748920347375e-17 
  545       3.477368029318e-10       1.052971756624e-12      -6.653510655812e-13       8.884230616678e-15       5.283616687695e-14      -6.137022380659e-16       6.639281288765e-17 
  546       3.474635188985e-10       1.066798299366e-12      -5.040400794665e-13       8.905435196373e-15       5.249002710532e-14      -5.871479650668e-16       5.537593770663e-17 
  547       3.471603467046e-10       1.081328117211e-12      -3.443332866341e-13       8.926458160208e-15       5.214658560376e-14      -5.600457002528e-16       4.443882151018e-17 
  548       3.468276293969e-10       1.096555820582e-12      -1.862936799581e-13       8.947298593945e-15       5.180583382251e-14      -5.324090213918e-16       3.358169520607e-17 
  549       3.464657179916e-10       1.112475863459e-12      -2.998488374354e-14       8.967955592299e-15       5.146776248882e-14      -5.042517538787e-16       2.280477694277e-17 
  550       3.460749715142e-10       1.129082542543e-12       1.245288439089e-13       8.988428259003e-15       5.113236160255e-14      -4.755879719250e-16       1.210827202185e-17 
  551       3.456557570399e-10       1.146369996439e-12       2.771826087376e-13       9.008715706880e-15       5.079962043167e-14      -4.464319997488e-16       1.492372810377e-18 
  552       3.452084497334e-10       1.164332204823e-12       4.279108779549e-13       9.028817057913e-15       5.046952750785e-14      -4.167984127646e-16      -9.042741346697e-18 
  553       3.447334328894e-10       1.182962987620e-12       5.766474778820e-13       9.048731443313e-15       5.014207062201e-14      -3.867020387728e-16      -1.949690421411e-17 
  554       3.442310979721e-10       1.202256004176e-12       7.233255915845e-13       9.068458003590e-15       4.981723681991e-14      -3.561579591498e-16      -2.986996275391e-17 
  555       3.437018446559e-10       1.222204752433e-12       8.678777565063e-13       9.087995888623e-15       4.949501239765e-14      -3.251815100378e-16      -4.016177721303e-17 
  556       3.431460808653e-10       1.242802568103e-12       1.010235862106e-12       9.107344257727e-15       4.917538289730e-14      -2.937882835346e-16      -5.037222121093e-17 
  557       3.425642228146e-10       1.264042623840e-12       1.150331147489e-12       9.126502279723e-15       4.885833310238e-14      -2.619941288831e-16      -6.050118182716e-17 
  558       3.419566950487e-10       1.285917928419e-12       1.288094199048e-12       9.145469133010e-15       4.854384703350e-14      -2.298151536616e-16      -7.054855968896e-17 
  559       3.413239304826e-10       1.308421325902e-12       1.423454948091e-12       9.164244005634e-15       4.823190794385e-14      -1.972677249732e-16      -8.051426905889e-17 
  560       3.406663704418e-10       1.331545494819e-12       1.556342668481e-12       9.182826095355e-15       4.792249831483e-14      -1.643684706359e-16      -9.039823792238e-17 
  561       3.399844647022e-10       1.355282947341e-12       1.686685974271e-12       9.201214609718e-15       4.761559985153e-14      -1.311342803721e-16      -1.002004080754e-16 
  562       3.392786715305e-10       1.379626028449e-12       1.814412817334e-12       9.219408766123e-15       4.731119347835e-14      -9.758230699858e-17      -1.099207352120e-16 
  563       3.385494577241e-10       1.404566915113e-12       1.939450485004e-12       9.237407791894e-15       4.700925933453e-14      -6.372996761645e-17      -1.195591890119e-16 
  564       3.377972986509e-10       1.430097615465e-12       2.061725597710e-12       9.255210924350e-15       4.670977676973e-14      -2.959494480068e-17      -1.291157532281e-16 
  565       3.370226782902e-10       1.456209967972e-12       2.181164106605e-12       9.272817410871e-15       4.641272433958e-14       4.804812209950e-18      -1.385904257747e-16 
  566       3.362260892718e-10       1.482895640610e-12       2.297691291210e-12       9.290226508971e-15       4.611807980121e-14       3.945108632307e-17      -1.479832188139e-16 
  567       3.354080329169e-10       1.510146130037e-12       2.411231757041e-12       9.307437486367e-15       4.582582010886e-14       7.432539140293e-17      -1.572941588445e-16 
  568       3.345690192778e-10       1.537952760771e-12       2.521709433248e-12       9.324449621045e-15       4.553592140942e-14       1.094089710805e-16      -1.665232867885e-16 
  569       3.337095671780e-10       1.566306684358e-12       2.629047570251e-12       9.341262201337e-15       4.524835903796e-14       1.446827975639e-16      -1.756706580796e-16 
  570       3.328302042526e-10       1.595198878552e-12       2.733168737371e-12       9.357874525981e-15       4.496310751333e-14       1.801275704484e-16      -1.847363427501e-16 
  571       3.319314669880e-10       1.624620146486e-12       2.833994820469e-12       9.374285904198e-15       4.468014053372e-14       2.157237155264e-16      -1.937204255190e-16 
  572       3.310139007621e-10       1.654561115842e-12       2.931447019576e-12       9.390495655758e-15       4.439943097216e-14       2.514513835982e-16      -2.026230058792e-16 
  573       3.300780598847e-10       1.685012238035e-12       3.025445846535e-12       9.406503111052e-15       4.412095087217e-14       2.872904492817e-16      -2.114441981856e-16 
  574       3.291245076372e-10       1.715963787377e-12       3.115911122629e-12       9.422307611159e-15       4.384467144324e-14       3.232205098229e-16      -2.201841317420e-16 
  575       3.281538163128e-10       1.747405860256e-12       3.202761976221e-12       9.437908507915e-15       4.357056305644e-14       3.592208839059e-16      -2.288429508894e-16 
  576       3.271665672568e-10       1.779328374309e-12       3.285916840384e-12       9.453305163986e-15       4.329859523994e-14       3.952706104630e-16      -2.374208150932e-16 
  577       3.261633509066e-10       1.811721067596e-12       3.365293450542e-12       9.468496952935e-15       4.302873667460e-14       4.313484474853e-16      -2.459178990308e-16 
  578       3.251447668315e-10       1.844573497774e-12       3.440808842100e-12       9.483483259293e-15       4.276095518953e-14       4.674328708325e-16      -2.543343926795e-16 
  579       3.241114237732e-10       1.877875041270e-12       3.512379348081e-12       9.498263478626e-15       4.249521775763e-14       5.035020730433e-16      -2.626705014036e-16 
  580       3.230639396857e-10       1.911614892458e-12       3.579920596762e-12       9.512837017607e-15       4.223149049115e-14       5.395339621455e-16      -2.709264460426e-16 
  581       3.220029417756e-10       1.945782062829e-12       3.643347509305e-12       9.527203294084e-15       4.196973863727e-14       5.755061604662e-16      -2.791024629982e-16 
  582       3.209290665417e-10       1.980365380166e-12       3.702574297397e-12       9.541361737152e-15       4.170992657363e-14       6.113960034422e-16      -2.871988043225e-16 
  583       3.198429330565e-10       2.015353406584e-12       3.757528105239e-12       9.555312145730e-15       4.145202315414e-14       6.471849754416e-16      -2.952156064227e-16 
  584       3.187450619943e-10       2.050734192058e-12       3.808190314714e-12       9.569055774009e-15       4.119601790198e-14       6.828721413797e-16      -3.031524923969e-16 
  585       3.176359546589e-10       2.086495513108e-12       3.854556267418e-12       9.582594273259e-15       4.094190521234e-14       7.184610482966e-16      -3.110089599372e-16 
  586       3.165161195910e-10       2.122624952521e-12       3.896621716119e-12       9.595929335968e-15       4.068967903624e-14       7.539553190831e-16      -3.187845118542e-16 
  587       3.153860725985e-10       2.159109898495e-12       3.934382827202e-12       9.609062696036e-15       4.043933287803e-14       7.893586528554e-16      -3.264786561185e-16 
  588       3.142463367869e-10       2.195937543791e-12       3.967836183113e-12       9.621996128973e-15       4.019085979278e-14       8.246748253287e-16      -3.340909059019e-16 
  589       3.130974425905e-10       2.233094884871e-12       3.996978784799e-12       9.634731452095e-15       3.994425238376e-14       8.599076891913e-16      -3.416207796188e-16 
  590       3.119399278027e-10       2.270568721050e-12       4.021808054161e-12       9.647270524718e-15       3.969950279985e-14       8.950611744790e-16      -3.490678009670e-16 
  591       3.107743376070e-10       2.308345653636e-12       4.042321836487e-12       9.659615248356e-15       3.945660273304e-14       9.301392889486e-16      -3.564314989697e-16 
  592       3.096012246070e-10       2.346412085078e-12       4.058518402904e-12       9.671767566914e-15       3.921554341582e-14       9.651461184523e-16      -3.637114080163e-16 
  593       3.084211488579e-10       2.384754218111e-12       4.070396452818e-12       9.683729466889e-15       3.897631561864e-14       1.000085827312e-15      -3.709070679040e-16 
  594       3.072346778965e-10       2.423358054901e-12       4.077955116361e-12       9.695502977558e-15       3.873890964739e-14       1.034962658691e-15      -3.780180238787e-16 
  595       3.060423867724e-10       2.462209396191e-12       4.081193956830e-12       9.707090171182e-15       3.850331534079e-14       1.069780934973e-15      -3.850438266769e-16 
  596       3.048448580782e-10       2.501293840447e-12       4.080112973136e-12       9.718493163198e-15       3.826952206788e-14       1.104545058131e-15      -3.919840325662e-16 
  597       3.036426819804e-10       2.540596782999e-12       4.074712602245e-12       9.729714112414e-15       3.803751872543e-14       1.139259510103e-15      -3.988382033873e-16 
  598       3.024364562500e-10       2.580103415194e-12       4.064993721624e-12       9.740755221208e-15       3.780729373543e-14       1.173928853169e-15      -4.056059065951e-16 
  599       3.012267862932e-10       2.619798723535e-12       4.050957651681e-12       9.751618735719e-15       3.757883504248e-14       1.208557730320e-15      -4.122867152996e-16 
  600       3.000142851822e-10       2.659667488827e-12       4.032606158215e-12       9.762306946049e-15       3.735213011128e-14       1.243150865635e-15      -4.188802083079e-16 
  601       2.987995736856e-10       2.699694285327e-12       4.009941454855e-12       9.772822186455e-15       3.712716592405e-14       1.277713064655e-15      -4.253859701646e-16 
  602       2.975832802991e-10       2.739863479885e-12       3.982966205504e-12       9.783166835545e-15       3.690392897797e-14       1.312249214757e-15      -4.318035911942e-16 
  603       2.963660412763e-10       2.780159231089e-12       3.951683526788e-12       9.793343316475e-15       3.668240528267e-14       1.346764285526e-15      -4.381326675412e-16 
  604       2.951485006595e-10       2.820565488413e-12       3.916096990492e-12       9.803354097144e-15       3.646258035761e-14       1.381263329132e-15      -4.443728012125e-16 
  605       2.939313103098e-10       2.861065991364e-12       3.876210626012e-12       9.813201690392e-15       3.624443922959e-14       1.415751480702e-15      -4.505236001177e-16 
  606       2.927151299386e-10       2.901644268620e-12       3.832028922794e-12       9.822888654192e-15       3.602796643012e-14       1.450233958695e-15      -4.565846781113e-16 
  607       2.915006271374e-10       2.942283637183e-12       3.783556832778e-12       9.832417591850e-15       3.581314599295e-14       1.484716065275e-15      -4.625556550333e-16 
  608       2.902884774091e-10       2.982967201520e-12       3.730799772845e-12       9.841791152198e-15       3.559996145146e-14       1.519203186687e-15      -4.684361567507e-16 
  609       2.890793641984e-10       3.023677852713e-12       3.673763627257e-12       9.851012029792e-15       3.538839583609e-14       1.553700793629e-15      -4.742258151992e-16 
  610       2.878739789224e-10       3.064398267596e-12       3.612454750105e-12       9.860082965106e-15       3.517843167186e-14       1.588214441626e-15      -4.799242684238e-16 
  611       2.866730210015e-10       3.105110907911e-12       3.546879967749e-12       9.869006744729e-15       3.497005097574e-14       1.622749771406e-15      -4.855311606205e-16 
  612       2.854771978898e-10       3.145798019443e-12       3.477046581266e-12       9.877786201559e-15       3.476323525412e-14       1.657312509273e-15      -4.910461421777e-16 
  613       2.842872251060e-10       3.186441631173e-12       3.402962368889e-12       9.886424215004e-15       3.455796550027e-14       1.691908467479e-15      -4.964688697171e-16 
  614       2.831038262639e-10       3.227023554421e-12       3.324635588456e-12       9.894923711171e-15       3.435422219177e-14       1.726543544601e-15      -5.017990061355e-16 
  615       2.819277331032e-10       3.267525381990e-12       3.242074979850e-12       9.903287663067e-15       3.415198528795e-14       1.761223725916e-15      -5.070362206455e-16 
  616       2.807596855199e-10       3.307928487313e-12       3.155289767447e-12       9.911519090793e-15       3.395123422736e-14       1.795955083769e-15      -5.121801888172e-16 
  617       2.796004315974e-10       3.348214023596e-12       3.064289662554e-12       9.919621061740e-15       3.375194792519e-14       1.830743777954e-15      -5.172305926197e-16 
  618       2.784507276366e-10       3.388362922968e-12       2.969084865858e-12       9.927596690784e-15       3.355410477072e-14       1.865596056083e-15      -5.221871204616e-16 
  619       2.773113381873e-10       3.428355895621e-12       2.869686069870e-12       9.935449140484e-15       3.335768262478e-14       1.900518253963e-15      -5.270494672332e-16 
  620       2.761830360780e-10       3.468173428959e-12       2.766104461364e-12       9.943181621277e-15       3.316265881715e-14       1.935516795970e-15      -5.318173343471e-16 
  621       2.750666024473e-10       3.507795786742e-12       2.658351723828e-12       9.950797391671e-15       3.296901014409e-14       1.970598195421e-15      -5.364904297799e-16 
  622       2.739627465253e-10       3.547204504805e-12       2.546447163690e-12       9.958299704774e-15       3.277671623846e-14       2.005766494761e-15      -5.410685097984e-16 
  623       2.728718628531e-10       3.586386918407e-12       2.430439267390e-12       9.965691646081e-15       3.258576977232e-14       2.041015519527e-15      -5.455515051276e-16 
  624       2.717942684368e-10       3.625331739250e-12       2.310384654124e-12       9.972976292271e-15       3.239616648829e-14       2.076336443665e-15      -5.499393978198e-16 
  625       2.707302824873e-10       3.664027568111e-12       2.186341002409e-12       9.980156764717e-15       3.220790184698e-14       2.111720332884e-15      -5.542321798914e-16 
  626       2.696802264262e-10       3.702462894457e-12       2.058367054734e-12       9.987236229660e-15       3.202097102540e-14       2.147158144228e-15      -5.584298533769e-16 
  627       2.686444238915e-10       3.740626096045e-12       1.926522622204e-12       9.994217898394e-15       3.183536891551e-14       2.182640725663e-15      -5.625324303831e-16 
  628       2.676232007435e-10       3.778505438541e-12       1.790868589199e-12       1.000110502744e-14       3.165109012267e-14       2.218158815655e-15      -5.665399331434e-16 
  629       2.666168850704e-10       3.816089075120e-12       1.651466918017e-12       1.000790091873e-14       3.146812896418e-14       2.253703042754e-15      -5.704523940721e-16 
  630       2.656258071948e-10       3.853365046081e-12       1.508380653524e-12       1.001460891979e-14       3.128647946771e-14       2.289263925171e-15      -5.742698558183e-16 
  631       2.646502996784e-10       3.890321278453e-12       1.361673927810e-12       1.002123242390e-14       3.110613536982e-14       2.324831870364e-15      -5.779923713204e-16 
  632       2.636906973288e-10       3.926945585604e-12       1.211411964832e-12       1.002777487029e-14       3.092709011444e-14       2.360397174616e-15      -5.816200038601e-16 
  633       2.627473372048e-10       3.963225666850e-12       1.057661085069e-12       1.003423974433e-14       3.074933685138e-14       2.395950022619e-15      -5.851528271166e-16 
  634       2.618205586225e-10       3.999149107063e-12       9.004887101691e-13       1.004063057768e-14       3.057286843481e-14       2.431480487051e-15      -5.885909252212e-16 
  635       2.609107031608e-10       4.034703376284e-12       7.399633676005e-13       1.004695094849e-14       3.039767742172e-14       2.466978528162e-15      -5.919343928109e-16 
  636       2.600181146675e-10       4.069875829324e-12       5.761546953013e-13       1.005320448157e-14       3.022375607044e-14       2.502433993350e-15      -5.951833350830e-16 
  637       2.591431392649e-10       4.104653705382e-12       4.091334463298e-13       1.005939484859e-14       3.005109633915e-14       2.537836616748e-15      -5.983378678491e-16 
  638       2.582861253556e-10       4.139024127645e-12       2.389714935140e-13       1.006552576822e-14       2.987968988430e-14       2.573176018801e-15      -6.013981175895e-16 
  639       2.574474236288e-10       4.172974102904e-12       6.574183410179e-14       1.007160100633e-14       2.970952805919e-14       2.608441705849e-15      -6.043642215073e-16 
  640       2.566273870654e-10       4.206490521158e-12      -1.104814055890e-13       1.007762437620e-14       2.954060191236e-14       2.643623069706e-15      -6.072363275826e-16 
  641       2.558263709442e-10       4.239560155227e-12      -2.896229655207e-13       1.008359973864e-14       2.937290218618e-14       2.678709387245e-15      -6.100145946265e-16 
  642       2.550447328478e-10       4.272169660355e-12      -4.716064472859e-13       1.008953100222e-14       2.920641931526e-14       2.713689819976e-15      -6.126991923358e-16 
  643       2.542828326682e-10       4.304305573824e-12      -6.563543094574e-13       1.009542212342e-14       2.904114342498e-14       2.748553413630e-15      -6.152903013467e-16 
  644       2.535410326125e-10       4.335954314563e-12      -8.437878629382e-13       1.010127710680e-14       2.887706432996e-14       2.783289097735e-15      -6.177881132894e-16 
  645       2.528196972092e-10       4.367102182752e-12      -1.033827266312e-12       1.010710000523e-14       2.871417153259e-14       2.817885685205e-15      -6.201928308418e-16 
  646       2.521191933135e-10       4.397735359435e-12      -1.226391521191e-12       1.011289492003e-14       2.855245422145e-14       2.852331871913e-15      -6.225046677844e-16 
  647       2.514398901136e-10       4.427839906127e-12      -1.421398467571e-12       1.011866600112e-14       2.839190126986e-14       2.886616236280e-15      -6.247238490537e-16 
  648       2.507821591359e-10       4.457401764423e-12      -1.618764779176e-12       1.012441744729e-14       2.823250123434e-14       2.920727238850e-15      -6.268506107973e-16 
  649       2.501463742513e-10       4.486406755610e-12      -1.818405958809e-12       1.013015350628e-14       2.807424235312e-14       2.954653221873e-15      -6.288852004271e-16 
  650       2.495329116810e-10       4.514840580269e-12      -2.020236333707e-12       1.013587847503e-14       2.791711254460e-14       2.988382408889e-15      -6.308278766745e-16 
  651       2.489421500020e-10       4.542688817891e-12      -2.224169050884e-12       1.014159669981e-14       2.776109940587e-14       3.021902904306e-15      -6.326789096438e-16 
  652       2.483744701531e-10       4.569936926480e-12      -2.430116072487e-12       1.014731257645e-14       2.760619021117e-14       3.055202692981e-15      -6.344385808668e-16 
  653       2.478302554409e-10       4.596570242167e-12      -2.637988171142e-12       1.015303055046e-14       2.745237191042e-14       3.088269639804e-15      -6.361071833571e-16 
  654       2.473098915452e-10       4.622573978814e-12      -2.847694925306e-12       1.015875511728e-14       2.729963112766e-14       3.121091489277e-15      -6.376850216638e-16 
  655       2.468137665252e-10       4.647933227626e-12      -3.059144714616e-12       1.016449082237e-14       2.714795415957e-14       3.153655865096e-15      -6.391724119264e-16 
  656       2.463422708250e-10       4.672632956759e-12      -3.272244715241e-12       1.017024226148e-14       2.699732697398e-14       3.185950269732e-15      -6.405696819283e-16 
  657       2.458957972797e-10       4.696658010929e-12      -3.486900895230e-12       1.017601408078e-14       2.684773520829e-14       3.217962084013e-15      -6.418771711517e-16 
  658       2.454747411211e-10       4.719993111021e-12      -3.703018009860e-12       1.018181097703e-14       2.669916416803e-14       3.249678566702e-15      -6.430952308310e-16 
  659       2.450794999833e-10       4.742622853694e-12      -3.920499596993e-12       1.018763769780e-14       2.655159882533e-14       3.281086854084e-15      -6.442242240080e-16 
  660       2.447104739089e-10       4.764531710998e-12      -4.139247972418e-12       1.019349904160e-14       2.640502381737e-14       3.312173959541e-15      -6.452645255850e-16 
  661       2.443679877026e-10       4.785706238136e-12      -4.359167669930e-12       1.019939941874e-14       2.625942560047e-14       3.342928885668e-15      -6.462165638989e-16 
  662       2.440520561017e-10       4.806141751014e-12      -4.580175854221e-12       1.020534152265e-14       2.611479896724e-14       3.373349012573e-15      -6.470809463375e-16 
  663       2.437626134389e-10       4.825835795172e-12      -4.802192128414e-12       1.021132762963e-14       2.597114067015e-14       3.403433849621e-15      -6.478583366000e-16 
  664       2.434995908095e-10       4.844785951170e-12      -5.025135106429e-12       1.021736003554e-14       2.582844727805e-14       3.433182935818e-15      -6.485494134947e-16 
  665       2.432629160566e-10       4.862989834802e-12      -5.248922409284e-12       1.022344105593e-14       2.568671517527e-14       3.462595839973e-15      -6.491548710040e-16 
  666       2.430525137549e-10       4.880445097311e-12      -5.473470661382e-12       1.022957302609e-14       2.554594056071e-14       3.491672160857e-15      -6.496754183504e-16 
  667       2.428683051957e-10       4.897149425604e-12      -5.698695486811e-12       1.023575830106e-14       2.540611944689e-14       3.520411527366e-15      -6.501117800619e-16 
  668       2.427102083711e-10       4.913100542462e-12      -5.924511505638e-12       1.024199925575e-14       2.526724765905e-14       3.548813598680e-15      -6.504646960378e-16 
  669       2.425781379588e-10       4.928296206761e-12      -6.150832330203e-12       1.024829828496e-14       2.512932083423e-14       3.576878064420e-15      -6.507349216141e-16 
  670       2.424720053064e-10       4.942734213682e-12      -6.377570561413e-12       1.025465780346e-14       2.499233442036e-14       3.604604644818e-15      -6.509232276289e-16 
  671       2.423917184162e-10       4.956412394925e-12      -6.604637785037e-12       1.026108024602e-14       2.485628367533e-14       3.631993090865e-15      -6.510304004885e-16 
  672       2.423371819292e-10       4.969328618927e-12      -6.831944568000e-12       1.026756806751e-14       2.472116366604e-14       3.659043184484e-15      -6.510572422325e-16 
  673       2.423082971102e-10       4.981480791072e-12      -7.059400454683e-12       1.027412374293e-14       2.458696926756e-14       3.685754738681e-15      -6.510045705998e-16 
  674       2.423049618321e-10       4.992866853910e-12      -7.286913963208e-12       1.028074976747e-14       2.445369516213e-14       3.712127597711e-15      -6.508732190937e-16 
  675       2.423270705602e-10       5.003484787367e-12      -7.514392581741e-12       1.028744865658e-14       2.432133583827e-14       3.738161637234e-15      -6.506640370481e-16 
  676       2.423745143369e-10       5.013332608961e-12      -7.741742764785e-12       1.029422294601e-14       2.418988558988e-14       3.763856764483e-15      -6.503778896926e-16 
  677       2.424471807664e-10       5.022408374019e-12      -7.968869929469e-12       1.030107519191e-14       2.405933851530e-14       3.789212918415e-15      -6.500156582181e-16 
  678       2.425449539989e-10       5.030710175885e-12      -8.195678451853e-12       1.030800797084e-14       2.392968851639e-14       3.814230069879e-15      -6.495782398427e-16 
  679       2.426677147153e-10       5.038236146144e-12      -8.422071663211e-12       1.031502387984e-14       2.380092929762e-14       3.838908221774e-15      -6.490665478772e-16 
  680       2.428153401118e-10       5.044984454825e-12      -8.647951846336e-12       1.032212553653e-14       2.367305436513e-14       3.863247409208e-15      -6.484815117904e-16 
  681       2.429877038840e-10       5.050953310624e-12      -8.873220231828e-12       1.032931557910e-14       2.354605702585e-14       3.887247699661e-15      -6.478240772750e-16 
  682       2.431846762119e-10       5.056140961116e-12      -9.097776994391e-12       1.033659666644e-14       2.341993038654e-14       3.910909193144e-15      -6.470952063131e-16 
  683       2.434061237444e-10       5.060545692968e-12      -9.321521249128e-12       1.034397147815e-14       2.329466735291e-14       3.934232022360e-15      -6.462958772419e-16 
  684       2.436519095833e-10       5.064165832154e-12      -9.544351047835e-12       1.035144271460e-14       2.317026062864e-14       3.957216352865e-15      -6.454270848188e-16 
  685       2.439218932684e-10       5.066999744169e-12      -9.766163375296e-12       1.035901309703e-14       2.304670271453e-14       3.979862383228e-15      -6.444898402878e-16 
  686       2.442159307617e-10       5.069045834246e-12      -9.986854145578e-12       1.036668536755e-14       2.292398590754e-14       4.002170345191e-15      -6.434851714443e-16 
  687       2.445338744321e-10       5.070302547566e-12      -1.020631819833e-11       1.037446228926e-14       2.280210229988e-14       4.024140503831e-15      -6.424141227011e-16 
  688       2.448755730397e-10       5.070768369477e-12      -1.042444929505e-11       1.038234664626e-14       2.268104377810e-14       4.045773157719e-15      -6.412777551541e-16 
  689       2.452408717207e-10       5.070441825704e-12      -1.064114011545e-11       1.039034124372e-14       2.256080202214e-14       4.067068639082e-15      -6.400771466475e-16 
  690       2.456296119712e-10       5.069321482567e-12      -1.085628225365e-11       1.039844890798e-14       2.244136850446e-14       4.088027313962e-15      -6.388133918397e-16 
  691       2.460416316327e-10       5.067405947192e-12      -1.106976621455e-11       1.040667248653e-14       2.232273448906e-14       4.108649582379e-15      -6.374876022687e-16 
  692       2.464767648757e-10       5.064693867730e-12      -1.128148141012e-11       1.041501484815e-14       2.220489103062e-14       4.128935878486e-15      -6.361009064179e-16 
  693       2.469348421849e-10       5.061183933566e-12      -1.149131615565e-11       1.042347888291e-14       2.208782897355e-14       4.148886670738e-15      -6.346544497814e-16 
  694       2.474156903433e-10       5.056874875537e-12      -1.169915766606e-11       1.043206750227e-14       2.197153895106e-14       4.168502462045e-15      -6.331493949299e-16 
  695       2.479191324168e-10       5.051765466144e-12      -1.190489205224e-11       1.044078363910e-14       2.185601138427e-14       4.187783789937e-15      -6.315869215760e-16 
  696       2.484449877390e-10       5.045854519771e-12      -1.210840431728e-11       1.044963024777e-14       2.174123648126e-14       4.206731226721e-15      -6.299682266399e-16 
  697       2.489930718953e-10       5.039140892892e-12      -1.230957835281e-11       1.045861030420e-14       2.162720423619e-14       4.225345379646e-15      -6.282945243153e-16 
  698       2.495631967076e-10       5.031623484292e-12      -1.250829693528e-11       1.046772680591e-14       2.151390442835e-14       4.243626891059e-15      -6.265670461344e-16 
  699       2.501551702190e-10       5.023301235278e-12      -1.270444172223e-11       1.047698277208e-14       2.140132662122e-14       4.261576438570e-15      -6.247870410338e-16 
  700       2.507687670277e-10       5.014174676650e-12      -1.289790480705e-11       1.048638070419e-14       2.128946158736e-14       4.279194414276e-15      -6.229555867550e-16 
  701       2.514036386433e-10       5.004250604531e-12      -1.308862365464e-11       1.049592095538e-14       2.117830561733e-14       4.296479954799e-15      -6.210730196014e-16 
  702       2.520594012326e-10       4.993537502363e-12      -1.327654688610e-11       1.050560332723e-14       2.106785629865e-14       4.313431891363e-15      -6.191394929328e-16 
  703       2.527356650783e-10       4.982044003560e-12      -1.346162278537e-11       1.051542760605e-14       2.095811109765e-14       4.330049068979e-15      -6.171551647740e-16 
  704       2.534320345560e-10       4.969778892100e-12      -1.364379929833e-11       1.052539356281e-14       2.084906735889e-14       4.346330346524e-15      -6.151201978342e-16 
  705       2.541481081119e-10       4.956751103122e-12      -1.382302403193e-11       1.053550095303e-14       2.074072230457e-14       4.362274596829e-15      -6.130347595268e-16 
  706       2.548834782395e-10       4.942969723513e-12      -1.399924425331e-11       1.054574951675e-14       2.063307303398e-14       4.377880706754e-15      -6.108990219886e-16 
  707       2.556377314574e-10       4.928443992506e-12      -1.417240688892e-11       1.055613897846e-14       2.052611652291e-14       4.393147577275e-15      -6.087131620993e-16 
  708       2.564104482862e-10       4.913183302269e-12      -1.434245852365e-11       1.056666904699e-14       2.041984962312e-14       4.408074123564e-15      -6.064773615009e-16 
  709       2.572012032259e-10       4.897197198499e-12      -1.450934539993e-11       1.057733941545e-14       2.031426906170e-14       4.422659275072e-15      -6.041918066172e-16 
  710       2.580095647333e-10       4.880495381014e-12      -1.467301341687e-11       1.058814976119e-14       2.020937144057e-14       4.436901975609e-15      -6.018566886734e-16 
  711       2.588350951990e-10       4.863087704347e-12      -1.483340812940e-11       1.059909974567e-14       2.010515323587e-14       4.450801183431e-15      -5.994722037153e-16 
  712       2.596773509248e-10       4.844984178336e-12      -1.499047474732e-11       1.061018901443e-14       2.000161079738e-14       4.464355871315e-15      -5.970385526288e-16 
  713       2.605358821011e-10       4.826194968721e-12      -1.514415813451e-11       1.062141719702e-14       1.989874034801e-14       4.477565026645e-15      -5.945559411595e-16 
  714       2.614102327840e-10       4.806730397730e-12      -1.529440280800e-11       1.063278390687e-14       1.979653798314e-14       4.490427651497e-15      -5.920245799320e-16 
  715       2.622999408724e-10       4.786600944679e-12      -1.544115293708e-11       1.064428874131e-14       1.969499967012e-14       4.502942762715e-15      -5.894446844695e-16 
  716       2.632045380859e-10       4.765817246561e-12      -1.558435234248e-11       1.065593128139e-14       1.959412124768e-14       4.515109391997e-15      -5.868164752131e-16 
  717       2.641235499412e-10       4.744390098636e-12      -1.572394449542e-11       1.066771109190e-14       1.949389842534e-14       4.526926585975e-15      -5.841401775411e-16 
  718       2.650564957300e-10       4.722330455029e-12      -1.585987251679e-11       1.067962772124e-14       1.939432678285e-14       4.538393406298e-15      -5.814160217891e-16 
  719       2.660028884962e-10       4.699649429319e-12      -1.599207917622e-11       1.069168070138e-14       1.929540176964e-14       4.549508929715e-15      -5.786442432686e-16 
  720       2.669622350129e-10       4.676358295133e-12      -1.612050689126e-11       1.070386954775e-14       1.919711870424e-14       4.560272248156e-15      -5.758250822872e-16 
  721       2.679340357599e-10       4.652468486739e-12      -1.624509772644e-11       1.071619375920e-14       1.909947277366e-14       4.570682468814e-15      -5.729587841673e-16 
  722       2.689177849007e-10       4.627991599636e-12      -1.636579339245e-11       1.072865281791e-14       1.900245903290e-14       4.580738714226e-15      -5.700455992664e-16 
  723       2.699129702601e-10       4.602939391149e-12      -1.648253524520e-11       1.074124618934e-14       1.890607240433e-14       4.590440122357e-15      -5.670857829957e-16 
  724       2.709190733014e-10       4.577323781024e-12      -1.659526428499e-11       1.075397332212e-14       1.881030767712e-14       4.599785846683e-15      -5.640795958404e-16 
  725       2.719355691035e-10       4.551156852015e-12      -1.670392115561e-11       1.076683364800e-14       1.871515950668e-14       4.608775056268e-15      -5.610273033783e-16 
  726       2.729619263381e-10       4.524450850479e-12      -1.680844614348e-11       1.077982658178e-14       1.862062241411e-14       4.617406935853e-15      -5.579291762999e-16 
  727       2.739976072474e-10       4.497218186972e-12      -1.690877917674e-11       1.079295152122e-14       1.852669078559e-14       4.625680685932e-15      -5.547854904276e-16 
  728       2.750420676209e-10       4.469471436836e-12      -1.700485982438e-11       1.080620784698e-14       1.843335887181e-14       4.633595522836e-15      -5.515965267351e-16 
  729       2.760947567730e-10       4.441223340794e-12      -1.709662729540e-11       1.081959492254e-14       1.834062078745e-14       4.641150678819e-15      -5.483625713668e-16 
  730       2.771551175199e-10       4.412486805547e-12      -1.718402043788e-11       1.083311209414e-14       1.824847051055e-14       4.648345402133e-15      -5.450839156576e-16 
  731       2.782225861572e-10       4.383274904357e-12      -1.726697773811e-11       1.084675869069e-14       1.815690188198e-14       4.655178957115e-15      -5.417608561521e-16 
  732       2.792965924373e-10       4.353600877650e-12      -1.734543731975e-11       1.086053402370e-14       1.806590860484e-14       4.661650624268e-15      -5.383936946238e-16 
  733       2.803765595460e-10       4.323478133600e-12      -1.741933694291e-11       1.087443738722e-14       1.797548424392e-14       4.667759700342e-15      -5.349827380950e-16 
  734       2.814619040806e-10       4.292920248729e-12      -1.748861400328e-11       1.088846805775e-14       1.788562222509e-14       4.673505498419e-15      -5.315282988562e-16 
  735       2.825520360264e-10       4.261940968493e-12      -1.755320553128e-11       1.090262529418e-14       1.779631583477e-14       4.678887347989e-15      -5.280306944852e-16 
  736       2.836463587347e-10       4.230554207880e-12      -1.761304819114e-11       1.091690833771e-14       1.770755821934e-14       4.683904595040e-15      -5.244902478668e-16 
  737       2.847442688994e-10       4.198774051998e-12      -1.766807828004e-11       1.093131641178e-14       1.761934238456e-14       4.688556602134e-15      -5.209072872122e-16 
  738       2.858451565347e-10       4.166614756673e-12      -1.771823172723e-11       1.094584872197e-14       1.753166119501e-14       4.692842748490e-15      -5.172821460787e-16 
  739       2.869484363935e-10       4.134090647216e-12      -1.776345649580e-11       1.096050416692e-14       1.744450831802e-14       4.696762858620e-15      -5.136152171151e-16 
  740       2.880536429491e-10       4.101215811356e-12      -1.780375005826e-11       1.097528046462e-14       1.735788107694e-14       4.700318497336e-15      -5.099071144246e-16 
  741       2.891603372430e-10       4.068004401420e-12      -1.783912265887e-11       1.099017500874e-14       1.727177765307e-14       4.703511700464e-15      -5.061585144451e-16 
  742       2.902680755980e-10       4.034470736179e-12      -1.786958497984e-11       1.100518515593e-14       1.718619614587e-14       4.706344548785e-15      -5.023701025446e-16 
  743       2.913764096021e-10       4.000629301411e-12      -1.789514814316e-11       1.102030822569e-14       1.710113457260e-14       4.708819168206e-15      -4.985425730520e-16 
  744       2.924848860926e-10       3.966494750479e-12      -1.791582371249e-11       1.103554150029e-14       1.701659086799e-14       4.710937729943e-15      -4.946766292886e-16 
  745       2.935930471405e-10       3.932081904896e-12      -1.793162369493e-11       1.105088222458e-14       1.693256288382e-14       4.712702450690e-15      -4.907729835992e-16 
  746       2.947004300345e-10       3.897405754897e-12      -1.794256054293e-11       1.106632760586e-14       1.684904838862e-14       4.714115592803e-15      -4.868323573836e-16 
  747       2.958065672653e-10       3.862481460008e-12      -1.794864715610e-11       1.108187481378e-14       1.676604506727e-14       4.715179464468e-15      -4.828554811275e-16 
  748       2.969109865097e-10       3.827324349620e-12      -1.794989688305e-11       1.109752098015e-14       1.668355052062e-14       4.715896419883e-15      -4.788430944339e-16 
  749       2.980132106147e-10       3.791949923554e-12      -1.794632352324e-11       1.111326319885e-14       1.660156226519e-14       4.716268859432e-15      -4.747959460544e-16 
  750       2.991127575816e-10       3.756373852636e-12      -1.793794132883e-11       1.112909852567e-14       1.652007773272e-14       4.716299229860e-15      -4.707147939204e-16 
  751       3.002091405506e-10       3.720611979264e-12      -1.792476500652e-11       1.114502397816e-14       1.643909426988e-14       4.715990024452e-15      -4.666004051742e-16 
  752       3.013018677845e-10       3.684680317981e-12      -1.790680971937e-11       1.116103653554e-14       1.635860913788e-14       4.715343783206e-15      -4.624535562003e-16 
  753       3.023904426529e-10       3.648595056041e-12      -1.788409108868e-11       1.117713313851e-14       1.627861951210e-14       4.714363093010e-15      -4.582750326570e-16 
  754       3.034743636167e-10       3.612372553986e-12      -1.785662519582e-11       1.119331068915e-14       1.619912248173e-14       4.713050587820e-15      -4.540656295071e-16 
  755       3.045531242120e-10       3.576029346209e-12      -1.782442858404e-11       1.120956605078e-14       1.612011504940e-14       4.711408948833e-15      -4.498261510493e-16 
  756       3.056262130342e-10       3.539582141530e-12      -1.778751826037e-11       1.122589604778e-14       1.604159413084e-14       4.709440904666e-15      -4.455574109498e-16 
  757       3.066931137225e-10       3.503047823762e-12      -1.774591169742e-11       1.124229746552e-14       1.596355655451e-14       4.707149231529e-15      -4.412602322729e-16 
  758       3.077533049437e-10       3.466443452286e-12      -1.769962683523e-11       1.125876705019e-14       1.588599906119e-14       4.704536753406e-15      -4.369354475129e-16 
  759       3.088062603767e-10       3.429786262617e-12      -1.764868208313e-11       1.127530150865e-14       1.580891830369e-14       4.701606342225e-15      -4.325838986248e-16 
  760       3.098514486963e-10       3.393093666974e-12      -1.759309632157e-11       1.129189750832e-14       1.573231084644e-14       4.698360918037e-15      -4.282064370560e-16 
  761       3.108883335577e-10       3.356383254855e-12      -1.753288890396e-11       1.130855167701e-14       1.565617316514e-14       4.694803449195e-15      -4.238039237772e-16 
  762       3.119163735806e-10       3.319672793603e-12      -1.746807965853e-11       1.132526060285e-14       1.558050164639e-14       4.690936952525e-15      -4.193772293136e-16 
  763       3.129350223330e-10       3.282980228978e-12      -1.739868889014e-11       1.134202083406e-14       1.550529258733e-14       4.686764493503e-15      -4.149272337766e-16 
  764       3.139437283159e-10       3.246323685727e-12      -1.732473738215e-11       1.135882887888e-14       1.543054219528e-14       4.682289186436e-15      -4.104548268945e-16 
  765       3.149419349473e-10       3.209721468155e-12      -1.724624639828e-11       1.137568120543e-14       1.535624658738e-14       4.677514194632e-15      -4.059609080440e-16 
  766       3.159290805461e-10       3.173192060693e-12      -1.716323768439e-11       1.139257424154e-14       1.528240179022e-14       4.672442730579e-15      -4.014463862815e-16 
  767       3.169045983166e-10       3.136754128471e-12      -1.707573347038e-11       1.140950437464e-14       1.520900373945e-14       4.667078056121e-15      -3.969121803743e-16 
  768       3.178679163325e-10       3.100426517886e-12      -1.698375647204e-11       1.142646795161e-14       1.513604827949e-14       4.661423482634e-15      -3.923592188317e-16 
  769       3.188184575210e-10       3.064228257174e-12      -1.688732989282e-11       1.144346127866e-14       1.506353116307e-14       4.655482371202e-15      -3.877884399362e-16 
  770       3.197556396473e-10       3.028178556981e-12      -1.678647742575e-11       1.146048062117e-14       1.499144805096e-14       4.649258132791e-15      -3.832007917751e-16 
  771       3.206788752983e-10       2.992296810930e-12      -1.668122325525e-11       1.147752220357e-14       1.491979451155e-14       4.642754228429e-15      -3.785972322714e-16 
  772       3.215875718672e-10       2.956602596194e-12      -1.657159205898e-11       1.149458220920e-14       1.484856602048e-14       4.635974169381e-15      -3.739787292152e-16 
  773       3.224811315373e-10       2.921115674065e-12      -1.645760900965e-11       1.151165678018e-14       1.477775796031e-14       4.628921517321e-15      -3.693462602949e-16 
  774       3.233589512664e-10       2.885855990527e-12      -1.633929977694e-11       1.152874201725e-14       1.470736562015e-14       4.621599884515e-15      -3.647008131284e-16 
  775       3.242204227709e-10       2.850843676820e-12      -1.621669052925e-11       1.154583397966e-14       1.463738419529e-14       4.614012933991e-15      -3.600433852943e-16 
  776       3.250649325100e-10       2.816099050019e-12      -1.608980793561e-11       1.156292868503e-14       1.456780878682e-14       4.606164379718e-15      -3.553749843634e-16 
  777       3.258918616698e-10       2.781642613597e-12      -1.595867916750e-11       1.158002210919e-14       1.449863440129e-14       4.598057986782e-15      -3.506966279295e-16 
  778       3.267006539731e-10       2.747493349527e-12      -1.582333776948e-11       1.159711032967e-14       1.442985659565e-14       4.589697219298e-15      -3.460092177975e-16 
  779       3.274910205343e-10       2.713663558304e-12      -1.568384138815e-11       1.161418995927e-14       1.436147342602e-14       4.581084176553e-15      -3.413131598953e-16 
  780       3.282627388149e-10       2.680163923288e-12      -1.554025437929e-11       1.163125772036e-14       1.429348353474e-14       4.572220637262e-15      -3.366087372959e-16 
  781       3.290155851433e-10       2.647005210642e-12      -1.539264197224e-11       1.164831030188e-14       1.422588550816e-14       4.563108410129e-15      -3.318962354212e-16 
  782       3.297493347124e-10       2.614198269560e-12      -1.524107027288e-11       1.166534435923e-14       1.415867787636e-14       4.553749333954e-15      -3.271759420491e-16 
  783       3.304637615776e-10       2.581754032502e-12      -1.508560626660e-11       1.168235651419e-14       1.409185911295e-14       4.544145277742e-15      -3.224481473190e-16 
  784       3.311586386537e-10       2.549683515425e-12      -1.492631782138e-11       1.169934335480e-14       1.402542763481e-14       4.534298140804e-15      -3.177131437385e-16 
  785       3.318337377132e-10       2.517997818018e-12      -1.476327369072e-11       1.171630143521e-14       1.395938180190e-14       4.524209852867e-15      -3.129712261898e-16 
  786       3.324888293835e-10       2.486708123926e-12      -1.459654351670e-11       1.173322727564e-14       1.389371991695e-14       4.513882374181e-15      -3.082226919359e-16 
  787       3.331236831445e-10       2.455825700993e-12      -1.442619783296e-11       1.175011736225e-14       1.382844022529e-14       4.503317695623e-15      -3.034678406267e-16 
  788       3.337380673266e-10       2.425361901485e-12      -1.425230806769e-11       1.176696814698e-14       1.376354091460e-14       4.492517838803e-15      -2.987069743060e-16 
  789       3.343317491075e-10       2.395328162325e-12      -1.407494654668e-11       1.178377604753e-14       1.369902011464e-14       4.481484856173e-15      -2.939403974169e-16 
  790       3.349044945108e-10       2.365736005327e-12      -1.389418649627e-11       1.180053744717e-14       1.363487589705e-14       4.470220831133e-15      -2.891684168089e-16 
  791       3.354560684026e-10       2.336597037426e-12      -1.371010204641e-11       1.181724869470e-14       1.357110627511e-14       4.458727878133e-15      -2.843913417439e-16 
  792       3.359862344898e-10       2.307922950910e-12      -1.352276823362e-11       1.183390610427e-14       1.350770920349e-14       4.447008142787e-15      -2.796094839024e-16 
  793       3.364947553176e-10       2.279725523652e-12      -1.333226100400e-11       1.185050595534e-14       1.344468257802e-14       4.435063801970e-15      -2.748231573902e-16 
  794       3.369813922667e-10       2.252016619343e-12      -1.313865721628e-11       1.186704449255e-14       1.338202423546e-14       4.422897063935e-15      -2.700326787443e-16 
  795       3.374459055513e-10       2.224808187724e-12      -1.294203464476e-11       1.188351792558e-14       1.331973195327e-14       4.410510168408e-15      -2.652383669394e-16 
  796       3.378880542166e-10       2.198112264816e-12      -1.274247198237e-11       1.189992242909e-14       1.325780344934e-14       4.397905386704e-15      -2.604405433945e-16 
  797       3.383075961362e-10       2.171940973154e-12      -1.254004884364e-11       1.191625414256e-14       1.319623638181e-14       4.385085021828e-15      -2.556395319786e-16 
  798       3.387042880100e-10       2.146306522017e-12      -1.233484576772e-11       1.193250917024e-14       1.313502834877e-14       4.372051408583e-15      -2.508356590177e-16 
  799       3.390778853617e-10       2.121221207665e-12      -1.212694422138e-11       1.194868358100e-14       1.307417688810e-14       4.358806913675e-15      -2.460292533007e-16 
  800       3.394281425360e-10       2.096697413564e-12      -1.191642660201e-11       1.196477340823e-14       1.301367947715e-14       4.345353935821e-15      -2.412206460857e-16 
  801       3.397548126970e-10       2.072747610623e-12      -1.170337624065e-11       1.198077464974e-14       1.295353353257e-14       4.331694905857e-15      -2.364101711067e-16 
  802       3.400576478250e-10       2.049384357424e-12      -1.148787740495e-11       1.199668326766e-14       1.289373641004e-14       4.317832286838e-15      -2.315981645794e-16 
  803       3.403363987146e-10       2.026620300454e-12      -1.127001530222e-11       1.201249518831e-14       1.283428540406e-14       4.303768574150e-15      -2.267849652081e-16 
  804       3.405908149720e-10       2.004468174339e-12      -1.104987608241e-11       1.202820630209e-14       1.277517774769e-14       4.289506295618e-15      -2.219709141914e-16 
  805       3.408206450129e-10       1.982940802072e-12      -1.082754684112e-11       1.204381246340e-14       1.271641061232e-14       4.275048011603e-15      -2.171563552292e-16 
  806       3.410256360598e-10       1.962051095250e-12      -1.060311562261e-11       1.205930949050e-14       1.265798110744e-14       4.260396315121e-15      -2.123416345284e-16 
  807       3.412055341398e-10       1.941812054301e-12      -1.037667142279e-11       1.207469316545e-14       1.259988628041e-14       4.245553831937e-15      -2.075271008096e-16 
  808       3.413600840820e-10       1.922236768722e-12      -1.014830419224e-11       1.208995923392e-14       1.254212311620e-14       4.230523220681e-15      -2.027131053133e-16 
  809       3.414890295152e-10       1.903338417303e-12      -9.918104839223e-12       1.210510340518e-14       1.248468853719e-14       4.215307172950e-15      -1.979000018063e-16 
  810       3.415921128658e-10       1.885130268367e-12      -9.686165232652e-12       1.212012135191e-14       1.242757940291e-14       4.199908413412e-15      -1.930881465877e-16 
  811       3.416690753547e-10       1.867625679997e-12      -9.452578205138e-12       1.213500871013e-14       1.237079250980e-14       4.184329699919e-15      -1.882778984959e-16 
  812       3.417196569957e-10       1.850838100270e-12      -9.217437555972e-12       1.214976107911e-14       1.231432459100e-14       4.168573823607e-15      -1.834696189142e-16 
  813       3.417435965923e-10       1.834781067487e-12      -8.980838054132e-12       1.216437402120e-14       1.225817231607e-14       4.152643609006e-15      -1.786636717775e-16 
  814       3.417406317359e-10       1.819468210410e-12      -8.742875441294e-12       1.217884306178e-14       1.220233229082e-14       4.136541914144e-15      -1.738604235786e-16 
  815       3.417104988033e-10       1.804913248487e-12      -8.503646434832e-12       1.219316368915e-14       1.214680105702e-14       4.120271630657e-15      -1.690602433745e-16 
  816       3.416529329541e-10       1.791129992089e-12      -8.263248730823e-12       1.220733135438e-14       1.209157509216e-14       4.103835683890e-15      -1.642635027926e-16 
  817       3.415677306032e-10       1.778130073754e-12      -8.021777218493e-12       1.222134194712e-14       1.203665125253e-14       4.087236656957e-15      -1.594706543465e-16 
  818       3.414549380678e-10       1.765916097020e-12      -7.779312543345e-12       1.223519323253e-14       1.198202811135e-14       4.070475655328e-15      -1.546824679037e-16 
  819       3.413146662851e-10       1.754488365675e-12      -7.535932345701e-12       1.224888343978e-14       1.192770464407e-14       4.053553422170e-15      -1.498997984545e-16 
  820       3.411470286519e-10       1.743847141481e-12      -7.291715033069e-12       1.226241078850e-14       1.187367978708e-14       4.036470712599e-15      -1.451235082052e-16 
  821       3.409521410334e-10       1.733992643995e-12      -7.046739782468e-12       1.227577348874e-14       1.181995243754e-14       4.019228293720e-15      -1.403544665989e-16 
  822       3.407301217719e-10       1.724925050397e-12      -6.801086542755e-12       1.228896974093e-14       1.176652145330e-14       4.001826944664e-15      -1.355935503355e-16 
  823       3.404810916954e-10       1.716644495315e-12      -6.554836036949e-12       1.230199773588e-14       1.171338565265e-14       3.984267456626e-15      -1.308416433926e-16 
  824       3.402051741271e-10       1.709151070645e-12      -6.308069764554e-12       1.231485565474e-14       1.166054381423e-14       3.966550632909e-15      -1.260996370456e-16 
  825       3.399024948932e-10       1.702444825382e-12      -6.060870003883e-12       1.232754166902e-14       1.160799467684e-14       3.948677288957e-15      -1.213684298878e-16 
  826       3.395731823327e-10       1.696525765439e-12      -5.813319814387e-12       1.234005394049e-14       1.155573693930e-14       3.930648252396e-15      -1.166489278514e-16 
  827       3.392173673056e-10       1.691393853474e-12      -5.565503038974e-12       1.235239062123e-14       1.150376926029e-14       3.912464363074e-15      -1.119420442273e-16 
  828       3.388351832018e-10       1.687049008716e-12      -5.317504306337e-12       1.236454985357e-14       1.145209025819e-14       3.894126473098e-15      -1.072486996859e-16 
  829       3.384267659504e-10       1.683491106786e-12      -5.069409033280e-12       1.237652977009e-14       1.140069851093e-14       3.875635446874e-15      -1.025698222974e-16 
  830       3.379922540277e-10       1.680719979525e-12      -4.821303427038e-12       1.238832849356e-14       1.134959255582e-14       3.856992161144e-15      -9.790634755183e-17 
  831       3.375317884667e-10       1.678735414818e-12      -4.573274487604e-12       1.239994413696e-14       1.129877088943e-14       3.838197505028e-15      -9.325921837997e-17 
  832       3.370455128655e-10       1.677537156415e-12      -4.325410010056e-12       1.241137480343e-14       1.124823196739e-14       3.819252380061e-15      -8.862938517336e-17 
  833       3.365335733964e-10       1.677124903761e-12      -4.077798586876e-12       1.242261858625e-14       1.119797420424e-14       3.800157700231e-15      -8.401780580483e-17 
  834       3.359961188146e-10       1.677498311817e-12      -3.830529610280e-12       1.243367356884e-14       1.114799597331e-14       3.780914392018e-15      -7.942544564884e-17 
  835       3.354333004668e-10       1.678656990886e-12      -3.583693274541e-12       1.244453782471e-14       1.109829560653e-14       3.761523394435e-15      -7.485327760191e-17 
  836       3.348452723004e-10       1.680600506436e-12      -3.337380578311e-12       1.245520941745e-14       1.104887139429e-14       3.741985659064e-15      -7.030228210294e-17 
  837       3.342321908721e-10       1.683328378929e-12      -3.091683326949e-12       1.246568640069e-14       1.099972158527e-14       3.722302150098e-15      -6.577344715365e-17 
  838       3.335942153567e-10       1.686840083637e-12      -2.846694134845e-12       1.247596681812e-14       1.095084438630e-14       3.702473844376e-15      -6.126776833893e-17 
  839       3.329315075561e-10       1.691135050478e-12      -2.602506427741e-12       1.248604870341e-14       1.090223796218e-14       3.682501731424e-15      -5.678624884724e-17 
  840       3.322442319077e-10       1.696212663829e-12      -2.359214445062e-12       1.249593008025e-14       1.085390043556e-14       3.662386813495e-15      -5.232989949099e-17 
  841       3.315325554937e-10       1.702072262361e-12      -2.116913242235e-12       1.250560896226e-14       1.080582988675e-14       3.642130105605e-15      -4.789973872693e-17 
  842       3.307966480497e-10       1.708713138855e-12      -1.875698693015e-12       1.251508335302e-14       1.075802435359e-14       3.621732635573e-15      -4.349679267651e-17 
  843       3.300366819734e-10       1.716134540033e-12      -1.635667491813e-12       1.252435124602e-14       1.071048183127e-14       3.601195444063e-15      -3.912209514631e-17 
  844       3.292528323337e-10       1.724335666378e-12      -1.396917156015e-12       1.253341062466e-14       1.066320027218e-14       3.580519584615e-15      -3.477668764836e-17 
  845       3.284452768791e-10       1.733315671962e-12      -1.159546028310e-12       1.254225946221e-14       1.061617758578e-14       3.559706123693e-15      -3.046161942059e-17 
  846       3.276141960470e-10       1.743073664268e-12      -9.236532790169e-13       1.255089572177e-14       1.056941163841e-14       3.538756140718e-15      -2.617794744718e-17 
  847       3.267597729721e-10       1.753608704016e-12      -6.893389084024e-13       1.255931735629e-14       1.052290025315e-14       3.517670728107e-15      -2.192673647893e-17 
  848       3.258821934955e-10       1.764919804987e-12      -4.567037490114e-13       1.256752230852e-14       1.047664120965e-14       3.496450991315e-15      -1.770905905368e-17 
  849       3.249816461734e-10       1.777005933849e-12      -2.258494679896e-13       1.257550851099e-14       1.043063224400e-14       3.475098048872e-15      -1.352599551667e-17 
  850       3.240583222858e-10       1.789866009980e-12       3.121430592368e-15       1.258327388598e-14       1.038487104855e-14       3.453613032420e-15      -9.378634040931e-18 
  851       3.231124158456e-10       1.803498905293e-12       2.301056034133e-13       1.259081634554e-14       1.033935527177e-14       3.431997086755e-15      -5.268070647665e-18 
  852       3.221441236072e-10       1.817903444059e-12       4.549988655777e-13       1.259813379138e-14       1.029408251809e-14       3.410251369864e-15      -1.195409226637e-18 
  853       3.211536450752e-10       1.833078402737e-12       6.776961882907e-13       1.260522411496e-14       1.024905034772e-14       3.388377052966e-15       2.838238443448e-18 
  854       3.201411825135e-10       1.849022509791e-12       8.980916965334e-13       1.261208519737e-14       1.020425627653e-14       3.366375320546e-15       6.831752674556e-18 
  855       3.191069409541e-10       1.865734445520e-12       1.116078666739e-12       1.261871490936e-14       1.015969777588e-14       3.344247370398e-15       1.078400584895e-17 
  856       3.180511511209e-10       1.883211397398e-12       1.331560194180e-12       1.262511161104e-14       1.011537258271e-14       3.321995194701e-15       1.469415009755e-17 
  857       3.169741386125e-10       1.901444699442e-12       1.544481399222e-12       1.263127566039e-14       1.007127963598e-14       3.299623937760e-15       1.856248575341e-17 
  858       3.158762559169e-10       1.920424118138e-12       1.754797765650e-12       1.263720793045e-14       1.002741815587e-14       3.277139578548e-15       2.238960766693e-17 
  859       3.147578596156e-10       1.940139289775e-12       1.962464520147e-12       1.264290931194e-14       9.983787334910e-15       3.254548153475e-15       2.617611887577e-17 
  860       3.136193103959e-10       1.960579720029e-12       2.167436631716e-12       1.264838071332e-14       9.940386337863e-15       3.231855756555e-15       2.992263063157e-17 
  861       3.124609730639e-10       1.981734783557e-12       2.369668811098e-12       1.265362306087e-14       9.897214301604e-15       3.209068539575e-15       3.362976242658e-17 
  862       3.112832165568e-10       2.003593723582e-12       2.569115510196e-12       1.265863729875e-14       9.854270335025e-15       3.186192712261e-15       3.729814202039e-17 
  863       3.100864139554e-10       2.026145651483e-12       2.765730921494e-12       1.266342438904e-14       9.811553518931e-15       3.163234542442e-15       4.092840546654e-17 
  864       3.088709424968e-10       2.049379546380e-12       2.959468977478e-12       1.266798531180e-14       9.769062905933e-15       3.140200356219e-15       4.452119713929e-17 
  865       3.076371835871e-10       2.073284254727e-12       3.150283350057e-12       1.267232106515e-14       9.726797520342e-15       3.117096538132e-15       4.807716976019e-17 
  866       3.063855228137e-10       2.097848489897e-12       3.338127449983e-12       1.267643266530e-14       9.684756358064e-15       3.093929531323e-15       5.159698442486e-17 
  867       3.051163499579e-10       2.123060831772e-12       3.522954426272e-12       1.268032114665e-14       9.642938386495e-15       3.070705837708e-15       5.508131062958e-17 
  868       3.038300590075e-10       2.148909726331e-12       3.704717165626e-12       1.268398756180e-14       9.601342544415e-15       3.047432018140e-15       5.853082629803e-17 
  869       3.025270481697e-10       2.175383485236e-12       3.883368291851e-12       1.268743298164e-14       9.559967741884e-15       3.024114692574e-15       6.194621780793e-17 
  870       3.012077198829e-10       2.202470285424e-12       4.058860165282e-12       1.269065849540e-14       9.518812860134e-15       3.000760540240e-15       6.532818001774e-17 
  871       2.998724808301e-10       2.230158168693e-12       4.231144882199e-12       1.269366521073e-14       9.477876751468e-15       2.977376299801e-15       6.867741629333e-17 
  872       2.985217419508e-10       2.258435041290e-12       4.400174274250e-12       1.269645425371e-14       9.437158239149e-15       2.953968769527e-15       7.199463853465e-17 
  873       2.971559184540e-10       2.287288673502e-12       4.565899907873e-12       1.269902676896e-14       9.396656117299e-15       2.930544807458e-15       7.528056720241e-17 
  874       2.957754298305e-10       2.316706699242e-12       4.728273083714e-12       1.270138391967e-14       9.356369150794e-15       2.907111331570e-15       7.853593134476e-17 
  875       2.943806998658e-10       2.346676615635e-12       4.887244836051e-12       1.270352688766e-14       9.316296075154e-15       2.883675319945e-15       8.176146862399e-17 
  876       2.929721566521e-10       2.377185782613e-12       5.042765932210e-12       1.270545687347e-14       9.276435596443e-15       2.860243810934e-15       8.495792534314e-17 
  877       2.915502326014e-10       2.408221422498e-12       5.194786871991e-12       1.270717509638e-14       9.236786391160e-15       2.836823903325e-15       8.812605647277e-17 
  878       2.901153644578e-10       2.439770619590e-12       5.343257887087e-12       1.270868279447e-14       9.197347106135e-15       2.813422756508e-15       9.126662567756e-17 
  879       2.886679933101e-10       2.471820319759e-12       5.488128940500e-12       1.270998122472e-14       9.158116358424e-15       2.790047590647e-15       9.438040534303e-17 
  880       2.872085646044e-10       2.504357330030e-12       5.629349725970e-12       1.271107166303e-14       9.119092735203e-15       2.766705686839e-15       9.746817660220e-17 
  881       2.857375281567e-10       2.537368318174e-12       5.766869667390e-12       1.271195540429e-14       9.080274793663e-15       2.743404387286e-15       1.005307293623e-16 
  882       2.842553381653e-10       2.570839812294e-12       5.900637918229e-12       1.271263376245e-14       9.041661060905e-15       2.720151095460e-15       1.035688623313e-16 
  883       2.827624532235e-10       2.604758200414e-12       6.030603360950e-12       1.271310807055e-14       9.003250033834e-15       2.696953276268e-15       1.065833830449e-16 
  884       2.812593363322e-10       2.639109730068e-12       6.156714606434e-12       1.271337968081e-14       8.965040179053e-15       2.673818456221e-15       1.095751078928e-16 
  885       2.797464549124e-10       2.673880507888e-12       6.278919993401e-12       1.271344996470e-14       8.927029932759e-15       2.650754223601e-15       1.125448621458e-16 
  886       2.782242808176e-10       2.709056499191e-12       6.397167587827e-12       1.271332031293e-14       8.889217700638e-15       2.627768228624e-15       1.154934799822e-16 
  887       2.766932903467e-10       2.744623527570e-12       6.511405182368e-12       1.271299213560e-14       8.851601857757e-15       2.604868183608e-15       1.184218045144e-16 
  888       2.751539642563e-10       2.780567274479e-12       6.621580295780e-12       1.271246686218e-14       8.814180748463e-15       2.582061863144e-15       1.213306878159e-16 
  889       2.736067877733e-10       2.816873278824e-12       6.727640172339e-12       1.271174594163e-14       8.776952686272e-15       2.559357104256e-15       1.242209909477e-16 
  890       2.720522506077e-10       2.853526936551e-12       6.829531781261e-12       1.271083084243e-14       8.739915953771e-15       2.536761806571e-15       1.270935839852e-16 
  891       2.704908469647e-10       2.890513500233e-12       6.927201816127e-12       1.270972305262e-14       8.703068802503e-15       2.514283932486e-15       1.299493460446e-16 
  892       2.689230755577e-10       2.927818078659e-12       7.020596694297e-12       1.270842407990e-14       8.666409452872e-15       2.491931507332e-15       1.327891653098e-16 
  893       2.673494396207e-10       2.965425636421e-12       7.109662556338e-12       1.270693545167e-14       8.629936094029e-15       2.469712619544e-15       1.356139390590e-16 
  894       2.657704469208e-10       3.003320993506e-12       7.194345265438e-12       1.270525871508e-14       8.593646883774e-15       2.447635420825e-15       1.384245736915e-16 
  895       2.641865854352e-10       3.041489050208e-12       7.274601438293e-12       1.270339565085e-14       8.557540169547e-15       2.425706264940e-15       1.412216840225e-16 
  896       2.625982499205e-10       3.079915466738e-12       7.350431736120e-12       1.270134891834e-14       8.521615155589e-15       2.403924090480e-15       1.440046857397e-16 
  897       2.610058141708e-10       3.118585993884e-12       7.421848115554e-12       1.269912142110e-14       8.485871246457e-15       2.382285946799e-15       1.467726881951e-16 
  898       2.594096552531e-10       3.157486248312e-12       7.488862847481e-12       1.269671609422e-14       8.450307826838e-15       2.360788846967e-15       1.495247937770e-16 
  899       2.578101535165e-10       3.196601712188e-12       7.551488518107e-12       1.269413590434e-14       8.414924261472e-15       2.339429767660e-15       1.522600978915e-16 
  900       2.562076926010e-10       3.235917732799e-12       7.609738030031e-12       1.269138384980e-14       8.379719895086e-15       2.318205649045e-15       1.549776889440e-16 
  901       2.546026594468e-10       3.275419522178e-12       7.663624603317e-12       1.268846296074e-14       8.344694052317e-15       2.297113394673e-15       1.576766483211e-16 
  902       2.529954443026e-10       3.315092156720e-12       7.713161776563e-12       1.268537629914e-14       8.309846037643e-15       2.276149871364e-15       1.603560503720e-16 
  903       2.513864407351e-10       3.354920576812e-12       7.758363407974e-12       1.268212695893e-14       8.275175135306e-15       2.255311909096e-15       1.630149623906e-16 
  904       2.497760456375e-10       3.394889586448e-12       7.799243676435e-12       1.267871806613e-14       8.240680609245e-15       2.234596300890e-15       1.656524445968e-16 
  905       2.481646592387e-10       3.434983852855e-12       7.835817082581e-12       1.267515277886e-14       8.206361703021e-15       2.213999802704e-15       1.682675501182e-16 
  906       2.465526851122e-10       3.475187906112e-12       7.868098449868e-12       1.267143428749e-14       8.172217639746e-15       2.193519133315e-15       1.708593249722e-16 
  907       2.449405301849e-10       3.515486138777e-12       7.896102925644e-12       1.266756581472e-14       8.138247622009e-15       2.173150974212e-15       1.734268080470e-16 
  908       2.433286047458e-10       3.555862805504e-12       7.919845982223e-12       1.266355061564e-14       8.104450831805e-15       2.152891969479e-15       1.759690310839e-16 
  909       2.417173224556e-10       3.596302022666e-12       7.939343417955e-12       1.265939197786e-14       8.070826430463e-15       2.132738725689e-15       1.784850186586e-16 
  910       2.401071003549e-10       3.636787767981e-12       7.954611358297e-12       1.265509322159e-14       8.037373558572e-15       2.112687811786e-15       1.809737881629e-16 
  911       2.384983588737e-10       3.677303880128e-12       7.965666256885e-12       1.265065769971e-14       8.004091335912e-15       2.092735758977e-15       1.834343497866e-16 
  912       2.368915218397e-10       3.717834058373e-12       7.972524896605e-12       1.264608879790e-14       7.970978861377e-15       2.072879060620e-15       1.858657064989e-16 
  913       2.352870164878e-10       3.758361862190e-12       7.975204390667e-12       1.264138993468e-14       7.938035212907e-15       2.053114172109e-15       1.882668540305e-16 
  914       2.336852734688e-10       3.798870710885e-12       7.973722183673e-12       1.263656456156e-14       7.905259447416e-15       2.033437510766e-15       1.906367808546e-16 
  915       2.320867268583e-10       3.839343883212e-12       7.968096052690e-12       1.263161616308e-14       7.872650600714e-15       2.013845455725e-15       1.929744681691e-16 
  916       2.304918141655e-10       3.879764517003e-12       7.958344108322e-12       1.262654825694e-14       7.840207687442e-15       1.994334347823e-15       1.952788898784e-16 
  917       2.289009763423e-10       3.920115608784e-12       7.944484795780e-12       1.262136439404e-14       7.807929700994e-15       1.974900489488e-15       1.975490125744e-16 
  918       2.273146577925e-10       3.960380013399e-12       7.926536895957e-12       1.261606815863e-14       7.775815613449e-15       1.955540144626e-15       1.997837955189e-16 
  919       2.257333063798e-10       4.000540443634e-12       7.904519526494e-12       1.261066316838e-14       7.743864375495e-15       1.936249538507e-15       2.019821906248e-16 
  920       2.241573734379e-10       4.040579469835e-12       7.878452142856e-12       1.260515307446e-14       7.712074916362e-15       1.917024857658e-15       2.041431424379e-16 
  921       2.225873137785e-10       4.080479519534e-12       7.848354539401e-12       1.259954156161e-14       7.680446143742e-15       1.897862249747e-15       2.062655881189e-16 
  922       2.210235857006e-10       4.120222877069e-12       7.814246850455e-12       1.259383234830e-14       7.648976943724e-15       1.878757823473e-15       2.083484574245e-16 
  923       2.194666509994e-10       4.159791683204e-12       7.776149551378e-12       1.258802918675e-14       7.617666180717e-15       1.859707648453e-15       2.103906726894e-16 
  924       2.179169749753e-10       4.199167934756e-12       7.734083459640e-12       1.258213586306e-14       7.586512697383e-15       1.840707755110e-15       2.123911488080e-16 
  925       2.163750264427e-10       4.238333484214e-12       7.688069735891e-12       1.257615619729e-14       7.555515314556e-15       1.821754134563e-15       2.143487932162e-16 
  926       2.148412777389e-10       4.277270039359e-12       7.638129885032e-12       1.257009404356e-14       7.524672831180e-15       1.802842738512e-15       2.162625058726e-16 
  927       2.133162047329e-10       4.315959162892e-12       7.584285757287e-12       1.256395329012e-14       7.493984024229e-15       1.783969479127e-15       2.181311792406e-16 
  928       2.118002868349e-10       4.354382272049e-12       7.526559549274e-12       1.255773785945e-14       7.463447648638e-15       1.765130228940e-15       2.199536982699e-16 
  929       2.102940070044e-10       4.392520638228e-12       7.464973805078e-12       1.255145170838e-14       7.433062437232e-15       1.746320820726e-15       2.217289403783e-16 
  930       2.087978517598e-10       4.430355386609e-12       7.399551417322e-12       1.254509882813e-14       7.402827100648e-15       1.727537047396e-15       2.234557754332e-16 
  931       2.073123111870e-10       4.467867495778e-12       7.330315628235e-12       1.253868324445e-14       7.372740327271e-15       1.708774661885e-15       2.251330657336e-16 
  932       2.058378789481e-10       4.505037797345e-12       7.257290030729e-12       1.253220901767e-14       7.342800783156e-15       1.690029377037e-15       2.267596659911e-16 
  933       2.043750522910e-10       4.541846975571e-12       7.180498569468e-12       1.252568024281e-14       7.313007111957e-15       1.671296865495e-15       2.283344233125e-16 
  934       2.029242796077e-10       4.578277272400e-12       7.099970715270e-12       1.251910086141e-14       7.283358093128e-15       1.652573833299e-15       2.298564946490e-16 
  935       2.014858021946e-10       4.614317632553e-12       7.015757074806e-12       1.251247409363e-14       7.253853119386e-15       1.633861259288e-15       2.313263046211e-16 
  936       2.000598100360e-10       4.649958638124e-12       6.927914027076e-12       1.250580299740e-14       7.224491726572e-15       1.615161206121e-15       2.327446026328e-16 
  937       1.986464940319e-10       4.685190810320e-12       6.836498573978e-12       1.249909065603e-14       7.195273435998e-15       1.596475751195e-15       2.341121467858e-16 
  938       1.972460459994e-10       4.720004609310e-12       6.741568342098e-12       1.249234017822e-14       7.166197754403e-15       1.577806986680e-15       2.354297039048e-16 
  939       1.958586586744e-10       4.754390434086e-12       6.643181584483e-12       1.248555469814e-14       7.137264173900e-15       1.559157019552e-15       2.366980495630e-16 
  940       1.944845257136e-10       4.788338622320e-12       6.541397182428e-12       1.247873737553e-14       7.108472171922e-15       1.540527971635e-15       2.379179681071e-16 
  941       1.931238416959e-10       4.821839450217e-12       6.436274647259e-12       1.247189139568e-14       7.079821211177e-15       1.521921979631e-15       2.390902526831e-16 
  942       1.917768021244e-10       4.854883132373e-12       6.327874122115e-12       1.246501996958e-14       7.051310739595e-15       1.503341195156e-15       2.402157052610e-16 
  943       1.904436034277e-10       4.887459821633e-12       6.216256383726e-12       1.245812633396e-14       7.022940190276e-15       1.484787784781e-15       2.412951366604e-16 
  944       1.891244429622e-10       4.919559608943e-12       6.101482844203e-12       1.245121375133e-14       6.994708981443e-15       1.466263930058e-15       2.423293665760e-16 
  945       1.878195190134e-10       4.951172523211e-12       5.983615552815e-12       1.244428551006e-14       6.966616516388e-15       1.447771827566e-15       2.433192236024e-16 
  946       1.865290307975e-10       4.982288531162e-12       5.862717197770e-12       1.243734492447e-14       6.938662183424e-15       1.429313688940e-15       2.442655452598e-16 
  947       1.852531784637e-10       5.012897537192e-12       5.738851108004e-12       1.243039533485e-14       6.910845355834e-15       1.410891740906e-15       2.451691780192e-16 
  948       1.839921630951e-10       5.042989383229e-12       5.612081254958e-12       1.242344010758e-14       6.883165391817e-15       1.392508225323e-15       2.460309773276e-16 
  949       1.827461867112e-10       5.072553848583e-12       5.482472254360e-12       1.241648263512e-14       6.855621634444e-15       1.374165399211e-15       2.468518076336e-16 
  950       1.815154522691e-10       5.101580649809e-12       5.350089368013e-12       1.240952633615e-14       6.828213411602e-15       1.355865534792e-15       2.476325424121e-16 
  951       1.803001636654e-10       5.130059440558e-12       5.214998505569e-12       1.240257465561e-14       6.800940035947e-15       1.337610919523e-15       2.483740641902e-16 
  952       1.791005257380e-10       5.157979811438e-12       5.077266226319e-12       1.239563106474e-14       6.773800804850e-15       1.319403856132e-15       2.490772645724e-16 
  953       1.779167442675e-10       5.185331289867e-12       4.936959740971e-12       1.238869906116e-14       6.746795000350e-15       1.301246662654e-15       2.497430442655e-16 
  954       1.767490259794e-10       5.212103339929e-12       4.794146913435e-12       1.238178216897e-14       6.719921889100e-15       1.283141672467e-15       2.503723131043e-16 
  955       1.755975785452e-10       5.238285362235e-12       4.648896262603e-12       1.237488393875e-14       6.693180722321e-15       1.265091234325e-15       2.509659900767e-16 
  956       1.744626105847e-10       5.263866693773e-12       4.501276964132e-12       1.236800794769e-14       6.666570735748e-15       1.247097712398e-15       2.515250033493e-16 
  957       1.733443316673e-10       5.288836607769e-12       4.351358852227e-12       1.236115779960e-14       6.640091149579e-15       1.229163486303e-15       2.520502902921e-16 
  958       1.722429523142e-10       5.313184313543e-12       4.199212421424e-12       1.235433712501e-14       6.613741168427e-15       1.211290951144e-15       2.525427975046e-16 
  959       1.711586839993e-10       5.336898956361e-12       4.044908828371e-12       1.234754958124e-14       6.587519981269e-15       1.193482517543e-15       2.530034808402e-16 
  960       1.700917391517e-10       5.359969617298e-12       3.888519893610e-12       1.234079885243e-14       6.561426761393e-15       1.175740611679e-15       2.534333054324e-16 
  961       1.690423311572e-10       5.382385313089e-12       3.730118103361e-12       1.233408864964e-14       6.535460666350e-15       1.158067675323e-15       2.538332457194e-16 
  962       1.680106743597e-10       5.404134995989e-12       3.569776611304e-12       1.232742271089e-14       6.509620837905e-15       1.140466165872e-15       2.542042854698e-16 
  963       1.669969840633e-10       5.425207553626e-12       3.407569240361e-12       1.232080480124e-14       6.483906401982e-15       1.122938556385e-15       2.545474178076e-16 
  964       1.660014765338e-10       5.445591808860e-12       3.243570484477e-12       1.231423871286e-14       6.458316468615e-15       1.105487335621e-15       2.548636452378e-16 
  965       1.650243690006e-10       5.465276519639e-12       3.077855510405e-12       1.230772826507e-14       6.432850131901e-15       1.088115008072e-15       2.551539796716e-16 
  966       1.640658796580e-10       5.484250378853e-12       2.910500159487e-12       1.230127730443e-14       6.407506469945e-15       1.070824093999e-15       2.554194424516e-16 
  967       1.631262276674e-10       5.502502014194e-12       2.741580949435e-12       1.229488970481e-14       6.382284544812e-15       1.053617129469e-15       2.556610643771e-16 
  968       1.622056331590e-10       5.520019988010e-12       2.571175076118e-12       1.228856936742e-14       6.357183402475e-15       1.036496666389e-15       2.558798857296e-16 
  969       1.613043172329e-10       5.536792797161e-12       2.399360415337e-12       1.228232022091e-14       6.332202072765e-15       1.019465272541e-15       2.560769562979e-16 
  970       1.604225019616e-10       5.552808872879e-12       2.226215524615e-12       1.227614622142e-14       6.307339569322e-15       1.002525531620e-15       2.562533354033e-16 
  971       1.595604103912e-10       5.568056580619e-12       2.051819644975e-12       1.227005135265e-14       6.282594889543e-15       9.856800432675e-16       2.564100919255e-16 
  972       1.587182665434e-10       5.582524219919e-12       1.876252702723e-12       1.226403962591e-14       6.257967014530e-15       9.689314231095e-16       2.565483043269e-16 
  973       1.578962469957e-10       5.596202137205e-12       1.699592340986e-12       1.225811462820e-14       6.233455023010e-15       9.522818507428e-16       2.566688295706e-16 
  974       1.570943348243e-10       5.609089099247e-12       1.521904961923e-12       1.225227815877e-14       6.209058435049e-15       9.357317062023e-16       2.567716060198e-16 
  975       1.563124634723e-10       5.621186015086e-12       1.343254553592e-12       1.224653157222e-14       6.184776873396e-15       9.192809130986e-16       2.568563401245e-16 
  976       1.555505649678e-10       5.632493831880e-12       1.163705649411e-12       1.224087622864e-14       6.160609949948e-15       9.029293887872e-16       2.569227365773e-16 
  977       1.548085699197e-10       5.643013535031e-12       9.833233295603e-13       1.223531349364e-14       6.136557265711e-15       8.866770443467e-16       2.569704983092e-16 
  978       1.540864075129e-10       5.652746148306e-12       8.021732223922e-13       1.222984473834e-14       6.112618410765e-15       8.705237845571e-16       2.569993264856e-16 
  979       1.533840055043e-10       5.661692733960e-12       6.203215058362e-13       1.222447133942e-14       6.088792964233e-15       8.544695078784e-16       2.570089205027e-16 
  980       1.527012902179e-10       5.669854392865e-12       4.378349088051e-13       1.221919467905e-14       6.065080494236e-15       8.385141064286e-16       2.569989779832e-16 
  981       1.520381865409e-10       5.677232264628e-12       2.547807126010e-13       1.221401614497e-14       6.041480557863e-15       8.226574659621e-16       2.569691947724e-16 
  982       1.513946179190e-10       5.683827527719e-12       7.122675232243e-14       1.220893713048e-14       6.017992701136e-15       8.068994658484e-16       2.569192649344e-16 
  983       1.507705063519e-10       5.689641399592e-12      -1.127585817303e-13       1.220395903443e-14       5.994616458968e-15       7.912399790499e-16       2.568488807478e-16 
  984       1.501657723890e-10       5.694675136814e-12      -2.971063426481e-13       1.219908326123e-14       5.971351355133e-15       7.756788721008e-16       2.567577327023e-16 
  985       1.495803351250e-10       5.698930035180e-12      -4.817470255074e-13       1.219431122087e-14       5.948196902225e-15       7.602160050848e-16       2.566455094940e-16 
  986       1.490141121957e-10       5.702407429846e-12      -6.666105659634e-13       1.218964432893e-14       5.925152601626e-15       7.448512316143e-16       2.565118980221e-16 
  987       1.484670197731e-10       5.705108695447e-12      -8.516263388442e-13       1.218508400658e-14       5.902217943467e-15       7.295843988079e-16       2.563565833845e-16 
  988       1.479389725611e-10       5.707035246226e-12      -1.036723156744e-12       1.218063168058e-14       5.879392406593e-15       7.144153472692e-16       2.561792488741e-16 
  989       1.474298837917e-10       5.708188536152e-12      -1.221829268618e-12       1.217628878332e-14       5.856675458528e-15       6.993439110651e-16       2.559795759747e-16 
  990       1.469396652195e-10       5.708570059047e-12      -1.406872358374e-12       1.217205675278e-14       5.834066555438e-15       6.843699177040e-16       2.557572443571e-16 
  991       1.464682271184e-10       5.708181348712e-12      -1.591779543469e-12       1.216793703258e-14       5.811565142092e-15       6.694931881145e-16       2.555119318749e-16 
  992       1.460154782763e-10       5.707023979046e-12      -1.776477373499e-12       1.216393107195e-14       5.789170651833e-15       6.547135366230e-16       2.552433145610e-16 
  993       1.455813259913e-10       5.705099564175e-12      -1.960891828798e-12       1.216004032580e-14       5.766882506533e-15       6.400307709331e-16       2.549510666232e-16 
  994       1.451656760669e-10       5.702409758572e-12      -2.144948319028e-12       1.215626625464e-14       5.744700116566e-15       6.254446921029e-16       2.546348604406e-16 
  995       1.447684328076e-10       5.698956257182e-12      -2.328571681771e-12       1.215261032466e-14       5.722622880763e-15       6.109550945241e-16       2.542943665593e-16 
  996       1.443894990149e-10       5.694740795549e-12      -2.511686181128e-12       1.214907400772e-14       5.700650186385e-15       5.965617659000e-16       2.539292536885e-16 
  997       1.440287759823e-10       5.689765149934e-12      -2.694215506310e-12       1.214565878133e-14       5.678781409079e-15       5.822644872239e-16       2.535391886968e-16 
  998       1.436861634912e-10       5.684031137444e-12      -2.876082770230e-12       1.214236612869e-14       5.657015912846e-15       5.680630327573e-16       2.531238366080e-16 
  999       1.433615598066e-10       5.677540616153e-12      -3.057210508099e-12       1.213919753869e-14       5.635353050004e-15       5.539571700087e-16       2.526828605972e-16 
 1000       1.430548616724e-10       5.670295485229e-12      -3.237520676021e-12       1.213615450591e-14       5.613792161154e-15       5.399466597115e-16       2.522159219866e-16 
 1001       1.427659643071e-10       5.662297685054e-12      -3.416934649583e-12       1.213323853064e-14       5.592332575138e-15       5.260312558024e-16       2.517226802422e-16 
 1002       1.424947613995e-10       5.653549197350e-12      -3.595373222451e-12       1.213045111886e-14       5.570973609011e-15       5.122107053999e-16       2.512027929691e-16 
 1003       1.422411451040e-10       5.644052045303e-12      -3.772756604963e-12       1.212779378229e-14       5.549714567998e-15       4.984847487827e-16       2.506559159077e-16 
 1004       1.420050060366e-10       5.633808293688e-12      -3.949004422724e-12       1.212526803837e-14       5.528554745462e-15       4.848531193676e-16       2.500817029303e-16 
 1005       1.417862332699e-10       5.622820048989e-12      -4.124035715198e-12       1.212287541027e-14       5.507493422866e-15       4.713155436886e-16       2.494798060364e-16 
 1006       1.415847143294e-10       5.611089459528e-12      -4.297768934304e-12       1.212061742691e-14       5.486529869739e-15       4.578717413745e-16       2.488498753491e-16 
 1007       1.414003351883e-10       5.598618715583e-12      -4.470121943007e-12       1.211849562295e-14       5.465663343637e-15       4.445214251277e-16       2.481915591110e-16 
 1008       1.412329802640e-10       5.585410049520e-12      -4.641012013912e-12       1.211651153881e-14       5.444893090108e-15       4.312643007022e-16       2.475045036805e-16 
 1009       1.410825324126e-10       5.571465735909e-12      -4.810355827862e-12       1.211466672069e-14       5.424218342657e-15       4.181000668825e-16       2.467883535275e-16 
 1010       1.409488729255e-10       5.556788091651e-12      -4.978069472525e-12       1.211296272055e-14       5.403638322711e-15       4.050284154612e-16       2.460427512297e-16 
 1011       1.408318815244e-10       5.541379476103e-12      -5.144068440993e-12       1.211140109614e-14       5.383152239578e-15       3.920490312181e-16       2.452673374683e-16 
 1012       1.407314168806e-10       5.525243555878e-12      -5.308276225834e-12       1.210998298352e-14       5.362759379885e-15       3.791620681289e-16       2.444619154399e-16 
 1013       1.406472578747e-10       5.508389118992e-12      -5.470650239965e-12       1.210870780801e-14       5.342459377364e-15       3.663695855665e-16       2.436269466968e-16 
 1014       1.405791614803e-10       5.490826316017e-12      -5.631156267135e-12       1.210757455463e-14       5.322251946885e-15       3.536741327872e-16       2.427630624558e-16 
 1015       1.405268821568e-10       5.472565400667e-12      -5.789759899987e-12       1.210658219389e-14       5.302136795318e-15       3.410782746140e-16       2.418708998468e-16 
 1016       1.404901718426e-10       5.453616730072e-12      -5.946426539662e-12       1.210572968171e-14       5.282113621505e-15       3.285845914700e-16       2.409511019281e-16 
 1017       1.404687799488e-10       5.433990765048e-12      -6.101121395395e-12       1.210501595943e-14       5.262182116235e-15       3.161956794127e-16       2.400043177018e-16 
 1018       1.404624533520e-10       5.413698070368e-12      -6.253809484116e-12       1.210443995369e-14       5.242341962217e-15       3.039141501684e-16       2.390312021289e-16 
 1019       1.404709363877e-10       5.392749315037e-12      -6.404455630050e-12       1.210400057646e-14       5.222592834056e-15       2.917426311658e-16       2.380324161448e-16 
 1020       1.404939708441e-10       5.371155272563e-12      -6.553024464317e-12       1.210369672496e-14       5.202934398229e-15       2.796837655707e-16       2.370086266744e-16 
 1021       1.405312959547e-10       5.348926821226e-12      -6.699480424533e-12       1.210352728161e-14       5.183366313055e-15       2.677402123194e-16       2.359605066474e-16 
 1022       1.405826483920e-10       5.326074944354e-12      -6.843787754406e-12       1.210349111404e-14       5.163888228674e-15       2.559146461532e-16       2.348887350137e-16 
 1023       1.406477622608e-10       5.302610730592e-12      -6.985910503342e-12       1.210358707497e-14       5.144499787017e-15       2.442097576524e-16       2.337939967588e-16 
 1024       1.407263690913e-10       5.278545374177e-12      -7.125812526038e-12       1.210381400224e-14       5.125200621784e-15       2.326282532707e-16       2.326769829184e-16 
 1025       1.408181978328e-10       5.253890175206e-12      -7.263457482087e-12       1.210417071873e-14       5.105990358418e-15       2.211728553685e-16       2.315383905947e-16 
 1026       1.409229748463e-10       5.228656539912e-12      -7.398808835577e-12       1.210465603232e-14       5.086868614075e-15       2.098463022478e-16       2.303789229709e-16 
 1027       1.410404238987e-10       5.202855980932e-12      -7.531829854687e-12       1.210526873586e-14       5.067834997605e-15       1.986513481859e-16       2.291992893267e-16 
 1028       1.411702661554e-10       5.176500117582e-12      -7.662483611294e-12       1.210600760713e-14       5.048889109522e-15       1.875907634696e-16       2.280002050538e-16 
 1029       1.413122201739e-10       5.149600676129e-12      -7.790732980565e-12       1.210687140876e-14       5.030030541979e-15       1.766673344293e-16       2.267823916708e-16 
 1030       1.414660018969e-10       5.122169490059e-12      -7.916540640563e-12       1.210785888824e-14       5.011258878745e-15       1.658838634728e-16       2.255465768389e-16 
 1031       1.416313246461e-10       5.094218500355e-12      -8.039869071843e-12       1.210896877787e-14       4.992573695175e-15       1.552431691198e-16       2.242934943767e-16 
 1032       1.418078991147e-10       5.065759755764e-12      -8.160680557055e-12       1.211019979466e-14       4.973974558187e-15       1.447480860360e-16       2.230238842760e-16 
 1033       1.419954333616e-10       5.036805413071e-12      -8.278937180541e-12       1.211155064037e-14       4.955461026239e-15       1.344014650667e-16       2.217384927168e-16 
 1034       1.421936328040e-10       5.007367737370e-12      -8.394600827936e-12       1.211302000142e-14       4.937032649296e-15       1.242061732714e-16       2.204380720825e-16 
 1035       1.424022002110e-10       4.977459102338e-12      -8.507633185769e-12       1.211460654883e-14       4.918688968813e-15       1.141650939575e-16       2.191233809752e-16 
 1036       1.426208356969e-10       4.947091990505e-12      -8.617995741061e-12       1.211630893825e-14       4.900429517702e-15       1.042811267149e-16       2.177951842313e-16 
 1037       1.428492367145e-10       4.916278993527e-12      -8.725649780926e-12       1.211812580983e-14       4.882253820313e-15       9.455718744958e-17       2.164542529366e-16 
 1038       1.430870980484e-10       4.885032812455e-12      -8.830556392172e-12       1.212005578825e-14       4.864161392402e-15       8.499620841782e-17       2.151013644412e-16 
 1039       1.433341118080e-10       4.853366258012e-12      -8.932676460897e-12       1.212209748263e-14       4.846151741111e-15       7.560113826047e-17       2.137373023754e-16 
 1040       1.435899674215e-10       4.821292250862e-12      -9.031970672092e-12       1.212424948651e-14       4.828224364938e-15       6.637494203689e-17       2.123628566647e-16 
 1041       1.438543516285e-10       4.788823821882e-12      -9.128399509243e-12       1.212651037782e-14       4.810378753713e-15       5.732060125910e-17       2.109788235448e-16 
 1042       1.441269484737e-10       4.755974112434e-12      -9.221923253923e-12       1.212887871881e-14       4.792614388576e-15       4.844111392580e-17       2.095860055776e-16 
 1043       1.444074393000e-10       4.722756374637e-12      -9.312501985403e-12       1.213135305600e-14       4.774930741944e-15       3.973949455656e-17       2.081852116658e-16 
 1044       1.446955027420e-10       4.689183971641e-12      -9.400095580240e-12       1.213393192020e-14       4.757327277492e-15       3.121877422580e-17       2.067772570683e-16 
 1045       1.449908147191e-10       4.655270377894e-12      -9.484663711887e-12       1.213661382639e-14       4.739803450123e-15       2.288200059698e-17       2.053629634158e-16 
 1046       1.452930484289e-10       4.621029179419e-12      -9.566165850287e-12       1.213939727373e-14       4.722358705946e-15       1.473223795663e-17       2.039431587259e-16 
 1047       1.456018743407e-10       4.586474074085e-12      -9.644561261475e-12       1.214228074550e-14       4.704992482247e-15       6.772567248458e-18       2.025186774183e-16 
 1048       1.459169601882e-10       4.551618871876e-12      -9.719809007176e-12       1.214526270905e-14       4.687704207466e-15      -9.939138925631e-19       2.010903603302e-16 
 1049       1.462379709636e-10       4.516477495165e-12      -9.791867944407e-12       1.214834161578e-14       4.670493301172e-15      -8.564091106101e-18       1.996590547315e-16 
 1050       1.465645689104e-10       4.481063978988e-12      -9.860696725077e-12       1.215151590109e-14       4.653359174031e-15      -1.593483327238e-17       1.982256143400e-16 
 1051       1.468964288033e-10       4.445392215480e-12      -9.926262592173e-12       1.215478383114e-14       4.636301288189e-15      -2.310397184425e-17       1.967907122879e-16 
 1052       1.472332840347e-10       4.409475182765e-12      -9.988567903041e-12       1.215814304105e-14       4.619319339352e-15      -3.007325382112e-17       1.953542771414e-16 
 1053       1.475748811556e-10       4.373325705888e-12      -1.004762397401e-11       1.216159099020e-14       4.602413077185e-15      -3.684542975573e-17       1.939160490715e-16 
 1054       1.479209646420e-10       4.336956711921e-12      -1.010344231777e-11       1.216512511479e-14       4.585582245116e-15      -4.342327818227e-17       1.924757661873e-16 
 1055       1.482712768902e-10       4.300381230206e-12      -1.015603464394e-11       1.216874282778e-14       4.568826580324e-15      -4.980960568854e-17       1.910331645308e-16 
 1056       1.486255582112e-10       4.263612392598e-12      -1.020541285965e-11       1.217244151881e-14       4.552145813716e-15      -5.600724698820e-17       1.895879780721e-16 
 1057       1.489835468264e-10       4.226663433711e-12      -1.025158907004e-11       1.217621855414e-14       4.535539669907e-15      -6.201906499293e-17       1.881399387043e-16 
 1058       1.493449788618e-10       4.189547691161e-12      -1.029457557885e-11       1.218007127663e-14       4.519007867206e-15      -6.784795088468e-17       1.866887762383e-16 
 1059       1.497095883435e-10       4.152278605814e-12      -1.033438488897e-11       1.218399700562e-14       4.502550117591e-15      -7.349682418782e-17       1.852342183981e-16 
 1060       1.500771071923e-10       4.114869722021e-12      -1.037102970299e-11       1.218799303695e-14       4.486166126693e-15      -7.896863284139e-17       1.837759908156e-16 
 1061       1.504472652189e-10       4.077334687874e-12      -1.040452292375e-11       1.219205664281e-14       4.469855593779e-15      -8.426635327128e-17       1.823138170255e-16 
 1062       1.508197901191e-10       4.039687255440e-12      -1.043487765491e-11       1.219618507178e-14       4.453618211727e-15      -8.939299046243e-17       1.808474184606e-16 
 1063       1.511944074679e-10       4.001941281012e-12      -1.046210720150e-11       1.220037554866e-14       4.437453667014e-15      -9.435157803107e-17       1.793765144462e-16 
 1064       1.515708407154e-10       3.964110725349e-12      -1.048622507046e-11       1.220462527453e-14       4.421361639691e-15      -9.914517829687e-17       1.779008221959e-16 
 1065       1.519488111814e-10       3.926209653922e-12      -1.050724497121e-11       1.220893142659e-14       4.405341803366e-15      -1.037768823552e-16       1.764200568057e-16 
 1066       1.523280380501e-10       3.888252237160e-12      -1.052518081619e-11       1.221329115816e-14       4.389393825188e-15      -1.082498101492e-16       1.749339312496e-16 
 1067       1.527082383656e-10       3.850252750690e-12      -1.054004672145e-11       1.221770159860e-14       4.373517365823e-15      -1.125671105423e-16       1.734421563745e-16 
 1068       1.530891270262e-10       3.812225575585e-12      -1.055185700714e-11       1.222215985328e-14       4.357712079439e-15      -1.167319613900e-16       1.719444408949e-16 
 1069       1.534704167802e-10       3.774185198604e-12      -1.056062619814e-11       1.222666300345e-14       4.341977613682e-15      -1.207475696123e-16       1.704404913881e-16 
 1070       1.538518182199e-10       3.736146212442e-12      -1.056636902456e-11       1.223120810627e-14       4.326313609664e-15      -1.246171712661e-16       1.689300122891e-16 
 1071       1.542330397775e-10       3.698123315968e-12      -1.056910042230e-11       1.223579219469e-14       4.310719701938e-15      -1.283440316170e-16       1.674127058855e-16 
 1072       1.546137877193e-10       3.660131314475e-12      -1.056883553365e-11       1.224041227742e-14       4.295195518481e-15      -1.319314452116e-16       1.658882723130e-16 
 1073       1.549937661411e-10       3.622185119919e-12      -1.056558970778e-11       1.224506533887e-14       4.279740680676e-15      -1.353827359502e-16       1.643564095494e-16 
 1074       1.553726769631e-10       3.584299751166e-12      -1.055937850134e-11       1.224974833905e-14       4.264354803290e-15      -1.387012571581e-16       1.628168134105e-16 
 1075       1.557502199246e-10       3.546490334236e-12      -1.055021767901e-11       1.225445821358e-14       4.249037494459e-15      -1.418903916587e-16       1.612691775448e-16 
 1076       1.561260925795e-10       3.508772102547e-12      -1.053812321403e-11       1.225919187358e-14       4.233788355665e-15      -1.449535518450e-16       1.597131934282e-16 
 1077       1.564999902906e-10       3.471160397160e-12      -1.052311128877e-11       1.226394620564e-14       4.218606981721e-15      -1.478941797525e-16       1.581485503592e-16 
 1078       1.568716062251e-10       3.433670667019e-12      -1.050519829530e-11       1.226871807173e-14       4.203492960747e-15      -1.507157471306e-16       1.565749354540e-16 
 1079       1.572406313492e-10       3.396318469202e-12      -1.048440083592e-11       1.227350430917e-14       4.188445874155e-15      -1.534217555155e-16       1.549920336413e-16 
 1080       1.576067544233e-10       3.359119469159e-12      -1.046073572371e-11       1.227830173057e-14       4.173465296629e-15      -1.560157363020e-16       1.533995276573e-16 
 1081       1.579696619969e-10       3.322089440961e-12      -1.043421998312e-11       1.228310712376e-14       4.158550796105e-15      -1.585012508158e-16       1.517970980408e-16 
 1082       1.583290384036e-10       3.285244267539e-12      -1.040487085050e-11       1.228791725170e-14       4.143701933752e-15      -1.608818903860e-16       1.501844231279e-16 
 1083       1.586845657557e-10       3.248599940935e-12      -1.037270577464e-11       1.229272885252e-14       4.128918263955e-15      -1.631612764166e-16       1.485611790474e-16 
 1084       1.590359239399e-10       3.212172562540e-12      -1.033774241736e-11       1.229753863933e-14       4.114199334293e-15      -1.653430604595e-16       1.469270397155e-16 
 1085       1.593827906114e-10       3.175978343339e-12      -1.029999865405e-11       1.230234330026e-14       4.099544685520e-15      -1.674309242861e-16       1.452816768307e-16 
 1086       1.597248411897e-10       3.140033604160e-12      -1.025949257419e-11       1.230713949839e-14       4.084953851551e-15      -1.694285799600e-16       1.436247598690e-16 
 1087       1.600617488527e-10       3.104354775913e-12      -1.021624248199e-11       1.231192387162e-14       4.070426359437e-15      -1.713397699088e-16       1.419559560789e-16 
 1088       1.603931845325e-10       3.068958399837e-12      -1.017026689683e-11       1.231669303270e-14       4.055961729346e-15      -1.731682669963e-16       1.402749304762e-16 
 1089       1.607188169097e-10       3.033861127742e-12      -1.012158455392e-11       1.232144356912e-14       4.041559474551e-15      -1.749178745952e-16       1.385813458390e-16 
 1090       1.610383483220e-10       2.999078211209e-12      -1.007021852755e-11       1.232617222841e-14       4.027219154245e-15      -1.765919437086e-16       1.368749820768e-16 
 1091       1.613516230246e-10       2.964618946517e-12      -1.001620866049e-11       1.233087647688e-14       4.012940532832e-15      -1.781919171036e-16       1.351560960994e-16 
 1092       1.616585203711e-10       2.930491169138e-12      -9.959599302312e-12       1.233555394825e-14       3.998723422739e-15      -1.797187658052e-16       1.334250667623e-16 
 1093       1.619589190301e-10       2.896702759339e-12      -9.900435202738e-12       1.234020225896e-14       3.984567631749e-15      -1.811734702999e-16       1.316822759368e-16 
 1094       1.622526969841e-10       2.863261642271e-12      -9.838761512601e-12       1.234481900809e-14       3.970472962991e-15      -1.825570205595e-16       1.299281085174e-16 
 1095       1.625397315277e-10       2.830175788065e-12      -9.774623784809e-12       1.234940177736e-14       3.956439214925e-15      -1.838704160642e-16       1.281629524283e-16 
 1096       1.628198992668e-10       2.797453211918e-12      -9.708067975325e-12       1.235394813109e-14       3.942466181328e-15      -1.851146658262e-16       1.263871986310e-16 
 1097       1.630930761166e-10       2.765101974190e-12      -9.639140444131e-12       1.235845561613e-14       3.928553651279e-15      -1.862907884135e-16       1.246012411312e-16 
 1098       1.633591373005e-10       2.733130180495e-12      -9.567887956201e-12       1.236292176184e-14       3.914701409150e-15      -1.873998119726e-16       1.228054769854e-16 
 1099       1.636179573484e-10       2.701545981788e-12      -9.494357682471e-12       1.236734408005e-14       3.900909234586e-15      -1.884427742529e-16       1.210003063084e-16 
 1100       1.638694100959e-10       2.670357574461e-12      -9.418597200813e-12       1.237172006501e-14       3.887176902497e-15      -1.894207226294e-16       1.191861322803e-16 
 1101       1.641133686822e-10       2.639573200436e-12      -9.340654497000e-12       1.237604719335e-14       3.873504183038e-15      -1.903347141265e-16       1.173633611531e-16 
 1102       1.643497055489e-10       2.609201147251e-12      -9.260577965679e-12       1.238032292406e-14       3.859890841603e-15      -1.911858154417e-16       1.155324022582e-16 
 1103       1.645782924388e-10       2.579249748157e-12      -9.178416411345e-12       1.238454469844e-14       3.846336638805e-15      -1.919751029684e-16       1.136936680133e-16 
 1104       1.647990003943e-10       2.549727382209e-12      -9.094219049306e-12       1.238870994003e-14       3.832841330464e-15      -1.927036628203e-16       1.118475739292e-16 
 1105       1.650116997560e-10       2.520642474353e-12      -9.008035506657e-12       1.239281605463e-14       3.819404667595e-15      -1.933725908538e-16       1.099945386172e-16 
 1106       1.652162601613e-10       2.492003495525e-12      -8.919915823251e-12       1.239686043019e-14       3.806026396392e-15      -1.939829926925e-16       1.081349837957e-16 
 1107       1.654125505430e-10       2.463818962736e-12      -8.829910452666e-12       1.240084043684e-14       3.792706258217e-15      -1.945359837500e-16       1.062693342976e-16 
 1108       1.656004391279e-10       2.436097439168e-12      -8.738070263182e-12       1.240475342680e-14       3.779443989581e-15      -1.950326892534e-16       1.043980180771e-16 
 1109       1.657797934354e-10       2.408847534266e-12      -8.644446538743e-12       1.240859673434e-14       3.766239322139e-15      -1.954742442673e-16       1.025214662170e-16 
 1110       1.659504802758e-10       2.382077903824e-12      -8.549090979936e-12       1.241236767579e-14       3.753091982666e-15      -1.958617937165e-16       1.006401129352e-16 
 1111       1.661123657496e-10       2.355797250084e-12      -8.452055704956e-12       1.241606354943e-14       3.740001693052e-15      -1.961964924102e-16       9.875439559230e-17 
 1112       1.662653152452e-10       2.330014321824e-12      -8.353393250581e-12       1.241968163552e-14       3.726968170282e-15      -1.964795050650e-16       9.686475469832e-17 
 1113       1.664091934381e-10       2.304737914449e-12      -8.253156573136e-12       1.242321919620e-14       3.713991126428e-15      -1.967120063286e-16       9.497163391979e-17 
 1114       1.665438642892e-10       2.279976870085e-12      -8.151399049473e-12       1.242667347549e-14       3.701070268630e-15      -1.968951808030e-16       9.307548008676e-17 
 1115       1.666691910436e-10       2.255740077669e-12      -8.048174477932e-12       1.243004169923e-14       3.688205299086e-15      -1.970302230682e-16       9.117674319987e-17 
 1116       1.667850362290e-10       2.232036473042e-12      -7.943537079320e-12       1.243332107504e-14       3.675395915034e-15      -1.971183377059e-16       8.927587643732e-17 
 1117       1.668912616544e-10       2.208875039039e-12      -7.837541497873e-12       1.243650879229e-14       3.662641808744e-15      -1.971607393224e-16       8.737333616195e-17 
 1118       1.669877284085e-10       2.186264805582e-12      -7.730242802235e-12       1.243960202207e-14       3.649942667500e-15      -1.971586525724e-16       8.546958192824e-17 
 1119       1.670742968587e-10       2.164214849773e-12      -7.621696486425e-12       1.244259791712e-14       3.637298173589e-15      -1.971133121824e-16       8.356507648932e-17 
 1120       1.671508266490e-10       2.142734295980e-12      -7.511958470806e-12       1.244549361179e-14       3.624708004284e-15      -1.970259629744e-16       8.166028580404e-17 
 1121       1.672171766994e-10       2.121832315938e-12      -7.401085103056e-12       1.244828622206e-14       3.612171831833e-15      -1.968978598891e-16       7.975567904395e-17 
 1122       1.672732052039e-10       2.101518128833e-12      -7.289133159143e-12       1.245097284542e-14       3.599689323446e-15      -1.967302680091e-16       7.785172860037e-17 
 1123       1.673187696292e-10       2.081801001395e-12      -7.176159844291e-12       1.245355056086e-14       3.587260141276e-15      -1.965244625833e-16       7.594891009138e-17 
 1124       1.673537267135e-10       2.062690247992e-12      -7.062222793950e-12       1.245601642887e-14       3.574883942413e-15      -1.962817290493e-16       7.404770236887e-17 
 1125       1.673779324649e-10       2.044195230723e-12      -6.947380074773e-12       1.245836749134e-14       3.562560378865e-15      -1.960033630575e-16       7.214858752555e-17 
 1126       1.673912421600e-10       2.026325359504e-12      -6.831690185578e-12       1.246060077155e-14       3.550289097543e-15      -1.956906704945e-16       7.025205090198e-17 
 1127       1.673935103425e-10       2.009090092164e-12      -6.715212058325e-12       1.246271327413e-14       3.538069740255e-15      -1.953449675064e-16       6.835858109362e-17 
 1128       1.673845908218e-10       1.992498934537e-12      -6.598005059084e-12       1.246470198500e-14       3.525901943682e-15      -1.949675805223e-16       6.646866995782e-17 
 1129       1.673643704048e-10       1.976559641097e-12      -6.480126794859e-12       1.246656425377e-14       3.513785374486e-15      -1.945594672215e-16       6.458277607444e-17 
 1130       1.673328705716e-10       1.961272791189e-12      -6.361626501018e-12       1.246829894630e-14       3.501719835131e-15      -1.941200740148e-16       6.270121459566e-17 
 1131       1.672901471130e-10       1.946637142777e-12      -6.242551570199e-12       1.246990530695e-14       3.489705159399e-15      -1.936484638211e-16       6.082426598436e-17 
 1132       1.672362565183e-10       1.932651425455e-12      -6.122949739460e-12       1.247138257754e-14       3.477741177395e-15      -1.931436937706e-16       5.895221243481e-17 
 1133       1.671712559777e-10       1.919314340368e-12      -6.002869091040e-12       1.247272999735e-14       3.465827715534e-15      -1.926048151925e-16       5.708533787631e-17 
 1134       1.670952033829e-10       1.906624560133e-12      -5.882358053127e-12       1.247394680310e-14       3.453964596531e-15      -1.920308736030e-16       5.522392797673e-17 
 1135       1.670081573302e-10       1.894580728765e-12      -5.761465400619e-12       1.247503222893e-14       3.442151639389e-15      -1.914209086929e-16       5.336827014613e-17 
 1136       1.669101771212e-10       1.883181461599e-12      -5.640240255892e-12       1.247598550644e-14       3.430388659392e-15      -1.907739543153e-16       5.151865354033e-17 
 1137       1.668013227650e-10       1.872425345209e-12      -5.518732089559e-12       1.247680586467e-14       3.418675468091e-15      -1.900890384740e-16       4.967536906450e-17 
 1138       1.666816549801e-10       1.862310937333e-12      -5.396990721238e-12       1.247749253006e-14       3.407011873297e-15      -1.893651833107e-16       4.783870937677e-17 
 1139       1.665512351958e-10       1.852836766795e-12      -5.275066320318e-12       1.247804472650e-14       3.395397679067e-15      -1.886014050929e-16       4.600896889178e-17 
 1140       1.664101255542e-10       1.844001333430e-12      -5.153009406717e-12       1.247846167530e-14       3.383832685696e-15      -1.877967142023e-16       4.418644378432e-17 
 1141       1.662583889120e-10       1.835803108000e-12      -5.030870851653e-12       1.247874259518e-14       3.372316689708e-15      -1.869501151218e-16       4.237143199287e-17 
 1142       1.660960888419e-10       1.828240532123e-12      -4.908701878401e-12       1.247888670226e-14       3.360849483840e-15      -1.860606064237e-16       4.056423322321e-17 
 1143       1.659232896350e-10       1.821312018192e-12      -4.786554063066e-12       1.247889321009e-14       3.349430857038e-15      -1.851271807578e-16       3.876514895203e-17 
 1144       1.657400563018e-10       1.815015949299e-12      -4.664479335341e-12       1.247876132963e-14       3.338060594443e-15      -1.841488248387e-16       3.697448243047e-17 
 1145       1.655464545745e-10       1.809350679157e-12      -4.542529979270e-12       1.247849026921e-14       3.326738477380e-15      -1.831245194338e-16       3.519253868777e-17 
 1146       1.653425509085e-10       1.804314532021e-12      -4.420758634019e-12       1.247807923458e-14       3.315464283351e-15      -1.820532393512e-16       3.341962453478e-17 
 1147       1.651284124846e-10       1.799905802612e-12      -4.299218294634e-12       1.247752742888e-14       3.304237786020e-15      -1.809339534276e-16       3.165604856765e-17 
 1148       1.649041072098e-10       1.796122756040e-12      -4.177962312809e-12       1.247683405265e-14       3.293058755207e-15      -1.797656245159e-16       2.990212117131e-17 
 1149       1.646697037203e-10       1.792963627724e-12      -4.057044397647e-12       1.247599830378e-14       3.281926956876e-15      -1.785472094730e-16       2.815815452314e-17 
 1150       1.644252713822e-10       1.790426623318e-12      -3.936518616428e-12       1.247501937757e-14       3.270842153122e-15      -1.772776591478e-16       2.642446259654e-17 
 1151       1.641708802938e-10       1.788509918630e-12      -3.816439395369e-12       1.247389646669e-14       3.259804102165e-15      -1.759559183689e-16       2.470136116449e-17 
 1152       1.639066012873e-10       1.787211659547e-12      -3.696861520392e-12       1.247262876118e-14       3.248812558336e-15      -1.745809259326e-16       2.298916780317e-17 
 1153       1.636325059305e-10       1.786529961955e-12      -3.577840137887e-12       1.247121544845e-14       3.237867272069e-15      -1.731516145902e-16       2.128820189553e-17 
 1154       1.633486665286e-10       1.786462911663e-12      -3.459430755475e-12       1.246965571328e-14       3.226967989888e-15      -1.716669110366e-16       1.959878463489e-17 
 1155       1.630551561258e-10       1.787008564327e-12      -3.341689242773e-12       1.246794873779e-14       3.216114454400e-15      -1.701257358974e-16       1.792123902854e-17 
 1156       1.627520485072e-10       1.788164945369e-12      -3.224671832159e-12       1.246609370147e-14       3.205306404282e-15      -1.685270037171e-16       1.625588990129e-17 
 1157       1.624394182008e-10       1.789930049902e-12      -3.108435119535e-12       1.246408978118e-14       3.194543574270e-15      -1.668696229468e-16       1.460306389909e-17 
 1158       1.621173404785e-10       1.792301842651e-12      -2.993036065094e-12       1.246193615109e-14       3.183825695152e-15      -1.651524959321e-16       1.296308949264e-17 
 1159       1.617858913589e-10       1.795278257875e-12      -2.878531994080e-12       1.245963198275e-14       3.173152493754e-15      -1.633745189007e-16       1.133629698091e-17 
 1160       1.614451476082e-10       1.798857199294e-12      -2.764980597553e-12       1.245717644502e-14       3.162523692932e-15      -1.615345819505e-16       9.723018494802e-18 
 1161       1.610951867423e-10       1.803036540004e-12      -2.652439933159e-12       1.245456870413e-14       3.151939011559e-15      -1.596315690374e-16       8.123588000686e-18 
 1162       1.607360870286e-10       1.807814122406e-12      -2.540968425886e-12       1.245180792360e-14       3.141398164518e-15      -1.576643579626e-16       6.538341304023e-18 
 1163       1.603679274878e-10       1.813187758125e-12      -2.430624868833e-12       1.244889326431e-14       3.130900862689e-15      -1.556318203613e-16       4.967616052936e-18 
 1164       1.599907878953e-10       1.819155227933e-12      -2.321468423975e-12       1.244582388445e-14       3.120446812940e-15      -1.535328216895e-16       3.411751741805e-18 
 1165       1.596047487834e-10       1.825714281672e-12      -2.213558622923e-12       1.244259893954e-14       3.110035718114e-15      -1.513662212129e-16       1.871089714855e-18 
 1166       1.592098914429e-10       1.832862638177e-12      -2.106955367692e-12       1.243921758241e-14       3.099667277024e-15      -1.491308719937e-16       3.459731697431e-19 
 1167       1.588062979247e-10       1.840597985195e-12      -2.001718931464e-12       1.243567896319e-14       3.089341184435e-15      -1.468256208792e-16      -1.163252838849e-18 
 1168       1.583940649064e-10       1.848916936348e-12      -1.897903558215e-12       1.243198256615e-14       3.079057161744e-15      -1.444495134903e-16      -2.656329153355e-18 
 1169       1.579733454774e-10       1.857811887872e-12      -1.795538172371e-12       1.242812922472e-14       3.068815049440e-15      -1.420024120222e-16      -4.133346985062e-18 
 1170       1.575443078802e-10       1.867274122387e-12      -1.694645429290e-12       1.242412011915e-14       3.058614715778e-15      -1.394843851502e-16      -5.594486744609e-18 
 1171       1.571071216961e-10       1.877294848130e-12      -1.595248094706e-12       1.241995644087e-14       3.048456026191e-15      -1.368955037358e-16      -7.039930588535e-18 
 1172       1.566619578479e-10       1.887865198782e-12      -1.497369044928e-12       1.241563939251e-14       3.038338843283e-15      -1.342358408321e-16      -8.469862423402e-18 
 1173       1.562089886033e-10       1.898976233300e-12      -1.401031267046e-12       1.241117018794e-14       3.028263026824e-15      -1.315054716899e-16      -9.884467909924e-18 
 1174       1.557483875777e-10       1.910618935749e-12      -1.306257859131e-12       1.240655005226e-14       3.018228433739e-15      -1.287044737634e-16      -1.128393446709e-17 
 1175       1.552803297369e-10       1.922784215130e-12      -1.213072030436e-12       1.240178022189e-14       3.008234918100e-15      -1.258329267162e-16      -1.266845127628e-17 
 1176       1.548049914007e-10       1.935462905213e-12      -1.121497101599e-12       1.239686194451e-14       2.998282331122e-15      -1.228909124270e-16      -1.403820928539e-17 
 1177       1.543225502453e-10       1.948645764369e-12      -1.031556504841e-12       1.239179647917e-14       2.988370521151e-15      -1.198785149955e-16      -1.539340121298e-17 
 1178       1.538331853064e-10       1.962323475398e-12      -9.432737841731e-13       1.238658509626e-14       2.978499333659e-15      -1.167958207481e-16      -1.673422155237e-17 
 1179       1.533370769826e-10       1.976486645358e-12      -8.566725955955e-13       1.238122907755e-14       2.968668611235e-15      -1.136429182439e-16      -1.806086657576e-17 
 1180       1.528344070378e-10       1.991125805403e-12      -7.717767072983e-13       1.237572971623e-14       2.958878193578e-15      -1.104198982804e-16      -1.937353433837e-17 
 1181       1.523253586045e-10       2.006231410608e-12      -6.886099998641e-13       1.237008831691e-14       2.949127917488e-15      -1.071268538995e-16      -2.067242468258e-17 
 1182       1.518101161867e-10       2.021793839799e-12      -6.071964664698e-13       1.236430619567e-14       2.939417616861e-15      -1.037638803931e-16      -2.195773924201e-17 
 1183       1.512888656628e-10       2.037803395388e-12      -5.275602130883e-13       1.235838468008e-14       2.929747122679e-15      -1.003310753092e-16      -2.322968144568e-17 
 1184       1.507617942887e-10       2.054250303202e-12      -4.497254586894e-13       1.235232510920e-14       2.920116263002e-15      -9.682853845729e-17      -2.448845652211e-17 
 1185       1.502290907010e-10       2.071124712313e-12      -3.737165354424e-13       1.234612883364e-14       2.910524862961e-15      -9.325637191485e-17      -2.573427150348e-17 
 1186       1.496909449193e-10       2.088416694868e-12      -2.995578889173e-13       1.233979721558e-14       2.900972744752e-15      -8.961468003261e-17      -2.696733522970e-17 
 1187       1.491475483498e-10       2.106116245924e-12      -2.272740782863e-13       1.233333162876e-14       2.891459727625e-15      -8.590356944062e-17      -2.818785835257e-17 
 1188       1.485990937881e-10       2.124213283273e-12      -1.568897765258e-13       1.232673345856e-14       2.881985627878e-15      -8.212314905406e-17      -2.939605333992e-17 
 1189       1.480457754220e-10       2.142697647276e-12      -8.842977061794e-14       1.232000410199e-14       2.872550258850e-15      -7.827353007903e-17      -3.059213447968e-17 
 1190       1.474877888349e-10       2.161559100696e-12      -2.191896175225e-14       1.231314496771e-14       2.863153430913e-15      -7.435482601843e-17      -3.177631788406e-17 
 1191       1.469253310083e-10       2.180787328524e-12       4.261763447274e-14       1.230615747609e-14       2.853794951463e-15      -7.036715267779e-17      -3.294882149362e-17 
 1192       1.463586003248e-10       2.200371937813e-12       1.051548878478e-13       1.229904305921e-14       2.844474624911e-15      -6.631062817104e-17      -3.410986508145e-17 
 1193       1.457877965717e-10       2.220302457506e-12       1.656675533512e-13       1.229180316087e-14       2.835192252681e-15      -6.218537292644e-17      -3.525967025726e-17 
 1194       1.452131209432e-10       2.240568338271e-12       2.241302709475e-13       1.228443923667e-14       2.825947633197e-15      -5.799150969231e-17      -3.639846047149e-17 
 1195       1.446347760439e-10       2.261158952328e-12       2.805175653852e-13       1.227695275397e-14       2.816740561876e-15      -5.372916354295e-17      -3.752646101949e-17 
 1196       1.440529658914e-10       2.282063593282e-12       3.348038459957e-13       1.226934519196e-14       2.807570831123e-15      -4.939846188441e-17      -3.864389904556e-17 
 1197       1.434678959196e-10       2.303271475952e-12       3.869634064912e-13       1.226161804168e-14       2.798438230319e-15      -4.499953446036e-17      -3.975100354717e-17 
 1198       1.428797729815e-10       2.324771736203e-12       4.369704247635e-13       1.225377280603e-14       2.789342545818e-15      -4.053251335790e-17      -4.084800537900e-17 
 1199       1.422888053524e-10       2.346553430777e-12       4.847989626819e-13       1.224581099980e-14       2.780283560935e-15      -3.599753301340e-17      -4.193513725712e-17 
 1200       1.416952027324e-10       2.368605537124e-12       5.304229658916e-13       1.223773414971e-14       2.771261055943e-15      -3.139473021834e-17      -4.301263376308e-17 
 1201       1.410991762498e-10       2.390916953229e-12       5.738162636125e-13       1.222954379441e-14       2.762274808060e-15      -2.672424412513e-17      -4.408073134806e-17 
 1202       1.405009384641e-10       2.413476497450e-12       6.149525684369e-13       1.222124148453e-14       2.753324591445e-15      -2.198621625294e-17      -4.513966833697e-17 
 1203       1.399007033687e-10       2.436272908341e-12       6.538054761281e-13       1.221282878270e-14       2.744410177188e-15      -1.718079049355e-17      -4.618968493259e-17 
 1204       1.392986863939e-10       2.459294844490e-12       6.903484654191e-13       1.220430726357e-14       2.735531333305e-15      -1.230811311716e-17      -4.723102321969e-17 
 1205       1.386951044103e-10       2.482530884343e-12       7.245548978103e-13       1.219567851381e-14       2.726687824727e-15      -7.368332778250e-18      -4.826392716913e-17 
 1206       1.380901757311e-10       2.505969526039e-12       7.563980173683e-13       1.218694413221e-14       2.717879413296e-15      -2.361600521377e-18      -4.928864264205e-17 
 1207       1.374841103267e-10       2.529599408400e-12       7.858574175944e-13       1.217810583093e-14       2.709105880757e-15       2.711257878342e-18      -5.030536299615e-17 
 1208       1.368770803299e-10       2.553409977164e-12       8.129385281615e-13       1.216916574088e-14       2.700367098068e-15       7.846715993059e-18      -5.131406517555e-17 
 1209       1.362692491794e-10       2.577390826486e-12       8.376533637641e-13       1.216012611011e-14       2.691662956914e-15       1.304054811852e-17      -5.231467164414e-17 
 1210       1.356607813783e-10       2.601531478353e-12       8.600140787839e-13       1.215098920290e-14       2.682993346779e-15       1.828849932214e-17      -5.330710460304e-17 
 1211       1.350518424960e-10       2.625821382439e-12       8.800329676203e-13       1.214175729977e-14       2.674358154933e-15       2.358628538190e-17      -5.429128599015e-17 
 1212       1.344425991712e-10       2.650249915951e-12       8.977224650210e-13       1.213243269753e-14       2.665757266432e-15       2.892959272510e-17      -5.526713747984e-17 
 1213       1.338332191132e-10       2.674806383478e-12       9.130951464128e-13       1.212301770930e-14       2.657190564110e-15       3.431407836725e-17      -5.623458048261e-17 
 1214       1.332238711045e-10       2.699480016841e-12       9.261637282316e-13       1.211351466455e-14       2.648657928572e-15       3.973536985089e-17      -5.719353614471e-17 
 1215       1.326147250032e-10       2.724259974942e-12       9.369410682538e-13       1.210392590915e-14       2.640159238190e-15       4.518906518441e-17      -5.814392534780e-17 
 1216       1.320059517445e-10       2.749135343613e-12       9.454401659262e-13       1.209425380536e-14       2.631694369097e-15       5.067073278091e-17      -5.908566870859e-17 
 1217       1.313977233434e-10       2.774095135463e-12       9.516741626971e-13       1.208450073193e-14       2.623263195181e-15       5.617591139701e-17      -6.001868657849e-17 
 1218       1.307902128969e-10       2.799128289730e-12       9.556563423464e-13       1.207466908407e-14       2.614865588076e-15       6.170011007168e-17      -6.094289904327e-17 
 1219       1.301835945857e-10       2.824223672128e-12       9.574001313167e-13       1.206476127351e-14       2.606501417163e-15       6.723880806510e-17      -6.185822592267e-17 
 1220       1.295780436770e-10       2.849370074696e-12       9.569190990434e-13       1.205477972854e-14       2.598170549557e-15       7.278745479747e-17      -6.276458677011e-17 
 1221       1.289737365260e-10       2.874556215649e-12       9.542269582856e-13       1.204472689405e-14       2.589872850107e-15       7.834146978788e-17      -6.366190087225e-17 
 1222       1.283708505788e-10       2.899770739225e-12       9.493375654568e-13       1.203460523152e-14       2.581608181386e-15       8.389624259308e-17      -6.455008724872e-17 
 1223       1.277695643739e-10       2.925002215533e-12       9.422649209549e-13       1.202441721913e-14       2.573376403687e-15       8.944713274636e-17      -6.542906465173e-17 
 1224       1.271700575447e-10       2.950239140406e-12       9.330231694937e-13       1.201416535172e-14       2.565177375018e-15       9.498946969640e-17      -6.629875156569e-17 
 1225       1.265725108218e-10       2.975469935244e-12       9.216266004324e-13       1.200385214084e-14       2.557010951092e-15       1.005185527461e-16      -6.715906620692e-17 
 1226       1.259771060348e-10       3.000682946871e-12       9.080896481073e-13       1.199348011484e-14       2.548876985328e-15       1.060296509912e-16      -6.800992652323e-17 
 1227       1.253840261148e-10       3.025866447375e-12       8.924268921615e-13       1.198305181883e-14       2.540775328839e-15       1.115180032596e-16      -6.885125019364e-17 
 1228       1.247934550964e-10       3.051008633965e-12       8.746530578760e-13       1.197256981475e-14       2.532705830429e-15       1.169788180498e-16      -6.968295462795e-17 
 1229       1.242055781201e-10       3.076097628814e-12       8.547830165001e-13       1.196203668140e-14       2.524668336588e-15       1.224072734696e-16      -7.050495696642e-17 
 1230       1.236205814339e-10       3.101121478912e-12       8.328317855820e-13       1.195145501449e-14       2.516662691484e-15       1.277985171755e-16      -7.131717407946e-17 
 1231       1.230386523962e-10       3.126068155912e-12       8.088145292995e-13       1.194082742662e-14       2.508688736958e-15       1.331476663111e-16      -7.211952256720e-17 
 1232       1.224599794776e-10       3.150925555981e-12       7.827465587902e-13       1.193015654740e-14       2.500746312517e-15       1.384498074459e-16      -7.291191875918e-17 
 1233       1.218847522631e-10       3.175681499650e-12       7.546433324828e-13       1.191944502338e-14       2.492835255333e-15       1.436999965143e-16      -7.369427871400e-17 
 1234       1.213131614540e-10       3.200323731658e-12       7.245204564270e-13       1.190869551818e-14       2.484955400231e-15       1.488932587546e-16      -7.446651821895e-17 
 1235       1.207453988708e-10       3.224839920807e-12       6.923936846245e-13       1.189791071246e-14       2.477106579685e-15       1.540245886475e-16      -7.522855278966e-17 
 1236       1.201816574547e-10       3.249217659807e-12       6.582789193593e-13       1.188709330400e-14       2.469288623816e-15       1.590889498550e-16      -7.598029766976e-17 
 1237       1.196221312699e-10       3.273444465128e-12       6.221922115287e-13       1.187624600768e-14       2.461501360380e-15       1.640812751595e-16      -7.672166783052e-17 
 1238       1.190670155060e-10       3.297507776845e-12       5.841497609733e-13       1.186537155556e-14       2.453744614767e-15       1.689964664021e-16      -7.745257797047e-17 
 1239       1.185165064800e-10       3.321394958490e-12       5.441679168082e-13       1.185447269690e-14       2.446018209993e-15       1.738293944221e-16      -7.817294251511e-17 
 1240       1.179708016387e-10       3.345093296903e-12       5.022631777532e-13       1.184355219818e-14       2.438321966696e-15       1.785748989955e-16      -7.888267561647e-17 
 1241       1.174300995603e-10       3.368590002073e-12       4.584521924634e-13       1.183261284317e-14       2.430655703127e-15       1.832277887735e-16      -7.958169115286e-17 
 1242       1.168945999573e-10       3.391872206997e-12       4.127517598600e-13       1.182165743291e-14       2.423019235146e-15       1.877828412221e-16      -8.026990272841e-17 
 1243       1.163645036781e-10       3.414926967523e-12       3.651788294608e-13       1.181068878578e-14       2.415412376217e-15       1.922348025602e-16      -8.094722367280e-17 
 1244       1.158400127096e-10       3.437741262198e-12       3.157505017107e-13       1.179970973755e-14       2.407834937402e-15       1.965783876990e-16      -8.161356704087e-17 
 1245       1.153213301791e-10       3.460301992122e-12       2.644840283124e-13       1.178872314137e-14       2.400286727352e-15       2.008082801802e-16      -8.226884561227e-17 
 1246       1.148086367627e-10       3.482597204325e-12       2.113997016950e-13       1.177773170223e-14       2.392767570169e-15       2.049208088913e-16      -8.291297698345e-17 
 1247       1.143020196039e-10       3.504619777932e-12       1.565295598592e-13       1.176673747808e-14       2.385277359207e-15       2.089189998631e-16      -8.354589890977e-17 
 1248       1.138015425651e-10       3.526363780945e-12       9.990878431770e-14       1.175574237295e-14       2.377816003889e-15       2.128075836196e-16      -8.416755414270e-17 
 1249       1.133072697468e-10       3.547823250579e-12       4.157282077495e-14       1.174474830197e-14       2.370383411896e-15       2.165913238474e-16      -8.477788535381e-17 
 1250       1.128192654874e-10       3.568992193206e-12      -1.844262031940e-14       1.173375719146e-14       2.362979489163e-15       2.202750174637e-16      -8.537683513485e-17 
 1251       1.123375943637e-10       3.589864584299e-12      -8.010156321668e-14       1.172277097891e-14       2.355604139872e-15       2.238634946850e-16      -8.596434599779e-17 
 1252       1.118623211911e-10       3.610434368372e-12      -1.433677663155e-13       1.171179161301e-14       2.348257266453e-15       2.273616190949e-16      -8.654036037482e-17 
 1253       1.113935110245e-10       3.630695458929e-12      -2.082047216081e-13       1.170082105369e-14       2.340938769576e-15       2.307742877129e-16      -8.710482061843e-17 
 1254       1.109312291577e-10       3.650641738401e-12      -2.745756541263e-13       1.168986127210e-14       2.333648548144e-15       2.341064310626e-16      -8.765766900142e-17 
 1255       1.104755411249e-10       3.670267058096e-12      -3.424435213884e-13       1.167891425067e-14       2.326386499295e-15       2.373630132400e-16      -8.819884771696e-17 
 1256       1.100265126999e-10       3.689565238136e-12      -4.117710128447e-13       1.166798198313e-14       2.319152518392e-15       2.405490319817e-16      -8.872829887864e-17 
 1257       1.095842098974e-10       3.708530067407e-12      -4.825205493246e-13       1.165706647450e-14       2.311946499022e-15       2.436695187337e-16      -8.924596452048e-17 
 1258       1.091486989728e-10       3.727155303497e-12      -5.546542824819e-13       1.164616974113e-14       2.304768332989e-15       2.467295387190e-16      -8.975178659699e-17 
 1259       1.087200464226e-10       3.745434672644e-12      -6.281340942421e-13       1.163529381072e-14       2.297617910311e-15       2.497341910067e-16      -9.024570698320e-17 
 1260       1.082983189850e-10       3.763361869675e-12      -7.029215962480e-13       1.162444072236e-14       2.290495119215e-15       2.526886085798e-16      -9.072766747471e-17 
 1261       1.078835836402e-10       3.780930557953e-12      -7.789781293061e-13       1.161361252650e-14       2.283399846135e-15       2.555979584037e-16      -9.119760978773e-17 
 1262       1.074759076103e-10       3.798134369318e-12      -8.562647628331e-13       1.160281128504e-14       2.276331975702e-15       2.584674414947e-16      -9.165547555911e-17 
 1263       1.070753583602e-10       3.814966904034e-12      -9.347422943020e-13       1.159203907128e-14       2.269291390746e-15       2.613022929880e-16      -9.210120634638e-17 
 1264       1.066820035979e-10       3.831421730729e-12      -1.014371248688e-12       1.158129797001e-14       2.262277972286e-15       2.641077822064e-16      -9.253474362782e-17 
 1265       1.062959112745e-10       3.847492386339e-12      -1.095111877916e-12       1.157059007747e-14       2.255291599529e-15       2.668892127283e-16      -9.295602880244e-17 
 1266       1.059171495847e-10       3.863172376052e-12      -1.176924160306e-12       1.155991750141e-14       2.248332149866e-15       2.696519224563e-16      -9.336500319009e-17 
 1267       1.055457869674e-10       3.878455173253e-12      -1.259767800018e-12       1.154928236110e-14       2.241399498863e-15       2.724012836853e-16      -9.376160803145e-17 
 1268       1.051818921057e-10       3.893334219466e-12      -1.343602226501e-12       1.153868678734e-14       2.234493520263e-15       2.751427031711e-16      -9.414578448808e-17 
 1269       1.048255339274e-10       3.907802924296e-12      -1.428386593939e-12       1.152813292250e-14       2.227614085976e-15       2.778816221985e-16      -9.451747364249e-17 
 1270       1.044767816054e-10       3.921854665376e-12      -1.514079780693e-12       1.151762292054e-14       2.220761066078e-15       2.806235166497e-16      -9.487661649814e-17 
 1271       1.041357045580e-10       3.935482788307e-12      -1.600640388755e-12       1.150715894700e-14       2.213934328804e-15       2.833738970728e-16      -9.522315397950e-17 
 1272       1.038023724493e-10       3.948680606605e-12      -1.688026743185e-12       1.149674317907e-14       2.207133740546e-15       2.861383087498e-16      -9.555702693207e-17 
 1273       1.034768551893e-10       3.961441401640e-12      -1.776196891566e-12       1.148637780557e-14       2.200359165848e-15       2.889223317654e-16      -9.587817612248e-17 
 1274       1.031592229346e-10       3.973758422584e-12      -1.865108603444e-12       1.147606502699e-14       2.193610467399e-15       2.917315810747e-16      -9.618654223844e-17 
 1275       1.028495460886e-10       3.985624886352e-12      -1.954719369779e-12       1.146580705551e-14       2.186887506032e-15       2.945717065721e-16      -9.648206588887e-17 
 1276       1.025478953017e-10       3.997033977545e-12      -2.044986402386e-12       1.145560611503e-14       2.180190140719e-15       2.974483931596e-16      -9.676468760385e-17 
 1277       1.022543414721e-10       4.007978848397e-12      -2.135866633386e-12       1.144546444115e-14       2.173518228563e-15       3.003673608147e-16      -9.703434783476e-17 
 1278       1.019689557455e-10       4.018452618713e-12      -2.227316714651e-12       1.143538428125e-14       2.166871624799e-15       3.033343646590e-16      -9.729098695424e-17 
 1279       1.016918095160e-10       4.028448375816e-12      -2.319293017249e-12       1.142536789447e-14       2.160250182783e-15       3.063551950267e-16      -9.753454525624e-17 
 1280       1.014229744261e-10       4.037959174493e-12      -2.411751630889e-12       1.141541755174e-14       2.153653753997e-15       3.094356775328e-16      -9.776496295612e-17 
 1281       1.011625223674e-10       4.046978036931e-12      -2.504648363374e-12       1.140553553582e-14       2.147082188032e-15       3.125816731411e-16      -9.798218019062e-17 
 1282       1.009105254806e-10       4.055497952667e-12      -2.597938740039e-12       1.139572414128e-14       2.140535332597e-15       3.157990782331e-16      -9.818613701793e-17 
 1283       1.006670561559e-10       4.063511878530e-12      -2.691578003201e-12       1.138598567458e-14       2.134013033503e-15       3.190938246761e-16      -9.837677341774e-17 
 1284       1.004321870337e-10       4.071012738583e-12      -2.785521111606e-12       1.137632245402e-14       2.127515134665e-15       3.224718798913e-16      -9.855402929126e-17 
 1285       1.002059693032e-10       4.077994847538e-12      -2.879724502076e-12       1.136673650504e-14       2.121041492338e-15       3.259373359836e-16      -9.871786211331e-17 
 1286       9.998836732861e-11       4.084458198840e-12      -2.974151397489e-12       1.135722864206e-14       2.114592018004e-15       3.294866531991e-16      -9.886830010819e-17 
 1287       9.977932328008e-11       4.090404225256e-12      -3.068766558092e-12       1.134779937619e-14       2.108166635962e-15       3.331143511089e-16      -9.900538967893e-17 
 1288       9.957877876627e-11       4.095834379879e-12      -3.163534524347e-12       1.133844921911e-14       2.101765269131e-15       3.368149135356e-16      -9.912917781136e-17 
 1289       9.938667483307e-11       4.100750136177e-12      -3.258419616508e-12       1.132917868302e-14       2.095387839043e-15       3.405827884834e-16      -9.923971207555e-17 
 1290       9.920295196246e-11       4.105152988037e-12      -3.353385934197e-12       1.131998828068e-14       2.089034265842e-15       3.444123880674e-16      -9.933704062702e-17 
 1291       9.902755007121e-11       4.109044449810e-12      -3.448397355974e-12       1.131087852540e-14       2.082704468279e-15       3.482980884431e-16      -9.942121220817e-17 
 1292       9.886040850971e-11       4.112426056364e-12      -3.543417538916e-12       1.130184993100e-14       2.076398363710e-15       3.522342297362e-16      -9.949227614949e-17 
 1293       9.870146606071e-11       4.115299363125e-12      -3.638409918189e-12       1.129290301189e-14       2.070115868093e-15       3.562151159720e-16      -9.955028237098e-17 
 1294       9.855066093810e-11       4.117665946126e-12      -3.733337706619e-12       1.128403828297e-14       2.063856895982e-15       3.602350150048e-16      -9.959528138341e-17 
 1295       9.840793078572e-11       4.119527402054e-12      -3.828163894274e-12       1.127525625970e-14       2.057621360526e-15       3.642881584480e-16      -9.962732428968e-17 
 1296       9.827321267605e-11       4.120885348299e-12      -3.922851248031e-12       1.126655745810e-14       2.051409173463e-15       3.683687416031e-16      -9.964646278610e-17 
 1297       9.814644310909e-11       4.121741422996e-12      -4.017362311153e-12       1.125794239469e-14       2.045220245121e-15       3.724709233896e-16      -9.965274916377e-17 
 1298       9.802755801104e-11       4.122097285075e-12      -4.111659402864e-12       1.124941158654e-14       2.039054484411e-15       3.765888262746e-16      -9.964623630984e-17 
 1299       9.791649273313e-11       4.121954614308e-12      -4.205704617922e-12       1.124096555126e-14       2.032911798824e-15       3.807165362019e-16      -9.962697770887e-17 
 1300       9.781318205039e-11       4.121315111354e-12      -4.299459826194e-12       1.123260480699e-14       2.026792094427e-15       3.848481025223e-16      -9.959502744415e-17 
 1301       9.771756016038e-11       4.120180497809e-12      -4.392886672230e-12       1.122432987240e-14       2.020695275863e-15       3.889775379225e-16      -9.955044019901e-17 
 1302       9.762956068203e-11       4.118552516249e-12      -4.485946574837e-12       1.121614126670e-14       2.014621246345e-15       3.930988183551e-16      -9.949327125814e-17 
 1303       9.754911665435e-11       4.116432930279e-12      -4.578600726652e-12       1.120803950961e-14       2.008569907650e-15       3.972058829680e-16      -9.942357650892e-17 
 1304       9.747616053525e-11       4.113823524581e-12      -4.670810093721e-12       1.120002512140e-14       2.002541160122e-15       4.012926340338e-16      -9.934141244276e-17 
 1305       9.741062420031e-11       4.110726104958e-12      -4.762535415067e-12       1.119209862286e-14       1.996534902663e-15       4.053529368800e-16      -9.924683615637e-17 
 1306       9.735243894150e-11       4.107142498382e-12      -4.853737202267e-12       1.118426053531e-14       1.990551032732e-15       4.093806198175e-16      -9.913990535314e-17 
 1307       9.730153546604e-11       4.103074553042e-12      -4.944375739030e-12       1.117651138060e-14       1.984589446341e-15       4.133694740714e-16      -9.902067834443e-17 
 1308       9.725784389509e-11       4.098524138391e-12      -5.034411080763e-12       1.116885168109e-14       1.978650038052e-15       4.173132537095e-16      -9.888921405090e-17 
 1309       9.722129376259e-11       4.093493145188e-12      -5.123803054153e-12       1.116128195968e-14       1.972732700974e-15       4.212056755726e-16      -9.874557200381e-17 
 1310       9.719181401400e-11       4.087983485554e-12      -5.212511256736e-12       1.115380273979e-14       1.966837326759e-15       4.250404192036e-16      -9.858981234640e-17 
 1311       9.716933300507e-11       4.081997093009e-12      -5.300495056476e-12       1.114641454535e-14       1.960963805595e-15       4.288111267775e-16      -9.842199583514e-17 
 1312       9.715377850063e-11       4.075535922525e-12      -5.387713591333e-12       1.113911790084e-14       1.955112026212e-15       4.325114030304e-16      -9.824218384110e-17 
 1313       9.714507767335e-11       4.068601950573e-12      -5.474125768845e-12       1.113191333122e-14       1.949281875867e-15       4.361348151898e-16      -9.805043835127e-17 
 1314       9.714315710255e-11       4.061197175164e-12      -5.559690265695e-12       1.112480136200e-14       1.943473240351e-15       4.396748929034e-16      -9.784682196984e-17 
 1315       9.714794277291e-11       4.053323615905e-12      -5.644365527290e-12       1.111778251920e-14       1.937686003978e-15       4.431251281692e-16      -9.763139791959e-17 
 1316       9.715936007329e-11       4.044983314036e-12      -5.728109767331e-12       1.111085732935e-14       1.931920049584e-15       4.464789752650e-16      -9.740423004315e-17 
 1317       9.717733379551e-11       4.036178332485e-12      -5.810880967394e-12       1.110402631950e-14       1.926175258527e-15       4.497298506776e-16      -9.716538280434e-17 
 1318       9.720178813308e-11       4.026910755909e-12      -5.892636876497e-12       1.109729001721e-14       1.920451510678e-15       4.528711330329e-16      -9.691492128952e-17 
 1319       9.723264668003e-11       4.017182690745e-12      -5.973335010677e-12       1.109064895058e-14       1.914748684421e-15       4.558961630250e-16      -9.665291120888e-17 
 1320       9.726983242962e-11       4.006996265256e-12      -6.052932652567e-12       1.108410364817e-14       1.909066656649e-15       4.587982433462e-16      -9.637941889776e-17 
 1321       9.731326777319e-11       3.996353629574e-12      -6.131386850965e-12       1.107765463912e-14       1.903405302760e-15       4.615706386162e-16      -9.609451131801e-17 
 1322       9.736287449885e-11       3.985256955753e-12      -6.208654420414e-12       1.107130245301e-14       1.897764496654e-15       4.642065753118e-16      -9.579825605925e-17 
 1323       9.741857379032e-11       3.973708437810e-12      -6.284691940771e-12       1.106504761999e-14       1.892144110730e-15       4.666992416964e-16      -9.549072134027e-17 
 1324       9.748027825375e-11       3.961711096855e-12      -6.359460545805e-12       1.105889041917e-14       1.886544027719e-15       4.690437022279e-16      -9.517199130477e-17 
 1325       9.754786790434e-11       3.949271206098e-12      -6.432940347703e-12       1.105283012112e-14       1.880964176338e-15       4.712426640571e-16      -9.484221209102e-17 
 1326       9.762121391210e-11       3.936395892715e-12      -6.505116171011e-12       1.104686573703e-14       1.875404496025e-15       4.733007740702e-16      -9.450154627361e-17 
 1327       9.770018654794e-11       3.923092335296e-12      -6.575972777967e-12       1.104099626947e-14       1.869864925129e-15       4.752227102490e-16      -9.415015761751e-17 
 1328       9.778465518190e-11       3.909367763953e-12      -6.645494868404e-12       1.103522071234e-14       1.864345400917e-15       4.770131817309e-16      -9.378821108040e-17 
 1329       9.787448828141e-11       3.895229460419e-12      -6.713667079648e-12       1.102953805087e-14       1.858845859562e-15       4.786769288698e-16      -9.341587281508e-17 
 1330       9.796955340944e-11       3.880684758149e-12      -6.780473986425e-12       1.102394726160e-14       1.853366236145e-15       4.802187232965e-16      -9.303331017182e-17 
 1331       9.806971722284e-11       3.865741042425e-12      -6.845900100758e-12       1.101844731237e-14       1.847906464653e-15       4.816433679793e-16      -9.264069170070e-17 
 1332       9.817484547045e-11       3.850405750452e-12      -6.909929871873e-12       1.101303716226e-14       1.842466477976e-15       4.829556972844e-16      -9.223818715403e-17 
 1333       9.828480299143e-11       3.834686371469e-12      -6.972547686098e-12       1.100771576166e-14       1.837046207899e-15       4.841605770365e-16      -9.182596748867e-17 
 1334       9.839945371342e-11       3.818590446841e-12      -7.033737866765e-12       1.100248205213e-14       1.831645585110e-15       4.852629045794e-16      -9.140420486845e-17 
 1335       9.851866065080e-11       3.802125570170e-12      -7.093484674113e-12       1.099733496650e-14       1.826264539186e-15       4.862676088364e-16      -9.097307266649e-17 
 1336       9.864228590293e-11       3.785299387390e-12      -7.151772305192e-12       1.099227342876e-14       1.820902998600e-15       4.871796503708e-16      -9.053274546758e-17 
 1337       9.877019065232e-11       3.768119596871e-12      -7.208584893758e-12       1.098729635412e-14       1.815560890711e-15       4.880040214465e-16      -9.008339907056e-17 
 1338       9.890223516295e-11       3.750593949524e-12      -7.263906510181e-12       1.098240264892e-14       1.810238141766e-15       4.887457460887e-16      -8.962521049070e-17 
 1339       9.903827877840e-11       3.732730248898e-12      -7.317721161346e-12       1.097759121066e-14       1.804934676896e-15       4.894098801440e-16      -8.915835796204e-17 
 1340       9.917817992015e-11       3.714536351287e-12      -7.370012790551e-12       1.097286092796e-14       1.799650420113e-15       4.900015113413e-16      -8.868302093976e-17 
 1341       9.932179608580e-11       3.696020165826e-12      -7.420765277414e-12       1.096821068056e-14       1.794385294306e-15       4.905257593522e-16      -8.819938010256e-17 
 1342       9.946898384724e-11       3.677189654599e-12      -7.469962437772e-12       1.096363933926e-14       1.789139221244e-15       4.909877758515e-16      -8.770761735504e-17 
 1343       9.961959884897e-11       3.658052832735e-12      -7.517588023582e-12       1.095914576596e-14       1.783912121566e-15       4.913927445776e-16      -8.720791583005e-17 
 1344       9.977349580624e-11       3.638617768517e-12      -7.563625722825e-12       1.095472881361e-14       1.778703914783e-15       4.917458813935e-16      -8.670045989105e-17 
 1345       9.993052850334e-11       3.618892583477e-12      -7.608059159405e-12       1.095038732618e-14       1.773514519276e-15       4.920524343465e-16      -8.618543513450e-17 
 1346       1.000905497918e-10       3.598885452501e-12      -7.650871893056e-12       1.094612013868e-14       1.768343852287e-15       4.923176837298e-16      -8.566302839222e-17 
 1347       1.002534115887e-10       3.578604603932e-12      -7.692047419237e-12       1.094192607709e-14       1.763191829927e-15       4.925469421420e-16      -8.513342773375e-17 
 1348       1.004189648746e-10       3.558058319671e-12      -7.731569169041e-12       1.093780395838e-14       1.758058367164e-15       4.927455545482e-16      -8.459682246872e-17 
 1349       1.005870596923e-10       3.537254935276e-12      -7.769420509089e-12       1.093375259051e-14       1.752943377823e-15       4.929188983405e-16      -8.405340314924e-17 
 1350       1.007575451445e-10       3.516202840068e-12      -7.805584741440e-12       1.092977077233e-14       1.747846774587e-15       4.930723833981e-16      -8.350336157224e-17 
 1351       1.009302693924e-10       3.494910477234e-12      -7.840045103485e-12       1.092585729367e-14       1.742768468991e-15       4.932114521486e-16      -8.294689078186e-17 
 1352       1.011050796540e-10       3.473386343922e-12      -7.872784767855e-12       1.092201093523e-14       1.737708371418e-15       4.933415796277e-16      -8.238418507178e-17 
 1353       1.012818222017e-10       3.451638991350e-12      -7.903786842321e-12       1.091823046861e-14       1.732666391100e-15       4.934682735402e-16      -8.181543998765e-17 
 1354       1.014603423614e-10       3.429677024905e-12      -7.933034369694e-12       1.091451465629e-14       1.727642436114e-15       4.935970743205e-16      -8.124085232940e-17 
 1355       1.016404845101e-10       3.407509104244e-12      -7.960510327728e-12       1.091086225158e-14       1.722636413380e-15       4.937335551929e-16      -8.066062015364e-17 
 1356       1.018220920744e-10       3.385143943398e-12      -7.986197629021e-12       1.090727199865e-14       1.717648228655e-15       4.938833222324e-16      -8.007494277602e-17 
 1357       1.020050075286e-10       3.362590310873e-12      -8.010079120922e-12       1.090374263248e-14       1.712677786535e-15       4.940520144250e-16      -7.948402077360e-17 
 1358       1.021890723931e-10       3.339857029751e-12      -8.032137585423e-12       1.090027287882e-14       1.707724990450e-15       4.942453037282e-16      -7.888805598721e-17 
 1359       1.023741272323e-10       3.316952977793e-12      -8.052355739071e-12       1.089686145424e-14       1.702789742662e-15       4.944688951319e-16      -7.828725152384e-17 
 1360       1.025600116534e-10       3.293887087542e-12      -8.070716232863e-12       1.089350706605e-14       1.697871944262e-15       4.947285267186e-16      -7.768181175897e-17 
 1361       1.027465643039e-10       3.270668346423e-12      -8.087201652150e-12       1.089020841231e-14       1.692971495168e-15       4.950299697238e-16      -7.707194233898e-17 
 1362       1.029336228704e-10       3.247305796845e-12      -8.101794516539e-12       1.088696418178e-14       1.688088294121e-15       4.953790285969e-16      -7.645785018348e-17 
 1363       1.031210320683e-10       3.223808354749e-12      -8.114482000058e-12       1.088377299252e-14       1.683222247637e-15       4.957800422833e-16      -7.583971592835e-17 
 1364       1.033086677089e-10       3.200184262921e-12      -8.125270147254e-12       1.088063320673e-14       1.678373296973e-15       4.962313703566e-16      -7.521761092641e-17 
 1365       1.034964128870e-10       3.176441632014e-12      -8.134169809411e-12       1.087754311386e-14       1.673541391443e-15       4.967298585811e-16      -7.459157936102e-17 
 1366       1.036841500114e-10       3.152588621666e-12      -8.141191938336e-12       1.087450099185e-14       1.668726479492e-15       4.972723332595e-16      -7.396166572520e-17 
 1367       1.038717608034e-10       3.128633440584e-12      -8.146347586560e-12       1.087150510706e-14       1.663928508692e-15       4.978556011973e-16      -7.332791482227e-17 
 1368       1.040591262961e-10       3.104584346641e-12      -8.149647907552e-12       1.086855371435e-14       1.659147425740e-15       4.984764496663e-16      -7.269037176640e-17 
 1369       1.042461268327e-10       3.080449646960e-12      -8.151104155917e-12       1.086564505694e-14       1.654383176459e-15       4.991316463682e-16      -7.204908198325e-17 
 1370       1.044326420651e-10       3.056237698010e-12      -8.150727687608e-12       1.086277736648e-14       1.649635705792e-15       4.998179393988e-16      -7.140409121048e-17 
 1371       1.046185509534e-10       3.031956905690e-12      -8.148529960133e-12       1.085994886297e-14       1.644904957800e-15       5.005320572114e-16      -7.075544549842e-17 
 1372       1.048037317636e-10       3.007615725425e-12      -8.144522532756e-12       1.085715775476e-14       1.640190875664e-15       5.012707085811e-16      -7.010319121060e-17 
 1373       1.049880620674e-10       2.983222662252e-12      -8.138717066710e-12       1.085440223855e-14       1.635493401681e-15       5.020305825678e-16      -6.944737502438e-17 
 1374       1.051714187400e-10       2.958786270912e-12      -8.131125325399e-12       1.085168049931e-14       1.630812477258e-15       5.028083484807e-16      -6.878804393151e-17 
 1375       1.053536779595e-10       2.934315155941e-12      -8.121759174607e-12       1.084899071032e-14       1.626148042916e-15       5.036006558417e-16      -6.812524523874e-17 
 1376       1.055347152054e-10       2.909817971758e-12      -8.110630582704e-12       1.084633103310e-14       1.621500038287e-15       5.044041343495e-16      -6.745902656841e-17 
 1377       1.057144052574e-10       2.885303422756e-12      -8.097751620850e-12       1.084369961743e-14       1.616868402106e-15       5.052153938428e-16      -6.678943585902e-17 
 1378       1.058926221939e-10       2.860780263395e-12      -8.083134463205e-12       1.084109460128e-14       1.612253072218e-15       5.060310242648e-16      -6.611652136582e-17 
 1379       1.060692393913e-10       2.836257298287e-12      -8.066791387136e-12       1.083851411083e-14       1.607653985567e-15       5.068475956266e-16      -6.544033166142e-17 
 1380       1.062441295222e-10       2.811743382290e-12      -8.048734773418e-12       1.083595626044e-14       1.603071078202e-15       5.076616579708e-16      -6.476091563638e-17 
 1381       1.064171645543e-10       2.787247420599e-12      -8.028977106446e-12       1.083341915258e-14       1.598504285269e-15       5.084697413358e-16      -6.407832249977e-17 
 1382       1.065882157492e-10       2.762778368831e-12      -8.007530974441e-12       1.083090087790e-14       1.593953541012e-15       5.092683557192e-16      -6.339260177978e-17 
 1383       1.067571536613e-10       2.738345233122e-12      -7.984409069652e-12       1.082839951512e-14       1.589418778771e-15       5.100539910417e-16      -6.270380332432e-17 
 1384       1.069238481362e-10       2.713957070212e-12      -7.959624188567e-12       1.082591313104e-14       1.584899930978e-15       5.108231171107e-16      -6.201197730158e-17 
 1385       1.070881683097e-10       2.689622987536e-12      -7.933189232120e-12       1.082343978054e-14       1.580396929157e-15       5.115721835845e-16      -6.131717420063e-17 
 1386       1.072499826064e-10       2.665352143318e-12      -7.905117205893e-12       1.082097750653e-14       1.575909703921e-15       5.122976199357e-16      -6.061944483205e-17 
 1387       1.074091587387e-10       2.641153746656e-12      -7.875421220327e-12       1.081852433993e-14       1.571438184969e-15       5.129958354152e-16      -5.991884032844e-17 
 1388       1.075655637050e-10       2.617037057616e-12      -7.844114490925e-12       1.081607829965e-14       1.566982301086e-15       5.136632190159e-16      -5.921541214508e-17 
 1389       1.077190637891e-10       2.593011387320e-12      -7.811210338461e-12       1.081363739259e-14       1.562541980141e-15       5.142961394363e-16      -5.850921206048e-17 
 1390       1.078695245586e-10       2.569086098037e-12      -7.776722189185e-12       1.081119961359e-14       1.558117149083e-15       5.148909450448e-16      -5.780029217699e-17 
 1391       1.080168108637e-10       2.545270603275e-12      -7.740663575033e-12       1.080876294541e-14       1.553707733940e-15       5.154439638430e-16      -5.708870492137e-17 
 1392       1.081607868357e-10       2.521574367866e-12      -7.703048133826e-12       1.080632535871e-14       1.549313659818e-15       5.159515034295e-16      -5.637450304541e-17 
 1393       1.083013158862e-10       2.498006908063e-12      -7.663889609486e-12       1.080388481206e-14       1.544934850895e-15       5.164098509641e-16      -5.565773962648e-17 
 1394       1.084382607057e-10       2.474577791625e-12      -7.623201852233e-12       1.080143925186e-14       1.540571230426e-15       5.168152731311e-16      -5.493846806814e-17 
 1395       1.085714832620e-10       2.451296637910e-12      -7.580998818799e-12       1.079898661236e-14       1.536222720735e-15       5.171640161034e-16      -5.421674210074e-17 
 1396       1.087008447995e-10       2.428173117963e-12      -7.537294572632e-12       1.079652481564e-14       1.531889243214e-15       5.174523055062e-16      -5.349261578199e-17 
 1397       1.088262058373e-10       2.405216954609e-12      -7.492103284101e-12       1.079405177154e-14       1.527570718323e-15       5.176763463807e-16      -5.276614349756e-17 
 1398       1.089474261686e-10       2.382437922540e-12      -7.445439230704e-12       1.079156537770e-14       1.523267065587e-15       5.178323231479e-16      -5.203737996166e-17 
 1399       1.090643648590e-10       2.359845848408e-12      -7.397316797273e-12       1.078906351951e-14       1.518978203593e-15       5.179163995727e-16      -5.130638021764e-17 
 1400       1.091768802456e-10       2.337450610913e-12      -7.347750476184e-12       1.078654407007e-14       1.514704049989e-15       5.179247187271e-16      -5.057319963858e-17 
 1401       1.092848299351e-10       2.315262140896e-12      -7.296754867560e-12       1.078400489018e-14       1.510444521482e-15       5.178534029544e-16      -4.983789392787e-17 
 1402       1.093880878123e-10       2.293289480273e-12      -7.244346740986e-12       1.078144396704e-14       1.506199541155e-15       5.176994450206e-16      -4.910052604105e-17 
 1403       1.094865952588e-10       2.271537947925e-12      -7.190551243768e-12       1.077885983185e-14       1.501969060510e-15       5.174633918109e-16      -4.836118702921e-17 
 1404       1.095803104658e-10       2.250011944428e-12      -7.135395757841e-12       1.077625114648e-14       1.497753037649e-15       5.171466885542e-16      -4.761997541419e-17 
 1405       1.096691914730e-10       2.228715890556e-12      -7.078907844470e-12       1.077361656520e-14       1.493551429978e-15       5.167507901930e-16      -4.687699028806e-17 
 1406       1.097531961691e-10       2.207654227312e-12      -7.021115244583e-12       1.077095473462e-14       1.489364194201e-15       5.162771614020e-16      -4.613233131409e-17 
 1407       1.098322822908e-10       2.186831415963e-12      -6.962045879101e-12       1.076826429371e-14       1.485191286324e-15       5.157272766060e-16      -4.538609872785e-17 
 1408       1.099064074230e-10       2.166251938072e-12      -6.901727849271e-12       1.076554387379e-14       1.481032661647e-15       5.151026199980e-16      -4.463839333812e-17 
 1409       1.099755289987e-10       2.145920295530e-12      -6.840189437001e-12       1.076279209847e-14       1.476888274767e-15       5.144046855577e-16      -4.388931652799e-17 
 1410       1.100396042984e-10       2.125841010591e-12      -6.777459105189e-12       1.076000758368e-14       1.472758079574e-15       5.136349770694e-16      -4.313897025581e-17 
 1411       1.100985904502e-10       2.106018625902e-12      -6.713565498054e-12       1.075718893767e-14       1.468642029252e-15       5.127950081400e-16      -4.238745705621e-17 
 1412       1.101524444295e-10       2.086457704537e-12      -6.648537441475e-12       1.075433476092e-14       1.464540076275e-15       5.118863022175e-16      -4.163488004117e-17 
 1413       1.102011230585e-10       2.067162830031e-12      -6.582403943316e-12       1.075144364621e-14       1.460452172406e-15       5.109103926090e-16      -4.088134290094e-17 
 1414       1.102445830064e-10       2.048138606410e-12      -6.515194193760e-12       1.074851417857e-14       1.456378268695e-15       5.098688224988e-16      -4.012694990513e-17 
 1415       1.102827807892e-10       2.029389658227e-12      -6.446937565647e-12       1.074554493527e-14       1.452318315479e-15       5.087631449666e-16      -3.937180590367e-17 
 1416       1.103156727690e-10       2.010920630592e-12      -6.377663614796e-12       1.074253448578e-14       1.448272262381e-15       5.075949230055e-16      -3.861601632784e-17 
 1417       1.103432151541e-10       1.992736189208e-12      -6.307402080348e-12       1.073948139182e-14       1.444240058303e-15       5.063657295406e-16      -3.785968719132e-17 
 1418       1.103653639990e-10       1.974841020399e-12      -6.236182885089e-12       1.073638420727e-14       1.440221651431e-15       5.050771474466e-16      -3.710292509111e-17 
 1419       1.103820752036e-10       1.957239831148e-12      -6.164036135790e-12       1.073324147822e-14       1.436216989231e-15       5.037307695664e-16      -3.634583720862e-17 
 1420       1.103933045137e-10       1.939937349126e-12      -6.090992123532e-12       1.073005174291e-14       1.432226018447e-15       5.023281987287e-16      -3.558853131068e-17 
 1421       1.103990075200e-10       1.922938322726e-12      -6.017081324047e-12       1.072681353176e-14       1.428248685097e-15       5.008710477670e-16      -3.483111575050e-17 
 1422       1.103991396586e-10       1.906247521098e-12      -5.942334398040e-12       1.072352536732e-14       1.424284934478e-15       4.993609395370e-16      -3.407369946871e-17 
 1423       1.103936562103e-10       1.889869734177e-12      -5.866782191530e-12       1.072018576425e-14       1.420334711157e-15       4.977995069349e-16      -3.331639199438e-17 
 1424       1.103825123006e-10       1.873809772720e-12      -5.790455736178e-12       1.071679322936e-14       1.416397958976e-15       4.961883929158e-16      -3.255930344604e-17 
 1425       1.103656628995e-10       1.858072468337e-12      -5.713386249619e-12       1.071334626153e-14       1.412474621043e-15       4.945292505119e-16      -3.180254453265e-17 
 1426       1.103430628210e-10       1.842662673525e-12      -5.635605135797e-12       1.070984335176e-14       1.408564639739e-15       4.928237428501e-16      -3.104622655464e-17 
 1427       1.103146667235e-10       1.827585261697e-12      -5.557143985294e-12       1.070628298308e-14       1.404667956710e-15       4.910735431709e-16      -3.029046140494e-17 
 1428       1.102804291086e-10       1.812845127221e-12      -5.478034575666e-12       1.070266363062e-14       1.400784512868e-15       4.892803348458e-16      -2.953536156994e-17 
 1429       1.102403043220e-10       1.798447185449e-12      -5.398308871771e-12       1.069898376154e-14       1.396914248388e-15       4.874458113961e-16      -2.878104013055e-17 
 1430       1.101942465524e-10       1.784396372747e-12      -5.317999026105e-12       1.069524183503e-14       1.393057102709e-15       4.855716765107e-16      -2.802761076319e-17 
 1431       1.101422098319e-10       1.770697646535e-12      -5.237137379131e-12       1.069143630231e-14       1.389213014529e-15       4.836596440644e-16      -2.727518774081e-17 
 1432       1.100841480351e-10       1.757355985314e-12      -5.155756459614e-12       1.068756560658e-14       1.385381921806e-15       4.817114381358e-16      -2.652388593387e-17 
 1433       1.100200148797e-10       1.744376388700e-12      -5.073888984953e-12       1.068362818306e-14       1.381563761757e-15       4.797287930259e-16      -2.577382081142e-17 
 1434       1.099497639257e-10       1.731763877459e-12      -4.991567861512e-12       1.067962245893e-14       1.377758470852e-15       4.777134532757e-16      -2.502510844203e-17 
 1435       1.098733485753e-10       1.719523493537e-12      -4.908826184952e-12       1.067554685334e-14       1.373965984818e-15       4.756671736849e-16      -2.427786549485e-17 
 1436       1.097907220728e-10       1.707660300093e-12      -4.825697240564e-12       1.067139977739e-14       1.370186238634e-15       4.735917193296e-16      -2.353220924064e-17 
 1437       1.097018375043e-10       1.696179381535e-12      -4.742214503602e-12       1.066717963411e-14       1.366419166531e-15       4.714888655809e-16      -2.278825755272e-17 
 1438       1.096066477975e-10       1.685085843549e-12      -4.658411639615e-12       1.066288481846e-14       1.362664701987e-15       4.693603981224e-16      -2.204612890803e-17 
 1439       1.095051057215e-10       1.674384813134e-12      -4.574322504777e-12       1.065851371731e-14       1.358922777732e-15       4.672081129692e-16      -2.130594238812e-17 
 1440       1.093971638865e-10       1.664081438634e-12      -4.489981146224e-12       1.065406470941e-14       1.355193325740e-15       4.650338164854e-16      -2.056781768017e-17 
 1441       1.092827900840e-10       1.654179811405e-12      -4.405420476135e-12       1.064953639958e-14       1.351476283083e-15       4.628391992533e-16      -1.983186302667e-17 
 1442       1.091620134778e-10       1.644679718783e-12      -4.320668278601e-12       1.064492832375e-14       1.347771609550e-15       4.606254562445e-16      -1.909813893858e-17 
 1443       1.090348788813e-10       1.635579858227e-12      -4.235751162895e-12       1.064024025104e-14       1.344079270205e-15       4.583936628301e-16      -1.836669411588e-17 
 1444       1.089014314605e-10       1.626878912662e-12      -4.150695886292e-12       1.063547195023e-14       1.340399229546e-15       4.561449005906e-16      -1.763757746583e-17 
 1445       1.087617167344e-10       1.618575550457e-12      -4.065529354325e-12       1.063062318975e-14       1.336731451505e-15       4.538802573270e-16      -1.691083810328e-17 
 1446       1.086157805760e-10       1.610668425385e-12      -3.980278621043e-12       1.062569373769e-14       1.333075899449e-15       4.516008270718e-16      -1.618652535095e-17 
 1447       1.084636692129e-10       1.603156176602e-12      -3.894970889266e-12       1.062068336180e-14       1.329432536175e-15       4.493077100993e-16      -1.546468873980e-17 
 1448       1.083054292277e-10       1.596037428616e-12      -3.809633510839e-12       1.061559182949e-14       1.325801323912e-15       4.470020129372e-16      -1.474537800931e-17 
 1449       1.081411075589e-10       1.589310791253e-12      -3.724293986889e-12       1.061041890783e-14       1.322182224318e-15       4.446848483768e-16      -1.402864310782e-17 
 1450       1.079707515017e-10       1.582974859631e-12      -3.638979968080e-12       1.060516436354e-14       1.318575198479e-15       4.423573354845e-16      -1.331453419281e-17 
 1451       1.077944087082e-10       1.577028214132e-12      -3.553719254872e-12       1.059982796300e-14       1.314980206907e-15       4.400205996120e-16      -1.260310163124e-17 
 1452       1.076121271886e-10       1.571469420369e-12      -3.468539797769e-12       1.059440947226e-14       1.311397209542e-15       4.376757724078e-16      -1.189439599987e-17 
 1453       1.074239553116e-10       1.566297029159e-12      -3.383469697585e-12       1.058890865700e-14       1.307826165747e-15       4.353239918276e-16      -1.118846808558e-17 
 1454       1.072299418050e-10       1.561509576491e-12      -3.298537205690e-12       1.058332528258e-14       1.304267034308e-15       4.329664021454e-16      -1.048536888564e-17 
 1455       1.070301357565e-10       1.557105583499e-12      -3.213770724271e-12       1.057765911401e-14       1.300719773434e-15       4.306041539643e-16      -9.785149608093e-18 
 1456       1.068245866144e-10       1.553083556433e-12      -3.129198806588e-12       1.057190991595e-14       1.297184340753e-15       4.282384042273e-16      -9.087861672013e-18 
 1457       1.066133441881e-10       1.549441986627e-12      -3.044850157226e-12       1.056607745272e-14       1.293660693315e-15       4.258703162285e-16      -8.393556707854e-18 
 1458       1.063964586489e-10       1.546179350469e-12      -2.960753632355e-12       1.056016148829e-14       1.290148787586e-15       4.235010596233e-16      -7.702286557757e-18 
 1459       1.061739805307e-10       1.543294109376e-12      -2.876938239983e-12       1.055416178631e-14       1.286648579449e-15       4.211318104401e-16      -7.014103275861e-18 
 1460       1.059459607306e-10       1.540784709760e-12      -2.793433140210e-12       1.054807811006e-14       1.283160024205e-15       4.187637510905e-16      -6.329059128622e-18 
 1461       1.057124505095e-10       1.538649583000e-12      -2.710267645490e-12       1.054191022247e-14       1.279683076568e-15       4.163980703805e-16      -5.647206595130e-18 
 1462       1.054735014928e-10       1.536887145413e-12      -2.627471220879e-12       1.053565788615e-14       1.276217690664e-15       4.140359635212e-16      -4.968598367423e-18 
 1463       1.052291656713e-10       1.535495798226e-12      -2.545073484297e-12       1.052932086335e-14       1.272763820034e-15       4.116786321399e-16      -4.293287350801e-18 
 1464       1.049794954015e-10       1.534473927541e-12      -2.463104206779e-12       1.052289891598e-14       1.269321417627e-15       4.093272842906e-16      -3.621326664144e-18 
 1465       1.047245434065e-10       1.533819904313e-12      -2.381593312733e-12       1.051639180559e-14       1.265890435803e-15       4.069831344653e-16      -2.952769640229e-18 
 1466       1.044643627766e-10       1.533532084314e-12      -2.300570880197e-12       1.050979929339e-14       1.262470826331e-15       4.046474036045e-16      -2.287669826040e-18 
 1467       1.041990069701e-10       1.533608808107e-12      -2.220067141091e-12       1.050312114027e-14       1.259062540385e-15       4.023213191084e-16      -1.626080983088e-18 
 1468       1.039285298137e-10       1.534048401016e-12      -2.140112481476e-12       1.049635710673e-14       1.255665528546e-15       4.000061148472e-16      -9.680570877274e-19 
 1469       1.036529855033e-10       1.534849173097e-12      -2.060737441808e-12       1.048950695295e-14       1.252279740799e-15       3.977030311729e-16      -3.136523314672e-19 
 1470       1.033724286048e-10       1.536009419106e-12      -1.981972717193e-12       1.048257043876e-14       1.248905126534e-15       3.954133149291e-16       3.370788787094e-19 
 1471       1.030869140545e-10       1.537527418472e-12      -1.903849157645e-12       1.047554732364e-14       1.245541634540e-15       3.931382194628e-16       9.840819200313e-19 
 1472       1.027964971602e-10       1.539401435268e-12      -1.826397768340e-12       1.046843736673e-14       1.242189213011e-15       3.908790046346e-16       1.627301953624e-18 
 1473       1.025012336013e-10       1.541629718178e-12      -1.749649709872e-12       1.046124032680e-14       1.238847809537e-15       3.886369368299e-16       2.266683924192e-18 
 1474       1.022011794299e-10       1.544210500472e-12      -1.673636298510e-12       1.045395596230e-14       1.235517371108e-15       3.864132889696e-16       2.902172559707e-18 
 1475       1.018963910712e-10       1.547141999973e-12      -1.598389006450e-12       1.044658403131e-14       1.232197844110e-15       3.842093405213e-16       3.533712371088e-18 
 1476       1.015869253245e-10       1.550422419029e-12      -1.523939462075e-12       1.043912429158e-14       1.228889174327e-15       3.820263775097e-16       4.161247651889e-18 
 1477       1.012728393635e-10       1.554049944483e-12      -1.450319450208e-12       1.043157650050e-14       1.225591306935e-15       3.798656925278e-16       4.784722477983e-18 
 1478       1.009541907371e-10       1.558022747646e-12      -1.377560912368e-12       1.042394041511e-14       1.222304186505e-15       3.777285847475e-16       5.404080707243e-18 
 1479       1.006310373702e-10       1.562338984262e-12      -1.305695947029e-12       1.041621579211e-14       1.219027757000e-15       3.756163599309e-16       6.019265979231e-18 
 1480       1.003034432846e-10       1.566996191271e-12      -1.234753323233e-12       1.040840257435e-14       1.215761966506e-15       3.735298530359e-16       6.630226574501e-18 
 1481       9.997149582258e-11       1.571989470617e-12      -1.164747983254e-12       1.040050145241e-14       1.212506781478e-15       3.714679908522e-16       7.236930045683e-18 
 1482       9.963528859473e-11       1.577313287433e-12      -1.095691436705e-12       1.039251330860e-14       1.209262172631e-15       3.694292151823e-16       7.839348730360e-18 
 1483       9.929491577632e-11       1.582962071558e-12      -1.027595237828e-12       1.038443903090e-14       1.206028110225e-15       3.674119589424e-16       8.437454904524e-18 
 1484       9.895047210808e-11       1.588930217477e-12      -9.604709855573e-13       1.037627951305e-14       1.202804564055e-15       3.654146461464e-16       9.031220782523e-18 
 1485       9.860205289724e-11       1.595212084261e-12      -8.943303235832e-13       1.036803565451e-14       1.199591503459e-15       3.634356918914e-16       9.620618517014e-18 
 1486       9.824975401851e-11       1.601801995499e-12      -8.291849404188e-13       1.035970836049e-14       1.196388897311e-15       3.614735023420e-16       1.020562019891e-17 
 1487       9.789367191503e-11       1.608694239241e-12      -7.650465694636e-13       1.035129854195e-14       1.193196714022e-15       3.595264747151e-16       1.078619785733e-17 
 1488       9.753390359940e-11       1.615883067930e-12      -7.019269890688e-13       1.034280711561e-14       1.190014921540e-15       3.575929972648e-16       1.136232345956e-17 
 1489       9.717054665463e-11       1.623362698345e-12      -6.398380226019e-13       1.033423500396e-14       1.186843487348e-15       3.556714492666e-16       1.193396891099e-17 
 1490       9.680369923513e-11       1.631127311534e-12      -5.787915385113e-13       1.032558313529e-14       1.183682378463e-15       3.537602010031e-16       1.250110605507e-17 
 1491       9.643346006768e-11       1.639171052756e-12      -5.187994503915e-13       1.031685244366e-14       1.180531561435e-15       3.518576137477e-16       1.306370667325e-17 
 1492       9.605992845242e-11       1.647488031412e-12      -4.598737170477e-13       1.030804386896e-14       1.177391002346e-15       3.499620397500e-16       1.362174248497e-17 
 1493       9.568320426384e-11       1.656072320991e-12      -4.020263425604e-13       1.029915835686e-14       1.174260666809e-15       3.480718222202e-16       1.417518514755e-17 
 1494       9.530338795176e-11       1.664917958998e-12      -3.452693763505e-13       1.029019685889e-14       1.171140519968e-15       3.461852953141e-16       1.472400625618e-17 
 1495       9.492058054228e-11       1.674018946900e-12      -2.896149132440e-13       1.028116033239e-14       1.168030526496e-15       3.443007841174e-16       1.526817734388e-17 
 1496       9.453488363881e-11       1.683369250058e-12      -2.350750935367e-13       1.027204974055e-14       1.164930650594e-15       3.424166046310e-16       1.580766988141e-17 
 1497       9.414639942300e-11       1.692962797666e-12      -1.816621030590e-13       1.026286605240e-14       1.161840855989e-15       3.405310637553e-16       1.634245527725e-17 
 1498       9.375523065576e-11       1.702793482691e-12      -1.293881732408e-13       1.025361024286e-14       1.158761105937e-15       3.386424592751e-16       1.687250487756e-17 
 1499       9.336148067824e-11       1.712855161806e-12      -7.826558117628e-14       1.024428329270e-14       1.155691363217e-15       3.367490798442e-16       1.739778996609e-17 
 1500       9.296525341278e-11       1.723141655331e-12      -2.830664968865e-14       1.023488618859e-14       1.152631590133e-15       3.348492049704e-16       1.791828176416e-17 
 1501       9.256665336391e-11       1.733646747168e-12       2.047625260511e-14       1.022541992307e-14       1.149581748512e-15       3.329411049999e-16       1.843395143061e-17 
 1502       9.216578561935e-11       1.744364184741e-12       6.807071122937e-14       1.021588549462e-14       1.146541799704e-15       3.310230411023e-16       1.894477006175e-17 
 1503       9.176275585094e-11       1.755287678931e-12       1.144642657851e-13       1.020628390759e-14       1.143511704581e-15       3.290932652552e-16       1.945070869130e-17 
 1504       9.135767031570e-11       1.766410904016e-12       1.596444098851e-13       1.019661617228e-14       1.140491423533e-15       3.271500202288e-16       1.995173829035e-17 
 1505       9.095063585671e-11       1.777727497606e-12       2.035985910890e-13       1.018688330492e-14       1.137480916471e-15       3.251915395711e-16       2.044782976730e-17 
 1506       9.054175990420e-11       1.789231060583e-12       2.463142108389e-13       1.017708632768e-14       1.134480142824e-15       3.232160475920e-16       2.093895396782e-17 
 1507       9.013115047642e-11       1.800915157036e-12       2.877786243941e-13       1.016722626868e-14       1.131489061539e-15       3.212217593486e-16       2.142508167481e-17 
 1508       8.971891618073e-11       1.812773314200e-12       3.279791407667e-13       1.015730416202e-14       1.128507631078e-15       3.192068806293e-16       2.190618360831e-17 
 1509       8.930516621450e-11       1.824799022392e-12       3.669030226565e-13       1.014732104774e-14       1.125535809421e-15       3.171696079394e-16       2.238223042551e-17 
 1510       8.889001036612e-11       1.836985734952e-12       4.045374863864e-13       1.013727797189e-14       1.122573554059e-15       3.151081284848e-16       2.285319272065e-17 
 1511       8.847355901599e-11       1.849326868177e-12       4.408697018374e-13       1.012717598650e-14       1.119620821999e-15       3.130206201579e-16       2.331904102500e-17 
 1512       8.805592313749e-11       1.861815801258e-12       4.758867923842e-13       1.011701614962e-14       1.116677569760e-15       3.109052515210e-16       2.377974580679e-17 
 1513       8.763721429795e-11       1.874445876221e-12       5.095758348300e-13       1.010679952530e-14       1.113743753372e-15       3.087601817923e-16       2.423527747118e-17 
 1514       8.721754465967e-11       1.887210397862e-12       5.419238593418e-13       1.009652718361e-14       1.110819328375e-15       3.065835608297e-16       2.468560636019e-17 
 1515       8.679702698086e-11       1.900102633685e-12       5.729178493859e-13       1.008620020065e-14       1.107904249821e-15       3.043735291160e-16       2.513070275269e-17 
 1516       8.637577461663e-11       1.913115813840e-12       6.025447416627e-13       1.007581965858e-14       1.104998472267e-15       3.021282177436e-16       2.557053686427e-17 
 1517       8.595390151998e-11       1.926243131059e-12       6.307914260421e-13       1.006538664560e-14       1.102101949781e-15       2.998457483991e-16       2.600507884730e-17 
 1518       8.553152224280e-11       1.939477740595e-12       6.576447454988e-13       1.005490225597e-14       1.099214635935e-15       2.975242333480e-16       2.643429879078e-17 
 1519       8.510874670971e-11       1.952812895413e-12       6.830949183459e-13       1.004436763306e-14       1.096336487647e-15       2.951623191565e-16       2.685817128481e-17 
 1520       8.468566448273e-11       1.966242353322e-12       7.071458411143e-13       1.003378409881e-14       1.093467476743e-15       2.927608236142e-16       2.727668916195e-17 
 1521       8.426236034709e-11       1.979759973636e-12       7.298048847554e-13       1.002315302555e-14       1.090607578502e-15       2.903211145434e-16       2.768984988802e-17 
 1522       8.383891952522e-11       1.993359582225e-12       7.510794814593e-13       1.001247579304e-14       1.087756767828e-15       2.878445675062e-16       2.809765100994e-17 
 1523       8.341542767754e-11       2.007034971459e-12       7.709771247670e-13       1.000175378854e-14       1.084915019248e-15       2.853325658168e-16       2.850009015582e-17 
 1524       8.299197090309e-11       2.020779900149e-12       7.895053696843e-13       9.990988406794e-15       1.082082306911e-15       2.827865005548e-16       2.889716503520e-17 
 1525       8.256863574030e-11       2.034588093495e-12       8.066718327942e-13       9.980181050054e-15       1.079258604591e-15       2.802077705783e-16       2.928887343923e-17 
 1526       8.214550916766e-11       2.048453243031e-12       8.224841923704e-13       9.969333128078e-15       1.076443885679e-15       2.775977825367e-16       2.967521324084e-17 
 1527       8.172267860446e-11       2.062369006565e-12       8.369501884903e-13       9.958446058153e-15       1.073638123190e-15       2.749579508838e-16       3.005618239495e-17 
 1528       8.130023191146e-11       2.076329008127e-12       8.500776231480e-13       9.947521265104e-15       1.070841289756e-15       2.722896978908e-16       3.043177893866e-17 
 1529       8.087825739166e-11       2.090326837915e-12       8.618743603672e-13       9.936560181308e-15       1.068053357629e-15       2.695944536590e-16       3.080200099140e-17 
 1530       8.045684379093e-11       2.104356052235e-12       8.723483263148e-13       9.925564246705e-15       1.065274298679e-15       2.668736561334e-16       3.116684675517e-17 
 1531       8.003608029880e-11       2.118410173450e-12       8.815075094134e-13       9.914534908808e-15       1.062504084393e-15       2.641287511150e-16       3.152631451469e-17 
 1532       7.961605654912e-11       2.132482689920e-12       8.893599604547e-13       9.903473622720e-15       1.059742685874e-15       2.613611922742e-16       3.188040263759e-17 
 1533       7.919686262076e-11       2.146567055950e-12       8.959137927126e-13       9.892381851143e-15       1.056990073841e-15       2.585724411639e-16       3.222910957463e-17 
 1534       7.877858903838e-11       2.160656691736e-12       9.011771820559e-13       9.881261064390e-15       1.054246218628e-15       2.557639672321e-16       3.257243385984e-17 
 1535       7.836132677307e-11       2.174744983303e-12       9.051583670620e-13       9.870112740399e-15       1.051511090183e-15       2.529372478350e-16       3.291037411075e-17 
 1536       7.794516724310e-11       2.188825282455e-12       9.078656491293e-13       9.858938364745e-15       1.048784658068e-15       2.500937682503e-16       3.324292902856e-17 
 1537       7.753020231462e-11       2.202890906720e-12       9.093073925908e-13       9.847739430650e-15       1.046066891457e-15       2.472350216898e-16       3.357009739831e-17 
 1538       7.711652430237e-11       2.216935139289e-12       9.094920248269e-13       9.836517438997e-15       1.043357759134e-15       2.443625093127e-16       3.389187808912e-17 
 1539       7.670422597038e-11       2.230951228968e-12       9.084280363785e-13       9.825273898344e-15       1.040657229496e-15       2.414777402384e-16       3.420827005430e-17 
 1540       7.629340053269e-11       2.244932390114e-12       9.061239810603e-13       9.814010324930e-15       1.037965270550e-15       2.385822315593e-16       3.451927233161e-17 
 1541       7.588414165406e-11       2.258871802589e-12       9.025884760735e-13       9.802728242696e-15       1.035281849912e-15       2.356775083544e-16       3.482488404342e-17 
 1542       7.547654345068e-11       2.272762611695e-12       8.978302021192e-13       9.791429183291e-15       1.032606934807e-15       2.327651037016e-16       3.512510439689e-17 
 1543       7.507070049087e-11       2.286597928127e-12       8.918579035113e-13       9.780114686084e-15       1.029940492067e-15       2.298465586913e-16       3.541993268415e-17 
 1544       7.466670779579e-11       2.300370827911e-12       8.846803882895e-13       9.768786298180e-15       1.027282488131e-15       2.269234224389e-16       3.570936828252e-17 
 1545       7.426466084017e-11       2.314074352353e-12       8.763065283327e-13       9.757445574431e-15       1.024632889046e-15       2.239972520980e-16       3.599341065467e-17 
 1546       7.386465555299e-11       2.327701507979e-12       8.667452594717e-13       9.746094077446e-15       1.021991660462e-15       2.210696128734e-16       3.627205934883e-17 
 1547       7.346678831820e-11       2.341245266486e-12       8.560055816027e-13       9.734733377604e-15       1.019358767635e-15       2.181420780342e-16       3.654531399896e-17 
 1548       7.307115597546e-11       2.354698564679e-12       8.440965587998e-13       9.723365053070e-15       1.016734175424e-15       2.152162289264e-16       3.681317432492e-17 
 1549       7.267785582078e-11       2.368054304422e-12       8.310273194286e-13       9.711990689802e-15       1.014117848294e-15       2.122936549863e-16       3.707564013272e-17 
 1550       7.228698560731e-11       2.381305352577e-12       8.168070562591e-13       9.700611881565e-15       1.011509750308e-15       2.093759537535e-16       3.733271131464e-17 
 1551       7.189864354598e-11       2.394444540954e-12       8.014450265785e-13       9.689230229944e-15       1.008909845133e-15       2.064647308834e-16       3.758438784946e-17 
 1552       7.151292830628e-11       2.407464666252e-12       7.849505523048e-13       9.677847344358e-15       1.006318096037e-15       2.035616001607e-16       3.783066980261e-17 
 1553       7.112993901688e-11       2.420358490002e-12       7.673330200995e-13       9.666464842067e-15       1.003734465888e-15       2.006681835122e-16       3.807155732641e-17 
 1554       7.074977526643e-11       2.433118738518e-12       7.486018814807e-13       9.655084348189e-15       1.001158917151e-15       1.977861110199e-16       3.830705066022e-17 
 1555       7.037253710421e-11       2.445738102832e-12       7.287666529363e-13       9.643707495710e-15       9.985914118918e-16       1.949170209337e-16       3.853715013064e-17 
 1556       6.999832504085e-11       2.458209238649e-12       7.078369160371e-13       9.632335925497e-15       9.960319117730e-16       1.920625596847e-16       3.876185615167e-17 
 1557       6.962724004908e-11       2.470524766284e-12       6.858223175496e-13       9.620971286309e-15       9.934803780540e-16       1.892243818980e-16       3.898116922494e-17 
 1558       6.925937207682e-11       2.482677967047e-12       6.627341199772e-13       9.609615131708e-15       9.909367747238e-16       1.864039415169e-16       3.919509230713e-17 
 1559       6.889476546725e-11       2.494664879668e-12       6.385898688775e-13       9.598268609700e-15       9.884010779334e-16       1.836018630036e-16       3.940363793608e-17 
 1560       6.853345321552e-11       2.506482223443e-12       6.134087695917e-13       9.586932770203e-15       9.858732666507e-16       1.808185642608e-16       3.960682117198e-17 
 1561       6.817546842698e-11       2.518126703565e-12       5.872101409833e-13       9.575608667893e-15       9.833533195339e-16       1.780544649868e-16       3.980465723644e-17 
 1562       6.782084431729e-11       2.529595011100e-12       5.600134156273e-13       9.564297362211e-15       9.808412149310e-16       1.753099866787e-16       3.999716151286e-17 
 1563       6.746961421262e-11       2.540883822968e-12       5.318381400002e-13       9.552999917372e-15       9.783369308792e-16       1.725855526350e-16       4.018434954670e-17 
 1564       6.712181154974e-11       2.551989801920e-12       5.027039746699e-13       9.541717402368e-15       9.758404451044e-16       1.698815879581e-16       4.036623704579e-17 
 1565       6.677746987617e-11       2.562909596518e-12       4.726306944850e-13       9.530450890980e-15       9.733517350203e-16       1.671985195571e-16       4.054283988063e-17 
 1566       6.643662285036e-11       2.573639841112e-12       4.416381887645e-13       9.519201461783e-15       9.708707777279e-16       1.645367761503e-16       4.071417408471e-17 
 1567       6.609930424179e-11       2.584177155823e-12       4.097464614878e-13       9.507970198150e-15       9.683975500150e-16       1.618967882683e-16       4.088025585481e-17 
 1568       6.576554793112e-11       2.594518146518e-12       3.769756314839e-13       9.496758188266e-15       9.659320283553e-16       1.592789882561e-16       4.104110155129e-17 
 1569       6.543538791035e-11       2.604659404792e-12       3.433459326215e-13       9.485566525128e-15       9.634741889081e-16       1.566838102762e-16       4.119672769841e-17 
 1570       6.510885828295e-11       2.614597507942e-12       3.088777139985e-13       9.474396306557e-15       9.610240075173e-16       1.541116903110e-16       4.134715098462e-17 
 1571       6.478599326399e-11       2.624329018953e-12       2.735914401315e-13       9.463248635203e-15       9.585814597112e-16       1.515630661657e-16       4.149238826289e-17 
 1572       6.446682718031e-11       2.633850486471e-12       2.375076911458e-13       9.452124618553e-15       9.561465207013e-16       1.490383774708e-16       4.163245655100e-17 
 1573       6.415139447064e-11       2.643158444784e-12       2.006471629649e-13       9.441025368937e-15       9.537191653823e-16       1.465380656849e-16       4.176737303182e-17 
 1574       6.383972968574e-11       2.652249413803e-12       1.630306675002e-13       9.429952003537e-15       9.512993683312e-16       1.440625740971e-16       4.189715505365e-17 
 1575       6.353186748857e-11       2.661119899035e-12       1.246791328405e-13       9.418905644390e-15       9.488871038062e-16       1.416123478302e-16       4.202182013054e-17 
 1576       6.322784265439e-11       2.669766391571e-12       8.561360344214e-14       9.407887418403e-15       9.464823457471e-16       1.391878338426e-16       4.214138594252e-17 
 1577       6.292769007094e-11       2.678185368056e-12       4.585524031809e-14       9.396898457351e-15       9.440850677738e-16       1.367894809318e-16       4.225587033600e-17 
 1578       6.263144473854e-11       2.686373290672e-12       5.425321228037e-15       9.385939897889e-15       9.416952431858e-16       1.344177397365e-16       4.236529132398e-17 
 1579       6.233914177030e-11       2.694326607118e-12      -3.565475913211e-14       9.375012881561e-15       9.393128449620e-16       1.320730627395e-16       4.246966708644e-17 
 1580       6.205081639218e-11       2.702041750588e-12      -7.736348894049e-14       9.364118554803e-15       9.369378457598e-16       1.297559042702e-16       4.256901597058e-17 
 1581       6.176650394318e-11       2.709515139746e-12      -1.196792390597e-13       9.353258068950e-15       9.345702179143e-16       1.274667205076e-16       4.266335649117e-17 
 1582       6.148623987550e-11       2.716743178713e-12      -1.625802628469e-13       9.342432580247e-15       9.322099334378e-16       1.252059694826e-16       4.275270733083e-17 
 1583       6.121005975461e-11       2.723722257038e-12      -2.060446959645e-13       9.331643249853e-15       9.298569640195e-16       1.229741110809e-16       4.283708734033e-17 
 1584       6.093799925948e-11       2.730448749682e-12      -2.500505561902e-13       9.320891243851e-15       9.275112810244e-16       1.207716070455e-16       4.291651553891e-17 
 1585       6.067009418265e-11       2.736919016993e-12      -2.945757432275e-13       9.310177733251e-15       9.251728554927e-16       1.185989209796e-16       4.299101111460e-17 
 1586       6.040638043041e-11       2.743129404690e-12      -3.395980385156e-13       9.299503894000e-15       9.228416581397e-16       1.164565183491e-16       4.306059342446e-17 
 1587       6.014689402294e-11       2.749076243837e-12      -3.850951050404e-13       9.288870906988e-15       9.205176593544e-16       1.143448664853e-16       4.312528199498e-17 
 1588       5.989167109442e-11       2.754755850825e-12      -4.310444871445e-13       9.278279958056e-15       9.182008291996e-16       1.122644345875e-16       4.318509652229e-17 
 1589       5.964074789323e-11       2.760164527348e-12      -4.774236103372e-13       9.267732238004e-15       9.158911374106e-16       1.102156937259e-16       4.324005687253e-17 
 1590       5.939416078203e-11       2.765298560386e-12      -5.242097811055e-13       9.257228942596e-15       9.135885533953e-16       1.081991168441e-16       4.329018308213e-17 
 1591       5.915194623795e-11       2.770154222180e-12      -5.713801867237e-13       9.246771272566e-15       9.112930462328e-16       1.062151787618e-16       4.333549535813e-17 
 1592       5.891414085270e-11       2.774727770214e-12      -6.189118950644e-13       9.236360433630e-15       9.090045846734e-16       1.042643561772e-16       4.337601407844e-17 
 1593       5.868078133272e-11       2.779015447192e-12      -6.667818544083e-13       9.225997636488e-15       9.067231371377e-16       1.023471276703e-16       4.341175979220e-17 
 1594       5.845190449934e-11       2.783013481017e-12      -7.149668932550e-13       9.215684096836e-15       9.044486717157e-16       1.004639737050e-16       4.344275322006e-17 
 1595       5.822754728890e-11       2.786718084770e-12      -7.634437201328e-13       9.205421035367e-15       9.021811561669e-16       9.861537663203e-17       4.346901525447e-17 
 1596       5.800774675289e-11       2.790125456690e-12      -8.121889234094e-13       9.195209677785e-15       8.999205579190e-16       9.680182069158e-17       4.349056696004e-17 
 1597       5.779252961298e-11       2.793232574114e-12      -8.611798115777e-13       9.185051084466e-15       8.976668466417e-16       9.502359167464e-17       4.350743112222e-17 
 1598       5.758188082108e-11       2.796039583287e-12      -9.103969429132e-13       9.174945637737e-15       8.954200019949e-16       9.328017389469e-17       4.351963690865e-17 
 1599       5.737577471152e-11       2.798547431401e-12      -9.598216186117e-13       9.164893549919e-15       8.931800059503e-16       9.157084769738e-17       4.352721525114e-17 
 1600       5.717418541975e-11       2.800757074637e-12      -1.009435044266e-12       9.154895033234e-15       8.909468402231e-16       8.989488929380e-17       4.353019730150e-17 
 1601       5.697708688196e-11       2.802669478182e-12      -1.059218329718e-12       9.144950299813e-15       8.887204862713e-16       8.825157075369e-17       4.352861443188e-17 
 1602       5.678445283475e-11       2.804285616242e-12      -1.109152488904e-12       9.135059561686e-15       8.865009252956e-16       8.664015999868e-17       4.352249823519e-17 
 1603       5.659625681474e-11       2.805606472063e-12      -1.159218439710e-12       9.125223030788e-15       8.842881382382e-16       8.505992079558e-17       4.351188052544e-17 
 1604       5.641247215828e-11       2.806633037943e-12      -1.209397003818e-12       9.115440918955e-15       8.820821057833e-16       8.351011274960e-17       4.349679333815e-17 
 1605       5.623307200104e-11       2.807366315251e-12      -1.259668906557e-12       9.105713437923e-15       8.798828083554e-16       8.198999129761e-17       4.347726893068e-17 
 1606       5.605802927773e-11       2.807807314443e-12      -1.310014776751e-12       9.096040799328e-15       8.776902261199e-16       8.049880770137e-17       4.345333978267e-17 
 1607       5.588731672168e-11       2.807957055075e-12      -1.360415146574e-12       9.086423214706e-15       8.755043389819e-16       7.903580904084e-17       4.342503859636e-17 
 1608       5.572090686453e-11       2.807816565826e-12      -1.410850451392e-12       9.076860895489e-15       8.733251265859e-16       7.760023820734e-17       4.339239829701e-17 
 1609       5.555877203587e-11       2.807386884506e-12      -1.461301029621e-12       9.067354053008e-15       8.711525683153e-16       7.619133389687e-17       4.335545203325e-17 
 1610       5.540088436291e-11       2.806669058078e-12      -1.511747122571e-12       9.057902898489e-15       8.689866432918e-16       7.480833060333e-17       4.331423317746e-17 
 1611       5.524721577010e-11       2.805664142674e-12      -1.562168874299e-12       9.048507643055e-15       8.668273303750e-16       7.345045861180e-17       4.326877532618e-17 
 1612       5.509773797879e-11       2.804373203608e-12      -1.612546331457e-12       9.039168497720e-15       8.646746081621e-16       7.211694399174e-17       4.321911230044e-17 
 1613       5.495242250691e-11       2.802797315395e-12      -1.662859443142e-12       9.029885673395e-15       8.625284549867e-16       7.080700859026e-17       4.316527814617e-17 
 1614       5.481124066857e-11       2.800937561765e-12      -1.713088060747e-12       9.020659380883e-15       8.603888489192e-16       6.951987002542e-17       4.310730713456e-17 
 1615       5.467416357375e-11       2.798795035684e-12      -1.763211937812e-12       9.011489830877e-15       8.582557677654e-16       6.825474167939e-17       4.304523376245e-17 
 1616       5.454116212795e-11       2.796370839363e-12      -1.813210729868e-12       9.002377233964e-15       8.561291890668e-16       6.701083269177e-17       4.297909275269e-17 
 1617       5.441220703180e-11       2.793666084280e-12      -1.863063994296e-12       8.993321800618e-15       8.540090900996e-16       6.578734795282e-17       4.290891905455e-17 
 1618       5.428726878077e-11       2.790681891194e-12      -1.912751190168e-12       8.984323741204e-15       8.518954478741e-16       6.458348809669e-17       4.283474784407e-17 
 1619       5.416631766476e-11       2.787419390163e-12      -1.962251678103e-12       8.975383265975e-15       8.497882391347e-16       6.339844949470e-17       4.275661452444e-17 
 1620       5.404932376782e-11       2.783879720558e-12      -2.011544720112e-12       8.966500585070e-15       8.476874403589e-16       6.223142424857e-17       4.267455472637e-17 
 1621       5.393625696772e-11       2.780064031079e-12      -2.060609479453e-12       8.957675908517e-15       8.455930277571e-16       6.108160018368e-17       4.258860430851e-17 
 1622       5.382708693567e-11       2.775973479774e-12      -2.109425020477e-12       8.948909446227e-15       8.435049772720e-16       5.994816084232e-17       4.249879935777e-17 
 1623       5.372178313593e-11       2.771609234053e-12      -2.157970308479e-12       8.940201407998e-15       8.414232645778e-16       5.883028547692e-17       4.240517618973e-17 
 1624       5.362031482549e-11       2.766972470706e-12      -2.206224209548e-12       8.931552003511e-15       8.393478650804e-16       5.772714904332e-17       4.230777134903e-17 
 1625       5.352265105369e-11       2.762064375916e-12      -2.254165490416e-12       8.922961442328e-15       8.372787539160e-16       5.663792219404e-17       4.220662160970e-17 
 1626       5.342876066189e-11       2.756886145280e-12      -2.301772818311e-12       8.914429933897e-15       8.352159059514e-16       5.556177127147e-17       4.210176397559e-17 
 1627       5.333861228312e-11       2.751438983822e-12      -2.349024760801e-12       8.905957687545e-15       8.331592957829e-16       5.449785830119e-17       4.199323568071e-17 
 1628       5.325217434172e-11       2.745724106008e-12      -2.395899785651e-12       8.897544912478e-15       8.311088977361e-16       5.344534098516e-17       4.188107418963e-17 
 1629       5.316941505300e-11       2.739742735766e-12      -2.442376260666e-12       8.889191817784e-15       8.290646858655e-16       5.240337269499e-17       4.176531719785e-17 
 1630       5.309030242290e-11       2.733496106501e-12      -2.488432453546e-12       8.880898612428e-15       8.270266339535e-16       5.137110246523e-17       4.164600263217e-17 
 1631       5.301480424760e-11       2.726985461110e-12      -2.534046531732e-12       8.872665505254e-15       8.249947155104e-16       5.034767498656e-17       4.152316865108e-17 
 1632       5.294288811324e-11       2.720212051999e-12      -2.579196562260e-12       8.864492704980e-15       8.229689037736e-16       4.933223059906e-17       4.139685364512e-17 
 1633       5.287452139549e-11       2.713177141098e-12      -2.623860511607e-12       8.856380420204e-15       8.209491717073e-16       4.832390528548e-17       4.126709623729e-17 
 1634       5.280967125928e-11       2.705881999882e-12      -2.668016245542e-12       8.848328859396e-15       8.189354920019e-16       4.732183066447e-17       4.113393528338e-17 
 1635       5.274830465838e-11       2.698327909380e-12      -2.711641528978e-12       8.840338230900e-15       8.169278370731e-16       4.632513398383e-17       4.099740987240e-17 
 1636       5.269038414846e-11       2.690516611429e-12      -2.754716380460e-12       8.832408609308e-15       8.149261811924e-16       4.533309506881e-17       4.085755832079e-17 
 1637       5.263585528583e-11       2.682451666799e-12      -2.797230158968e-12       8.824539533267e-15       8.129305068968e-16       4.434561871547e-17       4.071441514453e-17 
 1638       5.258465911531e-11       2.674137109244e-12      -2.839174540193e-12       8.816730404073e-15       8.109407986348e-16       4.336276650828e-17       4.056801406073e-17 
 1639       5.253673634607e-11       2.665576995408e-12      -2.880541167597e-12       8.808980618962e-15       8.089570406413e-16       4.238460024874e-17       4.041838899164e-17 
 1640       5.249202735114e-11       2.656775404860e-12      -2.921321652375e-12       8.801289571105e-15       8.069792169372e-16       4.141118195565e-17       4.026557406493e-17 
 1641       5.245047216686e-11       2.647736440134e-12      -2.961507573403e-12       8.793656649603e-15       8.050073113285e-16       4.044257386545e-17       4.010960361407e-17 
 1642       5.241201049232e-11       2.638464226764e-12      -3.001090477201e-12       8.786081239475e-15       8.030413074064e-16       3.947883843244e-17       3.995051217865e-17 
 1643       5.237658168885e-11       2.628962913319e-12      -3.040061877881e-12       8.778562721655e-15       8.010811885469e-16       3.852003832910e-17       3.978833450470e-17 
 1644       5.234412477946e-11       2.619236671440e-12      -3.078413257109e-12       8.771100472987e-15       7.991269379098e-16       3.756623644635e-17       3.962310554505e-17 
 1645       5.231457844834e-11       2.609289695879e-12      -3.116136064055e-12       8.763693866211e-15       7.971785384391e-16       3.661749589385e-17       3.945486045963e-17 
 1646       5.228788104026e-11       2.599126204532e-12      -3.153221715353e-12       8.756342269964e-15       7.952359728619e-16       3.567388000028e-17       3.928363461582e-17 
 1647       5.226397056012e-11       2.588750438477e-12      -3.189661595050e-12       8.749045048768e-15       7.932992236884e-16       3.473545231362e-17       3.910946358879e-17 
 1648       5.224278467233e-11       2.578166662011e-12      -3.225447054570e-12       8.741801563025e-15       7.913682732113e-16       3.380227660143e-17       3.893238316181e-17 
 1649       5.222426070031e-11       2.567379162686e-12      -3.260569412662e-12       8.734611169009e-15       7.894431035054e-16       3.287441685113e-17       3.875242932659e-17 
 1650       5.220833562597e-11       2.556392251344e-12      -3.295019955359e-12       8.727473218862e-15       7.875236964274e-16       3.195193727029e-17       3.856963828364e-17 
 1651       5.219494608915e-11       2.545210262159e-12      -3.328789935931e-12       8.720387060585e-15       7.856100336151e-16       3.103490228691e-17       3.838404644256e-17 
 1652       5.218402838708e-11       2.533837552663e-12      -3.361870574843e-12       8.713352038028e-15       7.837020964873e-16       3.012337654970e-17       3.819569042239e-17 
 1653       5.217551847385e-11       2.522278503795e-12      -3.394253059709e-12       8.706367490891e-15       7.817998662433e-16       2.921742492837e-17       3.800460705197e-17 
 1654       5.216935195988e-11       2.510537519927e-12      -3.425928545247e-12       8.699432754710e-15       7.799033238624e-16       2.831711251391e-17       3.781083337021e-17 
 1655       5.216546411138e-11       2.498619028906e-12      -3.456888153235e-12       8.692547160853e-15       7.780124501037e-16       2.742250461885e-17       3.761440662648e-17 
 1656       5.216378984979e-11       2.486527482092e-12      -3.487122972467e-12       8.685710036512e-15       7.761272255055e-16       2.653366677759e-17       3.741536428092e-17 
 1657       5.216426375130e-11       2.474267354387e-12      -3.516624058706e-12       8.678920704699e-15       7.742476303849e-16       2.565066474664e-17       3.721374400478e-17 
 1658       5.216682004624e-11       2.461843144279e-12      -3.545382434641e-12       8.672178484235e-15       7.723736448374e-16       2.477356450492e-17       3.700958368073e-17 
 1659       5.217139261860e-11       2.449259373877e-12      -3.573389089844e-12       8.665482689746e-15       7.705052487365e-16       2.390243225404e-17       3.680292140321e-17 
 1660       5.217791500547e-11       2.436520588942e-12      -3.600634980721e-12       8.658832631656e-15       7.686424217334e-16       2.303733441859e-17       3.659379547878e-17 
 1661       5.218632039651e-11       2.423631358931e-12      -3.627111030472e-12       8.652227616179e-15       7.667851432565e-16       2.217833764642e-17       3.638224442640e-17 
 1662       5.219654163339e-11       2.410596277030e-12      -3.652808129044e-12       8.645666945311e-15       7.649333925108e-16       2.132550880890e-17       3.616830697784e-17 
 1663       5.220851120930e-11       2.397419960190e-12      -3.677717133085e-12       8.639149916828e-15       7.630871484778e-16       2.047891500124e-17       3.595202207793e-17 
 1664       5.222216126837e-11       2.384107049162e-12      -3.701828865902e-12       8.632675824272e-15       7.612463899150e-16       1.963862354273e-17       3.573342888495e-17 
 1665       5.223742360514e-11       2.370662208538e-12      -3.725134117417e-12       8.626243956952e-15       7.594110953553e-16       1.880470197709e-17       3.551256677092e-17 
 1666       5.225422966405e-11       2.357090126785e-12      -3.747623644117e-12       8.619853599929e-15       7.575812431067e-16       1.797721807266e-17       3.528947532200e-17 
 1667       5.227251053887e-11       2.343395516281e-12      -3.769288169017e-12       8.613504034015e-15       7.557568112521e-16       1.715623982276e-17       3.506419433872e-17 
 1668       5.229219697219e-11       2.329583113351e-12      -3.790118381608e-12       8.607194535767e-15       7.539377776485e-16       1.634183544594e-17       3.483676383642e-17 
 1669       5.231321935487e-11       2.315657678305e-12      -3.810104937818e-12       8.600924377472e-15       7.521241199270e-16       1.553407338627e-17       3.460722404551e-17 
 1670       5.233550772549e-11       2.301623995475e-12      -3.829238459965e-12       8.594692827151e-15       7.503158154919e-16       1.473302231362e-17       3.437561541181e-17 
 1671       5.235899176985e-11       2.287486873249e-12      -3.847509536710e-12       8.588499148543e-15       7.485128415208e-16       1.393875112392e-17       3.414197859693e-17 
 1672       5.238360082038e-11       2.273251144110e-12      -3.864908723018e-12       8.582342601103e-15       7.467151749638e-16       1.315132893950e-17       3.390635447854e-17 
 1673       5.240926385568e-11       2.258921664670e-12      -3.881426540108e-12       8.576222439995e-15       7.449227925432e-16       1.237082510932e-17       3.366878415075e-17 
 1674       5.243590949988e-11       2.244503315709e-12      -3.897053475411e-12       8.570137916082e-15       7.431356707534e-16       1.159730920927e-17       3.342930892442e-17 
 1675       5.246346908686e-11       2.230000925254e-12      -3.911782336338e-12       8.564088246587e-15       7.413537876336e-16       1.083087084703e-17       3.318796716487e-17 
 1676       5.249188588286e-11       2.215419037017e-12      -3.925615334156e-12       8.558072526785e-15       7.395771281060e-16       1.007167926528e-17       3.294478477419e-17 
 1677       5.252110594331e-11       2.200762140007e-12      -3.938557061897e-12       8.552089817526e-15       7.378056786839e-16       9.319924259678e-18       3.269978462646e-17 
 1678       5.255107505509e-11       2.186034745337e-12      -3.950612146221e-12       8.546139174490e-15       7.360394257014e-16       8.575796422648e-18       3.245298972300e-17 
 1679       5.258173873613e-11       2.171241386254e-12      -3.961785247470e-12       8.540219648179e-15       7.342783553137e-16       7.839487144537e-18       3.220442319263e-17 
 1680       5.261304223498e-11       2.156386618176e-12      -3.972081059724e-12       8.534330283911e-15       7.325224534961e-16       7.111188614727e-18       3.195410829180e-17 
 1681       5.264493053042e-11       2.141475018722e-12      -3.981504310858e-12       8.528470121811e-15       7.307717060442e-16       6.391093822769e-18       3.170206840483e-17 
 1682       5.267734833106e-11       2.126511187749e-12      -3.990059762595e-12       8.522638196802e-15       7.290260985734e-16       5.679396559509e-18       3.144832704409e-17 
 1683       5.271024007492e-11       2.111499747380e-12      -3.997752210566e-12       8.516833538599e-15       7.272856165184e-16       4.976291418222e-18       3.119290785020e-17 
 1684       5.274354992902e-11       2.096445342041e-12      -4.004586484365e-12       8.511055171696e-15       7.255502451330e-16       4.281973795736e-18       3.093583459222e-17 
 1685       5.277722178902e-11       2.081352638493e-12      -4.010567447601e-12       8.505302115365e-15       7.238199694898e-16       3.596639893566e-18       3.067713116787e-17 
 1686       5.281119927873e-11       2.066226325866e-12      -4.015699997960e-12       8.499573383642e-15       7.220947744797e-16       2.920486719040e-18       3.041682160369e-17 
 1687       5.284542574980e-11       2.051071115690e-12      -4.019989067257e-12       8.493867985322e-15       7.203746448118e-16       2.253712086430e-18       3.015493005529e-17 
 1688       5.287984428123e-11       2.035891741932e-12      -4.023439621492e-12       8.488184923949e-15       7.186595650129e-16       1.596514618080e-18       2.989148080749e-17 
 1689       5.291439767902e-11       2.020692961023e-12      -4.026056660909e-12       8.482523197809e-15       7.169495194273e-16       9.490937455343e-19       2.962649827455e-17 
 1690       5.294902847574e-11       2.005479551900e-12      -4.027845220047e-12       8.476881799924e-15       7.152444922160e-16       3.116497106703e-19       2.936000700036e-17 
 1691       5.298367893014e-11       1.990256316030e-12      -4.028810367802e-12       8.471259718037e-15       7.135444673571e-16      -3.156164331759e-19       2.909203165865e-17 
 1692       5.301829102672e-11       1.975028077450e-12      -4.028957207477e-12       8.465655934613e-15       7.118494286451e-16      -9.325028200785e-19       2.882259705316e-17 
 1693       5.305280647534e-11       1.959799682796e-12      -4.028290876844e-12       8.460069426822e-15       7.101593596901e-16      -1.538806770393e-18       2.855172811785e-17 
 1694       5.308716671082e-11       1.944576001339e-12      -4.026816548195e-12       8.454499166539e-15       7.084742439185e-16      -2.134324789629e-18       2.827944991712e-17 
 1695       5.312131289251e-11       1.929361925015e-12      -4.024539428398e-12       8.448944120329e-15       7.067940645718e-16      -2.718852567317e-18       2.800578764596e-17 
 1696       5.315518590392e-11       1.914162368464e-12      -4.021464758959e-12       8.443403249445e-15       7.051188047063e-16      -3.292184975882e-18       2.773076663020e-17 
 1697       5.318872635229e-11       1.898982269054e-12      -4.017597816069e-12       8.437875509813e-15       7.034484471935e-16      -3.854116069514e-18       2.745441232666e-17 
 1698       5.322187456817e-11       1.883826586925e-12      -4.012943910669e-12       8.432359852030e-15       7.017829747189e-16      -4.404439083040e-18       2.717675032338e-17 
 1699       5.325457060506e-11       1.868700305012e-12      -4.007508388498e-12       8.426855221355e-15       7.001223697821e-16      -4.942946430791e-18       2.689780633979e-17 
 1700       5.328675423895e-11       1.853608429087e-12      -4.001296630155e-12       8.421360557695e-15       6.984666146966e-16      -5.469429705476e-18       2.661760622695e-17 
 1701       5.331836496796e-11       1.838555987784e-12      -3.994314051151e-12       8.415874795606e-15       6.968156915890e-16      -5.983679677052e-18       2.633617596769e-17 
 1702       5.334934201191e-11       1.823548032639e-12      -3.986566101969e-12       8.410396864276e-15       6.951695823989e-16      -6.485486291596e-18       2.605354167687e-17 
 1703       5.337962431192e-11       1.808589638120e-12      -3.978058268113e-12       8.404925687524e-15       6.935282688789e-16      -6.974638670172e-18       2.576972960150e-17 
 1704       5.340915053000e-11       1.793685901661e-12      -3.968796070174e-12       8.399460183788e-15       6.918917325936e-16      -7.450925107706e-18       2.548476612102e-17 
 1705       5.343785904865e-11       1.778841943693e-12      -3.958785063876e-12       8.393999266117e-15       6.902599549198e-16      -7.914133071856e-18       2.519867774744e-17 
 1706       5.346568797045e-11       1.764062907681e-12      -3.948030840139e-12       8.388541842165e-15       6.886329170460e-16      -8.364049201879e-18       2.491149112557e-17 
 1707       5.349257511765e-11       1.749353960154e-12      -3.936539025131e-12       8.383086814180e-15       6.870105999717e-16      -8.800459307508e-18       2.462323303318e-17 
 1708       5.351845803179e-11       1.734720290739e-12      -3.924315280326e-12       8.377633078999e-15       6.853929845079e-16      -9.223148367817e-18       2.433393038124e-17 
 1709       5.354327397324e-11       1.720167112197e-12      -3.911365302559e-12       8.372179528037e-15       6.837800512760e-16      -9.631900530097e-18       2.404361021408e-17 
 1710       5.356695992087e-11       1.705699660451e-12      -3.897694824083e-12       8.366725047280e-15       6.821717807075e-16      -1.002649910872e-17       2.375229970964e-17 
 1711       5.358945257157e-11       1.691323194622e-12      -3.883309612623e-12       8.361268517278e-15       6.805681530444e-16      -1.040672658402e-17       2.346002617958e-17 
 1712       5.361068833989e-11       1.677042997065e-12      -3.868215471434e-12       8.355808813136e-15       6.789691483379e-16      -1.077236460115e-17       2.316681706957e-17 
 1713       5.363060335761e-11       1.662864373396e-12      -3.852418239357e-12       8.350344804505e-15       6.773747464487e-16      -1.112319396897e-17       2.287269995942e-17 
 1714       5.364914065829e-11       1.648792174186e-12      -3.835924897352e-12       8.344875429968e-15       6.757849285343e-16      -1.145902502481e-17       2.257770309672e-17 
 1715       5.366627179870e-11       1.634829355493e-12      -3.818746898327e-12       8.339399920900e-15       6.741996815257e-16      -1.177978901461e-17       2.228185700216e-17 
 1716       5.368197542113e-11       1.620978406104e-12      -3.800896865849e-12       8.333917579504e-15       6.726189936883e-16      -1.208544749058e-17       2.198519287828e-17 
 1717       5.369623008512e-11       1.607241824783e-12      -3.782387490342e-12       8.328427704586e-15       6.710428531371e-16      -1.237596201627e-17       2.168774207755e-17 
 1718       5.370901426733e-11       1.593622120279e-12      -3.763231529190e-12       8.322929591545e-15       6.694712478367e-16      -1.265129416662e-17       2.138953610258e-17 
 1719       5.372030636143e-11       1.580121811344e-12      -3.743441806840e-12       8.317422532376e-15       6.679041656007e-16      -1.291140552811e-17       2.109060660634e-17 
 1720       5.373008467799e-11       1.566743426743e-12      -3.723031214900e-12       8.311905815657e-15       6.663415940917e-16      -1.315625769883e-17       2.079098539239e-17 
 1721       5.373832744440e-11       1.553489505271e-12      -3.702012712242e-12       8.306378726550e-15       6.647835208208e-16      -1.338581228865e-17       2.049070441506e-17 
 1722       5.374501280469e-11       1.540362595764e-12      -3.680399325101e-12       8.300840546791e-15       6.632299331475e-16      -1.360003091928e-17       2.018979577973e-17 
 1723       5.375011881946e-11       1.527365257114e-12      -3.658204147180e-12       8.295290554691e-15       6.616808182795e-16      -1.379887522438e-17       1.988829174300e-17 
 1724       5.375362346579e-11       1.514500058283e-12      -3.635440339747e-12       8.289728025122e-15       6.601361632720e-16      -1.398230684970e-17       1.958622471293e-17 
 1725       5.375550463705e-11       1.501769578316e-12      -3.612121131741e-12       8.284152229522e-15       6.585959550279e-16      -1.415028745320e-17       1.928362724926e-17 
 1726       5.375574014289e-11       1.489176406353e-12      -3.588259819865e-12       8.278562435883e-15       6.570601802972e-16      -1.430277870510e-17       1.898053206360e-17 
 1727       5.375430770903e-11       1.476723141647e-12      -3.563869768698e-12       8.272957908747e-15       6.555288256771e-16      -1.443974228804e-17       1.867697201970e-17 
 1728       5.375118497723e-11       1.464412393574e-12      -3.538964410786e-12       8.267337909204e-15       6.540018776110e-16      -1.456113989720e-17       1.837298013364e-17 
 1729       5.374634950509e-11       1.452246781647e-12      -3.513557246751e-12       8.261701694883e-15       6.524793223893e-16      -1.466693324035e-17       1.806858957402e-17 
 1730       5.373977876604e-11       1.440228935530e-12      -3.487661845385e-12       8.256048519950e-15       6.509611461480e-16      -1.475708403804e-17       1.776383366225e-17 
 1731       5.373145014913e-11       1.428361495055e-12      -3.461291843758e-12       8.250377635101e-15       6.494473348694e-16      -1.483155402364e-17       1.745874587271e-17 
 1732       5.372134095899e-11       1.416647110230e-12      -3.434460947315e-12       8.244688287557e-15       6.479378743809e-16      -1.489030494349e-17       1.715335983297e-17 
 1733       5.370942841568e-11       1.405088441255e-12      -3.407182929977e-12       8.238979721060e-15       6.464327503556e-16      -1.493329855701e-17       1.684770932405e-17 
 1734       5.369568965458e-11       1.393688158537e-12      -3.379471634244e-12       8.233251175868e-15       6.449319483113e-16      -1.496049663678e-17       1.654182828061e-17 
 1735       5.368010172628e-11       1.382448942704e-12      -3.351340971297e-12       8.227501888748e-15       6.434354536109e-16      -1.497186096869e-17       1.623575079118e-17 
 1736       5.366264159649e-11       1.371373484614e-12      -3.322804921096e-12       8.221731092973e-15       6.419432514615e-16      -1.496735335203e-17       1.592951109836e-17 
 1737       5.364328614589e-11       1.360464485376e-12      -3.293877532481e-12       8.215938018316e-15       6.404553269143e-16      -1.494693559958e-17       1.562314359905e-17 
 1738       5.362201217005e-11       1.349724656356e-12      -3.264572923278e-12       8.210121891045e-15       6.389716648648e-16      -1.491056953778e-17       1.531668284468e-17 
 1739       5.359879637928e-11       1.339156719197e-12      -3.234905280395e-12       8.204281933917e-15       6.374922500518e-16      -1.485821700677e-17       1.501016354144e-17 
 1740       5.357361539858e-11       1.328763405827e-12      -3.204888859926e-12       8.198417366175e-15       6.360170670575e-16      -1.478983986056e-17       1.470362055043e-17 
 1741       5.354644576745e-11       1.318547458479e-12      -3.174537987251e-12       8.192527403540e-15       6.345461003073e-16      -1.470539996708e-17       1.439708888798e-17 
 1742       5.351726393984e-11       1.308511629699e-12      -3.143867057135e-12       8.186611258211e-15       6.330793340695e-16      -1.460485920837e-17       1.409060372578e-17 
 1743       5.348604628399e-11       1.298658682363e-12      -3.112890533836e-12       8.180668138854e-15       6.316167524546e-16      -1.448817948060e-17       1.378420039115e-17 
 1744       5.345276908237e-11       1.288991389688e-12      -3.081622951199e-12       8.174697250598e-15       6.301583394157e-16      -1.435532269426e-17       1.347791436725e-17 
 1745       5.341740853151e-11       1.279512535249e-12      -3.050078912759e-12       8.168697795036e-15       6.287040787477e-16      -1.420625077422e-17       1.317178129329e-17 
 1746       5.337994074193e-11       1.270224912990e-12      -3.018273091845e-12       8.162668970210e-15       6.272539540872e-16      -1.404092565984e-17       1.286583696474e-17 
 1747       5.334034173802e-11       1.261131327239e-12      -2.986220231677e-12       8.156609970616e-15       6.258079489122e-16      -1.385930930514e-17       1.256011733359e-17 
 1748       5.329858745791e-11       1.252234592721e-12      -2.953935145470e-12       8.150519987190e-15       6.243660465421e-16      -1.366136367882e-17       1.225465850851e-17 
 1749       5.325465375336e-11       1.243537534572e-12      -2.921432716536e-12       8.144398207310e-15       6.229282301369e-16      -1.344705076445e-17       1.194949675511e-17 
 1750       5.320851638967e-11       1.235042988351e-12      -2.888727898381e-12       8.138243814786e-15       6.214944826972e-16      -1.321633256053e-17       1.164466849617e-17 
 1751       5.316015104554e-11       1.226753800059e-12      -2.855835714809e-12       8.132055989858e-15       6.200647870642e-16      -1.296917108062e-17       1.134021031181e-17 
 1752       5.310953331299e-11       1.218672826144e-12      -2.822771260024e-12       8.125833909190e-15       6.186391259189e-16      -1.270552835347e-17       1.103615893975e-17 
 1753       5.305664537320e-11       1.210802367928e-12      -2.789549197084e-12       8.119576866604e-15       6.172174830351e-16      -1.242541070902e-17       1.073254872252e-17 
 1754       5.300149608529e-11       1.203142469675e-12      -2.756182248490e-12       8.113284636404e-15       6.157998470497e-16      -1.212900204053e-17       1.042940392537e-17 
 1755       5.294410106502e-11       1.195692606340e-12      -2.722682693202e-12       8.106957113075e-15       6.143862077232e-16      -1.181653165506e-17       1.012674635469e-17 
 1756       5.288447602416e-11       1.188452247866e-12      -2.689062867218e-12       8.100594190817e-15       6.129765546894e-16      -1.148823009032e-17       9.824597905292e-18 
 1757       5.282263677064e-11       1.181420859178e-12      -2.655335163659e-12       8.094195763549e-15       6.115708774552e-16      -1.114432911651e-17       9.522980560506e-18 
 1758       5.275859920872e-11       1.174597900171e-12      -2.621512032847e-12       8.087761724902e-15       6.101691654006e-16      -1.078506173814e-17       9.221916392329e-18 
 1759       5.269237933909e-11       1.167982825705e-12      -2.587605982392e-12       8.081291968224e-15       6.087714077779e-16      -1.041066219590e-17       8.921427561536e-18 
 1760       5.262399325907e-11       1.161575085594e-12      -2.553629577267e-12       8.074786386576e-15       6.073775937119e-16      -1.002136596850e-17       8.621536317792e-18 
 1761       5.255345716271e-11       1.155374124600e-12      -2.519595439895e-12       8.068244872734e-15       6.059877121998e-16      -9.617409774476e-18       8.322264999780e-18 
 1762       5.248078734098e-11       1.149379382421e-12      -2.485516250228e-12       8.061667319190e-15       6.046017521104e-16      -9.199031574055e-18       8.023636035316e-18 
 1763       5.240600018189e-11       1.143590293687e-12      -2.451404745827e-12       8.055053618145e-15       6.032197021847e-16      -8.766470570988e-18       7.725671941470e-18 
 1764       5.232911217067e-11       1.138006287947e-12      -2.417273721949e-12       8.048403661516e-15       6.018415510346e-16      -8.319967214385e-18       7.428395324681e-18 
 1765       5.225013988987e-11       1.132626789666e-12      -2.383136031623e-12       8.041717340933e-15       6.004672871439e-16      -7.859763200558e-18       7.131828880885e-18 
 1766       5.216910001953e-11       1.127451218210e-12      -2.349004585733e-12       8.034994547736e-15       5.990968988669e-16      -7.386101474858e-18       6.835995395625e-18 
 1767       5.208600933737e-11       1.122478987843e-12      -2.314892353101e-12       8.028235172979e-15       5.977303744292e-16      -6.899226233515e-18       6.540917744177e-18 
 1768       5.200088471886e-11       1.117709507718e-12      -2.280812360568e-12       8.021439107428e-15       5.963677019266e-16      -6.399382925473e-18       6.246618891667e-18 
 1769       5.191374313743e-11       1.113142181864e-12      -2.246777693075e-12       8.014606241558e-15       5.950088693255e-16      -5.886818254235e-18       5.953121893188e-18 
 1770       5.182460166459e-11       1.108776409184e-12      -2.212801493745e-12       8.007736465555e-15       5.936538644623e-16      -5.361780179696e-18       5.660449893924e-18 
 1771       5.173347747008e-11       1.104611583441e-12      -2.178896963965e-12       8.000829669318e-15       5.923026750434e-16      -4.824517919984e-18       5.368626129265e-18 
 1772       5.164038782203e-11       1.100647093254e-12      -2.145077363465e-12       7.993885742455e-15       5.909552886449e-16      -4.275281953302e-18       5.077673924930e-18 
 1773       5.154535008709e-11       1.096882322086e-12      -2.111356010403e-12       7.986904574281e-15       5.896116927123e-16      -3.714324019760e-18       4.787616697083e-18 
 1774       5.144838173060e-11       1.093316648238e-12      -2.077746281446e-12       7.979886053823e-15       5.882718745604e-16      -3.141897123220e-18       4.498477952454e-18 
 1775       5.134950031673e-11       1.089949444840e-12      -2.044261611849e-12       7.972830069818e-15       5.869358213728e-16      -2.558255533131e-18       4.210281288460e-18 
 1776       5.124872350860e-11       1.086780079842e-12      -2.010915495539e-12       7.965736510708e-15       5.856035202022e-16      -1.963654786371e-18       3.923050393320e-18 
 1777       5.114606906847e-11       1.083807916005e-12      -1.977721485196e-12       7.958605264646e-15       5.842749579695e-16      -1.358351689082e-18       3.636809046178e-18 
 1778       5.104155485788e-11       1.081032310895e-12      -1.944693192333e-12       7.951436219491e-15       5.829501214642e-16      -7.426043185121e-19       3.351581117223e-18 
 1779       5.093519883776e-11       1.078452616873e-12      -1.911844287381e-12       7.944229262812e-15       5.816289973438e-16      -1.166720248518e-19       3.067390567803e-18 
 1780       5.082701906862e-11       1.076068181085e-12      -1.879188499767e-12       7.936984281882e-15       5.803115721336e-16       5.191845669251e-19       2.784261450551e-18 
 1781       5.071703371070e-11       1.073878345458e-12      -1.846739617997e-12       7.929701163683e-15       5.789978322265e-16       1.164703555224e-18       2.502217909499e-18 
 1782       5.060526102407e-11       1.071882446686e-12      -1.814511489738e-12       7.922379794901e-15       5.776877638830e-16       1.819621759991e-18       2.221284180200e-18 
 1783       5.049171936885e-11       1.070079816227e-12      -1.782518021900e-12       7.915020061930e-15       5.763813532307e-16       2.483674720871e-18       1.941484589849e-18 
 1784       5.037642720527e-11       1.068469780290e-12      -1.750773180714e-12       7.907621850870e-15       5.750785862641e-16       3.156596695375e-18       1.662843557398e-18 
 1785       5.025940309392e-11       1.067051659830e-12      -1.719290991820e-12       7.900185047523e-15       5.737794488444e-16       3.838120657035e-18       1.385385593677e-18 
 1786       5.014066569579e-11       1.065824770537e-12      -1.688085540342e-12       7.892709537399e-15       5.724839266995e-16       4.527978293569e-18       1.109135301516e-18 
 1787       5.002023377251e-11       1.064788422830e-12      -1.657170970974e-12       7.885195205711e-15       5.711920054233e-16       5.225900005040e-18       8.341173758613e-19 
 1788       4.989812618645e-11       1.063941921846e-12      -1.626561488058e-12       7.877641937376e-15       5.699036704759e-16       5.931614902020e-18       5.603566038947e-19 
 1789       4.977436190087e-11       1.063284567435e-12      -1.596271355670e-12       7.870049617015e-15       5.686189071833e-16       6.644850803749e-18       2.878778651550e-19 
 1790       4.964895998009e-11       1.062815654146e-12      -1.566314897698e-12       7.862418128953e-15       5.673377007370e-16       7.365334236295e-18       1.670613165599e-20 
 1791       4.952193958961e-11       1.062534471227e-12      -1.536706497923e-12       7.854747357215e-15       5.660600361937e-16       8.092790430718e-18      -2.531335319941e-19 
 1792       4.939332274577e-11       1.062439971145e-12      -1.507459068615e-12       7.847037279114e-15       5.647858995419e-16       8.826924419439e-18      -5.216168771943e-19 
 1793       4.926314258882e-11       1.062529772237e-12      -1.478579442467e-12       7.839288246824e-15       5.635152809095e-16       9.567364160259e-18      -7.887232055081e-19 
 1794       4.913143517773e-11       1.062801147903e-12      -1.450072943194e-12       7.831500708101e-15       5.622481713818e-16       1.031371694424e-17      -1.054432656595e-18 
 1795       4.899823674701e-11       1.063251357306e-12      -1.421944913629e-12       7.823675112914e-15       5.609845619370e-16       1.106558825278e-17      -1.318725301432e-18 
 1796       4.886358370702e-11       1.063877645354e-12      -1.394200715747e-12       7.815811913449e-15       5.597244434464e-16       1.182258175510e-17      -1.581581142225e-18 
 1797       4.872751264418e-11       1.064677242678e-12      -1.366845730693e-12       7.807911564112e-15       5.584678066739e-16       1.258429930567e-17      -1.842980112328e-18 
 1798       4.859006032126e-11       1.065647365611e-12      -1.339885358801e-12       7.799974521529e-15       5.572146422757e-16       1.335034094168e-17      -2.102902076153e-18 
 1799       4.845126367758e-11       1.066785216168e-12      -1.313325019623e-12       7.792001244552e-15       5.559649408007e-16       1.412030488049e-17      -2.361326829088e-18 
 1800       4.831115982932e-11       1.068087982024e-12      -1.287170151952e-12       7.783992194263e-15       5.547186926896e-16       1.489378751707e-17      -2.618234097410e-18 
 1801       4.816978606972e-11       1.069552836494e-12      -1.261426213843e-12       7.775947833975e-15       5.534758882753e-16       1.567038342151e-17      -2.873603538201e-18 
 1802       4.802717986937e-11       1.071176938512e-12      -1.236098682644e-12       7.767868629234e-15       5.522365177824e-16       1.644968533639e-17      -3.127414739261e-18 
 1803       4.788337887641e-11       1.072957432611e-12      -1.211193055014e-12       7.759755047827e-15       5.510005713269e-16       1.723128417432e-17      -3.379647219023e-18 
 1804       4.773842091685e-11       1.074891448900e-12      -1.186714846951e-12       7.751607559779e-15       5.497680389164e-16       1.801476901533e-17      -3.630280426467e-18 
 1805       4.759234399477e-11       1.076976103047e-12      -1.162669593815e-12       7.743426637362e-15       5.485389104496e-16       1.879972710436e-17      -3.879293741038e-18 
 1806       4.744518629257e-11       1.079208496255e-12      -1.139062850355e-12       7.735212755092e-15       5.473131757163e-16       1.958574384871e-17      -4.126666472555e-18 
 1807       4.729698617125e-11       1.081585715240e-12      -1.115900190726e-12       7.726966389739e-15       5.460908243969e-16       2.037240281550e-17      -4.372377861132e-18 
 1808       4.714778217064e-11       1.084104832216e-12      -1.093187208525e-12       7.718688020323e-15       5.448718460628e-16       2.115928572910e-17      -4.616407077087e-18 
 1809       4.699761300966e-11       1.086762904867e-12      -1.070929516802e-12       7.710378128124e-15       5.436562301754e-16       2.194597246862e-17      -4.858733220859e-18 
 1810       4.684651758656e-11       1.089556976332e-12      -1.049132748098e-12       7.702037196678e-15       5.424439660868e-16       2.273204106534e-17      -5.099335322923e-18 
 1811       4.669453497919e-11       1.092484075181e-12      -1.027802554456e-12       7.693665711787e-15       5.412350430389e-16       2.351706770017e-17      -5.338192343704e-18 
 1812       4.654170444523e-11       1.095541215396e-12      -1.006944607457e-12       7.685264161517e-15       5.400294501636e-16       2.430062670112e-17      -5.575283173492e-18 
 1813       4.638806542244e-11       1.098725396348e-12      -9.865645982372e-13       7.676833036205e-15       5.388271764823e-16       2.508229054073e-17      -5.810586632357e-18 
 1814       4.623365752894e-11       1.102033602779e-12      -9.666682375140e-13       7.668372828458e-15       5.376282109063e-16       2.586162983356e-17      -6.044081470061e-18 
 1815       4.607852056342e-11       1.105462804779e-12      -9.472612556115e-13       7.659884033160e-15       5.364325422358e-16       2.663821333360e-17      -6.275746365975e-18 
 1816       4.592269450542e-11       1.109009957766e-12      -9.283494024841e-13       7.651367147473e-15       5.352401591605e-16       2.741160793178e-17      -6.505559928995e-18 
 1817       4.576621951558e-11       1.112672002464e-12      -9.099384477408e-13       7.642822670839e-15       5.340510502588e-16       2.818137865336e-17      -6.733500697452e-18 
 1818       4.560913593587e-11       1.116445864886e-12      -8.920341806698e-13       7.634251104987e-15       5.328652039978e-16       2.894708865544e-17      -6.959547139033e-18 
 1819       4.545148428986e-11       1.120328456308e-12      -8.746424102626e-13       7.625652953934e-15       5.316826087336e-16       2.970829922441e-17      -7.183677650687e-18 
 1820       4.529330528296e-11       1.124316673253e-12      -8.577689652387e-13       7.617028723984e-15       5.305032527102e-16       3.046456977335e-17      -7.405870558550e-18 
 1821       4.513463980267e-11       1.128407397466e-12      -8.414196940695e-13       7.608378923741e-15       5.293271240601e-16       3.121545783958e-17      -7.626104117850e-18 
 1822       4.497552891884e-11       1.132597495897e-12      -8.256004650033e-13       7.599704064100e-15       5.281542108036e-16       3.196051908201e-17      -7.844356512827e-18 
 1823       4.481601388393e-11       1.136883820676e-12      -8.103171660889e-13       7.591004658261e-15       5.269845008491e-16       3.269930727868e-17      -8.060605856647e-18 
 1824       4.465613613322e-11       1.141263209097e-12      -7.955757052007e-13       7.582281221725e-15       5.258179819923e-16       3.343137432418e-17      -8.274830191316e-18 
 1825       4.449593728510e-11       1.145732483593e-12      -7.813820100624e-13       7.573534272300e-15       5.246546419167e-16       3.415627022708e-17      -8.487007487594e-18 
 1826       4.433545914131e-11       1.150288451719e-12      -7.677420282721e-13       7.564764330103e-15       5.234944681927e-16       3.487354310745e-17      -8.697115644911e-18 
 1827       4.417474368719e-11       1.154927906128e-12      -7.546617273259e-13       7.555971917567e-15       5.223374482781e-16       3.558273919425e-17      -8.905132491279e-18 
 1828       4.401383309193e-11       1.159647624550e-12      -7.421470946427e-13       7.547157559436e-15       5.211835695174e-16       3.628340282283e-17      -9.111035783211e-18 
 1829       4.385276970880e-11       1.164444369775e-12      -7.302041375886e-13       7.538321782775e-15       5.200328191419e-16       3.697507643236e-17      -9.314803205631e-18 
 1830       4.369159607545e-11       1.169314889629e-12      -7.188388835009e-13       7.529465116974e-15       5.188851842692e-16       3.765730056330e-17      -9.516412371792e-18 
 1831       4.353035308695e-11       1.174255950861e-12      -7.080558306296e-13       7.520588115708e-15       5.177406527954e-16       3.832973357846e-17      -9.715843212466e-18 
 1832       4.336907449870e-11       1.179264441139e-12      -6.978532873751e-13       7.511691423036e-15       5.165992160774e-16       3.899251187750e-17      -9.913085164581e-18 
 1833       4.320779238006e-11       1.184337267829e-12      -6.882279958485e-13       7.502775707842e-15       5.154608662716e-16       3.964589255633e-17      -1.010813003986e-17 
 1834       4.304653893780e-11       1.189471324141e-12      -6.791766775429e-13       7.493841641920e-15       5.143255954434e-16       4.029013394653e-17      -1.030096964079e-17 
 1835       4.288534651622e-11       1.194663489109e-12      -6.706960333020e-13       7.484889899978e-15       5.131933955674e-16       4.092549561707e-17      -1.049159576057e-17 
 1836       4.272424759735e-11       1.199910627573e-12      -6.627827432894e-13       7.475921159647e-15       5.120642585270e-16       4.155223837611e-17      -1.068000018315e-17 
 1837       4.256327480113e-11       1.205209590157e-12      -6.554334669571e-13       7.466936101479e-15       5.109381761142e-16       4.217062427267e-17      -1.086617468324e-17 
 1838       4.240246088564e-11       1.210557213253e-12      -6.486448430148e-13       7.457935408953e-15       5.098151400296e-16       4.278091659843e-17      -1.105011102626e-17 
 1839       4.224183874720e-11       1.215950318997e-12      -6.424134893988e-13       7.448919768480e-15       5.086951418825e-16       4.338337988942e-17      -1.123180096840e-17 
 1840       4.208144142065e-11       1.221385715253e-12      -6.367360032408e-13       7.439889869404e-15       5.075781731900e-16       4.397827992779e-17      -1.141123625658e-17 
 1841       4.192130207946e-11       1.226860195593e-12      -6.316089608368e-13       7.430846404011e-15       5.064642253777e-16       4.456588374351e-17      -1.158840862845e-17 
 1842       4.176145403595e-11       1.232370539275e-12      -6.270289176163e-13       7.421790067526e-15       5.053532897788e-16       4.514645961617e-17      -1.176330981243e-17 
 1843       4.160193074149e-11       1.237913511225e-12      -6.229924081112e-13       7.412721558125e-15       5.042453576345e-16       4.572027707665e-17      -1.193593152765e-17 
 1844       4.144276578665e-11       1.243485862018e-12      -6.194959459244e-13       7.403641576929e-15       5.031404200936e-16       4.628760690891e-17      -1.210626548400e-17 
 1845       4.128399290139e-11       1.249084327858e-12      -6.165360236993e-13       7.394550828020e-15       5.020384682124e-16       4.684872115170e-17      -1.227430338211e-17 
 1846       4.112564595528e-11       1.254705630558e-12      -6.141091130883e-13       7.385450018432e-15       5.009394929544e-16       4.740389310031e-17      -1.244003691335e-17 
 1847       4.096775895765e-11       1.260346477520e-12      -6.122116647218e-13       7.376339858165e-15       4.998434851903e-16       4.795339730830e-17      -1.260345775984e-17 
 1848       4.081036605779e-11       1.266003561718e-12      -6.108401081774e-13       7.367221060185e-15       4.987504356979e-16       4.849750958925e-17      -1.276455759443e-17 
 1849       4.065350154513e-11       1.271673561674e-12      -6.099908519486e-13       7.358094340426e-15       4.976603351618e-16       4.903650701849e-17      -1.292332808071e-17 
 1850       4.049719984943e-11       1.277353141442e-12      -6.096602834139e-13       7.348960417799e-15       4.965731741733e-16       4.957066793484e-17      -1.307976087303e-17 
 1851       4.034149554096e-11       1.283038950588e-12      -6.098447688057e-13       7.339820014190e-15       4.954889432302e-16       5.010027194234e-17      -1.323384761647e-17 
 1852       4.018642333069e-11       1.288727624168e-12      -6.105406531790e-13       7.330673854468e-15       4.944076327366e-16       5.062559991200e-17      -1.338557994685e-17 
 1853       4.003201807048e-11       1.294415782713e-12      -6.117442603808e-13       7.321522666488e-15       4.933292330031e-16       5.114693398354e-17      -1.353494949074e-17 
 1854       3.987831475326e-11       1.300100032203e-12      -6.134518930188e-13       7.312367181095e-15       4.922537342462e-16       5.166455756713e-17      -1.368194786546e-17 
 1855       3.972534851319e-11       1.305776964054e-12      -6.156598324302e-13       7.303208132125e-15       4.911811265883e-16       5.217875534509e-17      -1.382656667905e-17 
 1856       3.957315462591e-11       1.311443155094e-12      -6.183643386511e-13       7.294046256414e-15       4.901114000576e-16       5.268981327370e-17      -1.396879753031e-17 
 1857       3.942176850865e-11       1.317095167544e-12      -6.215616503848e-13       7.284882293799e-15       4.890445445880e-16       5.319801858486e-17      -1.410863200879e-17 
 1858       3.927122572046e-11       1.322729549002e-12      -6.252479849712e-13       7.275716987121e-15       4.879805500186e-16       5.370365978790e-17      -1.424606169475e-17 
 1859       3.912156196241e-11       1.328342832417e-12      -6.294195383560e-13       7.266551082230e-15       4.869194060940e-16       5.420702667125e-17      -1.438107815923e-17 
 1860       3.897281307771e-11       1.333931536077e-12      -6.340724850587e-13       7.257385327991e-15       4.858611024639e-16       5.470841030425e-17      -1.451367296400e-17 
 1861       3.882501505196e-11       1.339492163582e-12      -6.392029781426e-13       7.248220476284e-15       4.848056286831e-16       5.520810303881e-17      -1.464383766156e-17 
 1862       3.867820401332e-11       1.345021203829e-12      -6.448071491830e-13       7.239057282011e-15       4.837529742110e-16       5.570639851122e-17      -1.477156379518e-17 
 1863       3.853241623268e-11       1.350515130993e-12      -6.508811082366e-13       7.229896503098e-15       4.827031284118e-16       5.620359164384e-17      -1.489684289885e-17 
 1864       3.838768812383e-11       1.355970404505e-12      -6.574209438103e-13       7.220738900499e-15       4.816560805542e-16       5.669997864687e-17      -1.501966649730e-17 
 1865       3.824405624369e-11       1.361383469030e-12      -6.644227228299e-13       7.211585238202e-15       4.806118198113e-16       5.719585702006e-17      -1.514002610604e-17 
 1866       3.810155729248e-11       1.366750754456e-12      -6.718824906094e-13       7.202436283231e-15       4.795703352604e-16       5.769152555446e-17      -1.525791323128e-17 
 1867       3.796022811388e-11       1.372068675865e-12      -6.797962708199e-13       7.193292805650e-15       4.785316158827e-16       5.818728433419e-17      -1.537331937001e-17 
 1868       3.782010569525e-11       1.377333633518e-12      -6.881600654582e-13       7.184155578568e-15       4.774956505635e-16       5.868343473810e-17      -1.548623600993e-17 
 1869       3.768122716778e-11       1.382542012837e-12      -6.969698548163e-13       7.175025378141e-15       4.764624280918e-16       5.918027944159e-17      -1.559665462951e-17 
 1870       3.754362537249e-11       1.387690501660e-12      -7.062208667817e-13       7.165902936147e-15       4.754319379790e-16       5.967805446026e-17      -1.570456529891e-17 
 1871       3.740731551977e-11       1.392777044783e-12      -7.159053785501e-13       7.156788797295e-15       4.744041729233e-16       6.017672469603e-17      -1.580995247091e-17 
 1872       3.727230842582e-11       1.397799896850e-12      -7.260148976475e-13       7.147683460807e-15       4.733791263641e-16       6.067618679442e-17      -1.591279915707e-17 
 1873       3.713861493737e-11       1.402757305747e-12      -7.365408909803e-13       7.138587427749e-15       4.723567916651e-16       6.117633695682e-17      -1.601308832370e-17 
 1874       3.700624593176e-11       1.407647512589e-12      -7.474747847792e-13       7.129501201033e-15       4.713371621140e-16       6.167707093980e-17      -1.611080289181e-17 
 1875       3.687521231694e-11       1.412468751714e-12      -7.588079645432e-13       7.120425285419e-15       4.703202309227e-16       6.217828405462e-17      -1.620592573713e-17 
 1876       3.674552503152e-11       1.417219250675e-12      -7.705317749834e-13       7.111360187520e-15       4.693059912265e-16       6.267987116658e-17      -1.629843968996e-17 
 1877       3.661719504482e-11       1.421897230229e-12      -7.826375199671e-13       7.102306415799e-15       4.682944360846e-16       6.318172669442e-17      -1.638832753522e-17 
 1878       3.649023335685e-11       1.426500904330e-12      -7.951164624611e-13       7.093264480578e-15       4.672855584797e-16       6.368374460976e-17      -1.647557201231e-17 
 1879       3.636465099840e-11       1.431028480118e-12      -8.079598244765e-13       7.084234894033e-15       4.662793513179e-16       6.418581843650e-17      -1.656015581514e-17 
 1880       3.624045903106e-11       1.435478157913e-12      -8.211587870117e-13       7.075218170204e-15       4.652758074286e-16       6.468784125022e-17      -1.664206159205e-17 
 1881       3.611766854721e-11       1.439848131206e-12      -8.347044899968e-13       7.066214824989e-15       4.642749195644e-16       6.518970567757e-17      -1.672127194575e-17 
 1882       3.599629067012e-11       1.444136586648e-12      -8.485880322373e-13       7.057225376153e-15       4.632766804009e-16       6.569130389570e-17      -1.679776943330e-17 
 1883       3.587633655393e-11       1.448341704044e-12      -8.628004713582e-13       7.048250343329e-15       4.622810825365e-16       6.619252763170e-17      -1.687153656602e-17 
 1884       3.575781738371e-11       1.452461656344e-12      -8.773328237476e-13       7.039290248017e-15       4.612881184926e-16       6.669326816191e-17      -1.694255580949e-17 
 1885       3.564074437549e-11       1.456494609629e-12      -8.921760645005e-13       7.030345613587e-15       4.602977807130e-16       6.719341631144e-17      -1.701080958349e-17 
 1886       3.552512877628e-11       1.460438723113e-12      -9.073211273633e-13       7.021416965287e-15       4.593100615643e-16       6.769286245350e-17      -1.707628026192e-17 
 1887       3.541098186413e-11       1.464292149123e-12      -9.227589046769e-13       7.012504830238e-15       4.583249533352e-16       6.819149650883e-17      -1.713895017278e-17 
 1888       3.529831494812e-11       1.468053033098e-12      -9.384802473213e-13       7.003609737439e-15       4.573424482369e-16       6.868920794514e-17      -1.719880159814e-17 
 1889       3.518713936845e-11       1.471719513576e-12      -9.544759646588e-13       6.994732217771e-15       4.563625384026e-16       6.918588577644e-17      -1.725581677403e-17 
 1890       3.507746649642e-11       1.475289722189e-12      -9.707368244785e-13       6.985872803996e-15       4.553852158876e-16       6.968141856255e-17      -1.730997789048e-17 
 1891       3.496930773450e-11       1.478761783649e-12      -9.872535529399e-13       6.977032030762e-15       4.544104726691e-16       7.017569440840e-17      -1.736126709138e-17 
 1892       3.486267451634e-11       1.482133815747e-12      -1.004016834517e-12       6.968210434606e-15       4.534383006458e-16       7.066860096353e-17      -1.740966647449e-17 
 1893       3.475757830681e-11       1.485403929335e-12      -1.021017311940e-12       6.959408553951e-15       4.524686916385e-16       7.116002542144e-17      -1.745515809140e-17 
 1894       3.465403060205e-11       1.488570228325e-12      -1.038245586146e-12       6.950626929115e-15       4.515016373891e-16       7.164985451902e-17      -1.749772394742e-17 
 1895       3.455204292947e-11       1.491630809678e-12      -1.055692216212e-12       6.941866102309e-15       4.505371295610e-16       7.213797453595e-17      -1.753734600161e-17 
 1896       3.445162684783e-11       1.494583763392e-12      -1.073347719309e-12       6.933126617639e-15       4.495751597389e-16       7.262427129412e-17      -1.757400616666e-17 
 1897       3.435279394721e-11       1.497427172499e-12      -1.091202570641e-12       6.924409021113e-15       4.486157194286e-16       7.310863015700e-17      -1.760768630891e-17 
 1898       3.425555584911e-11       1.500159113050e-12      -1.109247203388e-12       6.915713860636e-15       4.476588000569e-16       7.359093602910e-17      -1.763836824824e-17 
 1899       3.415992420643e-11       1.502777654113e-12      -1.127472008654e-12       6.907041686020e-15       4.467043929714e-16       7.407107335535e-17      -1.766603375807e-17 
 1900       3.406591070354e-11       1.505280857759e-12      -1.145867335406e-12       6.898393048980e-15       4.457524894405e-16       7.454892612051e-17      -1.769066456529e-17 
 1901       3.397352705628e-11       1.507666779056e-12      -1.164423490421e-12       6.889768503140e-15       4.448030806531e-16       7.502437784857e-17      -1.771224235019e-17 
 1902       3.388278501204e-11       1.509933466058e-12      -1.183130738231e-12       6.881168604034e-15       4.438561577188e-16       7.549731160217e-17      -1.773074874647e-17 
 1903       3.379369634974e-11       1.512078959800e-12      -1.201979301062e-12       6.872593909108e-15       4.429117116674e-16       7.596760998199e-17      -1.774616534114e-17 
 1904       3.370627287990e-11       1.514101294285e-12      -1.220959358783e-12       6.864044977723e-15       4.419697334489e-16       7.643515512619e-17      -1.775847367450e-17 
 1905       3.362052644466e-11       1.515998496480e-12      -1.240061048847e-12       6.855522371156e-15       4.410302139336e-16       7.689982870979e-17      -1.776765524008e-17 
 1906       3.353646891781e-11       1.517768586301e-12      -1.259274466236e-12       6.847026652605e-15       4.400931439114e-16       7.736151194407e-17      -1.777369148458e-17 
 1907       3.345411220482e-11       1.519409576613e-12      -1.278589663405e-12       6.838558387187e-15       4.391585140925e-16       7.782008557601e-17      -1.777656380787e-17 
 1908       3.337346824291e-11       1.520919473211e-12      -1.297996650225e-12       6.830118141946e-15       4.382263151065e-16       7.827542988768e-17      -1.777625356288e-17 
 1909       3.329454491208e-11       1.522296656645e-12      -1.317485718798e-12       6.821706407176e-15       4.372965381265e-16       7.872743302608e-17      -1.777276016877e-17 
 1910       3.321733373403e-11       1.523541030885e-12      -1.337048420743e-12       6.813323359754e-15       4.363691767457e-16       7.917601606374e-17      -1.776615560224e-17 
 1911       3.314182207907e-11       1.524652883440e-12      -1.356676597289e-12       6.804969098000e-15       4.354442251150e-16       7.962110812906e-17      -1.775653032387e-17 
 1912       3.306799724630e-11       1.525632504338e-12      -1.376362055043e-12       6.796643720185e-15       4.345216773201e-16       8.006263809301e-17      -1.774397520340e-17 
 1913       3.299584646363e-11       1.526480186129e-12      -1.396096565940e-12       6.788347324529e-15       4.336015273814e-16       8.050053456882e-17      -1.772858152031e-17 
 1914       3.292535688759e-11       1.527196223893e-12      -1.415871867202e-12       6.780080009206e-15       4.326837692542e-16       8.093472591163e-17      -1.771044096432e-17 
 1915       3.285651560325e-11       1.527780915235e-12      -1.435679661288e-12       6.771841872337e-15       4.317683968284e-16       8.136514021821e-17      -1.768964563600e-17 
 1916       3.278930962416e-11       1.528234560299e-12      -1.455511615853e-12       6.763633011995e-15       4.308554039283e-16       8.179170532659e-17      -1.766628804724e-17 
 1917       3.272372589218e-11       1.528557461764e-12      -1.475359363698e-12       6.755453526202e-15       4.299447843125e-16       8.221434881580e-17      -1.764046112188e-17 
 1918       3.265975127744e-11       1.528749924852e-12      -1.495214502729e-12       6.747303512928e-15       4.290365316742e-16       8.263299800551e-17      -1.761225819621e-17 
 1919       3.259737257821e-11       1.528812257330e-12      -1.515068595909e-12       6.739183070093e-15       4.281306396405e-16       8.304757995573e-17      -1.758177301952e-17 
 1920       3.253657652079e-11       1.528744769517e-12      -1.534913171214e-12       6.731092295566e-15       4.272271017725e-16       8.345802146649e-17      -1.754909975466e-17 
 1921       3.247734975943e-11       1.528547774284e-12      -1.554739721585e-12       6.723031287163e-15       4.263259115657e-16       8.386424907751e-17      -1.751433297860e-17 
 1922       3.241967887622e-11       1.528221587058e-12      -1.574539704886e-12       6.715000142650e-15       4.254270624489e-16       8.426618906790e-17      -1.747756768293e-17 
 1923       3.236355038098e-11       1.527766525829e-12      -1.594304543856e-12       6.706998959739e-15       4.245305477850e-16       8.466376745583e-17      -1.743889927448e-17 
 1924       3.230895071118e-11       1.527182911152e-12      -1.614025626064e-12       6.699027836090e-15       4.236363608704e-16       8.505690999820e-17      -1.739842357581e-17 
 1925       3.225586623182e-11       1.526471066150e-12      -1.633694303867e-12       6.691086869310e-15       4.227444949352e-16       8.544554219036e-17      -1.735623682577e-17 
 1926       3.220428323532e-11       1.525631316521e-12      -1.653301894357e-12       6.683176156952e-15       4.218549431426e-16       8.582958926576e-17      -1.731243568008e-17 
 1927       3.215418794146e-11       1.524663990538e-12      -1.672839679325e-12       6.675295796516e-15       4.209676985895e-16       8.620897619561e-17      -1.726711721183e-17 
 1928       3.210556649722e-11       1.523569419054e-12      -1.692298905206e-12       6.667445885450e-15       4.200827543058e-16       8.658362768863e-17      -1.722037891206e-17 
 1929       3.205840497673e-11       1.522347935508e-12      -1.711670783044e-12       6.659626521144e-15       4.192001032545e-16       8.695346819068e-17      -1.717231869032e-17 
 1930       3.201268938116e-11       1.520999875926e-12      -1.730946488436e-12       6.651837800936e-15       4.183197383316e-16       8.731842188443e-17      -1.712303487517e-17 
 1931       3.196840563858e-11       1.519525578928e-12      -1.750117161494e-12       6.644079822110e-15       4.174416523661e-16       8.767841268909e-17      -1.707262621477e-17 
 1932       3.192553960390e-11       1.517925385729e-12      -1.769173906796e-12       6.636352681893e-15       4.165658381197e-16       8.803336426006e-17      -1.702119187742e-17 
 1933       3.188407705876e-11       1.516199640143e-12      -1.788107793343e-12       6.628656477457e-15       4.156922882867e-16       8.838319998863e-17      -1.696883145210e-17 
 1934       3.184400371140e-11       1.514348688588e-12      -1.806909854511e-12       6.620991305918e-15       4.148209954942e-16       8.872784300161e-17      -1.691564494902e-17 
 1935       3.180530519662e-11       1.512372880093e-12      -1.825571088008e-12       6.613357264337e-15       4.139519523015e-16       8.906721616111e-17      -1.686173280017e-17 
 1936       3.176796707561e-11       1.510272566293e-12      -1.844082455827e-12       6.605754449719e-15       4.130851512004e-16       8.940124206411e-17      -1.680719585987e-17 
 1937       3.173197483589e-11       1.508048101443e-12      -1.862434884200e-12       6.598182959009e-15       4.122205846149e-16       8.972984304223e-17      -1.675213540532e-17 
 1938       3.169731389119e-11       1.505699842415e-12      -1.880619263555e-12       6.590642889100e-15       4.113582449013e-16       9.005294116136e-17      -1.669665313713e-17 
 1939       3.166396958138e-11       1.503228148704e-12      -1.898626448468e-12       6.583134336823e-15       4.104981243477e-16       9.037045822135e-17      -1.664085117991e-17 
 1940       3.163192717232e-11       1.500633382433e-12      -1.916447257620e-12       6.575657398955e-15       4.096402151742e-16       9.068231575573e-17      -1.658483208277e-17 
 1941       3.160117185579e-11       1.497915908356e-12      -1.934072473750e-12       6.568212172213e-15       4.087845095328e-16       9.098843503133e-17      -1.652869881989e-17 
 1942       3.157168874939e-11       1.495076093861e-12      -1.951492843608e-12       6.560798753256e-15       4.079309995072e-16       9.128873704800e-17      -1.647255479108e-17 
 1943       3.154346289643e-11       1.492114308973e-12      -1.968699077915e-12       6.553417238685e-15       4.070796771126e-16       9.158314253831e-17      -1.641650382231e-17 
 1944       3.151647926583e-11       1.489030926364e-12      -1.985681851311e-12       6.546067725043e-15       4.062305342958e-16       9.187157196716e-17      -1.636065016625e-17 
 1945       3.149072275201e-11       1.485826321348e-12      -2.002431802313e-12       6.538750308811e-15       4.053835629350e-16       9.215394553154e-17      -1.630509850285e-17 
 1946       3.146617817481e-11       1.482500871890e-12      -2.018939533272e-12       6.531465086413e-15       4.045387548396e-16       9.243018316018e-17      -1.624995393988e-17 
 1947       3.144283027936e-11       1.479054958611e-12      -2.035195610320e-12       6.524212154212e-15       4.036961017503e-16       9.270020451322e-17      -1.619532201343e-17 
 1948       3.142066217729e-11       1.475489198231e-12      -2.051191569632e-12       6.516991546071e-15       4.028555958756e-16       9.296394933635e-17      -1.614127731847e-17 
 1949       3.139965065757e-11       1.471805145819e-12      -2.066922944529e-12       6.509803045506e-15       4.020172315068e-16       9.322143869100e-17      -1.608776914141e-17 
 1950       3.137977084026e-11       1.468004597831e-12      -2.082386261023e-12       6.502646372122e-15       4.011810034151e-16       9.347271418358e-17      -1.603471511962e-17 
 1951       3.136099773179e-11       1.464089359151e-12      -2.097578033574e-12       6.495521243920e-15       4.003469063156e-16       9.371781765306e-17      -1.598203254663e-17 
 1952       3.134330622491e-11       1.460061243110e-12      -2.112494765068e-12       6.488427377296e-15       3.995149348675e-16       9.395679117136e-17      -1.592963837172e-17 
 1953       3.132667109846e-11       1.455922071492e-12      -2.127132946811e-12       6.481364487040e-15       3.986850836735e-16       9.418967704362e-17      -1.587744919946e-17 
 1954       3.131106701726e-11       1.451673674546e-12      -2.141489058513e-12       6.474332286333e-15       3.978573472803e-16       9.441651780856e-17      -1.582538128927e-17 
 1955       3.129646853197e-11       1.447317890999e-12      -2.155559568272e-12       6.467330486744e-15       3.970317201781e-16       9.463735623881e-17      -1.577335055500e-17 
 1956       3.128285007889e-11       1.442856568067e-12      -2.169340932565e-12       6.460358798227e-15       3.962081968009e-16       9.485223534120e-17      -1.572127256446e-17 
 1957       3.127018597987e-11       1.438291561464e-12      -2.182829596228e-12       6.453416929121e-15       3.953867715258e-16       9.506119835710e-17      -1.566906253898e-17 
 1958       3.125845044211e-11       1.433624735415e-12      -2.196021992450e-12       6.446504586147e-15       3.945674386736e-16       9.526428876277e-17      -1.561663535296e-17 
 1959       3.124761755802e-11       1.428857962667e-12      -2.208914542753e-12       6.439621474405e-15       3.937501925081e-16       9.546155026965e-17      -1.556390553347e-17 
 1960       3.123766130511e-11       1.423993124500e-12      -2.221503656982e-12       6.432767297370e-15       3.929350272365e-16       9.565302682471e-17      -1.551078725975e-17 
 1961       3.122855554579e-11       1.419032110740e-12      -2.233785733290e-12       6.425941756895e-15       3.921219370091e-16       9.583876261075e-17      -1.545719436279e-17 
 1962       3.122027402722e-11       1.413976819768e-12      -2.245757158125e-12       6.419144553204e-15       3.913109159191e-16       9.601880204675e-17      -1.540304032491e-17 
 1963       3.121279038121e-11       1.408829158530e-12      -2.257414306215e-12       6.412375384891e-15       3.905019580027e-16       9.619318978818e-17      -1.534823827927e-17 
 1964       3.120607812401e-11       1.403591042552e-12      -2.268753540556e-12       6.405633948918e-15       3.896950572388e-16       9.636197072733e-17      -1.529270100946e-17 
 1965       3.120011065619e-11       1.398264395950e-12      -2.279771212399e-12       6.398919940611e-15       3.888902075493e-16       9.652518999364e-17      -1.523634094905e-17 
 1966       3.119486126250e-11       1.392851151440e-12      -2.290463661234e-12       6.392233053663e-15       3.880874027986e-16       9.668289295401e-17      -1.517907018115e-17 
 1967       3.119030311168e-11       1.387353250349e-12      -2.300827214776e-12       6.385572980125e-15       3.872866367936e-16       9.683512521314e-17      -1.512080043796e-17 
 1968       3.118640925636e-11       1.381772642627e-12      -2.310858188957e-12       6.378939410407e-15       3.864879032837e-16       9.698193261385e-17      -1.506144310032e-17 
 1969       3.118315263286e-11       1.376111286862e-12      -2.320552887905e-12       6.372332033277e-15       3.856911959609e-16       9.712336123740e-17      -1.500090919728e-17 
 1970       3.118050606107e-11       1.370371150283e-12      -2.329907603934e-12       6.365750535857e-15       3.848965084592e-16       9.725945740382e-17      -1.493910940565e-17 
 1971       3.117844224430e-11       1.364554208778e-12      -2.338918617532e-12       6.359194603618e-15       3.841038343550e-16       9.739026767223e-17      -1.487595404957e-17 
 1972       3.117693376911e-11       1.358662446905e-12      -2.347582197344e-12       6.352663920384e-15       3.833131671667e-16       9.751583884117e-17      -1.481135310004e-17 
 1973       3.117595310517e-11       1.352697857897e-12      -2.355894600159e-12       6.346158168325e-15       3.825245003548e-16       9.763621794894e-17      -1.474521617449e-17 
 1974       3.117547260511e-11       1.346662443681e-12      -2.363852070901e-12       6.339677027956e-15       3.817378273216e-16       9.775145227390e-17      -1.467745253636e-17 
 1975       3.117546450439e-11       1.340558214885e-12      -2.371450842607e-12       6.333220178134e-15       3.809531414115e-16       9.786158933478e-17      -1.460797109462e-17 
 1976       3.117590092110e-11       1.334387190851e-12      -2.378687136421e-12       6.326787296059e-15       3.801704359104e-16       9.796667689106e-17      -1.453668040333e-17 
 1977       3.117675385585e-11       1.328151399643e-12      -2.385557161577e-12       6.320378057266e-15       3.793897040460e-16       9.806676294324e-17      -1.446348866124e-17 
 1978       3.117799519161e-11       1.321852878063e-12      -2.392057115384e-12       6.313992135628e-15       3.786109389875e-16       9.816189573322e-17      -1.438830371129e-17 
 1979       3.117959669355e-11       1.315493671658e-12      -2.398183183217e-12       6.307629203350e-15       3.778341338457e-16       9.825212374456e-17      -1.431103304020e-17 
 1980       3.118153000890e-11       1.309075834736e-12      -2.403931538498e-12       6.301288930971e-15       3.770592816727e-16       9.833749570286e-17      -1.423158377802e-17 
 1981       3.118376666680e-11       1.302601430370e-12      -2.409298342686e-12       6.294970987355e-15       3.762863754619e-16       9.841806057606e-17      -1.414986269769e-17 
 1982       3.118627807814e-11       1.296072530418e-12      -2.414279745263e-12       6.288675039697e-15       3.755154081479e-16       9.849386757475e-17      -1.406577621459e-17 
 1983       3.118903553541e-11       1.289491215527e-12      -2.418871883720e-12       6.282400753513e-15       3.747463726065e-16       9.856496615253e-17      -1.397923038608e-17 
 1984       3.119201021257e-11       1.282859575147e-12      -2.423070883540e-12       6.276147792644e-15       3.739792616545e-16       9.863140600633e-17      -1.389013091111e-17 
 1985       3.119517316486e-11       1.276179707544e-12      -2.426872858190e-12       6.269915819248e-15       3.732140680496e-16       9.869323707670e-17      -1.379838312972e-17 
 1986       3.119849532868e-11       1.269453719810e-12      -2.430273909106e-12       6.263704493804e-15       3.724507844905e-16       9.875050954816e-17      -1.370389202262e-17 
 1987       3.120194884472e-11       1.262683717325e-12      -2.433271150952e-12       6.257513459811e-15       3.716894041121e-16       9.880325788283e-17      -1.360658898417e-17 
 1988       3.120551103821e-11       1.255871772056e-12      -2.435865795698e-12       6.251342297792e-15       3.709299219767e-16       9.885145279199e-17      -1.350651235778e-17 
 1989       3.120916046768e-11       1.249019954049e-12      -2.438060091234e-12       6.245190570952e-15       3.701723335940e-16       9.889504891139e-17      -1.340372749284e-17 
 1990       3.121287560423e-11       1.242130341966e-12      -2.439856298174e-12       6.239057840430e-15       3.694166344259e-16       9.893400073563e-17      -1.329830002556e-17 
 1991       3.121663483142e-11       1.235205023092e-12      -2.441256689876e-12       6.232943665305e-15       3.686628198869e-16       9.896826261806e-17      -1.319029587930e-17 
 1992       3.122041644518e-11       1.228246093355e-12      -2.442263552457e-12       6.226847602586e-15       3.679108853438e-16       9.899778877057e-17      -1.307978126496e-17 
 1993       3.122419865365e-11       1.221255657326e-12      -2.442879184810e-12       6.220769207213e-15       3.671608261156e-16       9.902253326345e-17      -1.296682268138e-17 
 1994       3.122795957712e-11       1.214235828237e-12      -2.443105898624e-12       6.214708032055e-15       3.664126374736e-16       9.904245002526e-17      -1.285148691566e-17 
 1995       3.123167724791e-11       1.207188727991e-12      -2.442946018401e-12       6.208663627903e-15       3.656663146411e-16       9.905749284259e-17      -1.273384104354e-17 
 1996       3.123532961022e-11       1.200116487170e-12      -2.442401881471e-12       6.202635543472e-15       3.649218527936e-16       9.906761536000e-17      -1.261395242980e-17 
 1997       3.123889452008e-11       1.193021245050e-12      -2.441475838013e-12       6.196623325394e-15       3.641792470584e-16       9.907277107979e-17      -1.249188872861e-17 
 1998       3.124234974519e-11       1.185905149607e-12      -2.440170251068e-12       6.190626518220e-15       3.634384925147e-16       9.907291336184e-17      -1.236771788390e-17 
 1999       3.124567296485e-11       1.178770357533e-12      -2.438487496564e-12       6.184644664413e-15       3.626995841937e-16       9.906799542350e-17      -1.224150812971e-17 
 2000       3.124884176980e-11       1.171619034244e-12      -2.436429963324e-12       6.178677304348e-15       3.619625170780e-16       9.905797033938e-17      -1.211332799061e-17 
 2001       3.125183366215e-11       1.164453353890e-12      -2.434000053092e-12       6.172723976307e-15       3.612272861023e-16       9.904279104123e-17      -1.198324628204e-17 
 2002       3.125462605528e-11       1.157275499370e-12      -2.431200180546e-12       6.166784216478e-15       3.604938861525e-16       9.902241031774e-17      -1.185133211065e-17 
 2003       3.125719627368e-11       1.150087662338e-12      -2.428032773316e-12       6.160857558951e-15       3.597623120662e-16       9.899678081441e-17      -1.171765487474e-17 
 2004       3.125952155287e-11       1.142892043218e-12      -2.424500272002e-12       6.154943535717e-15       3.590325586325e-16       9.896585503336e-17      -1.158228426457e-17 
 2005       3.126157903929e-11       1.135690851213e-12      -2.420605130192e-12       6.149041676664e-15       3.583046205917e-16       9.892958533323e-17      -1.144529026276e-17 
 2006       3.126334579020e-11       1.128486304315e-12      -2.416349814479e-12       6.143151509573e-15       3.575784926355e-16       9.888792392894e-17      -1.130674314464e-17 
 2007       3.126479877353e-11       1.121280629318e-12      -2.411736804478e-12       6.137272560119e-15       3.568541694068e-16       9.884082289159e-17      -1.116671347864e-17 
 2008       3.126591486782e-11       1.114076061828e-12      -2.406768592846e-12       6.131404351865e-15       3.561316454996e-16       9.878823414826e-17      -1.102527212665e-17 
 2009       3.126667086207e-11       1.106874846273e-12      -2.401447685296e-12       6.125546406258e-15       3.554109154591e-16       9.873010948190e-17      -1.088249024441e-17 
 2010       3.126704345565e-11       1.099679235917e-12      -2.395776600616e-12       6.119698242632e-15       3.546919737812e-16       9.866640053110e-17      -1.073843928182e-17 
 2011       3.126700925818e-11       1.092491492866e-12      -2.389757870688e-12       6.113859378199e-15       3.539748149130e-16       9.859705879001e-17      -1.059319098339e-17 
 2012       3.126654478943e-11       1.085313888083e-12      -2.383394040504e-12       6.108029328050e-15       3.532594332523e-16       9.852203560811e-17      -1.044681738856e-17 
 2013       3.126562647920e-11       1.078148701398e-12      -2.376687668182e-12       6.102207605151e-15       3.525458231478e-16       9.844128219007e-17      -1.029939083208e-17 
 2014       3.126423066721e-11       1.070998221518e-12      -2.369641324989e-12       6.096393720341e-15       3.518339788988e-16       9.835474959564e-17      -1.015098394437e-17 
 2015       3.126233360299e-11       1.063864746038e-12      -2.362257595351e-12       6.090587182328e-15       3.511238947550e-16       9.826238873941e-17      -1.000166965193e-17 
 2016       3.125991144580e-11       1.056750581454e-12      -2.354539076877e-12       6.084787497687e-15       3.504155649171e-16       9.816415039071e-17      -9.851521177654e-18 
 2017       3.125694026444e-11       1.049658043171e-12      -2.346488380373e-12       6.078994170857e-15       3.497089835359e-16       9.805998517340e-17      -9.700612041249e-18 
 2018       3.125339603724e-11       1.042589455515e-12      -2.338108129860e-12       6.073206704138e-15       3.490041447128e-16       9.794984356578e-17      -9.549016059575e-18 
 2019       3.124925465188e-11       1.035547151745e-12      -2.329400962592e-12       6.067424597691e-15       3.483010424993e-16       9.783367590035e-17      -9.396807347023e-18 
 2020       3.124449190530e-11       1.028533474062e-12      -2.320369529075e-12       6.061647349529e-15       3.475996708973e-16       9.771143236372e-17      -9.244060315889e-18 
 2021       3.123908350359e-11       1.021550773623e-12      -2.311016493081e-12       6.055874455523e-15       3.469000238589e-16       9.758306299638e-17      -9.090849676740e-18 
 2022       3.123300506189e-11       1.014601410547e-12      -2.301344531670e-12       6.050105409390e-15       3.462020952862e-16       9.744851769262e-17      -8.937250438788e-18 
 2023       3.122623210425e-11       1.007687753932e-12      -2.291356335202e-12       6.044339702697e-15       3.455058790314e-16       9.730774620029e-17      -8.783337910255e-18 
 2024       3.121874006356e-11       1.000812181861e-12      -2.281054607360e-12       6.038576824855e-15       3.448113688964e-16       9.716069812071e-17      -8.629187698745e-18 
 2025       3.121050428140e-11       9.939770814140e-13      -2.270442065165e-12       6.032816263119e-15       3.441185586334e-16       9.700732290845e-17      -8.474875711617e-18 
 2026       3.120150294835e-11       9.871846457162e-13      -2.259521930783e-12       6.027057535166e-15       3.434274423390e-16       9.684759449955e-17      -8.320470905180e-18 
 2027       3.119172594825e-11       9.804362634485e-13      -2.248299410794e-12       6.021300287111e-15       3.427380156432e-16       9.668158539088e-17      -8.166013474289e-18 
 2028       3.118116607757e-11       9.737331249470e-13      -2.236780227650e-12       6.015544196194e-15       3.420502745293e-16       9.650939309562e-17      -8.011536505915e-18 
 2029       3.116981611088e-11       9.670764247720e-13      -2.224970128878e-12       6.009788938260e-15       3.413642149393e-16       9.633111556412e-17      -7.857073216172e-18 
 2030       3.115766880073e-11       9.604673617134e-13      -2.212874887121e-12       6.004034187759e-15       3.406798327742e-16       9.614685118440e-17      -7.702656950474e-18 
 2031       3.114471687770e-11       9.539071387954e-13      -2.200500300162e-12       5.998279617739e-15       3.399971238940e-16       9.595669878276e-17      -7.548321183692e-18 
 2032       3.113095305033e-11       9.473969632817e-13      -2.187852190963e-12       5.992524899848e-15       3.393160841172e-16       9.576075762429e-17      -7.394099520311e-18 
 2033       3.111637000514e-11       9.409380466805e-13      -2.174936407690e-12       5.986769704333e-15       3.386367092211e-16       9.555912741350e-17      -7.240025694594e-18 
 2034       3.110096040654e-11       9.345316047491e-13      -2.161758823752e-12       5.981013700035e-15       3.379589949417e-16       9.535190829479e-17      -7.086133570732e-18 
 2035       3.108471689688e-11       9.281788574995e-13      -2.148325337826e-12       5.975256554388e-15       3.372829369733e-16       9.513920085310e-17      -6.932457143010e-18 
 2036       3.106763209637e-11       9.218810292030e-13      -2.134641873895e-12       5.969497933420e-15       3.366085309690e-16       9.492110611439e-17      -6.779030535959e-18 
 2037       3.104969860307e-11       9.156393483952e-13      -2.120714381275e-12       5.963737501747e-15       3.359357725402e-16       9.469772554626e-17      -6.625888004518e-18 
 2038       3.103090899289e-11       9.094550478812e-13      -2.106548834649e-12       5.957974922575e-15       3.352646572566e-16       9.446916105847e-17      -6.473063934190e-18 
 2039       3.101125581953e-11       9.033293647404e-13      -2.092151234101e-12       5.952209857695e-15       3.345951806464e-16       9.423551500353e-17      -6.320592841201e-18 
 2040       3.099073161448e-11       8.972635403316e-13      -2.077527605143e-12       5.946441967486e-15       3.339273381959e-16       9.399689017724e-17      -6.168509372660e-18 
 2041       3.096932888698e-11       8.912588202978e-13      -2.062683998752e-12       5.940670910905e-15       3.332611253496e-16       9.375338981924e-17      -6.016848306713e-18 
 2042       3.094704012402e-11       8.853164545717e-13      -2.047626491399e-12       5.934896345495e-15       3.325965375101e-16       9.350511761361e-17      -5.865644552705e-18 
 2043       3.092385779027e-11       8.794376973800e-13      -2.032361185079e-12       5.929117927374e-15       3.319335700383e-16       9.325217768937e-17      -5.714933151337e-18 
 2044       3.089977432810e-11       8.736238072489e-13      -2.016894207350e-12       5.923335311242e-15       3.312722182526e-16       9.299467462109e-17      -5.564749274822e-18 
 2045       3.087478215755e-11       8.678760470089e-13      -2.001231711357e-12       5.917548150371e-15       3.306124774298e-16       9.273271342945e-17      -5.415128227047e-18 
 2046       3.084887367627e-11       8.621956837997e-13      -1.985379875867e-12       5.911756096608e-15       3.299543428043e-16       9.246639958175e-17      -5.266105443728e-18 
 2047       3.082204125953e-11       8.565839890756e-13      -1.969344905303e-12       5.905958800375e-15       3.292978095685e-16       9.219583899252e-17      -5.117716492570e-18 
 2048       3.079427726020e-11       8.510422386100e-13      -1.953133029773e-12       5.900155910659e-15       3.286428728723e-16       9.192113802405e-17      -4.969997073425e-18 
 2049       3.076557400870e-11       8.455717125007e-13      -1.936750505102e-12       5.894347075021e-15       3.279895278235e-16       9.164240348699e-17      -4.822983018447e-18 
 2050       3.073592381298e-11       8.401736951746e-13      -1.920203612867e-12       5.888531939585e-15       3.273377694873e-16       9.135974264083e-17      -4.676710292258e-18 
 2051       3.070531895850e-11       8.348494753931e-13      -1.903498660424e-12       5.882710149042e-15       3.266875928866e-16       9.107326319455e-17      -4.531214992095e-18 
 2052       3.067375170824e-11       8.296003462568e-13      -1.886641980945e-12       5.876881346646e-15       3.260389930018e-16       9.078307330713e-17      -4.386533347980e-18 
 2053       3.064121430260e-11       8.244276052106e-13      -1.869639933445e-12       5.871045174210e-15       3.253919647706e-16       9.048928158810e-17      -4.242701722867e-18 
 2054       3.060769895944e-11       8.193325540486e-13      -1.852498902820e-12       5.865201272111e-15       3.247465030882e-16       9.019199709815e-17      -4.099756612810e-18 
 2055       3.057319787404e-11       8.143164989194e-13      -1.835225299871e-12       5.859349279279e-15       3.241026028069e-16       8.989132934964e-17      -3.957734647114e-18 
 2056       3.053770321906e-11       8.093807503304e-13      -1.817825561344e-12       5.853488833204e-15       3.234602587365e-16       8.958738830717e-17      -3.816672588497e-18 
 2057       3.050120714453e-11       8.045266231538e-13      -1.800306149954e-12       5.847619569928e-15       3.228194656437e-16       8.928028438816e-17      -3.676607333247e-18 
 2058       3.046370177782e-11       7.997554366305e-13      -1.782673554426e-12       5.841741124045e-15       3.221802182525e-16       8.897012846339e-17      -3.537575911380e-18 
 2059       3.042517922361e-11       7.950685143761e-13      -1.764934289517e-12       5.835853128702e-15       3.215425112438e-16       8.865703185758e-17      -3.399615486799e-18 
 2060       3.038563156388e-11       7.904671843851e-13      -1.747094896056e-12       5.829955215592e-15       3.209063392557e-16       8.834110634991e-17      -3.262763357449e-18 
 2061       3.034505085787e-11       7.859527790364e-13      -1.729161940971e-12       5.824047014957e-15       3.202716968828e-16       8.802246417462e-17      -3.127056955482e-18 
 2062       3.030342914208e-11       7.815266350980e-13      -1.711142017324e-12       5.818128155583e-15       3.196385786770e-16       8.770121802156e-17      -2.992533847407e-18 
 2063       3.026075843020e-11       7.771900937321e-13      -1.693041744341e-12       5.812198264801e-15       3.190069791468e-16       8.737748103675e-17      -2.859231734255e-18 
 2064       3.021703071315e-11       7.729445005004e-13      -1.674867767443e-12       5.806256968481e-15       3.183768927573e-16       8.705136682290e-17      -2.727188451732e-18 
 2065       3.017224065304e-11       7.687909541534e-13      -1.656626566628e-12       5.800303945700e-15       3.177483143578e-16       8.672297028459e-17      -2.596435642012e-18 
 2066       3.012639368625e-11       7.647295510452e-13      -1.638323880061e-12       5.794339093156e-15       3.171212404665e-16       8.639231001398e-17      -2.466979719755e-18 
 2067       3.007949797778e-11       7.607601353729e-13      -1.619965276459e-12       5.788362361911e-15       3.164956679944e-16       8.605938549780e-17      -2.338820771484e-18 
 2068       3.003156173244e-11       7.568825499039e-13      -1.601556346401e-12       5.782373702837e-15       3.158715938191e-16       8.572419623572e-17      -2.211958871679e-18 
 2069       2.998259319492e-11       7.530966359730e-13      -1.583102702354e-12       5.776373066610e-15       3.152490147845e-16       8.538674174038e-17      -2.086394082765e-18 
 2070       2.993260064985e-11       7.494022334811e-13      -1.564609978701e-12       5.770360403717e-15       3.146279277009e-16       8.504702153740e-17      -1.962126455085e-18 
 2071       2.988159242181e-11       7.457991808926e-13      -1.546083831765e-12       5.764335664447e-15       3.140083293447e-16       8.470503516544e-17      -1.839156026884e-18 
 2072       2.982957687545e-11       7.422873152336e-13      -1.527529939835e-12       5.758298798898e-15       3.133902164587e-16       8.436078217616e-17      -1.717482824289e-18 
 2073       2.977656241546e-11       7.388664720895e-13      -1.508954003197e-12       5.752249756973e-15       3.127735857516e-16       8.401426213428e-17      -1.597106861287e-18 
 2074       2.972255748668e-11       7.355364856036e-13      -1.490361744156e-12       5.746188488381e-15       3.121584338986e-16       8.366547461759e-17      -1.478028139708e-18 
 2075       2.966757057415e-11       7.322971884743e-13      -1.471758907064e-12       5.740114942636e-15       3.115447575407e-16       8.331441921699e-17      -1.360246649202e-18 
 2076       2.961161020310e-11       7.291484119533e-13      -1.453151258348e-12       5.734029069057e-15       3.109325532848e-16       8.296109553648e-17      -1.243762367224e-18 
 2077       2.955468493910e-11       7.260899858436e-13      -1.434544586532e-12       5.727930816768e-15       3.103218177040e-16       8.260550319319e-17      -1.128575259008e-18 
 2078       2.949680338802e-11       7.231217384975e-13      -1.415944702271e-12       5.721820134699e-15       3.097125473373e-16       8.224764181742e-17      -1.014685277552e-18 
 2079       2.943797419613e-11       7.202434968141e-13      -1.397357438370e-12       5.715696971583e-15       3.091047386894e-16       8.188751105263e-17      -9.020923635958e-19 
 2080       2.937820605013e-11       7.174550862380e-13      -1.378788649815e-12       5.709561275957e-15       3.084983882308e-16       8.152511055550e-17      -7.907964456016e-19 
 2081       2.931750767724e-11       7.147563307562e-13      -1.360244213798e-12       5.703412996162e-15       3.078934923979e-16       8.116043999590e-17      -6.807974397349e-19 
 2082       2.925588784519e-11       7.121470528970e-13      -1.341730029743e-12       5.697252080344e-15       3.072900475928e-16       8.079349905696e-17      -5.720952498441e-19 
 2083       2.919335536232e-11       7.096270737274e-13      -1.323252019333e-12       5.691078476450e-15       3.066880501831e-16       8.042428743507e-17      -4.646897674404e-19 
 2084       2.912991907762e-11       7.071962128509e-13      -1.304816126539e-12       5.684892132231e-15       3.060874965020e-16       8.005280483987e-17      -3.585808716785e-19 
 2085       2.906558788075e-11       7.048542884061e-13      -1.286428317642e-12       5.678692995243e-15       3.054883828484e-16       7.967905099434e-17      -2.537684293365e-19 
 2086       2.900037070214e-11       7.026011170639e-13      -1.268094581262e-12       5.672481012841e-15       3.048907054867e-16       7.930302563477e-17      -1.502522947961e-19 
 2087       2.893427651303e-11       7.004365140256e-13      -1.249820928384e-12       5.666256132185e-15       3.042944606465e-16       7.892472851077e-17      -4.803231002273e-20 
 2088       2.886731432548e-11       6.983602930213e-13      -1.231613392387e-12       5.660018300235e-15       3.036996445231e-16       7.854415938535e-17       5.289169545422e-20 
 2089       2.879949319248e-11       6.963722663072e-13      -1.213478029066e-12       5.653767463754e-15       3.031062532769e-16       7.816131803486e-17       1.525199045612e-19 
 2090       2.873082220794e-11       6.944722446640e-13      -1.195420916660e-12       5.647503569307e-15       3.025142830337e-16       7.777620424911e-17       2.508525127005e-19 
 2091       2.866131050681e-11       6.926600373944e-13      -1.177448155882e-12       5.641226563260e-15       3.019237298846e-16       7.738881783128e-17       3.478897277699e-19 
 2092       2.859096726507e-11       6.909354523213e-13      -1.159565869941e-12       5.634936391778e-15       3.013345898857e-16       7.699915859803e-17       4.436317701825e-19 
 2093       2.851980169982e-11       6.892982957859e-13      -1.141780204571e-12       5.628633000829e-15       3.007468590583e-16       7.660722637948e-17       5.380788728867e-19 
 2094       2.844782306930e-11       6.877483726452e-13      -1.124097328056e-12       5.622316336181e-15       3.001605333891e-16       7.621302101924e-17       6.312312813859e-19 
 2095       2.837504067300e-11       6.862854862702e-13      -1.106523431258e-12       5.615986343403e-15       2.995756088293e-16       7.581654237442e-17       7.230892537586e-19 
 2096       2.830146385161e-11       6.849094385437e-13      -1.089064727643e-12       5.609642967861e-15       2.989920812954e-16       7.541779031566e-17       8.136530606779e-19 
 2097       2.822710198719e-11       6.836200298584e-13      -1.071727453305e-12       5.603286154724e-15       2.984099466689e-16       7.501676472716e-17       9.029229854312e-19 
 2098       2.815196450313e-11       6.824170591146e-13      -1.054517867000e-12       5.596915848959e-15       2.978292007959e-16       7.461346550668e-17       9.908993239408e-19 
 2099       2.807606086424e-11       6.813003237184e-13      -1.037442250161e-12       5.590531995332e-15       2.972498394876e-16       7.420789256559e-17       1.077582384783e-18 
 2100       2.799940057680e-11       6.802696195792e-13      -1.020506906936e-12       5.584134538408e-15       2.966718585198e-16       7.380004582884e-17       1.162972489207e-18 
 2101       2.792199318861e-11       6.793247411081e-13      -1.003718164206e-12       5.577723422552e-15       2.960952536330e-16       7.338992523505e-17       1.247069971159e-18 
 2102       2.784384828903e-11       6.784654812157e-13      -9.870823716169e-13       5.571298591925e-15       2.955200205327e-16       7.297753073647e-17       1.329875177296e-18 
 2103       2.776497550904e-11       6.776916313098e-13      -9.706059016032e-13       5.564859990489e-15       2.949461548885e-16       7.256286229903e-17       1.411388467009e-18 
 2104       2.768538561875e-11       6.770028232531e-13      -9.542945023493e-13       5.558407604837e-15       2.943736525463e-16       7.214593250840e-17       1.491616441422e-18 
 2105       2.760509382820e-11       6.763980540384e-13      -9.381513516979e-13       5.551941593026e-15       2.938025101631e-16       7.172680448397e-17       1.570590677718e-18 
 2106       2.752411650960e-11       6.758761578021e-13      -9.221789897547e-13       5.545462156642e-15       2.932327245759e-16       7.130555422873e-17       1.648349125192e-18 
 2107       2.744247010208e-11       6.754359635583e-13      -9.063799647346e-13       5.538969498049e-15       2.926642925910e-16       7.088225804744e-17       1.724929888293e-18 
 2108       2.736017111175e-11       6.750762951924e-13      -8.907568329701e-13       5.532463820385e-15       2.920972109842e-16       7.045699254708e-17       1.800371226814e-18 
 2109       2.727723611179e-11       6.747959714545e-13      -8.753121589209e-13       5.525945327568e-15       2.915314765001e-16       7.002983463718e-17       1.874711556082e-18 
 2110       2.719368174251e-11       6.745938059535e-13      -8.600485151822e-13       5.519414224292e-15       2.909670858525e-16       6.960086153018e-17       1.947989447142e-18 
 2111       2.710952471148e-11       6.744686071500e-13      -8.449684824943e-13       5.512870716034e-15       2.904040357244e-16       6.917015074179e-17       2.020243626952e-18 
 2112       2.702478179354e-11       6.744191783509e-13      -8.300746497511e-13       5.506315009049e-15       2.898423227676e-16       6.873778009137e-17       2.091512978566e-18 
 2113       2.693946983094e-11       6.744443177023e-13      -8.153696140095e-13       5.499747310374e-15       2.892819436030e-16       6.830382770226e-17       2.161836541325e-18 
 2114       2.685360573341e-11       6.745428181833e-13      -8.008559804979e-13       5.493167827828e-15       2.887228948205e-16       6.786837200218e-17       2.231253511045e-18 
 2115       2.676720647822e-11       6.747134676000e-13      -7.865363626256e-13       5.486576770014e-15       2.881651729787e-16       6.743149172357e-17       2.299803240209e-18 
 2116       2.668028911027e-11       6.749550485787e-13      -7.724133819914e-13       5.479974346319e-15       2.876087746051e-16       6.699326590396e-17       2.367525238148e-18 
 2117       2.659287074217e-11       6.752663385597e-13      -7.584896683932e-13       5.473360766913e-15       2.870536961960e-16       6.655377388632e-17       2.434459171238e-18 
 2118       2.650496855435e-11       6.756461097913e-13      -7.447678598361e-13       5.466736242755e-15       2.864999342166e-16       6.611309531944e-17       2.500644863083e-18 
 2119       2.641659979508e-11       6.760931293227e-13      -7.312506025421e-13       5.460100985588e-15       2.859474851005e-16       6.567131015829e-17       2.566122294706e-18 
 2120       2.632778178063e-11       6.766061589983e-13      -7.179405509588e-13       5.453455207945e-15       2.853963452501e-16       6.522849866435e-17       2.630931604737e-18 
 2121       2.623853189526e-11       6.771839554511e-13      -7.048403677683e-13       5.446799123145e-15       2.848465110365e-16       6.478474140604e-17       2.695113089600e-18 
 2122       2.614886759138e-11       6.778252700963e-13      -6.919527238963e-13       5.440132945299e-15       2.842979787991e-16       6.434011925900e-17       2.758707203706e-18 
 2123       2.605880638959e-11       6.785288491251e-13      -6.792802985210e-13       5.433456889307e-15       2.837507448462e-16       6.389471340652e-17       2.821754559638e-18 
 2124       2.596836587879e-11       6.792934334981e-13      -6.668257790824e-13       5.426771170861e-15       2.832048054542e-16       6.344860533987e-17       2.884295928339e-18 
 2125       2.587756371620e-11       6.801177589391e-13      -6.545918612906e-13       5.420076006443e-15       2.826601568681e-16       6.300187685865e-17       2.946372239303e-18 
 2126       2.578641762753e-11       6.810005559290e-13      -6.425812491354e-13       5.413371613332e-15       2.821167953013e-16       6.255461007120e-17       3.008024580764e-18 
 2127       2.569494540699e-11       6.819405496988e-13      -6.307966548951e-13       5.406658209597e-15       2.815747169354e-16       6.210688739492e-17       3.069294199881e-18 
 2128       2.560316491739e-11       6.829364602239e-13      -6.192407991453e-13       5.399936014104e-15       2.810339179204e-16       6.165879155663e-17       3.130222502930e-18 
 2129       2.551109409024e-11       6.839870022174e-13      -6.079164107681e-13       5.393205246515e-15       2.804943943746e-16       6.121040559297e-17       3.190851055491e-18 
 2130       2.541875092580e-11       6.850908851239e-13      -5.968262269610e-13       5.386466127288e-15       2.799561423842e-16       6.076181285073e-17       3.251221582638e-18 
 2131       2.532615349321e-11       6.862468131128e-13      -5.859729932457e-13       5.379718877678e-15       2.794191580039e-16       6.031309698722e-17       3.311375969127e-18 
 2132       2.523331993051e-11       6.874534850724e-13      -5.753594634775e-13       5.372963719740e-15       2.788834372563e-16       5.986434197064e-17       3.371356259582e-18 
 2133       2.514026844475e-11       6.887095946035e-13      -5.649883998538e-13       5.366200876327e-15       2.783489761322e-16       5.941563208043e-17       3.431204658687e-18 
 2134       2.504701731209e-11       6.900138300125e-13      -5.548625729234e-13       5.359430571093e-15       2.778157705902e-16       5.896705190763e-17       3.490963531376e-18 
 2135       2.495358487786e-11       6.913648743059e-13      -5.449847615954e-13       5.352653028492e-15       2.772838165571e-16       5.851868635529e-17       3.550675403015e-18 
 2136       2.485998955663e-11       6.927614051831e-13      -5.353577531480e-13       5.345868473783e-15       2.767531099275e-16       5.807062063874e-17       3.610382959598e-18 
 2137       2.476624983231e-11       6.942020950307e-13      -5.259843432379e-13       5.339077133025e-15       2.762236465638e-16       5.762294028605e-17       3.670129047929e-18 
 2138       2.467238425822e-11       6.956856109158e-13      -5.168673359087e-13       5.332279233082e-15       2.756954222964e-16       5.717573113832e-17       3.729956675819e-18 
 2139       2.457841145720e-11       6.972106145796e-13      -5.080095436004e-13       5.325475001622e-15       2.751684329234e-16       5.672907935009e-17       3.789909012263e-18 
 2140       2.448435012164e-11       6.987757624312e-13      -4.994137871580e-13       5.318664667121e-15       2.746426742107e-16       5.628307138967e-17       3.850029387642e-18 
 2141       2.439021901360e-11       7.003797055415e-13      -4.910828958409e-13       5.311848458859e-15       2.741181418916e-16       5.583779403952e-17       3.910361293898e-18 
 2142       2.429603696488e-11       7.020210896363e-13      -4.830197073312e-13       5.305026606924e-15       2.735948316676e-16       5.539333439661e-17       3.970948384736e-18 
 2143       2.420182213845e-11       7.036985547173e-13      -4.752263963342e-13       5.298199352456e-15       2.730727394809e-16       5.494976749289e-17       4.031824759283e-18 
 2144       2.410758980705e-11       7.054107339352e-13      -4.677024553461e-13       5.291366978448e-15       2.725518623382e-16       5.450711906364e-17       4.092985740192e-18 
 2145       2.401335455958e-11       7.071562546960e-13      -4.604467001106e-13       5.284529779155e-15       2.720321974930e-16       5.406540252551e-17       4.154416896306e-18 
 2146       2.391913103845e-11       7.089337390275e-13      -4.534579397673e-13       5.277688049875e-15       2.715137421722e-16       5.362463133337e-17       4.216103740987e-18 
 2147       2.382493393958e-11       7.107418035720e-13      -4.467349768433e-13       5.270842086946e-15       2.709964935765e-16       5.318481898034e-17       4.278031732055e-18 
 2148       2.373077801256e-11       7.125790595809e-13      -4.402766072442e-13       5.263992187749e-15       2.704804488800e-16       5.274597899784e-17       4.340186271716e-18 
 2149       2.363667806061e-11       7.144441129077e-13      -4.340816202461e-13       5.257138650712e-15       2.699656052302e-16       5.230812495561e-17       4.402552706503e-18 
 2150       2.354264894072e-11       7.163355640016e-13      -4.281487984868e-13       5.250281775307e-15       2.694519597483e-16       5.187127046176e-17       4.465116327208e-18 
 2151       2.344870556366e-11       7.182520079018e-13      -4.224769179569e-13       5.243421862051e-15       2.689395095286e-16       5.143542916282e-17       4.527862368817e-18 
 2152       2.335486289408e-11       7.201920342304e-13      -4.170647479919e-13       5.236559212511e-15       2.684282516391e-16       5.100061474376e-17       4.590776010444e-18 
 2153       2.326113595054e-11       7.221542271864e-13      -4.119110512630e-13       5.229694129304e-15       2.679181831210e-16       5.056684092803e-17       4.653842375268e-18 
 2154       2.316753980559e-11       7.241371655391e-13      -4.070145837692e-13       5.222826916094e-15       2.674093009886e-16       5.013412147761e-17       4.717046530467e-18 
 2155       2.307408958585e-11       7.261394226221e-13      -4.023740948280e-13       5.215957877598e-15       2.669016022297e-16       4.970247019305e-17       4.780373487151e-18 
 2156       2.298080047200e-11       7.281595663267e-13      -3.979883270675e-13       5.209087319587e-15       2.663950838053e-16       4.927190091349e-17       4.843808200300e-18 
 2157       2.288768769894e-11       7.301961590956e-13      -3.938560164174e-13       5.202215548884e-15       2.658897426495e-16       4.884242751673e-17       4.907335568696e-18 
 2158       2.279476655577e-11       7.322477579163e-13      -3.899758921007e-13       5.195342873368e-15       2.653855756696e-16       4.841406391924e-17       4.970940434860e-18 
 2159       2.270205238591e-11       7.343129143150e-13      -3.863466766250e-13       5.188469601972e-15       2.648825797459e-16       4.798682407620e-17       5.034607584984e-18 
 2160       2.260956058712e-11       7.363901743504e-13      -3.829670857741e-13       5.181596044688e-15       2.643807517319e-16       4.756072198158e-17       5.098321748870e-18 
 2161       2.251730661158e-11       7.384780786069e-13      -3.798358285991e-13       5.174722512566e-15       2.638800884540e-16       4.713577166813e-17       5.162067599862e-18 
 2162       2.242530596594e-11       7.405751621885e-13      -3.769516074103e-13       5.167849317716e-15       2.633805867117e-16       4.671198720742e-17       5.225829754780e-18 
 2163       2.233357421143e-11       7.426799547122e-13      -3.743131177683e-13       5.160976773309e-15       2.628822432775e-16       4.628938270992e-17       5.289592773857e-18 
 2164       2.224212696383e-11       7.447909803022e-13      -3.719190484756e-13       5.154105193575e-15       2.623850548966e-16       4.586797232501e-17       5.353341160673e-18 
 2165       2.215097989363e-11       7.469067575827e-13      -3.697680815679e-13       5.147234893812e-15       2.618890182872e-16       4.544777024103e-17       5.417059362091e-18 
 2166       2.206014872602e-11       7.490257996724e-13      -3.678588923058e-13       5.140366190377e-15       2.613941301403e-16       4.502879068529e-17       5.480731768188e-18 
 2167       2.196964924099e-11       7.511466141773e-13      -3.661901491659e-13       5.133499400697e-15       2.609003871198e-16       4.461104792416e-17       5.544342712195e-18 
 2168       2.187949727338e-11       7.532677031852e-13      -3.647605138327e-13       5.126634843263e-15       2.604077858622e-16       4.419455626307e-17       5.607876470428e-18 
 2169       2.178970871293e-11       7.553875632585e-13      -3.635686411894e-13       5.119772837633e-15       2.599163229769e-16       4.377933004654e-17       5.671317262224e-18 
 2170       2.170029950437e-11       7.575046854285e-13      -3.626131793100e-13       5.112913704436e-15       2.594259950458e-16       4.336538365828e-17       5.734649249878e-18 
 2171       2.161128564746e-11       7.596175551886e-13      -3.618927694502e-13       5.106057765371e-15       2.589367986235e-16       4.295273152116e-17       5.797856538573e-18 
 2172       2.152268319705e-11       7.617246524881e-13      -3.614060460394e-13       5.099205343207e-15       2.584487302372e-16       4.254138809728e-17       5.860923176320e-18 
 2173       2.143450826315e-11       7.638244517259e-13      -3.611516366715e-13       5.092356761785e-15       2.579617863868e-16       4.213136788802e-17       5.923833153889e-18 
 2174       2.134677701101e-11       7.659154217441e-13      -3.611281620969e-13       5.085512346022e-15       2.574759635445e-16       4.172268543403e-17       5.986570404747e-18 
 2175       2.125950566114e-11       7.679960258215e-13      -3.613342362136e-13       5.078672421908e-15       2.569912581552e-16       4.131535531535e-17       6.049118804989e-18 
 2176       2.117271048939e-11       7.700647216673e-13      -3.617684660588e-13       5.071837316508e-15       2.565076666361e-16       4.090939215138e-17       6.111462173276e-18 
 2177       2.108640782705e-11       7.721199614149e-13      -3.624294518004e-13       5.065007357966e-15       2.560251853768e-16       4.050481060094e-17       6.173584270769e-18 
 2178       2.100061406084e-11       7.741601916154e-13      -3.633157867280e-13       5.058182875504e-15       2.555438107394e-16       4.010162536231e-17       6.235468801064e-18 
 2179       2.091534563303e-11       7.761838532311e-13      -3.644260572450e-13       5.051364199423e-15       2.550635390582e-16       3.969985117328e-17       6.297099410127e-18 
 2180       2.083061904147e-11       7.781893816295e-13      -3.657588428597e-13       5.044551661104e-15       2.545843666400e-16       3.929950281118e-17       6.358459686225e-18 
 2181       2.074645083968e-11       7.801752065765e-13      -3.673127161766e-13       5.037745593010e-15       2.541062897636e-16       3.890059509290e-17       6.419533159869e-18 
 2182       2.066285579916e-11       7.821398778699e-13      -3.690858924417e-13       5.030946308479e-15       2.536293049111e-16       3.850314074364e-17       6.480297993691e-18 
 2183       2.057984138286e-11       7.840824431735e-13      -3.710751756254e-13       5.024154040950e-15       2.531534094623e-16       3.810714398735e-17       6.540711013295e-18 
 2184       2.049741323478e-11       7.860020727050e-13      -3.732770052516e-13       5.017369004328e-15       2.526786010047e-16       3.771260691335e-17       6.600723569143e-18 
 2185       2.041557701433e-11       7.878979338234e-13      -3.756878061848e-13       5.010591413162e-15       2.522048771030e-16       3.731953160373e-17       6.660286836677e-18 
 2186       2.033433839633e-11       7.897691910263e-13      -3.783039886126e-13       5.003821482642e-15       2.517322352990e-16       3.692792013335e-17       6.719351816119e-18 
 2187       2.025370307105e-11       7.916150059460e-13      -3.811219480287e-13       4.997059428599e-15       2.512606731117e-16       3.653777456979e-17       6.777869332272e-18 
 2188       2.017367674423e-11       7.934345373467e-13      -3.841380652149e-13       4.990305467510e-15       2.507901880373e-16       3.614909697340e-17       6.835790034325e-18 
 2189       2.009426513704e-11       7.952269411214e-13      -3.873487062243e-13       4.983559816493e-15       2.503207775488e-16       3.576188939719e-17       6.893064395649e-18 
 2190       2.001547398618e-11       7.969913702883e-13      -3.907502223635e-13       4.976822693312e-15       2.498524390964e-16       3.537615388693e-17       6.949642713600e-18 
 2191       1.993730904382e-11       7.987269749880e-13      -3.943389501755e-13       4.970094316376e-15       2.493851701074e-16       3.499189248102e-17       7.005475109320e-18 
 2192       1.985977607767e-11       8.004329024801e-13      -3.981112114221e-13       4.963374904740e-15       2.489189679857e-16       3.460910721058e-17       7.060511527540e-18 
 2193       1.978288087094e-11       8.021082971399e-13      -4.020633130666e-13       4.956664678105e-15       2.484538301125e-16       3.422780009934e-17       7.114701736378e-18 
 2194       1.970662922243e-11       8.037523004555e-13      -4.061915472563e-13       4.949963856818e-15       2.479897538457e-16       3.384797316372e-17       7.167995327142e-18 
 2195       1.963102694647e-11       8.053640510244e-13      -4.104921913054e-13       4.943272661875e-15       2.475267365202e-16       3.346962841271e-17       7.220341714129e-18 
 2196       1.955607987297e-11       8.069426845501e-13      -4.149615076775e-13       4.936591314922e-15       2.470647754475e-16       3.309276784797e-17       7.271690134430e-18 
 2197       1.948179384747e-11       8.084873338396e-13      -4.195957439678e-13       4.929920038251e-15       2.466038679162e-16       3.271739346371e-17       7.321989647726e-18 
 2198       1.940817473107e-11       8.099971287993e-13      -4.243911328863e-13       4.923259054806e-15       2.461440111915e-16       3.234350724676e-17       7.371189136093e-18 
 2199       1.933522840052e-11       8.114711964324e-13      -4.293438922403e-13       4.916608588179e-15       2.456852025153e-16       3.197111117648e-17       7.419237303801e-18 
 2200       1.926296074822e-11       8.129086608357e-13      -4.344502249166e-13       4.909968862616e-15       2.452274391062e-16       3.160020722482e-17       7.466082677117e-18 
 2201       1.919137768220e-11       8.143086431958e-13      -4.397063188645e-13       4.903340103013e-15       2.447707181597e-16       3.123079735624e-17       7.511673604104e-18 
 2202       1.912048512618e-11       8.156702617869e-13      -4.451083470784e-13       4.896722534918e-15       2.443150368475e-16       3.086288352774e-17       7.555958254422e-18 
 2203       1.905028901957e-11       8.169926319665e-13      -4.506524675803e-13       4.890116384534e-15       2.438603923184e-16       3.049646768882e-17       7.598884619131e-18 
 2204       1.898079531745e-11       8.182748661731e-13      -4.563348234023e-13       4.883521878715e-15       2.434067816974e-16       3.013155178148e-17       7.640400510491e-18 
 2205       1.891200999067e-11       8.195160739225e-13      -4.621515425694e-13       4.876939244972e-15       2.429542020862e-16       2.976813774020e-17       7.680453561762e-18 
 2206       1.884393902576e-11       8.207153618048e-13      -4.680987380823e-13       4.870368711469e-15       2.425026505631e-16       2.940622749192e-17       7.718991227007e-18 
 2207       1.877658842504e-11       8.218718334810e-13      -4.741725078994e-13       4.863810507027e-15       2.420521241825e-16       2.904582295604e-17       7.755960780892e-18 
 2208       1.870996420656e-11       8.229845896801e-13      -4.803689349201e-13       4.857264861122e-15       2.416026199756e-16       2.868692604437e-17       7.791309318487e-18 
 2209       1.864407240417e-11       8.240527281957e-13      -4.866840869669e-13       4.850732003888e-15       2.411541349500e-16       2.832953866118e-17       7.824983755068e-18 
 2210       1.857891906751e-11       8.250753438828e-13      -4.931140167682e-13       4.844212166117e-15       2.407066660895e-16       2.797366270311e-17       7.856930825916e-18 
 2211       1.851451026203e-11       8.260515286546e-13      -4.996547619412e-13       4.837705579258e-15       2.402602103542e-16       2.761930005921e-17       7.887097086120e-18 
 2212       1.845085206901e-11       8.269803714795e-13      -5.063023449739e-13       4.831212475420e-15       2.398147646808e-16       2.726645261090e-17       7.915428910377e-18 
 2213       1.838795058556e-11       8.278609583775e-13      -5.130527732083e-13       4.824733087372e-15       2.393703259819e-16       2.691512223198e-17       7.941872492796e-18 
 2214       1.832581192465e-11       8.286923724176e-13      -5.199020388226e-13       4.818267648541e-15       2.389268911467e-16       2.656531078856e-17       7.966373846692e-18 
 2215       1.826444221514e-11       8.294736937138e-13      -5.268461188141e-13       4.811816393018e-15       2.384844570405e-16       2.621702013911e-17       7.988878804396e-18 
 2216       1.820384760174e-11       8.302039994227e-13      -5.338809749816e-13       4.805379555554e-15       2.380430205046e-16       2.587025213442e-17       8.009333017049e-18 
 2217       1.814403424510e-11       8.308823637398e-13      -5.410025539081e-13       4.798957371561e-15       2.376025783565e-16       2.552500861757e-17       8.027681954407e-18 
 2218       1.808500832176e-11       8.315078578965e-13      -5.482067869436e-13       4.792550077117e-15       2.371631273901e-16       2.518129142394e-17       8.043870904639e-18 
 2219       1.802677602422e-11       8.320795501567e-13      -5.554895901873e-13       4.786157908962e-15       2.367246643751e-16       2.483910238116e-17       8.057844974133e-18 
 2220       1.796934356091e-11       8.325965058139e-13      -5.628468644705e-13       4.779781104498e-15       2.362871860573e-16       2.449844330916e-17       8.069549087291e-18 
 2221       1.791271540011e-11       8.330579493800e-13      -5.702745849818e-13       4.773419869233e-15       2.358506894100e-16       2.415934237829e-17       8.078943624194e-18 
 2222       1.785688898892e-11       8.334637523274e-13      -5.777690708226e-13       4.767074278852e-15       2.354151723904e-16       2.382193337395e-17       8.086051446629e-18 
 2223       1.780185999952e-11       8.338139485555e-13      -5.853267171940e-13       4.760744376498e-15       2.349806331882e-16       2.348637695443e-17       8.090911181636e-18 
 2224       1.774762408208e-11       8.341085724910e-13      -5.929439058996e-13       4.754430205276e-15       2.345470699742e-16       2.315283434077e-17       8.093561611971e-18 
 2225       1.769417686474e-11       8.343476590889e-13      -6.006170053309e-13       4.748131808252e-15       2.341144809008e-16       2.282146731739e-17       8.094041676287e-18 
 2226       1.764151395358e-11       8.345312438333e-13      -6.083423704517e-13       4.741849228456e-15       2.336828641017e-16       2.249243823269e-17       8.092390469319e-18 
 2227       1.758963093262e-11       8.346593627377e-13      -6.161163427833e-13       4.735582508878e-15       2.332522176916e-16       2.216590999973e-17       8.088647242062e-18 
 2228       1.753852336373e-11       8.347320523461e-13      -6.239352503889e-13       4.729331692470e-15       2.328225397668e-16       2.184204609680e-17       8.082851401953e-18 
 2229       1.748818678666e-11       8.347493497339e-13      -6.317954078585e-13       4.723096822145e-15       2.323938284047e-16       2.152101056807e-17       8.075042513053e-18 
 2230       1.743861671901e-11       8.347112925081e-13      -6.396931162940e-13       4.716877940776e-15       2.319660816637e-16       2.120296802424e-17       8.065260296229e-18 
 2231       1.738980865617e-11       8.346179188085e-13      -6.476246632934e-13       4.710675091201e-15       2.315392975838e-16       2.088808364310e-17       8.053544629332e-18 
 2232       1.734175807130e-11       8.344692673084e-13      -6.555863229362e-13       4.704488316215e-15       2.311134741857e-16       2.057652317024e-17       8.039935547382e-18 
 2233       1.729446041534e-11       8.342653772151e-13      -6.635743557678e-13       4.698317658575e-15       2.306886094716e-16       2.026845291960e-17       8.024473242749e-18 
 2234       1.724791111693e-11       8.340062882708e-13      -6.715850087844e-13       4.692163161000e-15       2.302647014245e-16       1.996403977416e-17       8.007198065330e-18 
 2235       1.720210558243e-11       8.336920407535e-13      -6.796145154179e-13       4.686024866169e-15       2.298417480086e-16       1.966345118652e-17       7.988150522736e-18 
 2236       1.715703919584e-11       8.333226754773e-13      -6.876590955206e-13       4.679902816719e-15       2.294197471693e-16       1.936685517954e-17       7.967371280470e-18 
 2237       1.711270731885e-11       8.328982337938e-13      -6.957149553499e-13       4.673797055251e-15       2.289986968326e-16       1.907442034699e-17       7.944901162110e-18 
 2238       1.706910529071e-11       8.324187575920e-13      -7.037782875532e-13       4.667707624323e-15       2.285785949059e-16       1.878631585412e-17       7.920781149488e-18 
 2239       1.702622842831e-11       8.318842893000e-13      -7.118452711527e-13       4.661634566456e-15       2.281594392773e-16       1.850271143835e-17       7.895052382874e-18 
 2240       1.698407202607e-11       8.312948718850e-13      -7.199120715303e-13       4.655577924129e-15       2.277412278161e-16       1.822377740987e-17       7.867756161154e-18 
 2241       1.694263135596e-11       8.306505488542e-13      -7.279748404121e-13       4.649537739780e-15       2.273239583723e-16       1.794968465225e-17       7.838933942015e-18 
 2242       1.690190166744e-11       8.299513642559e-13      -7.360297158533e-13       4.643514055809e-15       2.269076287767e-16       1.768060462307e-17       7.808627342125e-18 
 2243       1.686187818747e-11       8.291973626799e-13      -7.440728222233e-13       4.637506914574e-15       2.264922368412e-16       1.741670935459e-17       7.776878137313e-18 
 2244       1.682255612046e-11       8.283885892582e-13      -7.521002701900e-13       4.631516358393e-15       2.260777803585e-16       1.715817145432e-17       7.743728262751e-18 
 2245       1.678393064823e-11       8.275250896661e-13      -7.601081567050e-13       4.625542429543e-15       2.256642571018e-16       1.690516410566e-17       7.709219813137e-18 
 2246       1.674599693001e-11       8.266069101226e-13      -7.680925649882e-13       4.619585170259e-15       2.252516648255e-16       1.665786106856e-17       7.673395042872e-18 
 2247       1.670875010240e-11       8.256340973912e-13      -7.760495645124e-13       4.613644622736e-15       2.248400012645e-16       1.641643668011e-17       7.636296366247e-18 
 2248       1.667218527934e-11       8.246066987810e-13      -7.839752109887e-13       4.607720829129e-15       2.244292641345e-16       1.618106585517e-17       7.597966357621e-18 
 2249       1.663629755210e-11       8.235247621467e-13      -7.918655463506e-13       4.601813831550e-15       2.240194511318e-16       1.595192408701e-17       7.558447751602e-18 
 2250       1.660108198921e-11       8.223883358903e-13      -7.997165987392e-13       4.595923672069e-15       2.236105599335e-16       1.572918744794e-17       7.517783443228e-18 
 2251       1.656653363649e-11       8.211974689610e-13      -8.075243824879e-13       4.590050392718e-15       2.232025881972e-16       1.551303258990e-17       7.476016488152e-18 
 2252       1.653264751699e-11       8.199522108564e-13      -8.152848981072e-13       4.584194035482e-15       2.227955335613e-16       1.530363674515e-17       7.433190102818e-18 
 2253       1.649941863095e-11       8.186526116232e-13      -8.229941322695e-13       4.578354642310e-15       2.223893936447e-16       1.510117772682e-17       7.389347664648e-18 
 2254       1.646684195580e-11       8.172987218577e-13      -8.306480577937e-13       4.572532255103e-15       2.219841660469e-16       1.490583392960e-17       7.344532712217e-18 
 2255       1.643491244614e-11       8.158905927070e-13      -8.382426336303e-13       4.566726915726e-15       2.215798483478e-16       1.471778433033e-17       7.298788945441e-18 
 2256       1.640362503368e-11       8.144282758691e-13      -8.457738048461e-13       4.560938665996e-15       2.211764381079e-16       1.453720848865e-17       7.252160225751e-18 
 2257       1.637297462721e-11       8.129118235945e-13      -8.532375026089e-13       4.555167547693e-15       2.207739328683e-16       1.436428654759e-17       7.204690576282e-18 
 2258       1.634295611262e-11       8.113412886860e-13      -8.606296441722e-13       4.549413602549e-15       2.203723301503e-16       1.419919923425e-17       7.156424182048e-18 
 2259       1.631356435284e-11       8.097167245001e-13      -8.679461328604e-13       4.543676872259e-15       2.199716274560e-16       1.404212786037e-17       7.107405390126e-18 
 2260       1.628479341806e-11       8.080382938887e-13      -8.751832483016e-13       4.537957373099e-15       2.195718223417e-16       1.389318223552e-17       7.057679446446e-18 
 2261       1.625663427109e-11       8.063065967945e-13      -8.823388199216e-13       4.532255019635e-15       2.191729126413e-16       1.375218389490e-17       7.007294710998e-18 
 2262       1.622907706695e-11       8.045223447793e-13      -8.894110610213e-13       4.526569700521e-15       2.187748962447e-16       1.361888146856e-17       6.956300457337e-18 
 2263       1.620211192122e-11       8.026862522786e-13      -8.963981792130e-13       4.520901303830e-15       2.183777710236e-16       1.349302264027e-17       6.904746137473e-18 
 2264       1.617572891001e-11       8.007990366053e-13      -9.032983764139e-13       4.515249717051e-15       2.179815348316e-16       1.337435414648e-17       6.852681382073e-18 
 2265       1.614991806989e-11       7.988614179525e-13      -9.101098488402e-13       4.509614827089e-15       2.175861855042e-16       1.326262177526e-17       6.800156000659e-18 
 2266       1.612466939785e-11       7.968741193971e-13      -9.168307870012e-13       4.503996520263e-15       2.171917208588e-16       1.315757036519e-17       6.747219981802e-18 
 2267       1.609997285129e-11       7.948378669033e-13      -9.234593756931e-13       4.498394682307e-15       2.167981386944e-16       1.305894380435e-17       6.693923493328e-18 
 2268       1.607581834791e-11       7.927533893254e-13      -9.299937939928e-13       4.492809198368e-15       2.164054367919e-16       1.296648502922e-17       6.640316882513e-18 
 2269       1.605219576570e-11       7.906214184115e-13      -9.364322152523e-13       4.487239953007e-15       2.160136129139e-16       1.287993602359e-17       6.586450676278e-18 
 2270       1.602909494293e-11       7.884426888067e-13      -9.427728070922e-13       4.481686830195e-15       2.156226648049e-16       1.279903781757e-17       6.532375581396e-18 
 2271       1.600650567802e-11       7.862179380563e-13      -9.490137313959e-13       4.476149713317e-15       2.152325901909e-16       1.272353048644e-17       6.478142484683e-18 
 2272       1.598441772957e-11       7.839479066092e-13      -9.551531443036e-13       4.470628485165e-15       2.148433867796e-16       1.265315314964e-17       6.423802453199e-18 
 2273       1.596282081630e-11       7.816333378212e-13      -9.611891962061e-13       4.465123027943e-15       2.144550522605e-16       1.258764396966e-17       6.369406734449e-18 
 2274       1.594170461696e-11       7.792749779583e-13      -9.671200317389e-13       4.459633223265e-15       2.140675843046e-16       1.252674015102e-17       6.315006756578e-18 
 2275       1.592105877034e-11       7.768735762000e-13      -9.729437897759e-13       4.454158952153e-15       2.136809805645e-16       1.247017793917e-17       6.260654128572e-18 
 2276       1.590087287519e-11       7.744298846424e-13      -9.786586034238e-13       4.448700095034e-15       2.132952386745e-16       1.241769261941e-17       6.206400640457e-18 
 2277       1.588113649020e-11       7.719446583021e-13      -9.842626000156e-13       4.443256531744e-15       2.129103562503e-16       1.236901851589e-17       6.152298263493e-18 
 2278       1.586183913393e-11       7.694186551186e-13      -9.897539011049e-13       4.437828141527e-15       2.125263308892e-16       1.232388899047e-17       6.098399150380e-18 
 2279       1.584297028477e-11       7.668526359586e-13      -9.951306224595e-13       4.432414803030e-15       2.121431601701e-16       1.228203644167e-17       6.044755635451e-18 
 2280       1.582451938092e-11       7.642473646183e-13      -1.000390874056e-12       4.427016394304e-15       2.117608416533e-16       1.224319230366e-17       5.991420234871e-18 
 2281       1.580647582031e-11       7.616036078276e-13      -1.005532760073e-12       4.421632792807e-15       2.113793728805e-16       1.220708704509e-17       5.938445646839e-18 
 2282       1.578882896056e-11       7.589221352528e-13      -1.010554378885e-12       4.416263875398e-15       2.109987513748e-16       1.217345016814e-17       5.885884751783e-18 
 2283       1.577156811898e-11       7.562037195002e-13      -1.015453823057e-12       4.410909518339e-15       2.106189746409e-16       1.214201020736e-17       5.833790612561e-18 
 2284       1.575468257245e-11       7.534491361193e-13      -1.020229179339e-12       4.405569597295e-15       2.102400401647e-16       1.211249472864e-17       5.782216474658e-18 
 2285       1.573816155743e-11       7.506591636061e-13      -1.024878528659e-12       4.400243987330e-15       2.098619454137e-16       1.208463032817e-17       5.731215766386e-18 
 2286       1.572199426991e-11       7.478345834064e-13      -1.029399946115e-12       4.394932562911e-15       2.094846878363e-16       1.205814263130e-17       5.680842099081e-18 
 2287       1.570616986533e-11       7.449761799191e-13      -1.033791500974e-12       4.389635197902e-15       2.091082648626e-16       1.203275629156e-17       5.631149267303e-18 
 2288       1.569067745858e-11       7.420847404996e-13      -1.038051256662e-12       4.384351765567e-15       2.087326739038e-16       1.200819498954e-17       5.582191249035e-18 
 2289       1.567550612391e-11       7.391610554630e-13      -1.042177270758e-12       4.379082138570e-15       2.083579123525e-16       1.198418143182e-17       5.534022205879e-18 
 2290       1.566064489492e-11       7.362059180874e-13      -1.046167594990e-12       4.373826188969e-15       2.079839775824e-16       1.196043734994e-17       5.486696483257e-18 
 2291       1.564608276450e-11       7.332201246172e-13      -1.050020275227e-12       4.368583788222e-15       2.076108669483e-16       1.193668349929e-17       5.440268610609e-18 
 2292       1.563180868479e-11       7.302044742666e-13      -1.053733351475e-12       4.363354807180e-15       2.072385777865e-16       1.191263965810e-17       5.394793301593e-18 
 2293       1.561781156713e-11       7.271597692225e-13      -1.057304857869e-12       4.358139116092e-15       2.068671074143e-16       1.188802462629e-17       5.350325454278e-18 
 2294       1.560408028201e-11       7.240868146482e-13      -1.060732822668e-12       4.352936584601e-15       2.064964531299e-16       1.186255622449e-17       5.306920151352e-18 
 2295       1.559060365903e-11       7.209864186865e-13      -1.064015268249e-12       4.347747081741e-15       2.061266122131e-16       1.183595129293e-17       5.264632660311e-18 
 2296       1.557737048685e-11       7.178593924631e-13      -1.067150211100e-12       4.342570475944e-15       2.057575819243e-16       1.180792569037e-17       5.223518433664e-18 
 2297       1.556436951318e-11       7.147065500897e-13      -1.070135661816e-12       4.337406635030e-15       2.053893595053e-16       1.177819429303e-17       5.183633109130e-18 
 2298       1.555158944466e-11       7.115287086677e-13      -1.072969625090e-12       4.332255426213e-15       2.050219421788e-16       1.174647099357e-17       5.145032509835e-18 
 2299       1.553901935782e-11       7.083266991337e-13      -1.075650528344e-12       4.327116708822e-15       2.046553273198e-16       1.171253628786e-17       5.107753124661e-18 
 2300       1.552664993464e-11       7.051013988677e-13      -1.078178510609e-12       4.321990312433e-15       2.042895129713e-16       1.167644050813e-17       5.071753413050e-18 
 2301       1.551447223475e-11       7.018536992989e-13      -1.080554141840e-12       4.316876058596e-15       2.039244973319e-16       1.163830188192e-17       5.036972126809e-18 
 2302       1.550247728515e-11       6.985844950864e-13      -1.082777995032e-12       4.311773768097e-15       2.035602785847e-16       1.159823906224e-17       5.003347795783e-18 
 2303       1.549065608020e-11       6.952946841221e-13      -1.084850646219e-12       4.306683260959e-15       2.031968548973e-16       1.155637112796e-17       4.970818727604e-18 
 2304       1.547899958156e-11       6.919851675341e-13      -1.086772674484e-12       4.301604356440e-15       2.028342244217e-16       1.151281758436e-17       4.939323007452e-18 
 2305       1.546749871819e-11       6.886568496910e-13      -1.088544661956e-12       4.296536873031e-15       2.024723852944e-16       1.146769836350e-17       4.908798497808e-18 
 2306       1.545614438627e-11       6.853106382046e-13      -1.090167193821e-12       4.291480628457e-15       2.021113356365e-16       1.142113382479e-17       4.879182838207e-18 
 2307       1.544492744919e-11       6.819474439341e-13      -1.091640858318e-12       4.286435439674e-15       2.017510735532e-16       1.137324475535e-17       4.850413445001e-18 
 2308       1.543383873753e-11       6.785681809893e-13      -1.092966246749e-12       4.281401122871e-15       2.013915971344e-16       1.132415237059e-17       4.822427511106e-18 
 2309       1.542286904899e-11       6.751737667340e-13      -1.094143953479e-12       4.276377493466e-15       2.010329044542e-16       1.127397831457e-17       4.795162005765e-18 
 2310       1.541200914834e-11       6.717651217902e-13      -1.095174575941e-12       4.271364366106e-15       2.006749935711e-16       1.122284466055e-17       4.768553674298e-18 
 2311       1.540124976746e-11       6.683431700409e-13      -1.096058714641e-12       4.266361554668e-15       2.003178625280e-16       1.117087391141e-17       4.742539037861e-18 
 2312       1.539058160522e-11       6.649088386341e-13      -1.096796973157e-12       4.261368872256e-15       1.999615093519e-16       1.111818900014e-17       4.717054393201e-18 
 2313       1.537999532750e-11       6.614630579863e-13      -1.097389958148e-12       4.256386131201e-15       1.996059320542e-16       1.106491329028e-17       4.692035812409e-18 
 2314       1.536948156713e-11       6.580067617858e-13      -1.097838279357e-12       4.251413143060e-15       1.992511286307e-16       1.101117057644e-17       4.667419142682e-18 
 2315       1.535903092384e-11       6.545408869966e-13      -1.098142549610e-12       4.246449718615e-15       1.988970970613e-16       1.095708508469e-17       4.643140006069e-18 
 2316       1.534863396425e-11       6.510663738616e-13      -1.098303384826e-12       4.241495667871e-15       1.985438353102e-16       1.090278147311e-17       4.619133799237e-18 
 2317       1.533828122185e-11       6.475841659064e-13      -1.098321404014e-12       4.236550800057e-15       1.981913413257e-16       1.084838483219e-17       4.595335693219e-18 
 2318       1.532796319691e-11       6.440952099429e-13      -1.098197229285e-12       4.231614923625e-15       1.978396130403e-16       1.079402068534e-17       4.571680633173e-18 
 2319       1.531767035647e-11       6.406004560726e-13      -1.097931485847e-12       4.226687846248e-15       1.974886483709e-16       1.073981498933e-17       4.548103338136e-18 
 2320       1.530739313434e-11       6.371008576902e-13      -1.097524802014e-12       4.221769374820e-15       1.971384452182e-16       1.068589413477e-17       4.524538300782e-18 
 2321       1.529712193100e-11       6.335973714873e-13      -1.096977809209e-12       4.216859315453e-15       1.967890014672e-16       1.063238494659e-17       4.500919787175e-18 
 2322       1.528684711362e-11       6.300909574559e-13      -1.096291141967e-12       4.211957473479e-15       1.964403149870e-16       1.057941468447e-17       4.477181836527e-18 
 2323       1.527655901597e-11       6.265825788918e-13      -1.095465437938e-12       4.207063653448e-15       1.960923836308e-16       1.052711104336e-17       4.453258260951e-18 
 2324       1.526624793843e-11       6.230732023983e-13      -1.094501337892e-12       4.202177659126e-15       1.957452052358e-16       1.047560215390e-17       4.429082645218e-18 
 2325       1.525590414795e-11       6.195637978899e-13      -1.093399485722e-12       4.197299293497e-15       1.953987776232e-16       1.042501658289e-17       4.404588346514e-18 
 2326       1.524551787799e-11       6.160553385955e-13      -1.092160528447e-12       4.192428358758e-15       1.950530985983e-16       1.037548333379e-17       4.379708494192e-18 
 2327       1.523507932848e-11       6.125488010619e-13      -1.090785116217e-12       4.187564656322e-15       1.947081659503e-16       1.032713184718e-17       4.354375989533e-18 
 2328       1.522457866582e-11       6.090451651580e-13      -1.089273902318e-12       4.182707986814e-15       1.943639774526e-16       1.028009200119e-17       4.328523505496e-18 
 2329       1.521400602282e-11       6.055454140776e-13      -1.087627543170e-12       4.177858150071e-15       1.940205308622e-16       1.023449411201e-17       4.302083486477e-18 
 2330       1.520335149865e-11       6.020505343434e-13      -1.085846698338e-12       4.173014945145e-15       1.936778239204e-16       1.019046893434e-17       4.274988148063e-18 
 2331       1.519260515886e-11       5.985615158102e-13      -1.083932030531e-12       4.168178170295e-15       1.933358543522e-16       1.014814766184e-17       4.247169476788e-18 
 2332       1.518175703526e-11       5.950793516690e-13      -1.081884205606e-12       4.163347622991e-15       1.929946198665e-16       1.010766192764e-17       4.218559229891e-18 
 2333       1.517079712596e-11       5.916050384498e-13      -1.079703892574e-12       4.158523099913e-15       1.926541181561e-16       1.006914380476e-17       4.189088935068e-18 
 2334       1.515971539528e-11       5.881395760259e-13      -1.077391763601e-12       4.153704396948e-15       1.923143468976e-16       1.003272580662e-17       4.158689890229e-18 
 2335       1.514850177377e-11       5.846839676169e-13      -1.074948494015e-12       4.148891309190e-15       1.919753037516e-16       9.998540887472e-18       4.127293163254e-18 
 2336       1.513714615811e-11       5.812392197925e-13      -1.072374762304e-12       4.144083630940e-15       1.916369863622e-16       9.966722442880e-18       4.094829591749e-18 
 2337       1.512563841112e-11       5.778063424760e-13      -1.069671250128e-12       4.139281155703e-15       1.912993923577e-16       9.937404310196e-18       4.061229782800e-18 
 2338       1.511396945554e-11       5.743862754628e-13      -1.066838875970e-12       4.134483687269e-15       1.909625195545e-16       9.910693464281e-18       4.026437766178e-18 
 2339       1.510213456305e-11       5.709796674650e-13      -1.063879497704e-12       4.129691073014e-15       1.906263665728e-16       9.886587916909e-18       3.990452047863e-18 
 2340       1.509013008576e-11       5.675870956907e-13      -1.060795214439e-12       4.124903170809e-15       1.902909322251e-16       9.865058304167e-18       3.953284813118e-18 
 2341       1.507795236426e-11       5.642091392044e-13      -1.057588133270e-12       4.120119837948e-15       1.899562153119e-16       9.846075144378e-18       3.914948296439e-18 
 2342       1.506559772762e-11       5.608463789296e-13      -1.054260369286e-12       4.115340931159e-15       1.896222146214e-16       9.829608837967e-18       3.875454781610e-18 
 2343       1.505306249331e-11       5.574993976504e-13      -1.050814045582e-12       4.110566306596e-15       1.892889289297e-16       9.815629667329e-18       3.834816601758e-18 
 2344       1.504034296729e-11       5.541687800136e-13      -1.047251293262e-12       4.105795819841e-15       1.889563570010e-16       9.804107796696e-18       3.793046139409e-18 
 2345       1.502743544392e-11       5.508551125308e-13      -1.043574251456e-12       4.101029325902e-15       1.886244975871e-16       9.795013272007e-18       3.750155826545e-18 
 2346       1.501433620595e-11       5.475589835798e-13      -1.039785067320e-12       4.096266679216e-15       1.882933494277e-16       9.788316020776e-18       3.706158144654e-18 
 2347       1.500104152457e-11       5.442809834072e-13      -1.035885896052e-12       4.091507733643e-15       1.879629112504e-16       9.783985851957e-18       3.661065624791e-18 
 2348       1.498754765933e-11       5.410217041299e-13      -1.031878900897e-12       4.086752342468e-15       1.876331817703e-16       9.781992455817e-18       3.614890847630e-18 
 2349       1.497385085817e-11       5.377817397369e-13      -1.027766253158e-12       4.082000358403e-15       1.873041596907e-16       9.782305403799e-18       3.567646443521e-18 
 2350       1.495994735738e-11       5.345616860919e-13      -1.023550132200e-12       4.077251633580e-15       1.869758437023e-16       9.784894148392e-18       3.519345092542e-18 
 2351       1.494583338162e-11       5.313621409346e-13      -1.019232725467e-12       4.072506019557e-15       1.866482324839e-16       9.789728023000e-18       3.469999524557e-18 
 2352       1.493150514388e-11       5.281837038828e-13      -1.014816228483e-12       4.067763367313e-15       1.863213247016e-16       9.796776241810e-18       3.419622519274e-18 
 2353       1.491695884546e-11       5.250269764345e-13      -1.010302844866e-12       4.063023527249e-15       1.859951190097e-16       9.806007899657e-18       3.368226906292e-18 
 2354       1.490219067601e-11       5.218925619697e-13      -1.005694786332e-12       4.058286349188e-15       1.856696140497e-16       9.817391971896e-18       3.315825565163e-18 
 2355       1.488719681347e-11       5.187810657524e-13      -1.000994272710e-12       4.053551682372e-15       1.853448084511e-16       9.830897314267e-18       3.262431425447e-18 
 2356       1.487197342406e-11       5.156930949325e-13      -9.962035319445e-13       4.048819375464e-15       1.850207008310e-16       9.846492662765e-18       3.208057466764e-18 
 2357       1.485651666228e-11       5.126292585476e-13      -9.913248001099e-13       4.044089276544e-15       1.846972897942e-16       9.864146633507e-18       3.152716718850e-18 
 2358       1.484082267092e-11       5.095901675253e-13      -9.863603214148e-13       4.039361233114e-15       1.843745739330e-16       9.883827722600e-18       3.096422261614e-18 
 2359       1.482488758101e-11       5.065764346847e-13      -9.813123482134e-13       4.034635092090e-15       1.840525518274e-16       9.905504306008e-18       3.039187225193e-18 
 2360       1.480870751182e-11       5.035886747387e-13      -9.761831410133e-13       4.029910699809e-15       1.837312220449e-16       9.929144639424e-18       2.981024790004e-18 
 2361       1.479227857086e-11       5.006275042957e-13      -9.709749684849e-13       4.025187902021e-15       1.834105831408e-16       9.954716858132e-18       2.921948186804e-18 
 2362       1.477559685385e-11       4.976935418617e-13      -9.656901074696e-13       4.020466543894e-15       1.830906336577e-16       9.982188976881e-18       2.861970696743e-18 
 2363       1.475865844474e-11       4.947874078420e-13      -9.603308429892e-13       4.015746470012e-15       1.827713721260e-16       1.001152888975e-17       2.801105651416e-18 
 2364       1.474145941564e-11       4.919097245435e-13      -9.548994682543e-13       4.011027524370e-15       1.824527970633e-16       1.004270437001e-17       2.739366432924e-18 
 2365       1.472399582688e-11       4.890611161762e-13      -9.493982846731e-13       4.006309550381e-15       1.821349069752e-16       1.007568307001e-17       2.676766473927e-18 
 2366       1.470626372694e-11       4.862422088556e-13      -9.438296018607e-13       4.001592390870e-15       1.818177003543e-16       1.011043252102e-17       2.613319257696e-18 
 2367       1.468825915246e-11       4.834536306043e-13      -9.381957376472e-13       3.996875888072e-15       1.815011756810e-16       1.014692013312e-17       2.549038318174e-18 
 2368       1.466997812823e-11       4.806960113540e-13      -9.324990180872e-13       3.992159883638e-15       1.811853314231e-16       1.018511319506e-17       2.483937240027e-18 
 2369       1.465141666719e-11       4.779699829474e-13      -9.267417774681e-13       3.987444218629e-15       1.808701660357e-16       1.022497887414e-17       2.418029658699e-18 
 2370       1.463257077038e-11       4.752761791405e-13      -9.209263583192e-13       3.982728733514e-15       1.805556779616e-16       1.026648421603e-17       2.351329260471e-18 
 2371       1.461343642697e-11       4.726152356039e-13      -9.150551114202e-13       3.978013268176e-15       1.802418656308e-16       1.030959614471e-17       2.283849782513e-18 
 2372       1.459400961422e-11       4.699877899253e-13      -9.091303958107e-13       3.973297661905e-15       1.799287274608e-16       1.035428146229e-17       2.215605012939e-18 
 2373       1.457428629748e-11       4.673944816111e-13      -9.031545787979e-13       3.968581753401e-15       1.796162618565e-16       1.040050684888e-17       2.146608790864e-18 
 2374       1.455426243018e-11       4.648359520887e-13      -8.971300359667e-13       3.963865380771e-15       1.793044672101e-16       1.044823886249e-17       2.076875006459e-18 
 2375       1.453393395380e-11       4.623128447078e-13      -8.910591511874e-13       3.959148381530e-15       1.789933419011e-16       1.049744393887e-17       2.006417601006e-18 
 2376       1.451329679789e-11       4.598258047430e-13      -8.849443166253e-13       3.954430592599e-15       1.786828842965e-16       1.054808839136e-17       1.935250566953e-18 
 2377       1.449234790563e-11       4.573753757887e-13      -8.787878934521e-13       3.949711871600e-15       1.783730927694e-16       1.060013862823e-17       1.863397516004e-18 
 2378       1.447108831760e-11       4.549616882440e-13      -8.725920937007e-13       3.944992160876e-15       1.780639657554e-16       1.065356180624e-17       1.790920447692e-18 
 2379       1.444952010700e-11       4.525847689128e-13      -8.663590977005e-13       3.940271423864e-15       1.777555016968e-16       1.070832518083e-17       1.717891158121e-18 
 2380       1.442764535575e-11       4.502446444362e-13      -8.600910933161e-13       3.935549623833e-15       1.774476990235e-16       1.076439588890e-17       1.644381688279e-18 
 2381       1.440546615455e-11       4.479413412920e-13      -8.537902759554e-13       3.930826723890e-15       1.771405561529e-16       1.082174094872e-17       1.570464324296e-18 
 2382       1.438298460285e-11       4.456748857947e-13      -8.474588485773e-13       3.926102686974e-15       1.768340714901e-16       1.088032725978e-17       1.496211597700e-18 
 2383       1.436020280888e-11       4.434453040952e-13      -8.410990217001e-13       3.921377475859e-15       1.765282434279e-16       1.094012160269e-17       1.421696285680e-18 
 2384       1.433712288966e-11       4.412526221802e-13      -8.347130134088e-13       3.916651053153e-15       1.762230703465e-16       1.100109063901e-17       1.346991411342e-18 
 2385       1.431374697099e-11       4.390968658726e-13      -8.283030493641e-13       3.911923381298e-15       1.759185506138e-16       1.106320091116e-17       1.272170243966e-18 
 2386       1.429007718749e-11       4.369780608304e-13      -8.218713628092e-13       3.907194422569e-15       1.756146825852e-16       1.112641884227e-17       1.197306299266e-18 
 2387       1.426611568256e-11       4.348962325471e-13      -8.154201945788e-13       3.902464139075e-15       1.753114646037e-16       1.119071073608e-17       1.122473339650e-18 
 2388       1.424186460847e-11       4.328514063513e-13      -8.089517931064e-13       3.897732492759e-15       1.750088949997e-16       1.125604277677e-17       1.047745374473e-18 
 2389       1.421732612629e-11       4.308436074060e-13      -8.024684144326e-13       3.892999445395e-15       1.747069720912e-16       1.132238102887e-17       9.731966603012e-19 
 2390       1.419250240594e-11       4.288728607090e-13      -7.959723222129e-13       3.888264958591e-15       1.744056941837e-16       1.138969143712e-17       8.989017011670e-19 
 2391       1.416739562619e-11       4.269391910921e-13      -7.894657877260e-13       3.883528993788e-15       1.741050595701e-16       1.145793982634e-17       8.249352488284e-19 
 2392       1.414200797468e-11       4.250426232213e-13      -7.829510898812e-13       3.878791512259e-15       1.738050665309e-16       1.152709190130e-17       7.513723030269e-19 
 2393       1.411634164791e-11       4.231831815961e-13      -7.764305152271e-13       3.874052475108e-15       1.735057133339e-16       1.159711324661e-17       6.782881117465e-19 
 2394       1.409039885127e-11       4.213608905494e-13      -7.699063579590e-13       3.869311843274e-15       1.732069982343e-16       1.166796932656e-17       6.057581714713e-19 
 2395       1.406418179905e-11       4.195757742473e-13      -7.633809199270e-13       3.864569577524e-15       1.729089194748e-16       1.173962548503e-17       5.338582274444e-19 
 2396       1.403769271441e-11       4.178278566890e-13      -7.568565106443e-13       3.859825638460e-15       1.726114752856e-16       1.181204694533e-17       4.626642739261e-19 
 2397       1.401093382945e-11       4.161171617059e-13      -7.503354472948e-13       3.855079986514e-15       1.723146638840e-16       1.188519881012e-17       3.922525544520e-19 
 2398       1.398390738519e-11       4.144437129623e-13      -7.438200547412e-13       3.850332581950e-15       1.720184834748e-16       1.195904606120e-17       3.226995620916e-19 
 2399       1.395661563155e-11       4.128075339541e-13      -7.373126655330e-13       3.845583384860e-15       1.717229322503e-16       1.203355355947e-17       2.540820397066e-19 
 2400       1.392906082743e-11       4.112086480095e-13      -7.308156199146e-13       3.840832355171e-15       1.714280083899e-16       1.210868604476e-17       1.864769802094e-19 
 2401       1.390124524066e-11       4.096470782879e-13      -7.243312658329e-13       3.836079452639e-15       1.711337100604e-16       1.218440813570e-17       1.199616268211e-19 
 2402       1.387317114802e-11       4.081228477803e-13      -7.178619589458e-13       3.831324636849e-15       1.708400354160e-16       1.226068432961e-17       5.461347332994e-20 
 2403       1.384484083527e-11       4.066359793085e-13      -7.114100626298e-13       3.826567867219e-15       1.705469825979e-16       1.233747900235e-17      -9.489735650006e-21 
 2404       1.381625659716e-11       4.051864955255e-13      -7.049779479879e-13       3.821809102994e-15       1.702545497348e-16       1.241475640821e-17      -7.227000442090e-20 
 2405       1.378742073740e-11       4.037744189143e-13      -6.985679938581e-13       3.817048303251e-15       1.699627349427e-16       1.249248067979e-17      -1.336490859426e-19 
 2406       1.375833556874e-11       4.023997717886e-13      -6.921825868207e-13       3.812285426897e-15       1.696715363247e-16       1.257061582785e-17      -1.935484815743e-19 
 2407       1.372900341290e-11       4.010625762918e-13      -6.858241212069e-13       3.807520432666e-15       1.693809519710e-16       1.264912574121e-17      -2.518894408164e-19 
 2408       1.369942660063e-11       3.997628543973e-13      -6.794949991064e-13       3.802753279123e-15       1.690909799593e-16       1.272797418658e-17      -3.085929610517e-19 
 2409       1.366960747171e-11       3.985006279078e-13      -6.731976303753e-13       3.797983924663e-15       1.688016183542e-16       1.280712480847e-17      -3.635797872877e-19 
 2410       1.363954837497e-11       3.972759184553e-13      -6.669344326444e-13       3.793212327507e-15       1.685128652078e-16       1.288654112907e-17      -4.167704118975e-19 
 2411       1.360925166827e-11       3.960887475007e-13      -6.607078313272e-13       3.788438445708e-15       1.682247185589e-16       1.296618654809e-17      -4.680850743621e-19 
 2412       1.357871971853e-11       3.949391363336e-13      -6.545202596273e-13       3.783662237144e-15       1.679371764339e-16       1.304602434263e-17      -5.174437610118e-19 
 2413       1.354795490174e-11       3.938271060720e-13      -6.483741585471e-13       3.778883659524e-15       1.676502368460e-16       1.312601766709e-17      -5.647662047677e-19 
 2414       1.351695960297e-11       3.927526776620e-13      -6.422719768954e-13       3.774102670384e-15       1.673638977957e-16       1.320612955303e-17      -6.099718848837e-19 
 2415       1.348573621636e-11       3.917158718779e-13      -6.362161712954e-13       3.769319227088e-15       1.670781572704e-16       1.328632290902e-17      -6.529800266878e-19 
 2416       1.345428759577e-11       3.907166355618e-13      -6.302089682696e-13       3.764533305647e-15       1.667930133528e-16       1.336657014848e-17      -6.937370831302e-19 
 2417       1.342261840944e-11       3.897546198572e-13      -6.242516489031e-13       3.759744957305e-15       1.665084645461e-16       1.344688213722e-17      -7.322993619422e-19 
 2418       1.339073379358e-11       3.888294006310e-13      -6.183452598612e-13       3.754954252297e-15       1.662245094503e-16       1.352727942106e-17      -7.687508987112e-19 
 2419       1.335863890245e-11       3.879405521096e-13      -6.124908509216e-13       3.750161261057e-15       1.659411466548e-16       1.360778261390e-17      -8.031760208521e-19 
 2420       1.332633890844e-11       3.870876468768e-13      -6.066894749777e-13       3.745366054224e-15       1.656583747381e-16       1.368841239781e-17      -8.356593479141e-19 
 2421       1.329383900205e-11       3.862702558723e-13      -6.009421880416e-13       3.740568702636e-15       1.653761922679e-16       1.376918952305e-17      -8.662857918868e-19 
 2422       1.326114439195e-11       3.854879483896e-13      -5.952500492474e-13       3.735769277334e-15       1.650945978010e-16       1.385013480818e-17      -8.951405575064e-19 
 2423       1.322826030496e-11       3.847402920745e-13      -5.896141208538e-13       3.730967849562e-15       1.648135898833e-16       1.393126914011e-17      -9.223091425627e-19 
 2424       1.319519198610e-11       3.840268529231e-13      -5.840354682478e-13       3.726164490767e-15       1.645331670499e-16       1.401261347419e-17      -9.478773382050e-19 
 2425       1.316194469857e-11       3.833471952803e-13      -5.785151599473e-13       3.721359272596e-15       1.642533278247e-16       1.409418883427e-17      -9.719312292486e-19 
 2426       1.312852372382e-11       3.827008818377e-13      -5.730542676044e-13       3.716552266902e-15       1.639740707211e-16       1.417601631275e-17      -9.945571944815e-19 
 2427       1.309493436154e-11       3.820874736319e-13      -5.676538660085e-13       3.711743545738e-15       1.636953942413e-16       1.425811707069e-17      -1.015841906970e-18 
 2428       1.306118192966e-11       3.815065300431e-13      -5.623150330893e-13       3.706933181362e-15       1.634172968767e-16       1.434051233785e-17      -1.035872334367e-18 
 2429       1.302727176441e-11       3.809576087927e-13      -5.570388499200e-13       3.702121246236e-15       1.631397771074e-16       1.442322341279e-17      -1.054735739215e-18 
 2430       1.299320922032e-11       3.804402659419e-13      -5.518264007204e-13       3.697307813024e-15       1.628628334031e-16       1.450627166288e-17      -1.072519679255e-18 
 2431       1.295899967022e-11       3.799540558900e-13      -5.466787728597e-13       3.692492954594e-15       1.625864642219e-16       1.458967852446e-17      -1.089312007735e-18 
 2432       1.292464850531e-11       3.794985313724e-13      -5.415970568599e-13       3.687676744019e-15       1.623106680114e-16       1.467346550284e-17      -1.105200873711e-18 
 2433       1.289016113512e-11       3.790732434589e-13      -5.365823463990e-13       3.682859254576e-15       1.620354432079e-16       1.475765417238e-17      -1.120274722358e-18 
 2434       1.285554298757e-11       3.786777415517e-13      -5.316357383135e-13       3.678040559746e-15       1.617607882366e-16       1.484226617659e-17      -1.134622295272e-18 
 2435       1.282079950895e-11       3.783115733843e-13      -5.267583326021e-13       3.673220733213e-15       1.614867015120e-16       1.492732322819e-17      -1.148332630782e-18 
 2436       1.278593616401e-11       3.779742850188e-13      -5.219512324287e-13       3.668399848869e-15       1.612131814372e-16       1.501284710916e-17      -1.161495064252e-18 
 2437       1.275095843588e-11       3.776654208448e-13      -5.172155441250e-13       3.663577980808e-15       1.609402264045e-16       1.509885967082e-17      -1.174199228390e-18 
 2438       1.271587182619e-11       3.773845235775e-13      -5.125523771942e-13       3.658755203330e-15       1.606678347948e-16       1.518538283393e-17      -1.186535053551e-18 
 2439       1.268068185501e-11       3.771311342556e-13      -5.079628443137e-13       3.653931590941e-15       1.603960049781e-16       1.527243858871e-17      -1.198592768048e-18 
 2440       1.264539406091e-11       3.769047922399e-13      -5.034480613383e-13       3.649107218352e-15       1.601247353133e-16       1.536004899496e-17      -1.210462898455e-18 
 2441       1.261001400096e-11       3.767050352112e-13      -4.990091473034e-13       3.644282160479e-15       1.598540241482e-16       1.544823618207e-17      -1.222236269913e-18 
 2442       1.257454725078e-11       3.765313991689e-13      -4.946472244280e-13       3.639456492445e-15       1.595838698193e-16       1.553702234918e-17      -1.234004006442e-18 
 2443       1.253899940452e-11       3.763834184289e-13      -4.903634181176e-13       3.634630289578e-15       1.593142706521e-16       1.562642976514e-17      -1.245857531238e-18 
 2444       1.250337607490e-11       3.762606256219e-13      -4.861588569677e-13       3.629803627413e-15       1.590452249608e-16       1.571648076869e-17      -1.257888566989e-18 
 2445       1.246768289322e-11       3.761625516916e-13      -4.820346727664e-13       3.624976581691e-15       1.587767310485e-16       1.580719776844e-17      -1.270189136175e-18 
 2446       1.243192550939e-11       3.760887258932e-13      -4.779920004980e-13       3.620149228360e-15       1.585087872071e-16       1.589860324299e-17      -1.282851561375e-18 
 2447       1.239610959194e-11       3.760386757912e-13      -4.740319783456e-13       3.615321643574e-15       1.582413917173e-16       1.599071974101e-17      -1.295968465578e-18 
 2448       1.236024082806e-11       3.760119272578e-13      -4.701557476946e-13       3.610493903695e-15       1.579745428485e-16       1.608356988126e-17      -1.309632772484e-18 
 2449       1.232432492357e-11       3.760080044712e-13      -4.663644531355e-13       3.605666085292e-15       1.577082388590e-16       1.617717635270e-17      -1.323937706814e-18 
 2450       1.228836760299e-11       3.760264299137e-13      -4.626592424672e-13       3.600838265140e-15       1.574424779956e-16       1.627156191457e-17      -1.338976794614e-18 
 2451       1.225237460953e-11       3.760667243701e-13      -4.590412666998e-13       3.596010520223e-15       1.571772584941e-16       1.636674939642e-17      -1.354843863562e-18 
 2452       1.221635170514e-11       3.761284069257e-13      -4.555116800581e-13       3.591182927732e-15       1.569125785789e-16       1.646276169819e-17      -1.371633043277e-18 
 2453       1.218030467047e-11       3.762109949646e-13      -4.520716399843e-13       3.586355565067e-15       1.566484364632e-16       1.655962179034e-17      -1.389438765620e-18 
 2454       1.214423930497e-11       3.763140041679e-13      -4.487223071414e-13       3.581528509834e-15       1.563848303487e-16       1.665735271382e-17      -1.408355765007e-18 
 2455       1.210816127904e-11       3.764369399240e-13      -4.454646196216e-13       3.576701846131e-15       1.561217586477e-16       1.675596865558e-17      -1.428454178153e-18 
 2456       1.207207568980e-11       3.765792715066e-13      -4.422986140960e-13       3.571875683430e-15       1.558592206497e-16       1.685544811656e-17      -1.449704680425e-18 
 2457       1.203598750273e-11       3.767404577389e-13      -4.392241006222e-13       3.567050137805e-15       1.555972158587e-16       1.695576058374e-17      -1.472052903596e-18 
 2458       1.199990169927e-11       3.769199555660e-13      -4.362408880699e-13       3.562225325662e-15       1.553357437714e-16       1.705687544022e-17      -1.495444295672e-18 
 2459       1.196382327680e-11       3.771172200527e-13      -4.333487841194e-13       3.557401363741e-15       1.550748038778e-16       1.715876196507e-17      -1.519824120695e-18 
 2460       1.192775724867e-11       3.773317043817e-13      -4.305475952602e-13       3.552578369111e-15       1.548143956607e-16       1.726138933320e-17      -1.545137458562e-18 
 2461       1.189170864422e-11       3.775628598518e-13      -4.278371267895e-13       3.547756459176e-15       1.545545185959e-16       1.736472661531e-17      -1.571329204830e-18 
 2462       1.185568250880e-11       3.778101358754e-13      -4.252171828111e-13       3.542935751675e-15       1.542951721520e-16       1.746874277775e-17      -1.598344070527e-18 
 2463       1.181968390378e-11       3.780729799773e-13      -4.226875662335e-13       3.538116364675e-15       1.540363557907e-16       1.757340668240e-17      -1.626126581966e-18 
 2464       1.178371790654e-11       3.783508377921e-13      -4.202480787689e-13       3.533298416583e-15       1.537780689666e-16       1.767868708660e-17      -1.654621080555e-18 
 2465       1.174778961055e-11       3.786431530628e-13      -4.178985209317e-13       3.528482026136e-15       1.535203111271e-16       1.778455264300e-17      -1.683771722607e-18 
 2466       1.171190412531e-11       3.789493676382e-13      -4.156386920369e-13       3.523667312405e-15       1.532630817127e-16       1.789097189949e-17      -1.713522479149e-18 
 2467       1.167606657644e-11       3.792689214716e-13      -4.134683901991e-13       3.518854394799e-15       1.530063801566e-16       1.799791329908e-17      -1.743817135736e-18 
 2468       1.164028210564e-11       3.796012526185e-13      -4.113874123306e-13       3.514043393060e-15       1.527502058850e-16       1.810534517978e-17      -1.774599292261e-18 
 2469       1.160455587071e-11       3.799457972347e-13      -4.093955541403e-13       3.509234427264e-15       1.524945583169e-16       1.821323577450e-17      -1.805812362765e-18 
 2470       1.156889304561e-11       3.803019895745e-13      -4.074926101324e-13       3.504427617825e-15       1.522394368643e-16       1.832155321097e-17      -1.837399575248e-18 
 2471       1.153329882045e-11       3.806692619883e-13      -4.056783736046e-13       3.499623085491e-15       1.519848409319e-16       1.843026551158e-17      -1.869303971480e-18 
 2472       1.149777840147e-11       3.810470449212e-13      -4.039526366471e-13       3.494820951348e-15       1.517307699173e-16       1.853934059332e-17      -1.901468406812e-18 
 2473       1.146233701112e-11       3.814347669109e-13      -4.023151901409e-13       3.490021336818e-15       1.514772232110e-16       1.864874626766e-17      -1.933835549986e-18 
 2474       1.142697988804e-11       3.818318545856e-13      -4.007658237565e-13       3.485224363658e-15       1.512242001963e-16       1.875845024041e-17      -1.966347882949e-18 
 2475       1.139171228708e-11       3.822377326620e-13      -3.993043259527e-13       3.480430153966e-15       1.509717002492e-16       1.886842011167e-17      -1.998947700658e-18 
 2476       1.135653947932e-11       3.826518239435e-13      -3.979304839748e-13       3.475638830173e-15       1.507197227388e-16       1.897862337568e-17      -2.031577110896e-18 
 2477       1.132146675208e-11       3.830735493183e-13      -3.966440838534e-13       3.470850515051e-15       1.504682670266e-16       1.908902742072e-17      -2.064178034080e-18 
 2478       1.128649940894e-11       3.835023277575e-13      -3.954449104032e-13       3.466065331710e-15       1.502173324673e-16       1.919959952903e-17      -2.096692203075e-18 
 2479       1.125164276977e-11       3.839375763128e-13      -3.943327472211e-13       3.461283403596e-15       1.499669184081e-16       1.931030687666e-17      -2.129061162999e-18 
 2480       1.121690217071e-11       3.843787101147e-13      -3.933073766853e-13       3.456504854496e-15       1.497170241890e-16       1.942111653340e-17      -2.161226271041e-18 
 2481       1.118228296423e-11       3.848251423709e-13      -3.923685799536e-13       3.451729808536e-15       1.494676491429e-16       1.953199546265e-17      -2.193128696265e-18 
 2482       1.114779051912e-11       3.852762843640e-13      -3.915161369620e-13       3.446958390179e-15       1.492187925954e-16       1.964291052132e-17      -2.224709419428e-18 
 2483       1.111343022049e-11       3.857315454494e-13      -3.907498264235e-13       3.442190724232e-15       1.489704538649e-16       1.975382845973e-17      -2.255909232782e-18 
 2484       1.107920746985e-11       3.861903330538e-13      -3.900694258265e-13       3.437426935837e-15       1.487226322622e-16       1.986471592148e-17      -2.286668739894e-18 
 2485       1.104512768504e-11       3.866520526730e-13      -3.894747114334e-13       3.432667150480e-15       1.484753270914e-16       1.997553944339e-17      -2.316928355451e-18 
 2486       1.101119630031e-11       3.871161078699e-13      -3.889654582793e-13       3.427911493987e-15       1.482285376488e-16       2.008626545532e-17      -2.346628305072e-18 
 2487       1.097741876632e-11       3.875819002726e-13      -3.885414401706e-13       3.423160092523e-15       1.479822632236e-16       2.019686028014e-17      -2.375708625118e-18 
 2488       1.094380055013e-11       3.880488295726e-13      -3.882024296834e-13       3.418413072595e-15       1.477365030979e-16       2.030729013358e-17      -2.404109162508e-18 
 2489       1.091034713526e-11       3.885162935225e-13      -3.879481981623e-13       3.413670561054e-15       1.474912565461e-16       2.041752112411e-17      -2.431769574521e-18 
 2490       1.087706402168e-11       3.889836879346e-13      -3.877785157190e-13       3.408932685091e-15       1.472465228355e-16       2.052751925288e-17      -2.458629328615e-18 
 2491       1.084395672581e-11       3.894504066784e-13      -3.876931512308e-13       3.404199572237e-15       1.470023012262e-16       2.063725041357e-17      -2.484627702233e-18 
 2492       1.081103078058e-11       3.899158416787e-13      -3.876918723390e-13       3.399471350370e-15       1.467585909706e-16       2.074668039231e-17      -2.509703782616e-18 
 2493       1.077829173542e-11       3.903793829143e-13      -3.877744454480e-13       3.394748147707e-15       1.465153913142e-16       2.085577486755e-17      -2.533796466613e-18 
 2494       1.074574449160e-11       3.908404543071e-13      -3.879403795302e-13       3.390030084633e-15       1.462727012313e-16       2.096450486980e-17      -2.556859197624e-18 
 2495       1.071339130410e-11       3.912986216260e-13      -3.881881559017e-13       3.385317249111e-15       1.460305186341e-16       2.107286319603e-17      -2.578904271351e-18 
 2496       1.068123376807e-11       3.917534852131e-13      -3.885159939219e-13       3.380609721127e-15       1.457888411593e-16       2.118084809141e-17      -2.599958789796e-18 
 2497       1.064927348240e-11       3.922046441481e-13      -3.889221067694e-13       3.375907580852e-15       1.455476664311e-16       2.128845779826e-17      -2.620049947841e-18 
 2498       1.061751204975e-11       3.926516962467e-13      -3.894047014365e-13       3.371210908646e-15       1.453069920613e-16       2.139569055600e-17      -2.639205033350e-18 
 2499       1.058595107654e-11       3.930942380596e-13      -3.899619787219e-13       3.366519785053e-15       1.450668156491e-16       2.150254460121e-17      -2.657451427256e-18 
 2500       1.055459217295e-11       3.935318648713e-13      -3.905921332250e-13       3.361834290806e-15       1.448271347814e-16       2.160901816757e-17      -2.674816603663e-18 
