# dimensionless total [l(l+1)/2pi] C_l's
# for l=2 to 3000, i.e. number of multipoles equal to 2999
#
# -> if you prefer output in CAMB/HealPix/LensPix units/order, set 'format' to 'camb' in input file
# -> if you don't want to see such a header, set 'headers' to 'no' in input file
# -> for CMB lensing (phi), these are C_l^phi-phi for the lensing potential.
#    Remember the conversion factors:
#    C_l^dd (deflection) = l(l+1) C_l^phi-phi
#    C_l^gg (shear/convergence) = 1/4 (l(l+1))^2 C_l^phi-phi
#
# 1:l     2:TT                     3:EE                     4:TE                     5:BB                     6:phiphi                 7:TPhi                   8:Ephi               
    2       1.385981183418e-10       4.278427310968e-15       3.546298679240e-13       0.000000000000e+00       8.307656180912e-09       4.974331448896e-10      -1.846227676172e-12 
    3       1.262538465257e-10       5.361992517050e-15       4.059731467934e-13       0.000000000000e+00       5.118142536625e-09       3.263194143053e-10      -1.391068174219e-12 
    4       1.176362187961e-10       4.557570855793e-15       3.745864554201e-13       0.000000000000e+00       3.555845058707e-09       2.361429128917e-10      -9.059231943597e-13 
    5       1.119414687191e-10       2.992507373823e-15       3.119412374606e-13       0.000000000000e+00       2.651565534124e-09       1.809187666458e-10      -5.015890094724e-13 
    6       1.083335668966e-10       1.649693955243e-15       2.451623441198e-13       0.000000000000e+00       2.068857564115e-09       1.439169696645e-10      -2.067784971794e-13 
    7       1.062079940877e-10       8.852193059401e-16       1.882140807912e-13       0.000000000000e+00       1.666896099761e-09       1.176552276251e-10      -2.127311307623e-14 
    8       1.050570597514e-10       5.730134878860e-16       1.463042414569e-13       0.000000000000e+00       1.375752533147e-09       9.818680180655e-11       7.118565217627e-14 
    9       1.046365119332e-10       4.607638416309e-16       1.197651015035e-13       0.000000000000e+00       1.156887241858e-09       8.326885039598e-11       9.489586962719e-14 
   10       1.047435075309e-10       3.914845351681e-16       1.062873883934e-13       0.000000000000e+00       9.875896281346e-10       7.158649943577e-11       7.623244428985e-14 
   11       1.052176408318e-10       3.294463014169e-16       1.025071315624e-13       0.000000000000e+00       8.465147280089e-10       6.299934892515e-11       3.927497794703e-14 
   12       1.060335126733e-10       2.899360448612e-16       1.050347480363e-13       0.000000000000e+00       7.398152528429e-10       5.533823553387e-11       1.429680969982e-15 
   13       1.070578557352e-10       2.807872199709e-16       1.109598253208e-13       0.000000000000e+00       6.521640408155e-10       4.898048466583e-11      -2.636552667037e-14 
   14       1.082301006121e-10       2.925368265924e-16       1.183241923499e-13       0.000000000000e+00       5.791988324150e-10       4.353352364360e-11      -4.011566098106e-14 
   15       1.095751270754e-10       3.146208333286e-16       1.260848755403e-13       0.000000000000e+00       5.177571885079e-10       3.898022029104e-11      -4.076027219402e-14 
   16       1.110727875806e-10       3.465237926618e-16       1.337769437272e-13       0.000000000000e+00       4.654973279322e-10       3.514398657820e-11      -3.260821736297e-14 
   17       1.126309124689e-10       3.945426263272e-16       1.414865586008e-13       0.000000000000e+00       4.206521506201e-10       3.183092651233e-11      -2.101132267562e-14 
   18       1.142857712646e-10       4.636897717882e-16       1.495008243847e-13       0.000000000000e+00       3.817235399469e-10       2.889856866412e-11      -1.071820066590e-14 
   19       1.160483298428e-10       5.539757756146e-16       1.580758238280e-13       0.000000000000e+00       3.480838045201e-10       2.632750292693e-11      -4.001596887671e-15 
   20       1.178564434393e-10       6.631708007663e-16       1.673984373882e-13       0.000000000000e+00       3.184537140492e-10       2.407468194578e-11      -2.121468833604e-15 
   21       1.197207031125e-10       7.905969878859e-16       1.773456041536e-13       0.000000000000e+00       2.923698536041e-10       2.212126793693e-11      -4.240508284242e-15 
   22       1.216450625643e-10       9.357620668961e-16       1.876050319673e-13       0.000000000000e+00       2.692056229145e-10       2.041830386245e-11      -8.412534052328e-15 
   23       1.236246495549e-10       1.098650254322e-15       1.978004275287e-13       0.000000000000e+00       2.486436784080e-10       1.891471601093e-11      -1.290820562683e-14 
   24       1.256335454297e-10       1.279253358744e-15       2.074890513429e-13       0.000000000000e+00       2.302111747386e-10       1.754082557216e-11      -1.600321394293e-14 
   25       1.276781801849e-10       1.477785100513e-15       2.163492455388e-13       0.000000000000e+00       2.136916902510e-10       1.628111232146e-11      -1.711001846687e-14 
   26       1.297614751090e-10       1.694782953494e-15       2.241221101028e-13       0.000000000000e+00       1.987861837731e-10       1.512875506768e-11      -1.616933153330e-14 
   27       1.318879925283e-10       1.932387870091e-15       2.307947451954e-13       0.000000000000e+00       1.853164646215e-10       1.409304866074e-11      -1.385234512440e-14 
   28       1.340531510550e-10       2.193222968254e-15       2.364550162127e-13       0.000000000000e+00       1.730511428233e-10       1.317820251823e-11      -1.114047685083e-14 
   29       1.362604936434e-10       2.478750952499e-15       2.411788210297e-13       0.000000000000e+00       1.619275956095e-10       1.237016779412e-11      -8.655187000628e-15 
   30       1.385035061301e-10       2.790056813361e-15       2.450699796796e-13       0.000000000000e+00       1.518261405664e-10       1.163679206082e-11      -7.007029395560e-15 
   31       1.407658562649e-10       3.128140167299e-15       2.482287105048e-13       0.000000000000e+00       1.425405263733e-10       1.094031505935e-11      -6.731610739422e-15 
   32       1.430513229367e-10       3.493808101549e-15       2.505786594030e-13       0.000000000000e+00       1.340228616445e-10       1.028312157559e-11      -7.543523682579e-15 
   33       1.453626170273e-10       3.887725271722e-15       2.519731625874e-13       0.000000000000e+00       1.262131083666e-10       9.678107641717e-12      -8.786302655140e-15 
   34       1.476961272874e-10       4.310517835086e-15       2.522541272247e-13       0.000000000000e+00       1.190021703207e-10       9.133882792579e-12      -9.764806281927e-15 
   35       1.500548545326e-10       4.763075483015e-15       2.513094365553e-13       0.000000000000e+00       1.123530739602e-10       8.645420470698e-12      -1.028220713588e-14 
   36       1.524383902402e-10       5.246348057919e-15       2.490338068449e-13       0.000000000000e+00       1.062123177195e-10       8.199324601603e-12      -1.028519756058e-14 
   37       1.548423905005e-10       5.761241112065e-15       2.453320952836e-13       0.000000000000e+00       1.004998170385e-10       7.780342530733e-12      -9.760319056997e-15 
   38       1.572713808616e-10       6.308537118800e-15       2.401847928184e-13       0.000000000000e+00       9.520076028291e-11       7.387127754263e-12      -8.861744411022e-15 
   39       1.597290940639e-10       6.888942789266e-15       2.336048469535e-13       0.000000000000e+00       9.029831834630e-11       7.021199729437e-12      -7.830063625851e-15 
   40       1.622143636083e-10       7.503105204825e-15       2.256213572813e-13       0.000000000000e+00       8.574570913283e-11       6.682531709649e-12      -6.962751981868e-15 
   41       1.647232008238e-10       8.151641686450e-15       2.162664364688e-13       0.000000000000e+00       8.148248233388e-11       6.369726282559e-12      -6.535001420702e-15 
   42       1.672571149932e-10       8.835250416197e-15       2.055283452079e-13       0.000000000000e+00       7.749602935912e-11       6.080972111575e-12      -6.522494166804e-15 
   43       1.698166084899e-10       9.554629301928e-15       1.933847142093e-13       0.000000000000e+00       7.377570000730e-11       5.813145604032e-12      -6.794491356426e-15 
   44       1.723984577926e-10       1.031044381123e-14       1.798153142555e-13       0.000000000000e+00       7.029434430353e-11       5.561386312035e-12      -7.186816667771e-15 
   45       1.749980857766e-10       1.110329586302e-14       1.647953956981e-13       0.000000000000e+00       6.701799339040e-11       5.320568966885e-12      -7.538965504594e-15 
   46       1.776183531375e-10       1.193362311711e-14       1.482733679979e-13       0.000000000000e+00       6.394144758382e-11       5.090545699580e-12      -7.823531176148e-15 
   47       1.802627969798e-10       1.280176690172e-14       1.301864215792e-13       0.000000000000e+00       6.106109428025e-11       4.872253524197e-12      -8.051957370213e-15 
   48       1.829329452119e-10       1.370799594740e-14       1.104662064481e-13       0.000000000000e+00       5.836417553207e-11       4.666215688391e-12      -8.238906996238e-15 
   49       1.856281217124e-10       1.465250311374e-14       8.903843438603e-14       0.000000000000e+00       5.582810819804e-11       4.472505942682e-12      -8.402452143573e-15 
   50       1.883466255878e-10       1.563542897978e-14       6.583590148478e-14       0.000000000000e+00       5.342727692515e-11       4.290833598637e-12      -8.560967997581e-15 
   51       1.910900983273e-10       1.665694775803e-14       4.084264586823e-14       0.000000000000e+00       5.115716409930e-11       4.120908817250e-12      -8.722379938072e-15 
   52       1.938600052798e-10       1.771719904278e-14       1.406108845382e-14       0.000000000000e+00       4.901559453532e-11       3.962114711244e-12      -8.892326041728e-15 
   53       1.966562380842e-10       1.881626102322e-14      -1.450011159715e-14       0.000000000000e+00       4.699551470203e-11       3.813365888558e-12      -9.077232046592e-15 
   54       1.994769844982e-10       1.995414847435e-14      -4.482582313949e-14       0.000000000000e+00       4.508466453529e-11       3.673078405824e-12      -9.284346202434e-15 
   55       2.023200147746e-10       2.113083610097e-14      -7.690068396625e-14       0.000000000000e+00       4.326931015173e-11       3.539600732030e-12      -9.518602410875e-15 
   56       2.051872132179e-10       2.234633996356e-14      -1.107301745931e-13       0.000000000000e+00       4.154727971643e-11       3.412700844599e-12      -9.772217265725e-15 
   57       2.080809443588e-10       2.360065276124e-14      -1.463243702403e-13       0.000000000000e+00       3.991759111948e-11       3.292395931055e-12      -1.003256973728e-14 
   58       2.110026616878e-10       2.489371925178e-14      -1.836919429619e-13       0.000000000000e+00       3.837650853272e-11       3.178511923681e-12      -1.028505966859e-14 
   59       2.139528326741e-10       2.622543523031e-14      -2.228401801653e-13       0.000000000000e+00       3.691737243981e-11       3.070671414433e-12      -1.051301905274e-14 
   60       2.169308637847e-10       2.759564650799e-14      -2.637750031305e-13       0.000000000000e+00       3.553042966613e-11       2.968281569849e-12      -1.069762331003e-14 
   61       2.199358340815e-10       2.900408681869e-14      -3.064994410254e-13       0.000000000000e+00       3.420553706478e-11       2.870707004713e-12      -1.082199374212e-14 
   62       2.229690580609e-10       3.045017756286e-14      -3.510086107953e-13       0.000000000000e+00       3.294136625995e-11       2.777861086999e-12      -1.088478166493e-14 
   63       2.260319676338e-10       3.193318109711e-14      -3.972936381909e-13       0.000000000000e+00       3.173797279502e-11       2.689726516489e-12      -1.088948981644e-14 
   64       2.291253059610e-10       3.345225493928e-14      -4.453430729575e-13       0.000000000000e+00       3.059402756301e-11       2.606175984543e-12      -1.084059362210e-14 
   65       2.322490781273e-10       3.500644880936e-14      -4.951428583488e-13       0.000000000000e+00       2.950673801555e-11       2.526965957613e-12      -1.074358545489e-14 
   66       2.354025018167e-10       3.659470167041e-14      -5.466763006408e-13       0.000000000000e+00       2.847176937179e-11       2.451730460750e-12      -1.060501889545e-14 
   67       2.385839579864e-10       3.821583876946e-14      -5.999240386447e-13       0.000000000000e+00       2.748316582733e-11       2.379974861121e-12      -1.043255299218e-14 
   68       2.417918259593e-10       3.986868263327e-14      -6.548646537051e-13       0.000000000000e+00       2.653493826973e-11       2.311201277180e-12      -1.023416199116e-14 
   69       2.450272954496e-10       4.155241878670e-14      -7.114767113672e-13       0.000000000000e+00       2.562637712640e-11       2.245328209920e-12      -1.001547964567e-14 
   70       2.482920383350e-10       4.326629916315e-14      -7.697370805388e-13       0.000000000000e+00       2.475767944211e-11       2.182345163068e-12      -9.781993832163e-15 
   71       2.515873484269e-10       4.500953466263e-14      -8.296203157568e-13       0.000000000000e+00       2.392834210168e-11       2.122185741683e-12      -9.539855974283e-15 
   72       2.549141147643e-10       4.678129510704e-14      -8.910986430817e-13       0.000000000000e+00       2.313712566054e-11       2.064724802053e-12      -9.295903959488e-15 
   73       2.582727949075e-10       4.858070919557e-14      -9.541419459918e-13       0.000000000000e+00       2.238201817532e-11       2.009775601590e-12      -9.057685055660e-15 
   74       2.616633882321e-10       5.040686446010e-14      -1.018717751277e-12       0.000000000000e+00       2.166019903440e-11       1.957086948729e-12      -8.833478827741e-15 
   75       2.650854092234e-10       5.225880722046e-14      -1.084791214934e-12       0.000000000000e+00       2.096800278854e-11       1.906340352823e-12      -8.632320054349e-15 
   76       2.685382922525e-10       5.413549304452e-14      -1.152325802893e-12       0.000000000000e+00       2.030182728524e-11       1.857230910007e-12      -8.461939067837e-15 
   77       2.720227501576e-10       5.603562779718e-14      -1.221285507694e-12       0.000000000000e+00       1.966112921173e-11       1.809733289613e-12      -8.322098504035e-15 
   78       2.755396160385e-10       5.795779739015e-14      -1.291633012281e-12       0.000000000000e+00       1.904591162907e-11       1.763879298946e-12      -8.210077466316e-15 
   79       2.790894161825e-10       5.990051366337e-14      -1.363329031174e-12       0.000000000000e+00       1.845581159460e-11       1.719677335594e-12      -8.122626839824e-15 
   80       2.826723522064e-10       6.186221332551e-14      -1.436332310606e-12       0.000000000000e+00       1.789008335623e-11       1.677111254398e-12      -8.055949503180e-15 
   81       2.862882831984e-10       6.384125689435e-14      -1.510599628667e-12       0.000000000000e+00       1.734758154673e-11       1.636139234420e-12      -8.005680540184e-15 
   82       2.899367078597e-10       6.583592763719e-14      -1.586085795449e-12       0.000000000000e+00       1.682674437800e-11       1.596692645916e-12      -7.966867451524e-15 
   83       2.936167466466e-10       6.784443051130e-14      -1.662743653185e-12       0.000000000000e+00       1.632557683542e-11       1.558674917305e-12      -7.933950366477e-15 
   84       2.973275154263e-10       6.986495496045e-14      -1.740524563748e-12       0.000000000000e+00       1.584213453182e-11       1.521986517147e-12      -7.901763288559e-15 
   85       3.010693567346e-10       7.189587758688e-14      -1.819379963685e-12       0.000000000000e+00       1.537610424486e-11       1.486607140419e-12      -7.868771891716e-15 
   86       3.048427808422e-10       7.393559129157e-14      -1.899260068433e-12       0.000000000000e+00       1.492745580513e-11       1.452525132976e-12      -7.834338696951e-15 
   87       3.086480812760e-10       7.598244441887e-14      -1.980113416099e-12       0.000000000000e+00       1.449595646530e-11       1.419711904052e-12      -7.797747172972e-15 
   88       3.124853235420e-10       7.803474077007e-14      -2.061886875787e-12       0.000000000000e+00       1.408116250894e-11       1.388121232135e-12      -7.758199108132e-15 
   89       3.163543338466e-10       8.009073961708e-14      -2.144525655938e-12       0.000000000000e+00       1.368241085920e-11       1.357688570846e-12      -7.714811982368e-15 
   90       3.202546878186e-10       8.214865571604e-14      -2.227973312658e-12       0.000000000000e+00       1.329881068759e-11       1.328330354818e-12      -7.666616339139e-15 
   91       3.241856992313e-10       8.420665932095e-14      -2.312171758054e-12       0.000000000000e+00       1.292923502269e-11       1.299943305574e-12      -7.612553157366e-15 
   92       3.281464087244e-10       8.626287619729e-14      -2.397061268566e-12       0.000000000000e+00       1.257231235889e-11       1.272403737406e-12      -7.551471223372e-15 
   93       3.321358932740e-10       8.831541661005e-14      -2.482580993516e-12       0.000000000000e+00       1.222675142288e-11       1.245597724610e-12      -7.482508082612e-15 
   94       3.361542723416e-10       9.036246724528e-14      -2.568670550147e-12       0.000000000000e+00       1.189238957305e-11       1.219518300923e-12      -7.406304143217e-15 
   95       3.402018329024e-10       9.240221320307e-14      -2.655268685004e-12       0.000000000000e+00       1.156928729849e-11       1.194181663550e-12      -7.323967164342e-15 
   96       3.442787153970e-10       9.443281066085e-14      -2.742312810084e-12       0.000000000000e+00       1.125740534393e-11       1.169597347502e-12      -7.236707548439e-15 
   97       3.483849068560e-10       9.645238728473e-14      -2.829739018041e-12       0.000000000000e+00       1.095660089170e-11       1.145767955100e-12      -7.145840978531e-15 
   98       3.525202340251e-10       9.845904264090e-14      -2.917482097380e-12       0.000000000000e+00       1.066662374363e-11       1.122688885481e-12      -7.052791055494e-15 
   99       3.566843564898e-10       1.004508486069e-13      -3.005475547664e-12       0.000000000000e+00       1.038711250304e-11       1.100348064112e-12      -6.959091935324e-15 
  100       3.608767597999e-10       1.024258497832e-13      -3.093651594707e-12       0.000000000000e+00       1.011759075663e-11       1.078725672289e-12      -6.866390966422e-15 
  101       3.650967485948e-10       1.043820639040e-13      -3.181941205775e-12       0.000000000000e+00       9.857463256479e-12       1.057793876647e-12      -6.776451326864e-15 
  102       3.693434397276e-10       1.063174822495e-13      -3.270274104788e-12       0.000000000000e+00       9.606012101928e-12       1.037516558669e-12      -6.691154661678e-15 
  103       3.736157553903e-10       1.082300700564e-13      -3.358578787519e-12       0.000000000000e+00       9.362392921565e-12       1.017849044191e-12      -6.612503720122e-15 
  104       3.779126450356e-10       1.101178179812e-13      -3.446783323848e-12       0.000000000000e+00       9.125825938965e-12       9.987484084370e-13      -6.542150765391e-15 
  105       3.822338000913e-10       1.119789035204e-13      -3.534817855228e-12       0.000000000000e+00       8.896206788224e-12       9.802065591142e-13      -6.479904571086e-15 
  106       3.865790234257e-10       1.138115522642e-13      -3.622612464497e-12       0.000000000000e+00       8.673571476872e-12       9.622211388923e-13      -6.425025719475e-15 
  107       3.909480048630e-10       1.156139897529e-13      -3.710096442510e-12       0.000000000000e+00       8.457907214027e-12       9.447851965350e-13      -6.376680276085e-15 
  108       3.953403168234e-10       1.173844424488e-13      -3.797198311988e-12       0.000000000000e+00       8.249150733918e-12       9.278870326222e-13      -6.333937215691e-15 
  109       3.997554099611e-10       1.191211387091e-13      -3.883845851366e-12       0.000000000000e+00       8.047186619407e-12       9.115100452715e-13      -6.295765848293e-15 
  110       4.041926088039e-10       1.208223097578e-13      -3.969966118639e-12       0.000000000000e+00       7.851845625508e-12       8.956325758599e-13      -6.261033245108e-15 
  111       4.086511073921e-10       1.224861906586e-13      -4.055485475218e-12       0.000000000000e+00       7.662903002915e-12       8.802277547451e-13      -6.228501664548e-15 
  112       4.131299649176e-10       1.241110212867e-13      -4.140329609768e-12       0.000000000000e+00       7.480076821518e-12       8.652633469874e-13      -6.196825978208e-15 
  113       4.176281013626e-10       1.256950473013e-13      -4.224423562065e-12       0.000000000000e+00       7.303026293929e-12       8.507015980711e-13      -6.164551096846e-15 
  114       4.221442931390e-10       1.272365211185e-13      -4.307691746843e-12       0.000000000000e+00       7.131350099001e-12       8.364990796260e-13      -6.130109396372e-15 
  115       4.266771687272e-10       1.287337028828e-13      -4.390057977638e-12       0.000000000000e+00       6.964584705353e-12       8.226065351493e-13      -6.091818143827e-15 
  116       4.312254015872e-10       1.301849089604e-13      -4.471446365234e-12       0.000000000000e+00       6.802305821266e-12       8.089801720071e-13      -6.048253617611e-15 
  117       4.357883248233e-10       1.315886620267e-13      -4.551784085916e-12       0.000000000000e+00       6.644450321666e-12       7.956174247945e-13      -5.999430574005e-15 
  118       4.403653834097e-10       1.329435611370e-13      -4.630998996131e-12       0.000000000000e+00       6.491030495401e-12       7.825252706537e-13      -5.945762015419e-15 
  119       4.449559410167e-10       1.342482372170e-13      -4.709018819254e-12       0.000000000000e+00       6.342033664703e-12       7.697091195591e-13      -5.887696075695e-15 
  120       4.495592773945e-10       1.355013544548e-13      -4.785771177165e-12       0.000000000000e+00       6.197421420515e-12       7.571727612439e-13      -5.825716776715e-15 
  121       4.541745857559e-10       1.367016116939e-13      -4.861183621835e-12       0.000000000000e+00       6.057128857836e-12       7.449183121266e-13      -5.760344785021e-15 
  122       4.588009701598e-10       1.378477438249e-13      -4.935183666903e-12       0.000000000000e+00       5.921063811058e-12       7.329461622377e-13      -5.692138168427e-15 
  123       4.634374428946e-10       1.389385231792e-13      -5.007698819260e-12       0.000000000000e+00       5.789106089300e-12       7.212549221460e-13      -5.621693152630e-15 
  124       4.680829218609e-10       1.399727609204e-13      -5.078656610630e-12       0.000000000000e+00       5.661106711750e-12       7.098413698853e-13      -5.549644877828e-15 
  125       4.727362279555e-10       1.409493084376e-13      -5.147984629153e-12       0.000000000000e+00       5.536887143002e-12       6.987003978807e-13      -5.476668155332e-15 
  126       4.773960824539e-10       1.418670587374e-13      -5.215610550963e-12       0.000000000000e+00       5.416238528393e-12       6.878249598755e-13      -5.403478224180e-15 
  127       4.820611043943e-10       1.427249478369e-13      -5.281462171772e-12       0.000000000000e+00       5.298920929340e-12       6.772060178574e-13      -5.330831507750e-15 
  128       4.867298079602e-10       1.435219561559e-13      -5.345467438452e-12       0.000000000000e+00       5.184662558681e-12       6.668324889851e-13      -5.259526370377e-15 
  129       4.914007493148e-10       1.442571504573e-13      -5.407555225821e-12       0.000000000000e+00       5.073218095647e-12       6.566936187006e-13      -5.190237387184e-15 
  130       4.960729908743e-10       1.449298119125e-13      -5.467657696267e-12       0.000000000000e+00       4.964552487813e-12       6.467865071355e-13      -5.122995990835e-15 
  131       5.007456832579e-10       1.455393247820e-13      -5.525708259868e-12       0.000000000000e+00       4.858675961259e-12       6.371093119061e-13      -5.057654015730e-15 
  132       5.054179188703e-10       1.460851387928e-13      -5.581640888936e-12       0.000000000000e+00       4.755586409806e-12       6.276588605782e-13      -4.994044647262e-15 
  133       5.100887303540e-10       1.465667708215e-13      -5.635390154935e-12       0.000000000000e+00       4.655269053112e-12       6.184306149540e-13      -4.931981987116e-15 
  134       5.147570890426e-10       1.469838065764e-13      -5.686891265391e-12       0.000000000000e+00       4.557696094758e-12       6.094186353599e-13      -4.871260618566e-15 
  135       5.194219034128e-10       1.473359022807e-13      -5.736080100808e-12       0.000000000000e+00       4.462826380340e-12       6.006155449338e-13      -4.811655171761e-15 
  136       5.240820175375e-10       1.476227863548e-13      -5.782893251583e-12       0.000000000000e+00       4.370605055561e-12       5.920124939125e-13      -4.752919889034e-15 
  137       5.287362095382e-10       1.478442610992e-13      -5.827268054917e-12       0.000000000000e+00       4.280963224317e-12       5.835991239191e-13      -4.694788190183e-15 
  138       5.333831900379e-10       1.480002043770e-13      -5.869142631733e-12       0.000000000000e+00       4.193817606791e-12       5.753635322507e-13      -4.636972237777e-15 
  139       5.380216006136e-10       1.480905712967e-13      -5.908455923583e-12       0.000000000000e+00       4.109070197541e-12       5.672922361653e-13      -4.579162502448e-15 
  140       5.426500122490e-10       1.481153958947e-13      -5.945147729571e-12       0.000000000000e+00       4.026607923591e-12       5.593701371697e-13      -4.521027328184e-15 
  141       5.472669237871e-10       1.480747928183e-13      -5.979158743259e-12       0.000000000000e+00       3.946302302522e-12       5.515804853070e-13      -4.462212497625e-15 
  142       5.518707603831e-10       1.479689590080e-13      -6.010430589586e-12       0.000000000000e+00       3.868009100560e-12       5.439048434433e-13      -4.402340797363e-15 
  143       5.564598719568e-10       1.477981753803e-13      -6.038905861779e-12       0.000000000000e+00       3.791567990668e-12       5.363230515561e-13      -4.341011583231e-15 
  144       5.610326634243e-10       1.475628215058e-13      -6.064528716989e-12       0.000000000000e+00       3.716836118974e-12       5.288179689941e-13      -4.277897987791e-15 
  145       5.655880031296e-10       1.472634177215e-13      -6.087246651444e-12       0.000000000000e+00       3.643793255473e-12       5.213903035693e-13      -4.213050261341e-15 
  146       5.701248519252e-10       1.469005903882e-13      -6.107008971291e-12       0.000000000000e+00       3.572446408079e-12       5.140451833332e-13      -4.146621649131e-15 
  147       5.746421342253e-10       1.464750610097e-13      -6.123766289355e-12       0.000000000000e+00       3.502796699410e-12       5.067875016990e-13      -4.078773559863e-15 
  148       5.791387372164e-10       1.459876479903e-13      -6.137470565268e-12       0.000000000000e+00       3.434839219751e-12       4.996219091886e-13      -4.009675692145e-15 
  149       5.836135100666e-10       1.454392683917e-13      -6.148075145589e-12       0.000000000000e+00       3.368562880022e-12       4.925528051798e-13      -3.939506160947e-15 
  150       5.880652631362e-10       1.448309396911e-13      -6.155534803937e-12       0.000000000000e+00       3.303950264744e-12       4.855843296534e-13      -3.868451624061e-15 
  151       5.924927671876e-10       1.441637815380e-13      -6.159805781105e-12       0.000000000000e+00       3.240977485000e-12       4.787203549401e-13      -3.796707408555e-15 
  152       5.968947525950e-10       1.434390175115e-13      -6.160845825197e-12       0.000000000000e+00       3.179614031407e-12       4.719644774674e-13      -3.724477637235e-15 
  153       6.012699085548e-10       1.426579768782e-13      -6.158614231741e-12       0.000000000000e+00       3.119822627078e-12       4.653200095070e-13      -3.651975355096e-15 
  154       6.056168822954e-10       1.418220963489e-13      -6.153071883826e-12       0.000000000000e+00       3.061559080588e-12       4.587899709218e-13      -3.579422655787e-15 
  155       6.099342782874e-10       1.409329218367e-13      -6.144181292214e-12       0.000000000000e+00       3.004772138942e-12       4.523770809125e-13      -3.507050808061e-15 
  156       6.142206574531e-10       1.399921102133e-13      -6.131906635478e-12       0.000000000000e+00       2.949403340536e-12       4.460837497652e-13      -3.435100382236e-15 
  157       6.184745363774e-10       1.390014310677e-13      -6.116213800116e-12       0.000000000000e+00       2.895386868128e-12       4.399120705982e-13      -3.363821376653e-15 
  158       6.226943865170e-10       1.379627684622e-13      -6.097070420683e-12       0.000000000000e+00       2.842649401802e-12       4.338638111089e-13      -3.293473344132e-15 
  159       6.268786334106e-10       1.368781226907e-13      -6.074445919914e-12       0.000000000000e+00       2.791109971930e-12       4.279404053211e-13      -3.224325518427e-15 
  160       6.310256558894e-10       1.357496120359e-13      -6.048311548845e-12       0.000000000000e+00       2.740679812144e-12       4.221429453319e-13      -3.156656940690e-15 
  161       6.351338971020e-10       1.345794266819e-13      -6.018640306115e-12       0.000000000000e+00       2.691280521542e-12       4.164719215203e-13      -3.090698712559e-15 
  162       6.392022102833e-10       1.333696821845e-13      -5.985406603584e-12       0.000000000000e+00       2.642900664948e-12       4.109264346808e-13      -3.026454751154e-15 
  163       6.432295421957e-10       1.321225563416e-13      -5.948586647689e-12       0.000000000000e+00       2.595543920260e-12       4.055048981194e-13      -2.963865350855e-15 
  164       6.472148237904e-10       1.308403373966e-13      -5.908158596869e-12       0.000000000000e+00       2.549211157089e-12       4.002052735909e-13      -2.902863492321e-15 
  165       6.511569699315e-10       1.295254255762e-13      -5.864102601134e-12       0.000000000000e+00       2.503900373959e-12       3.950250618880e-13      -2.843374702678e-15 
  166       6.550548791210e-10       1.281803346271e-13      -5.816400841634e-12       0.000000000000e+00       2.459606635514e-12       3.899612934313e-13      -2.785316915711e-15 
  167       6.589074332230e-10       1.268076933536e-13      -5.765037570227e-12       0.000000000000e+00       2.416322009722e-12       3.850105188593e-13      -2.728600332048e-15 
  168       6.627134971879e-10       1.254102471544e-13      -5.709999149050e-12       0.000000000000e+00       2.374035505077e-12       3.801687996178e-13      -2.673127279353e-15 
  169       6.664719187775e-10       1.239908595604e-13      -5.651274090087e-12       0.000000000000e+00       2.332733007808e-12       3.754316985498e-13      -2.618792072516e-15 
  170       6.701815282888e-10       1.225525137716e-13      -5.588853094736e-12       0.000000000000e+00       2.292397219076e-12       3.707942704850e-13      -2.565480873840e-15 
  171       6.738411382788e-10       1.210983141944e-13      -5.522729093384e-12       0.000000000000e+00       2.253007592186e-12       3.662510528301e-13      -2.513071553230e-15 
  172       6.774495432891e-10       1.196314879785e-13      -5.452897284967e-12       0.000000000000e+00       2.214540269787e-12       3.617960561580e-13      -2.461433548384e-15 
  173       6.810055195699e-10       1.181553865548e-13      -5.379355176547e-12       0.000000000000e+00       2.176968021074e-12       3.574227547978e-13      -2.410427724983e-15 
  174       6.845078248049e-10       1.166734871722e-13      -5.302102622878e-12       0.000000000000e+00       2.140260179000e-12       3.531240774246e-13      -2.359906236875e-15 
  175       6.879551978357e-10       1.151893944347e-13      -5.221141865974e-12       0.000000000000e+00       2.104382577472e-12       3.488923976489e-13      -2.309712386273e-15 
  176       6.913463583858e-10       1.137068418389e-13      -5.136477574680e-12       0.000000000000e+00       2.069297488558e-12       3.447195246068e-13      -2.259680483936e-15 
  177       6.946800067859e-10       1.122296933113e-13      -5.048116884240e-12       0.000000000000e+00       2.034963559696e-12       3.405966935495e-13      -2.209635709362e-15 
  178       6.979548236975e-10       1.107619447452e-13      -4.956069435864e-12       0.000000000000e+00       2.001335750889e-12       3.365145564331e-13      -2.159393970978e-15 
  179       7.011694698380e-10       1.093077255382e-13      -4.860347416302e-12       0.000000000000e+00       1.968365271919e-12       3.324631725082e-13      -2.108761766327e-15 
  180       7.043226713695e-10       1.078711539316e-13      -4.760964273571e-12       0.000000000000e+00       1.936009345597e-12       3.284342344940e-13      -2.057579105098e-15 
  181       7.074134842332e-10       1.064558869593e-13      -4.657930667336e-12       0.000000000000e+00       1.904261496559e-12       3.244279646376e-13      -2.005852385642e-15 
  182       7.104410503460e-10       1.050655375938e-13      -4.551258271870e-12       0.000000000000e+00       1.873123555092e-12       3.204467500156e-13      -1.953631836677e-15 
  183       7.134045138643e-10       1.037038187209e-13      -4.440961105411e-12       0.000000000000e+00       1.842596021023e-12       3.164929550417e-13      -1.900969422278e-15 
  184       7.163030212236e-10       1.023745441383e-13      -4.327055564851e-12       0.000000000000e+00       1.812678037118e-12       3.125689202908e-13      -1.847918860670e-15 
  185       7.191357211786e-10       1.010816295544e-13      -4.209560460432e-12       0.000000000000e+00       1.783367362473e-12       3.086769613227e-13      -1.794535643035e-15 
  186       7.219017648431e-10       9.982909358704e-14      -4.088497050439e-12       0.000000000000e+00       1.754660345914e-12       3.048193675066e-13      -1.740877052305e-15 
  187       7.246003057300e-10       9.862105876230e-14      -3.963889075890e-12       0.000000000000e+00       1.726551899391e-12       3.009984008443e-13      -1.687002181966e-15 
  188       7.272304997916e-10       9.746175251318e-14      -3.835762795235e-12       0.000000000000e+00       1.699035471375e-12       2.972162947947e-13      -1.632971954860e-15 
  189       7.297915054589e-10       9.635550817836e-14      -3.704147019041e-12       0.000000000000e+00       1.672103020253e-12       2.934752530975e-13      -1.578849141980e-15 
  190       7.322824836823e-10       9.530676600099e-14      -3.569073144693e-12       0.000000000000e+00       1.645744987724e-12       2.897774485971e-13      -1.524698381274e-15 
  191       7.347025979713e-10       9.432007412739e-14      -3.430575191082e-12       0.000000000000e+00       1.619950272198e-12       2.861250220668e-13      -1.470586196443e-15 
  192       7.370510144342e-10       9.340008960583e-14      -3.288689833297e-12       0.000000000000e+00       1.594706202187e-12       2.825200810325e-13      -1.416581015743e-15 
  193       7.393269018188e-10       9.255157938527e-14      -3.143456437324e-12       0.000000000000e+00       1.569998509704e-12       2.789646985967e-13      -1.362753190783e-15 
  194       7.415294315515e-10       9.177942131410e-14      -2.994917094733e-12       0.000000000000e+00       1.545811303658e-12       2.754609122625e-13      -1.309175015327e-15 
  195       7.436577777780e-10       9.108860513890e-14      -2.843116657374e-12       0.000000000000e+00       1.522127043252e-12       2.720107227574e-13      -1.255920744092e-15 
  196       7.457111174029e-10       9.048423350317e-14      -2.688102772069e-12       0.000000000000e+00       1.498926511374e-12       2.686160928574e-13      -1.203066611550e-15 
  197       7.476886301301e-10       8.997152294612e-14      -2.529925915306e-12       0.000000000000e+00       1.476188788001e-12       2.652789462110e-13      -1.150690850728e-15 
  198       7.495894985020e-10       8.955580490136e-14      -2.368639427929e-12       0.000000000000e+00       1.453891223586e-12       2.620011661629e-13      -1.098873712007e-15 
  199       7.514129079405e-10       8.924252669570e-14      -2.204299549836e-12       0.000000000000e+00       1.432009412460e-12       2.587845945780e-13      -1.047697481921e-15 
  200       7.531580467860e-10       8.903725254786e-14      -2.036965454669e-12       0.000000000000e+00       1.410517166226e-12       2.556310306655e-13      -9.972465019600e-16 
  201       7.548241645968e-10       8.894540028736e-14      -1.866696236454e-12       0.000000000000e+00       1.389391638119e-12       2.525417907261e-13      -9.475907142095e-16 
  202       7.564107516020e-10       8.897142847639e-14      -1.693541557511e-12       0.000000000000e+00       1.368629159314e-12       2.495163547941e-13      -8.987349493722e-16 
  203       7.579173721585e-10       8.911959308164e-14      -1.517550398644e-12       0.000000000000e+00       1.348230483836e-12       2.465536209431e-13      -8.506660483724e-16 
  204       7.593436078562e-10       8.939420675156e-14      -1.338774072666e-12       0.000000000000e+00       1.328195727959e-12       2.436523332154e-13      -8.033689802387e-16 
  205       7.606890577293e-10       8.979963903407e-14      -1.157266250087e-12       0.000000000000e+00       1.308524358825e-12       2.408110791488e-13      -7.568268122179e-16 
  206       7.619533384688e-10       9.034031659421e-14      -9.730829847988e-13       0.000000000000e+00       1.289215183069e-12       2.380282873028e-13      -7.110206798878e-16 
  207       7.631360846349e-10       9.102072343179e-14      -7.862827397552e-13       0.000000000000e+00       1.270266335432e-12       2.353022247843e-13      -6.659297572710e-16 
  208       7.642369488688e-10       9.184540109907e-14      -5.969264126604e-13       0.000000000000e+00       1.251675267387e-12       2.326309947745e-13      -6.215312269480e-16 
  209       7.652556021052e-10       9.281894891842e-14      -4.050773616518e-13       0.000000000000e+00       1.233438735753e-12       2.300125340548e-13      -5.778002501705e-16 
  210       7.661917337840e-10       9.394602419996e-14      -2.108014309850e-13       0.000000000000e+00       1.215552791319e-12       2.274446105329e-13      -5.347099369749e-16 
  211       7.670450520630e-10       9.523134245928e-14      -1.416697671757e-14       0.000000000000e+00       1.198012767462e-12       2.249248207696e-13      -4.922313162957e-16 
  212       7.678152840299e-10       9.667967763505e-14       1.847551076060e-13       0.000000000000e+00       1.180813268766e-12       2.224505875044e-13      -4.503333060785e-16 
  213       7.685021759143e-10       9.829586230670e-14       3.858913652699e-13       0.000000000000e+00       1.163948159644e-12       2.200191571821e-13      -4.089826833938e-16 
  214       7.691054933001e-10       1.000847879121e-13       5.891657507030e-13       0.000000000000e+00       1.147410552955e-12       2.176275974790e-13      -3.681440545499e-16 
  215       7.696250213373e-10       1.020514049652e-13       7.944996037939e-13       0.000000000000e+00       1.131192798627e-12       2.152727948291e-13      -3.277798252065e-16 
  216       7.700605649547e-10       1.042007232738e-13       1.001811624207e-12       0.000000000000e+00       1.115286472274e-12       2.129514519503e-13      -2.878501704882e-16 
  217       7.704119490717e-10       1.065378121569e-13       1.211017845697e-12       0.000000000000e+00       1.099682363815e-12       2.106600853707e-13      -2.483130050973e-16 
  218       7.706790188105e-10       1.090678006627e-13       1.422031610427e-12       0.000000000000e+00       1.084370466099e-12       2.083950229550e-13      -2.091239534278e-16 
  219       7.708616397086e-10       1.117958777864e-13       1.634763543281e-12       0.000000000000e+00       1.069339963517e-12       2.061524014303e-13      -1.702363196782e-16 
  220       7.709596979304e-10       1.147272926871e-13       1.849121526180e-12       0.000000000000e+00       1.054579220630e-12       2.039281639129e-13      -1.316010579652e-16 
  221       7.709731004800e-10       1.178673549065e-13       2.065010672401e-12       0.000000000000e+00       1.040075770780e-12       2.017180574339e-13      -9.316674243694e-17 
  222       7.709017754126e-10       1.212214345856e-13       2.282333300888e-12       0.000000000000e+00       1.025816304719e-12       1.995176304662e-13      -5.487953738619e-17 
  223       7.707456720477e-10       1.247949626831e-13       2.500988910570e-12       0.000000000000e+00       1.011786659221e-12       1.973222304501e-13      -1.668316736391e-17 
  224       7.705047812179e-10       1.285930645511e-13       2.720879427007e-12       0.000000000000e+00       9.979745546635e-13       1.951279893811e-13       2.146846455292e-17 
  225       7.701791970257e-10       1.326194340391e-13       2.941925370287e-12       0.000000000000e+00       9.843780268694e-13       1.929348560960e-13       5.957245874452e-17 
  226       7.697690594689e-10       1.368773874140e-13       3.164050677047e-12       0.000000000000e+00       9.709975154235e-13       1.907437541814e-13       9.761329882786e-17 
  227       7.692745350183e-10       1.413702228422e-13       3.387177508529e-12       0.000000000000e+00       9.578331586396e-13       1.885556113172e-13       1.355752752291e-16 
  228       7.686958168775e-10       1.461012197349e-13       3.611226237449e-12       0.000000000000e+00       9.448847887259e-13       1.863713591561e-13       1.734424849555e-16 
  229       7.680331252430e-10       1.510736380925e-13       3.836115434869e-12       0.000000000000e+00       9.321519269497e-13       1.841919332015e-13       2.111988313676e-16 
  230       7.672867075636e-10       1.562907178495e-13       4.061761857063e-12       0.000000000000e+00       9.196337788025e-13       1.820182726869e-13       2.488280239509e-16 
  231       7.664568388009e-10       1.617556782189e-13       4.288080432384e-12       0.000000000000e+00       9.073292291648e-13       1.798513204543e-13       2.863135780884e-16 
  232       7.655438216888e-10       1.674717170372e-13       4.514984248137e-12       0.000000000000e+00       8.952368374708e-13       1.776920228333e-13       3.236388148321e-16 
  233       7.645479869933e-10       1.734420101091e-13       4.742384537446e-12       0.000000000000e+00       8.833548328736e-13       1.755413295196e-13       3.607868606751e-16 
  234       7.634696937728e-10       1.796697105519e-13       4.970190666122e-12       0.000000000000e+00       8.716811094098e-13       1.734001934536e-13       3.977406473238e-16 
  235       7.623093296375e-10       1.861579481406e-13       5.198310119531e-12       0.000000000000e+00       8.602132211645e-13       1.712695706999e-13       4.344829114698e-16 
  236       7.610673110097e-10       1.929098286523e-13       5.426648489467e-12       0.000000000000e+00       8.489483774363e-13       1.691504203252e-13       4.709961945618e-16 
  237       7.597440833832e-10       1.999284332113e-13       5.655109461013e-12       0.000000000000e+00       8.378834379016e-13       1.670437042777e-13       5.072628425778e-16 
  238       7.583401215837e-10       2.072168176332e-13       5.883594799420e-12       0.000000000000e+00       8.270149077805e-13       1.649503872655e-13       5.432650057970e-16 
  239       7.568559300283e-10       2.147780117702e-13       6.112004336965e-12       0.000000000000e+00       8.163389330006e-13       1.628714366354e-13       5.789846385716e-16 
  240       7.552920429857e-10       2.226150188555e-13       6.340235959829e-12       0.000000000000e+00       8.058512953626e-13       1.608078222520e-13       6.144034990992e-16 
  241       7.536490248357e-10       2.307308148480e-13       6.568185594959e-12       0.000000000000e+00       7.955474077049e-13       1.587605163761e-13       6.495031491946e-16 
  242       7.519274703293e-10       2.391283477772e-13       6.795747196942e-12       0.000000000000e+00       7.854223090684e-13       1.567304935436e-13       6.842649540617e-16 
  243       7.501280048487e-10       2.478105370877e-13       7.022812734867e-12       0.000000000000e+00       7.754706598617e-13       1.547187304443e-13       7.186700820657e-16 
  244       7.482512846668e-10       2.567802729841e-13       7.249272179203e-12       0.000000000000e+00       7.656867370256e-13       1.527262058006e-13       7.526995045049e-16 
  245       7.462979972075e-10       2.660404157753e-13       7.475013488659e-12       0.000000000000e+00       7.560644291982e-13       1.507539002464e-13       7.863339953831e-16 
  246       7.442688613054e-10       2.755937952200e-13       7.699922597057e-12       0.000000000000e+00       7.465972318797e-13       1.488027962056e-13       8.195541311809e-16 
  247       7.421646274656e-10       2.854432098704e-13       7.923883400201e-12       0.000000000000e+00       7.372782425973e-13       1.468738777713e-13       8.523402906284e-16 
  248       7.399860781237e-10       2.955914264179e-13       8.146777742746e-12       0.000000000000e+00       7.281001560700e-13       1.449681305840e-13       8.846726544768e-16 
  249       7.377340279056e-10       3.060411790370e-13       8.368485405062e-12       0.000000000000e+00       7.190552593736e-13       1.430865417109e-13       9.165312052707e-16 
  250       7.354092958091e-10       3.167948071767e-13       8.588891386205e-12       0.000000000000e+00       7.101369017395e-13       1.412299321893e-13       9.478989291117e-16 
  251       7.330126194318e-10       3.278531471044e-13       8.807908246020e-12       0.000000000000e+00       7.013440079971e-13       1.393984441903e-13       9.787716263344e-16 
  252       7.305447362969e-10       3.392165751065e-13       9.025455027164e-12       0.000000000000e+00       6.926768162657e-13       1.375920240177e-13       1.009148666681e-15 
  253       7.280064116915e-10       3.508853619456e-13       9.241450075871e-12       0.000000000000e+00       6.841354247587e-13       1.358105863404e-13       1.039029844129e-15 
  254       7.253984388722e-10       3.628596715133e-13       9.455811042775e-12       0.000000000000e+00       6.757197897680e-13       1.340540137513e-13       1.068415382788e-15 
  255       7.227216392719e-10       3.751395594840e-13       9.668454883730e-12       0.000000000000e+00       6.674297236496e-13       1.323221563262e-13       1.097305942796e-15 
  256       7.199768627056e-10       3.877249719677e-13       9.879297860633e-12       0.000000000000e+00       6.592648928079e-13       1.306148311822e-13       1.125702626213e-15 
  257       7.171649875765e-10       4.006157441636e-13       1.008825554224e-11       0.000000000000e+00       6.512248156811e-13       1.289318220367e-13       1.153606982914e-15 
  258       7.142869210827e-10       4.138115990134e-13       1.029524280501e-11       0.000000000000e+00       6.433088607255e-13       1.272728787661e-13       1.181021016490e-15 
  259       7.113435994226e-10       4.273121458544e-13       1.050017383387e-11       0.000000000000e+00       6.355162444010e-13       1.256377169647e-13       1.207947190139e-15 
  260       7.083359880021e-10       4.411168790729e-13       1.070296212312e-11       0.000000000000e+00       6.278460291556e-13       1.240260175033e-13       1.234388432565e-15 
  261       7.052650816396e-10       4.552251767575e-13       1.090352047718e-11       0.000000000000e+00       6.202971214104e-13       1.224374260880e-13       1.260348143867e-15 
  262       7.021319047733e-10       4.696362993523e-13       1.110176101145e-11       0.000000000000e+00       6.128682695445e-13       1.208715528189e-13       1.285830201441e-15 
  263       6.989375116667e-10       4.843493883104e-13       1.129759515311e-11       0.000000000000e+00       6.055580618800e-13       1.193279717492e-13       1.310838965873e-15 
  264       6.956829866148e-10       4.993634647470e-13       1.149093364199e-11       0.000000000000e+00       5.983649246667e-13       1.178062204435e-13       1.335379286833e-15 
  265       6.923694441507e-10       5.146774280926e-13       1.168168653130e-11       0.000000000000e+00       5.912871200670e-13       1.163057995368e-13       1.359456508971e-15 
  266       6.889980292515e-10       5.302900547466e-13       1.186976318856e-11       0.000000000000e+00       5.843227441410e-13       1.148261722933e-13       1.383076477814e-15 
  267       6.855699175444e-10       5.461999967303e-13       1.205507229633e-11       0.000000000000e+00       5.774697248312e-13       1.133667641653e-13       1.406245545660e-15 
  268       6.820863155130e-10       5.624057803406e-13       1.223752185309e-11       0.000000000000e+00       5.707258199476e-13       1.119269623513e-13       1.428970577472e-15 
  269       6.785484607037e-10       5.789058048025e-13       1.241701917403e-11       0.000000000000e+00       5.640886151522e-13       1.105061153557e-13       1.451258956776e-15 
  270       6.749576219314e-10       5.956983409233e-13       1.259347089188e-11       0.000000000000e+00       5.575555219443e-13       1.091035325469e-13       1.473118591554e-15 
  271       6.713150994861e-10       6.127815297454e-13       1.276678295775e-11       0.000000000000e+00       5.511237756454e-13       1.077184837163e-13       1.494557920141e-15 
  272       6.676222253391e-10       6.301533811995e-13       1.293686064192e-11       0.000000000000e+00       5.447904333835e-13       1.063501986370e-13       1.515585917120e-15 
  273       6.638803633486e-10       6.478117727583e-13       1.310360853467e-11       0.000000000000e+00       5.385523720789e-13       1.049978666227e-13       1.536212099217e-15 
  274       6.600909094668e-10       6.657544480894e-13       1.326693054714e-11       0.000000000000e+00       5.324062864283e-13       1.036606360863e-13       1.556446531196e-15 
  275       6.562552919451e-10       6.839790157087e-13       1.342672991209e-11       0.000000000000e+00       5.263486868902e-13       1.023376140988e-13       1.576299831754e-15 
  276       6.523749715413e-10       7.024829476340e-13       1.358290918475e-11       0.000000000000e+00       5.203758976694e-13       1.010278659479e-13       1.595783179418e-15 
  277       6.484514417248e-10       7.212635780378e-13       1.373537024366e-11       0.000000000000e+00       5.144840547022e-13       9.973041469688e-14       1.614908318441e-15 
  278       6.444862288835e-10       7.403181019007e-13       1.388401429146e-11       0.000000000000e+00       5.086691036413e-13       9.844424074343e-14       1.633687564691e-15 
  279       6.404808114973e-10       7.596434611385e-13       1.402874963475e-11       0.000000000000e+00       5.029275665973e-13       9.716849181249e-14       1.652131697518e-15 
  280       6.364363726002e-10       7.792359992219e-13       1.416951546807e-11       0.000000000000e+00       4.972588904806e-13       9.590312588562e-14       1.670243502284e-15 
  281       6.323540348954e-10       7.990917860392e-13       1.430625932375e-11       0.000000000000e+00       4.916632163986e-13       9.464830072143e-14       1.688023904763e-15 
  282       6.282349407135e-10       8.192067272988e-13       1.443892941655e-11       0.000000000000e+00       4.861406210267e-13       9.340416630424e-14       1.705474057678e-15 
  283       6.240802520949e-10       8.395765630092e-13       1.456747465646e-11       0.000000000000e+00       4.806911157749e-13       9.217086472602e-14       1.722595343348e-15 
  284       6.198911508706e-10       8.601968659600e-13       1.469184466149e-11       0.000000000000e+00       4.753146459527e-13       9.094853006844e-14       1.739389376336e-15 
  285       6.156688387448e-10       8.810630402020e-13       1.481198977039e-11       0.000000000000e+00       4.700110899354e-13       8.973728828488e-14       1.755858006100e-15 
  286       6.114145373760e-10       9.021703195278e-13       1.492786105546e-11       0.000000000000e+00       4.647802583299e-13       8.853725708247e-14       1.772003319638e-15 
  287       6.071294884589e-10       9.235137659518e-13       1.503941033530e-11       0.000000000000e+00       4.596218931401e-13       8.734854580405e-14       1.787827644137e-15 
  288       6.028149538064e-10       9.450882681915e-13       1.514659018760e-11       0.000000000000e+00       4.545356669332e-13       8.617125531021e-14       1.803333549620e-15 
  289       5.984722154306e-10       9.668885401471e-13       1.524935396189e-11       0.000000000000e+00       4.495211820049e-13       8.500547786130e-14       1.818523851595e-15 
  290       5.941025756254e-10       9.889091193824e-13       1.534765579233e-11       0.000000000000e+00       4.445779695457e-13       8.385129699945e-14       1.833401613705e-15 
  291       5.897073570474e-10       1.011144365605e-12       1.544145061045e-11       0.000000000000e+00       4.397054888063e-13       8.270878743058e-14       1.847970150370e-15 
  292       5.852879027981e-10       1.033588459147e-12       1.553069415798e-11       0.000000000000e+00       4.349031262636e-13       8.157801490641e-14       1.862233029442e-15 
  293       5.808455765057e-10       1.056235399445e-12       1.561534299954e-11       0.000000000000e+00       4.301701947865e-13       8.045903610647e-14       1.876194074847e-15 
  294       5.763817624062e-10       1.079079003521e-12       1.569535453550e-11       0.000000000000e+00       4.255059328015e-13       7.935189852010e-14       1.889857369238e-15 
  295       5.718978654257e-10       1.102112904463e-12       1.577068701465e-11       0.000000000000e+00       4.209095034584e-13       7.825664032851e-14       1.903227256639e-15 
  296       5.673953112621e-10       1.125330549905e-12       1.584129954708e-11       0.000000000000e+00       4.163799937967e-13       7.717329028672e-14       1.916308345094e-15 
  297       5.628755464662e-10       1.148725200506e-12       1.590715211685e-11       0.000000000000e+00       4.119164139104e-13       7.610186760566e-14       1.929105509318e-15 
  298       5.583400385242e-10       1.172289928435e-12       1.596820559484e-11       0.000000000000e+00       4.075176961147e-13       7.504238183410e-14       1.941623893339e-15 
  299       5.537902759389e-10       1.196017615845e-12       1.602442175148e-11       0.000000000000e+00       4.031826941113e-13       7.399483274071e-14       1.953868913152e-15 
  300       5.492277683115e-10       1.219900953360e-12       1.607576326951e-11       0.000000000000e+00       3.989101821540e-13       7.295921019607e-14       1.965846259364e-15 
  301       5.446540464235e-10       1.243932438551e-12       1.612219375678e-11       0.000000000000e+00       3.946988542152e-13       7.193549405468e-14       1.977561899842e-15 
  302       5.400706623181e-10       1.268104374416e-12       1.616367775903e-11       0.000000000000e+00       3.905473231509e-13       7.092365403694e-14       1.989022082360e-15 
  303       5.354791893823e-10       1.292408867864e-12       1.620018077260e-11       0.000000000000e+00       3.864541198668e-13       6.992364961121e-14       2.000233337251e-15 
  304       5.308812224283e-10       1.316837828195e-12       1.623166925729e-11       0.000000000000e+00       3.824176924843e-13       6.893542987581e-14       2.011202480049e-15 
  305       5.262783777752e-10       1.341382965576e-12       1.625811064904e-11       0.000000000000e+00       3.784364055058e-13       6.795893344101e-14       2.021936614144e-15 
  306       5.216722933309e-10       1.366035789526e-12       1.627947337276e-11       0.000000000000e+00       3.745085389810e-13       6.699408831107e-14       2.032443133421e-15 
  307       5.170646286739e-10       1.390787607395e-12       1.629572685508e-11       0.000000000000e+00       3.706322876722e-13       6.604081176623e-14       2.042729724919e-15 
  308       5.124570651345e-10       1.415629522845e-12       1.630684153715e-11       0.000000000000e+00       3.668057602205e-13       6.509901024476e-14       2.052804371469e-15 
  309       5.078513058771e-10       1.440552434327e-12       1.631278888734e-11       0.000000000000e+00       3.630269783111e-13       6.416857922491e-14       2.062675354347e-15 
  310       5.032490759816e-10       1.465547033567e-12       1.631354141408e-11       0.000000000000e+00       3.592938758397e-13       6.324940310699e-14       2.072351255921e-15 
  311       4.986521225252e-10       1.490603804044e-12       1.630907267862e-11       0.000000000000e+00       3.556042980776e-13       6.234135509535e-14       2.081840962299e-15 
  312       4.940620959745e-10       1.515713496463e-12       1.629936185758e-11       0.000000000000e+00       3.519564059533e-13       6.144432047700e-14       2.091151440801e-15 
  313       4.894801881132e-10       1.540868582682e-12       1.628440763848e-11       0.000000000000e+00       3.483499113382e-13       6.055826789340e-14       2.100280952962e-15 
  314       4.849074774737e-10       1.566061866284e-12       1.626421499393e-11       0.000000000000e+00       3.447848974481e-13       5.968318114515e-14       2.109225531788e-15 
  315       4.803450464488e-10       1.591286010726e-12       1.623879070825e-11       0.000000000000e+00       3.412614185599e-13       5.881903600470e-14       2.117981178453e-15 
  316       4.757939812269e-10       1.616533538414e-12       1.620814339577e-11       0.000000000000e+00       3.377794996757e-13       5.796580012708e-14       2.126543862213e-15 
  317       4.712553717283e-10       1.641796829763e-12       1.617228351925e-11       0.000000000000e+00       3.343391361860e-13       5.712343296066e-14       2.134909520322e-15 
  318       4.667303115410e-10       1.667068122270e-12       1.613122340824e-11       0.000000000000e+00       3.309402935336e-13       5.629188565794e-14       2.143074057943e-15 
  319       4.622198978563e-10       1.692339509574e-12       1.608497727739e-11       0.000000000000e+00       3.275829068768e-13       5.547110098629e-14       2.151033348061e-15 
  320       4.577252314051e-10       1.717602940527e-12       1.603356124487e-11       0.000000000000e+00       3.242668807536e-13       5.466101323871e-14       2.158783231400e-15 
  321       4.532474163932e-10       1.742850218259e-12       1.597699335070e-11       0.000000000000e+00       3.209920887445e-13       5.386154814461e-14       2.166319516334e-15 
  322       4.487875604377e-10       1.768072999245e-12       1.591529357512e-11       0.000000000000e+00       3.177583731366e-13       5.307262278057e-14       2.173637978803e-15 
  323       4.443467745025e-10       1.793262792372e-12       1.584848385694e-11       0.000000000000e+00       3.145655445874e-13       5.229414548108e-14       2.180734362222e-15 
  324       4.399261728346e-10       1.818410958004e-12       1.577658811193e-11       0.000000000000e+00       3.114133817876e-13       5.152601574934e-14       2.187604377401e-15 
  325       4.355268728993e-10       1.843508707049e-12       1.569963225115e-11       0.000000000000e+00       3.083016311254e-13       5.076812416798e-14       2.194243702453e-15 
  326       4.311499953167e-10       1.868547100027e-12       1.561764419933e-11       0.000000000000e+00       3.052300063498e-13       5.002035230986e-14       2.200647982711e-15 
  327       4.267966637971e-10       1.893517046136e-12       1.553065391323e-11       0.000000000000e+00       3.021981882342e-13       4.928257264881e-14       2.206812830642e-15 
  328       4.224680050773e-10       1.918409302318e-12       1.543869339999e-11       0.000000000000e+00       2.992058242400e-13       4.855464847040e-14       2.212733825758e-15 
  329       4.181651488561e-10       1.943214472325e-12       1.534179673551e-11       0.000000000000e+00       2.962525281802e-13       4.783643378271e-14       2.218406514531e-15 
  330       4.138892277302e-10       1.967923005787e-12       1.524000008279e-11       0.000000000000e+00       2.933378798831e-13       4.712777322708e-14       2.223826410308e-15 
  331       4.096413771303e-10       1.992525197278e-12       1.513334171031e-11       0.000000000000e+00       2.904614248555e-13       4.642850198888e-14       2.228988993221e-15 
  332       4.054227352568e-10       2.017011185383e-12       1.502186201039e-11       0.000000000000e+00       2.876226739467e-13       4.573844570827e-14       2.233889710105e-15 
  333       4.012344430158e-10       2.041370951763e-12       1.490560351754e-11       0.000000000000e+00       2.848211030120e-13       4.505742039095e-14       2.238523974410e-15 
  334       3.970776439546e-10       2.065594320223e-12       1.478461092683e-11       0.000000000000e+00       2.820561525761e-13       4.438523231896e-14       2.242887166112e-15 
  335       3.929534841980e-10       2.089670955779e-12       1.465893111224e-11       0.000000000000e+00       2.793272274969e-13       4.372167796139e-14       2.246974631633e-15 
  336       3.888631123839e-10       2.113590363723e-12       1.452861314505e-11       0.000000000000e+00       2.766336966289e-13       4.306654388521e-14       2.250781683746e-15 
  337       3.848076795994e-10       2.137341888691e-12       1.439370831217e-11       0.000000000000e+00       2.739748924870e-13       4.241960666596e-14       2.254303601497e-15 
  338       3.807883393164e-10       2.160914713728e-12       1.425427013450e-11       0.000000000000e+00       2.713501109099e-13       4.178063279855e-14       2.257535630114e-15 
  339       3.768062473274e-10       2.184297859356e-12       1.411035438535e-11       0.000000000000e+00       2.687586107237e-13       4.114937860804e-14       2.260472980919e-15 
  340       3.728625616820e-10       2.207480182641e-12       1.396201910871e-11       0.000000000000e+00       2.661996134055e-13       4.052559016036e-14       2.263110831249e-15 
  341       3.689584426218e-10       2.230450376257e-12       1.380932463768e-11       0.000000000000e+00       2.636723027472e-13       3.990900317310e-14       2.265444324361e-15 
  342       3.650950525171e-10       2.253196967555e-12       1.365233361282e-11       0.000000000000e+00       2.611758245188e-13       3.929934292628e-14       2.267468569351e-15 
  343       3.612735558024e-10       2.275708317629e-12       1.349111100048e-11       0.000000000000e+00       2.587092861322e-13       3.869632417309e-14       2.269178641067e-15 
  344       3.574951189122e-10       2.297972620383e-12       1.332572411121e-11       0.000000000000e+00       2.562717563044e-13       3.809965105065e-14       2.270569580022e-15 
  345       3.537609102169e-10       2.319977901596e-12       1.315624261807e-11       0.000000000000e+00       2.538622647216e-13       3.750901699081e-14       2.271636392306e-15 
  346       3.500720999591e-10       2.341712017989e-12       1.298273857503e-11       0.000000000000e+00       2.514798017026e-13       3.692410463086e-14       2.272374049502e-15 
  347       3.464298601886e-10       2.363162656293e-12       1.280528643532e-11       0.000000000000e+00       2.491233178621e-13       3.634458572435e-14       2.272777488599e-15 
  348       3.428353646991e-10       2.384317332315e-12       1.262396306979e-11       0.000000000000e+00       2.467917237748e-13       3.577012105180e-14       2.272841611907e-15 
  349       3.392896876304e-10       2.405164522192e-12       1.243884418422e-11       0.000000000000e+00       2.444840907218e-13       3.520042831494e-14       2.272562717317e-15 
  350       3.357934947596e-10       2.425697109933e-12       1.224999336943e-11       0.000000000000e+00       2.422002628235e-13       3.463548911454e-14       2.271942854844e-15 
  351       3.323473392611e-10       2.445909081250e-12       1.205747263231e-11       0.000000000000e+00       2.399402696743e-13       3.407535039511e-14       2.270985650879e-15 
  352       3.289517617204e-10       2.465794404472e-12       1.186134597061e-11       0.000000000000e+00       2.377041274156e-13       3.352005721489e-14       2.269694895476e-15 
  353       3.256072899698e-10       2.485347030722e-12       1.166167938771e-11       0.000000000000e+00       2.354918385967e-13       3.296965272335e-14       2.268074543674e-15 
  354       3.223144389250e-10       2.504560894097e-12       1.145854090751e-11       0.000000000000e+00       2.333033920357e-13       3.242417813878e-14       2.266128716818e-15 
  355       3.190737104213e-10       2.523429911846e-12       1.125200058919e-11       0.000000000000e+00       2.311387626812e-13       3.188367272581e-14       2.263861703873e-15 
  356       3.158855930500e-10       2.541947984548e-12       1.104213054210e-11       0.000000000000e+00       2.289979114729e-13       3.134817377298e-14       2.261277962746e-15 
  357       3.127505619949e-10       2.560108996292e-12       1.082900494052e-11       0.000000000000e+00       2.268807852030e-13       3.081771657029e-14       2.258382121603e-15 
  358       3.096690788680e-10       2.577906814857e-12       1.061270003854e-11       0.000000000000e+00       2.247873163774e-13       3.029233438672e-14       2.255178980191e-15 
  359       3.066415915466e-10       2.595335291889e-12       1.039329418484e-11       0.000000000000e+00       2.227174230766e-13       2.977205844782e-14       2.251673511153e-15 
  360       3.036685340089e-10       2.612388263078e-12       1.017086783754e-11       0.000000000000e+00       2.206710088167e-13       2.925691791322e-14       2.247870861348e-15 
  361       3.007503261710e-10       2.629059548342e-12       9.945503579014e-12       0.000000000000e+00       2.186479624113e-13       2.874693985423e-14       2.243776353172e-15 
  362       2.978873737225e-10       2.645342952003e-12       9.717286130713e-12       0.000000000000e+00       2.166481578315e-13       2.824214923133e-14       2.239395485874e-15 
  363       2.950800679635e-10       2.661232262963e-12       9.486302367995e-12       0.000000000000e+00       2.146714540680e-13       2.774256887176e-14       2.234733936877e-15 
  364       2.923287856403e-10       2.676721254888e-12       9.252641334944e-12       0.000000000000e+00       2.127176949918e-13       2.724821944707e-14       2.229797563095e-15 
  365       2.896338887823e-10       2.691803686384e-12       9.016394259198e-12       0.000000000000e+00       2.107867092153e-13       2.675911945063e-14       2.224592402252e-15 
  366       2.869957245378e-10       2.706473301176e-12       8.777654566769e-12       0.000000000000e+00       2.088783099535e-13       2.627528517524e-14       2.219124674202e-15 
  367       2.844146250106e-10       2.720723828288e-12       8.536517896866e-12       0.000000000000e+00       2.069922948852e-13       2.579673069061e-14       2.213400782250e-15 
  368       2.818909070964e-10       2.734548982218e-12       8.293082116726e-12       0.000000000000e+00       2.051284460140e-13       2.532346782099e-14       2.207427314463e-15 
  369       2.794248723186e-10       2.747942463125e-12       8.047447336429e-12       0.000000000000e+00       2.032865295296e-13       2.485550612263e-14       2.201211044999e-15 
  370       2.770168066654e-10       2.760897956997e-12       7.799715923729e-12       0.000000000000e+00       2.014662956689e-13       2.439285286142e-14       2.194758935417e-15 
  371       2.746669804255e-10       2.773409135840e-12       7.549992518873e-12       0.000000000000e+00       1.996674785767e-13       2.393551299035e-14       2.188078136002e-15 
  372       2.723756480246e-10       2.785469657849e-12       7.298384049429e-12       0.000000000000e+00       1.978897961676e-13       2.348348912714e-14       2.181175987081e-15 
  373       2.701430478617e-10       2.797073167592e-12       7.044999745107e-12       0.000000000000e+00       1.961329499864e-13       2.303678153174e-14       2.174060020341e-15 
  374       2.679694021456e-10       2.808213296186e-12       6.789951152584e-12       0.000000000000e+00       1.943966250699e-13       2.259538808389e-14       2.166737960151e-15 
  375       2.658549167310e-10       2.818883661478e-12       6.533352150327e-12       0.000000000000e+00       1.926804898074e-13       2.215930426069e-14       2.159217724878e-15 
  376       2.637997809547e-10       2.829077868222e-12       6.275318963419e-12       0.000000000000e+00       1.909841958021e-13       2.172852311409e-14       2.151507428207e-15 
  377       2.618041674723e-10       2.838789508257e-12       6.015970178381e-12       0.000000000000e+00       1.893073777324e-13       2.130303524854e-14       2.143615380459e-15 
  378       2.598682320943e-10       2.848012160689e-12       5.755426757996e-12       0.000000000000e+00       1.876496532127e-13       2.088282879844e-14       2.135550089912e-15 
  379       2.579921136222e-10       2.856739392068e-12       5.493812056136e-12       0.000000000000e+00       1.860106226550e-13       2.046788940574e-14       2.127320264117e-15 
  380       2.561759336853e-10       2.864964756566e-12       5.231251832581e-12       0.000000000000e+00       1.843898691294e-13       2.005820019748e-14       2.118934811219e-15 
  381       2.544197965765e-10       2.872681796159e-12       4.967874267845e-12       0.000000000000e+00       1.827869582256e-13       1.965374176336e-14       2.110402841273e-15 
  382       2.527237890892e-10       2.879884040799e-12       4.703809978003e-12       0.000000000000e+00       1.812014379143e-13       1.925449213323e-14       2.101733667568e-15 
  383       2.510879803529e-10       2.886565008603e-12       4.439192029509e-12       0.000000000000e+00       1.796328384075e-13       1.886042675472e-14       2.092936807940e-15 
  384       2.495124216702e-10       2.892718206023e-12       4.174155954026e-12       0.000000000000e+00       1.780806720207e-13       1.847151847072e-14       2.084021986094e-15 
  385       2.479971463525e-10       2.898337128028e-12       3.908839763244e-12       0.000000000000e+00       1.765444330331e-13       1.808773749697e-14       2.074999132924e-15 
  386       2.465421695570e-10       2.903415258284e-12       3.643383963711e-12       0.000000000000e+00       1.750235975492e-13       1.770905139960e-14       2.065878387828e-15 
  387       2.451474881223e-10       2.907946069332e-12       3.377931571650e-12       0.000000000000e+00       1.735176233599e-13       1.733542507266e-14       2.056670100029e-15 
  388       2.438130639179e-10       2.911924184591e-12       3.112616046156e-12       0.000000000000e+00       1.720260469207e-13       1.696682729434e-14       2.047383058378e-15 
  389       2.425387735380e-10       2.915348911930e-12       2.847524560923e-12       0.000000000000e+00       1.705487785688e-13       1.660325071169e-14       2.038019105065e-15 
  390       2.413244564044e-10       2.918220842621e-12       2.582733387759e-12       0.000000000000e+00       1.690858180765e-13       1.624469255939e-14       2.028578323016e-15 
  391       2.401699309080e-10       2.920540702552e-12       2.318319859364e-12       0.000000000000e+00       1.676371584692e-13       1.589114813139e-14       2.019060789130e-15 
  392       2.390749942319e-10       2.922309353329e-12       2.054362374546e-12       0.000000000000e+00       1.662027859646e-13       1.554261076376e-14       2.009466574185e-15 
  393       2.380394221745e-10       2.923527793376e-12       1.790940403444e-12       0.000000000000e+00       1.647826799100e-13       1.519907181743e-14       1.999795742754e-15 
  394       2.370629689728e-10       2.924197159038e-12       1.528134492740e-12       0.000000000000e+00       1.633768127215e-13       1.486052066098e-14       1.990048353113e-15 
  395       2.361453671256e-10       2.924318725688e-12       1.266026270882e-12       0.000000000000e+00       1.619851498220e-13       1.452694465342e-14       1.980224457149e-15 
  396       2.352863272167e-10       2.923893908824e-12       1.004698453300e-12       0.000000000000e+00       1.606076495794e-13       1.419832912696e-14       1.970324100275e-15 
  397       2.344855377381e-10       2.922924265172e-12       7.442348476264e-13       0.000000000000e+00       1.592442632453e-13       1.387465736981e-14       1.960347321334e-15 
  398       2.337426649133e-10       2.921411493793e-12       4.847203589106e-13       0.000000000000e+00       1.578949348930e-13       1.355591060895e-14       1.950294152519e-15 
  399       2.330573525202e-10       2.919357437182e-12       2.262409948414e-13       0.000000000000e+00       1.565596013561e-13       1.324206799291e-14       1.940164619271e-15 
  400       2.324292217148e-10       2.916764082371e-12      -3.111612903691e-14       0.000000000000e+00       1.552381921666e-13       1.293310657452e-14       1.929958740202e-15 
  401       2.318578708540e-10       2.913633562032e-12      -2.872627841058e-13       0.000000000000e+00       1.539306294936e-13       1.262900129377e-14       1.919676526994e-15 
  402       2.313428753189e-10       2.909968155580e-12      -5.421096234543e-13       0.000000000000e+00       1.526368280812e-13       1.232972496048e-14       1.909317984319e-15 
  403       2.308837873381e-10       2.905770290273e-12      -7.955661766603e-13       0.000000000000e+00       1.513566951872e-13       1.203524823720e-14       1.898883109743e-15 
  404       2.304801358109e-10       2.901042542320e-12      -1.047540844573e-12       0.000000000000e+00       1.500901305214e-13       1.174553962187e-14       1.888371893637e-15 
  405       2.301314261304e-10       2.895787637976e-12      -1.297940894093e-12       0.000000000000e+00       1.488370261836e-13       1.146056543071e-14       1.877784319093e-15 
  406       2.298371400068e-10       2.890008454653e-12      -1.546672452957e-12       0.000000000000e+00       1.475972666024e-13       1.118028978090e-14       1.867120361826e-15 
  407       2.295967352905e-10       2.883708022015e-12      -1.793640504516e-12       0.000000000000e+00       1.463707284734e-13       1.090467457345e-14       1.856379990090e-15 
  408       2.294096457954e-10       2.876889523084e-12      -2.038748882520e-12       0.000000000000e+00       1.451572806972e-13       1.063367947591e-14       1.845563164587e-15 
  409       2.292752811223e-10       2.869556295345e-12      -2.281900265896e-12       0.000000000000e+00       1.439567843183e-13       1.036726190519e-14       1.834669838379e-15 
  410       2.291930264815e-10       2.861711831842e-12      -2.522996173535e-12       0.000000000000e+00       1.427690924632e-13       1.010537701032e-14       1.823699956793e-15 
  411       2.291622425168e-10       2.853359782288e-12      -2.761936959068e-12       0.000000000000e+00       1.415940502785e-13       9.847977655253e-15       1.812653457338e-15 
  412       2.291822651280e-10       2.844503954161e-12      -2.998621805652e-12       0.000000000000e+00       1.404314948696e-13       9.595014401616e-15       1.801530269611e-15 
  413       2.292524052946e-10       2.835148313813e-12      -3.232948720749e-12       0.000000000000e+00       1.392812552389e-13       9.346435491507e-15       1.790330315209e-15 
  414       2.293719488987e-10       2.825296987564e-12      -3.464814530911e-12       0.000000000000e+00       1.381431522242e-13       9.102186830273e-15       1.779053507640e-15 
  415       2.295401565485e-10       2.814954262816e-12      -3.694114876556e-12       0.000000000000e+00       1.370169984368e-13       8.862211969288e-15       1.767699752230e-15 
  416       2.297562634011e-10       2.804124589143e-12      -3.920744206757e-12       0.000000000000e+00       1.359025982003e-13       8.626452088731e-15       1.756268946038e-15 
  417       2.300194789860e-10       2.792812579405e-12      -4.144595774016e-12       0.000000000000e+00       1.347997474886e-13       8.394845980373e-15       1.744760977765e-15 
  418       2.303289870285e-10       2.781023010841e-12      -4.365561629053e-12       0.000000000000e+00       1.337082338642e-13       8.167330030347e-15       1.733175727662e-15 
  419       2.306839452723e-10       2.768760826178e-12      -4.583532615582e-12       0.000000000000e+00       1.326278364168e-13       7.943838201938e-15       1.721513067441e-15 
  420       2.310834853033e-10       2.756031134733e-12      -4.798398365095e-12       0.000000000000e+00       1.315583257015e-13       7.724302018354e-15       1.709772860188e-15 
  421       2.315267123725e-10       2.742839213510e-12      -5.010047291646e-12       0.000000000000e+00       1.304994636771e-13       7.508650545512e-15       1.697954960272e-15 
  422       2.320127052192e-10       2.729190508310e-12      -5.218366586627e-12       0.000000000000e+00       1.294510036446e-13       7.296810374816e-15       1.686059213255e-15 
  423       2.325405158943e-10       2.715090634828e-12      -5.423242213555e-12       0.000000000000e+00       1.284126901853e-13       7.088705605936e-15       1.674085455800e-15 
  424       2.331091695835e-10       2.700545379759e-12      -5.624558902852e-12       0.000000000000e+00       1.273842590994e-13       6.884257829588e-15       1.662033515586e-15 
  425       2.337176644307e-10       2.685560701897e-12      -5.822200146625e-12       0.000000000000e+00       1.263654373443e-13       6.683386110317e-15       1.649903211217e-15 
  426       2.343649713606e-10       2.670142733243e-12      -6.016048193450e-12       0.000000000000e+00       1.253559429728e-13       6.486006969273e-15       1.637694352129e-15 
  427       2.350501159622e-10       2.654298006652e-12      -6.205998241858e-12       0.000000000000e+00       1.243555339256e-13       6.292046433753e-15       1.625407010817e-15 
  428       2.357724275645e-10       2.638034145077e-12      -6.392001563267e-12       0.000000000000e+00       1.233641563628e-13       6.101476672420e-15       1.613042349885e-15 
  429       2.365312982873e-10       2.621359197944e-12      -6.574023835906e-12       0.000000000000e+00       1.223818012580e-13       5.914280572623e-15       1.600601822954e-15 
  430       2.373261016239e-10       2.604281417967e-12      -6.752031082759e-12       0.000000000000e+00       1.214084559702e-13       5.730439776981e-15       1.588086904983e-15 
  431       2.381561923189e-10       2.586809262402e-12      -6.925989675669e-12       0.000000000000e+00       1.204441042143e-13       5.549934674086e-15       1.575499092358e-15 
  432       2.390209062451e-10       2.568951394297e-12      -7.095866339444e-12       0.000000000000e+00       1.194887260317e-13       5.372744389204e-15       1.562839902982e-15 
  433       2.399195602801e-10       2.550716683742e-12      -7.261628155960e-12       0.000000000000e+00       1.185422977608e-13       5.198846774983e-15       1.550110876362e-15 
  434       2.408514521843e-10       2.532114209122e-12      -7.423242568267e-12       0.000000000000e+00       1.176047920069e-13       5.028218402150e-15       1.537313573700e-15 
  435       2.418158604772e-10       2.513153258368e-12      -7.580677384692e-12       0.000000000000e+00       1.166761776132e-13       4.860834550219e-15       1.524449577979e-15 
  436       2.428120443147e-10       2.493843330206e-12      -7.733900782947e-12       0.000000000000e+00       1.157564196310e-13       4.696669198192e-15       1.511520494057e-15 
  437       2.438392433666e-10       2.474194135414e-12      -7.882881314230e-12       0.000000000000e+00       1.148454792901e-13       4.535695015262e-15       1.498527948754e-15 
  438       2.448966776929e-10       2.454215598066e-12      -8.027587907332e-12       0.000000000000e+00       1.139433139692e-13       4.377883351517e-15       1.485473590940e-15 
  439       2.459835476217e-10       2.433917856788e-12      -8.167989872742e-12       0.000000000000e+00       1.130498771665e-13       4.223204228643e-15       1.472359091626e-15 
  440       2.470990336259e-10       2.413311266011e-12      -8.304056906751e-12       0.000000000000e+00       1.121651184697e-13       4.071626330626e-15       1.459186144050e-15 
  441       2.482422962000e-10       2.392406397216e-12      -8.435759095555e-12       0.000000000000e+00       1.112889835269e-13       3.923116994455e-15       1.445956463770e-15 
  442       2.494124757378e-10       2.371214040190e-12      -8.563066919363e-12       0.000000000000e+00       1.104214140170e-13       3.777642200829e-15       1.432671788753e-15 
  443       2.506086924091e-10       2.349745204276e-12      -8.685951256501e-12       0.000000000000e+00       1.095623476196e-13       3.635166564853e-15       1.419333879462e-15 
  444       2.518300460369e-10       2.328011119626e-12      -8.804383387515e-12       0.000000000000e+00       1.087117179860e-13       3.495653326748e-15       1.405944518943e-15 
  445       2.530756159744e-10       2.306023238450e-12      -8.918334999276e-12       0.000000000000e+00       1.078694547093e-13       3.359064342551e-15       1.392505512923e-15 
  446       2.543444609823e-10       2.283793236267e-12      -9.027778189087e-12       0.000000000000e+00       1.070354832951e-13       3.225360074817e-15       1.379018689887e-15 
  447       2.556356191055e-10       2.261333013158e-12      -9.132685468785e-12       0.000000000000e+00       1.062097251315e-13       3.094499583325e-15       1.365485901178e-15 
  448       2.569481075506e-10       2.238654695017e-12      -9.233029768849e-12       0.000000000000e+00       1.053920974598e-13       2.966440515779e-15       1.351909021080e-15 
  449       2.582809225629e-10       2.215770634803e-12      -9.328784442501e-12       0.000000000000e+00       1.045825133451e-13       2.841139098513e-15       1.338289946909e-15 
  450       2.596330393031e-10       2.192693413788e-12      -9.419923269812e-12       0.000000000000e+00       1.037808816463e-13       2.718550127189e-15       1.324630599102e-15 
  451       2.610034117250e-10       2.169435842813e-12      -9.506420461810e-12       0.000000000000e+00       1.029871069867e-13       2.598626957509e-15       1.310932921307e-15 
  452       2.623909724521e-10       2.146010963536e-12      -9.588250664579e-12       0.000000000000e+00       1.022010897247e-13       2.481321495910e-15       1.297198880470e-15 
  453       2.637946326550e-10       2.122432049684e-12      -9.665388963369e-12       0.000000000000e+00       1.014227259237e-13       2.366584190270e-15       1.283430466926e-15 
  454       2.652132819282e-10       2.098712608305e-12      -9.737810886698e-12       0.000000000000e+00       1.006519073230e-13       2.254364020613e-15       1.269629694488e-15 
  455       2.666457881675e-10       2.074866381019e-12      -9.805492410455e-12       0.000000000000e+00       9.988852130781e-14       2.144608489809e-15       1.255798600537e-15 
  456       2.680909974468e-10       2.050907345268e-12      -9.868409962011e-12       0.000000000000e+00       9.913245088012e-14       2.037263614279e-15       1.241939246107e-15 
  457       2.695477338954e-10       2.026849715570e-12      -9.926540424318e-12       0.000000000000e+00       9.838357462871e-14       1.932273914699e-15       1.228053715981e-15 
  458       2.710147995750e-10       2.002707944769e-12      -9.979861140014e-12       0.000000000000e+00       9.764176669981e-14       1.829582406698e-15       1.214144118773e-15 
  459       2.724909743568e-10       1.978496725284e-12      -1.002834991553e-11       0.000000000000e+00       9.690689676744e-14       1.729130591569e-15       1.200212587023e-15 
  460       2.739750157985e-10       1.954230990365e-12      -1.007198502520e-11       0.000000000000e+00       9.617883000385e-14       1.630858446966e-15       1.186261277282e-15 
  461       2.754656590216e-10       1.929925915340e-12      -1.011074521534e-11       0.000000000000e+00       9.545742704995e-14       1.534704417609e-15       1.172292370205e-15 
  462       2.769616165883e-10       1.905596918870e-12      -1.014460970841e-11       0.000000000000e+00       9.474254398571e-14       1.440605405987e-15       1.158308070636e-15 
  463       2.784615783786e-10       1.881259664195e-12      -1.017355820704e-11       0.000000000000e+00       9.403403230060e-14       1.348496763062e-15       1.144310607701e-15 
  464       2.799642114675e-10       1.856930060393e-12      -1.019757089820e-11       0.000000000000e+00       9.333173886401e-14       1.258312278971e-15       1.130302234894e-15 
  465       2.814681600021e-10       1.832624263623e-12      -1.021662845728e-11       0.000000000000e+00       9.263550589568e-14       1.169984173729e-15       1.116285230168e-15 
  466       2.829721864964e-10       1.808357633086e-12      -1.023072034980e-11       0.000000000000e+00       9.194519735460e-14       1.083455185721e-15       1.102261682370e-15 
  467       2.844756008187e-10       1.784141560501e-12      -1.023987001336e-11       0.000000000000e+00       9.126077907209e-14       9.987152711344e-16       1.088232843027e-15 
  468       2.859778443463e-10       1.759986544171e-12      -1.024411046939e-11       0.000000000000e+00       9.058224106061e-14       9.157660312164e-16       1.074199754513e-15 
  469       2.874783497128e-10       1.735903226014e-12      -1.024347610529e-11       0.000000000000e+00       8.990957130625e-14       8.346087153662e-16       1.060163461844e-15 
  470       2.889765407632e-10       1.711902392233e-12      -1.023800268308e-11       0.000000000000e+00       8.924275575374e-14       7.552442185118e-16       1.046125012649e-15 
  471       2.904718325086e-10       1.687994973999e-12      -1.022772734807e-11       0.000000000000e+00       8.858177829142e-14       6.776730784835e-16       1.032085457145e-15 
  472       2.919636310816e-10       1.664192048117e-12      -1.021268863753e-11       0.000000000000e+00       8.792662073625e-14       6.018954733875e-16       1.018045848104e-15 
  473       2.934513336915e-10       1.640504837708e-12      -1.019292648942e-11       0.000000000000e+00       8.727726281880e-14       5.279112189801e-16       1.004007240829e-15 
  474       2.949343285788e-10       1.616944712880e-12      -1.016848225100e-11       0.000000000000e+00       8.663368216820e-14       4.557197660422e-16       9.899706931204e-16 
  475       2.964119949710e-10       1.593523191401e-12      -1.013939868758e-11       0.000000000000e+00       8.599585429721e-14       3.853201977525e-16       9.759372652509e-16 
  476       2.978837030369e-10       1.570251939382e-12      -1.010571999116e-11       0.000000000000e+00       8.536375258711e-14       3.167112270620e-16       9.619080199356e-16 
  477       2.993488138424e-10       1.547142771943e-12      -1.006749178910e-11       0.000000000000e+00       8.473734827277e-14       2.498911940680e-16       9.478840223035e-16 
  478       3.008066793050e-10       1.524207653892e-12      -1.002476115284e-11       0.000000000000e+00       8.411661042760e-14       1.848580633880e-16       9.338663398686e-16 
  479       3.022566421493e-10       1.501458700401e-12      -9.977576606546e-12       0.000000000000e+00       8.350150594856e-14       1.216094215337e-16       9.198560425019e-16 
  480       3.036980358615e-10       1.478908177678e-12      -9.925988135809e-12       0.000000000000e+00       8.289199954111e-14       6.014247428494e-17       9.058542024022e-16 
  481       3.051301846453e-10       1.456568503644e-12      -9.870047196315e-12       0.000000000000e+00       8.228805370426e-14       4.540440639532e-19       8.918618940675e-16 
  482       3.065524033761e-10       1.434452248608e-12      -9.809806722531e-12       0.000000000000e+00       8.168962871551e-14      -5.745943269082e-17       8.778801942667e-16 
  483       3.079639975568e-10       1.412572135940e-12      -9.745321136381e-12       0.000000000000e+00       8.109668261588e-14      -1.136019081507e-16       8.639101820107e-16 
  484       3.093642632722e-10       1.390941042746e-12      -9.676646355931e-12       0.000000000000e+00       8.050917119484e-14      -1.679777257227e-16       8.499529385238e-16 
  485       3.107524871446e-10       1.369572000548e-12      -9.603839804065e-12       0.000000000000e+00       7.992704797536e-14      -2.205916226755e-16       8.360095472150e-16 
  486       3.121279462887e-10       1.348478195951e-12      -9.526960417167e-12       0.000000000000e+00       7.935026419889e-14      -2.714487327656e-16       8.220810936496e-16 
  487       3.134899082666e-10       1.327672971324e-12      -9.446068653800e-12       0.000000000000e+00       7.877876881031e-14      -3.205545888631e-16       8.081686655202e-16 
  488       3.148376310427e-10       1.307169825471e-12      -9.361226503389e-12       0.000000000000e+00       7.821250844296e-14      -3.679151255779e-16       7.942733526186e-16 
  489       3.161703629393e-10       1.286982414311e-12      -9.272497494898e-12       0.000000000000e+00       7.765142740362e-14      -4.135366818854e-16       7.803962468063e-16 
  490       3.174873425912e-10       1.267124551546e-12      -9.179946705511e-12       0.000000000000e+00       7.709546765748e-14      -4.574260037528e-16       7.665384419869e-16 
  491       3.187877989008e-10       1.247610209341e-12      -9.083640769313e-12       0.000000000000e+00       7.654456881315e-14      -4.995902467649e-16       7.527010340767e-16 
  492       3.200709509934e-10       1.228453518998e-12      -8.983647885971e-12       0.000000000000e+00       7.599866810767e-14      -5.400369787503e-16       7.388851209762e-16 
  493       3.213360081722e-10       1.209668771630e-12      -8.880037829411e-12       0.000000000000e+00       7.545770039142e-14      -5.787741824070e-16       7.250918025418e-16 
  494       3.225821698733e-10       1.191270418836e-12      -8.772881956502e-12       0.000000000000e+00       7.492159811323e-14      -6.158102579287e-16       7.113221805567e-16 
  495       3.238086256205e-10       1.173273073376e-12      -8.662253215733e-12       0.000000000000e+00       7.439029130525e-14      -6.511540256308e-16       6.975773587026e-16 
  496       3.250145549810e-10       1.155691509846e-12      -8.548226155896e-12       0.000000000000e+00       7.386370756802e-14      -6.848147285763e-16       6.838584425310e-16 
  497       3.261991275199e-10       1.138540665355e-12      -8.430876934764e-12       0.000000000000e+00       7.334177205542e-14      -7.168020352018e-16       6.701665394344e-16 
  498       3.273615027557e-10       1.121835640196e-12      -8.310283327771e-12       0.000000000000e+00       7.282440745970e-14      -7.471260419434e-16       6.565027586178e-16 
  499       3.285008301150e-10       1.105591698523e-12      -8.186524736694e-12       0.000000000000e+00       7.231153399640e-14      -7.757972758629e-16       6.428682110700e-16 
  500       3.296162488877e-10       1.089824269026e-12      -8.059682198333e-12       0.000000000000e+00       7.180306938941e-14      -8.028266972735e-16       6.292640095350e-16 
  501       3.307068881821e-10       1.074548945607e-12      -7.929838393189e-12       0.000000000000e+00       7.129892885594e-14      -8.282257023663e-16       6.156912684834e-16 
  502       3.317718668800e-10       1.059781488051e-12      -7.797077654147e-12       0.000000000000e+00       7.079902509147e-14      -8.520061258355e-16       6.021511040836e-16 
  503       3.328102935917e-10       1.045537822707e-12      -7.661485975154e-12       0.000000000000e+00       7.030326825479e-14      -8.741802435053e-16       5.886446341733e-16 
  504       3.338212666112e-10       1.031834043156e-12      -7.523151019900e-12       0.000000000000e+00       6.981156595297e-14      -8.947607749550e-16       5.751729782310e-16 
  505       3.348040045042e-10       1.018684524291e-12      -7.382159462060e-12       0.000000000000e+00       6.932383815696e-14      -9.137612204109e-16       5.617372521241e-16 
  506       3.357582421011e-10       1.006096203420e-12      -7.238588904115e-12       0.000000000000e+00       6.884006245138e-14      -9.311968767578e-16       5.483385522465e-16 
  507       3.366838458242e-10       9.940741357347e-13      -7.092515742828e-12       0.000000000000e+00       6.836023005875e-14      -9.470838559737e-16       5.349779708679e-16 
  508       3.375806841018e-10       9.826233658003e-13      -6.944017824038e-12       0.000000000000e+00       6.788433101880e-14      -9.614387562878e-16       5.216566012843e-16 
  509       3.384486273852e-10       9.717489273467e-13      -6.793174450088e-12       0.000000000000e+00       6.741235418046e-14      -9.742786649631e-16       5.083755377864e-16 
  510       3.392875481646e-10       9.614558430556e-13      -6.640066387248e-12       0.000000000000e+00       6.694428719385e-14      -9.856211610796e-16       4.951358756294e-16 
  511       3.400973209861e-10       9.517491243501e-13      -6.484775873147e-12       0.000000000000e+00       6.648011650232e-14      -9.954843183173e-16       4.819387110012e-16 
  512       3.408778224677e-10       9.426337711835e-13      -6.327386624198e-12       0.000000000000e+00       6.601982733439e-14      -1.003886707739e-15       4.687851409915e-16 
  513       3.416289313158e-10       9.341147718280e-13      -6.167983843024e-12       0.000000000000e+00       6.556340369582e-14      -1.010847400573e-15       4.556762635609e-16 
  514       3.423505283418e-10       9.261971026643e-13      -6.006654225887e-12       0.000000000000e+00       6.511082836157e-14      -1.016385970997e-15       4.426131775094e-16 
  515       3.430424964781e-10       9.188857279699e-13      -5.843485970111e-12       0.000000000000e+00       6.466208286780e-14      -1.020522498920e-15       4.295969824459e-16 
  516       3.437047207951e-10       9.121855997084e-13      -5.678568781517e-12       0.000000000000e+00       6.421714750389e-14      -1.023277572765e-15       4.166287787565e-16 
  517       3.443370885170e-10       9.061016573183e-13      -5.511993881841e-12       0.000000000000e+00       6.377600130444e-14      -1.024672292255e-15       4.037096675738e-16 
  518       3.449394890387e-10       9.006388275020e-13      -5.343854016167e-12       0.000000000000e+00       6.333862204126e-14      -1.024728271192e-15       3.908407507456e-16 
  519       3.455118139420e-10       8.958020240149e-13      -5.174243460352e-12       0.000000000000e+00       6.290498621535e-14      -1.023467640241e-15       3.780231308039e-16 
  520       3.460539570119e-10       8.915961474538e-13      -5.003258028453e-12       0.000000000000e+00       6.247506904896e-14      -1.020913049714e-15       3.652579109340e-16 
  521       3.465658142534e-10       8.880260850467e-13      -4.830995080154e-12       0.000000000000e+00       6.204884447755e-14      -1.017087672354e-15       3.525461949429e-16 
  522       3.470472839074e-10       8.850967104410e-13      -4.657553528195e-12       0.000000000000e+00       6.162628514179e-14      -1.012015206116e-15       3.398890872287e-16 
  523       3.474982664677e-10       8.828128834929e-13      -4.483033845797e-12       0.000000000000e+00       6.120736237957e-14      -1.005719876948e-15       3.272876927494e-16 
  524       3.479186646967e-10       8.811794500559e-13      -4.307538074087e-12       0.000000000000e+00       6.079204621800e-14      -9.982264415800e-16       3.147431169914e-16 
  525       3.483083836425e-10       8.802012417703e-13      -4.131169829531e-12       0.000000000000e+00       6.038030536544e-14      -9.895601903010e-16       3.022564659392e-16 
  526       3.486673306551e-10       8.798830758519e-13      -3.954034311356e-12       0.000000000000e+00       5.997210720343e-14      -9.797469497453e-16       2.898288460434e-16 
  527       3.489954154024e-10       8.802297548807e-13      -3.776238308978e-12       0.000000000000e+00       5.956741777876e-14      -9.688130856745e-16       2.774613641903e-16 
  528       3.492925498873e-10       8.812460665902e-13      -3.597890209431e-12       0.000000000000e+00       5.916620179545e-14      -9.567855057604e-16       2.651551276706e-16 
  529       3.495586484636e-10       8.829367836563e-13      -3.419100004793e-12       0.000000000000e+00       5.876842260674e-14      -9.436916623680e-16       2.529112441481e-16 
  530       3.497936278526e-10       8.853066634860e-13      -3.239979299611e-12       0.000000000000e+00       5.837404220710e-14      -9.295595553386e-16       2.407308216289e-16 
  531       3.499974071595e-10       8.883604480065e-13      -3.060641318332e-12       0.000000000000e+00       5.798302122423e-14      -9.144177347729e-16       2.286149684301e-16 
  532       3.501699078898e-10       8.921028634544e-13      -2.881200912726e-12       0.000000000000e+00       5.759531891106e-14      -8.982953038135e-16       2.165647931489e-16 
  533       3.503110539660e-10       8.965386201642e-13      -2.701774569317e-12       0.000000000000e+00       5.721089313775e-14      -8.812219214282e-16       2.045814046314e-16 
  534       3.504207717433e-10       9.016724123574e-13      -2.522480416807e-12       0.000000000000e+00       5.682970038370e-14      -8.632278051929e-16       1.926659119413e-16 
  535       3.504989900267e-10       9.075089179318e-13      -2.343438233504e-12       0.000000000000e+00       5.645169572955e-14      -8.443437340747e-16       1.808194243292e-16 
  536       3.505456400873e-10       9.140527982498e-13      -2.164769454749e-12       0.000000000000e+00       5.607683284917e-14      -8.246010512146e-16       1.690430512014e-16 
  537       3.505606556783e-10       9.213086979280e-13      -1.986597180343e-12       0.000000000000e+00       5.570506400166e-14      -8.040316667106e-16       1.573379020885e-16 
  538       3.505439730520e-10       9.292812446256e-13      -1.809046181977e-12       0.000000000000e+00       5.533634002336e-14      -7.826680604007e-16       1.457050866148e-16 
  539       3.504955309757e-10       9.379750488337e-13      -1.632242910652e-12       0.000000000000e+00       5.497061031987e-14      -7.605432846458e-16       1.341457144666e-16 
  540       3.504152707484e-10       9.473947036642e-13      -1.456315504114e-12       0.000000000000e+00       5.460782285801e-14      -7.376909671127e-16       1.226608953619e-16 
  541       3.503031362173e-10       9.575447846386e-13      -1.281393794276e-12       0.000000000000e+00       5.424792415785e-14      -7.141453135571e-16       1.112517390184e-16 
  542       3.501590737937e-10       9.684298494771e-13      -1.107609314645e-12       0.000000000000e+00       5.389085928471e-14      -6.899411106065e-16       9.991935512324e-17 
  543       3.499830324703e-10       9.800544378873e-13      -9.350953077533e-13       0.000000000000e+00       5.353657184114e-14      -6.651137285432e-16       8.866485330135e-17 
  544       3.497750251270e-10       9.924215172732e-13      -7.639746935484e-13       0.000000000000e+00       5.318501274985e-14      -6.396951879192e-16       7.748920347375e-17 
  545       3.495353142215e-10       1.005527774575e-12      -5.943236056344e-13       0.000000000000e+00       5.283616687695e-14      -6.137022380659e-16       6.639281288765e-17 
  546       3.492642311008e-10       1.019368198025e-12      -4.262068939482e-13       0.000000000000e+00       5.249002710532e-14      -5.871479650668e-16       5.537593770663e-17 
  547       3.489621152006e-10       1.033937618994e-12      -2.596900780681e-13       0.000000000000e+00       5.214658560376e-14      -5.600457002528e-16       4.443882151018e-17 
  548       3.486293140874e-10       1.049230711153e-12      -9.483934976773e-14       0.000000000000e+00       5.180583382251e-14      -5.324090213918e-16       3.358169520607e-17 
  549       3.482661834994e-10       1.065241989627e-12       6.827842442937e-14       0.000000000000e+00       5.146776248882e-14      -5.042517538787e-16       2.280477694277e-17 
  550       3.478730873876e-10       1.081965810162e-12       2.295957006956e-13       0.000000000000e+00       5.113236160255e-14      -4.755879719250e-16       1.210827202185e-17 
  551       3.474503979571e-10       1.099396368280e-12       3.890442553451e-13       0.000000000000e+00       5.079962043167e-14      -4.464319997488e-16       1.492372810377e-18 
  552       3.469984957085e-10       1.117527698441e-12       5.465551822792e-13       0.000000000000e+00       5.046952750785e-14      -4.167984127646e-16      -9.042741346697e-18 
  553       3.465177694788e-10       1.136353673203e-12       7.020588904327e-13       0.000000000000e+00       5.014207062201e-14      -3.867020387728e-16      -1.949690421411e-17 
  554       3.460086164829e-10       1.155868002382e-12       8.554851012191e-13       0.000000000000e+00       4.981723681991e-14      -3.561579591498e-16      -2.986996275391e-17 
  555       3.454714423546e-10       1.176064232211e-12       1.006762845976e-12       0.000000000000e+00       4.949501239765e-14      -3.251815100378e-16      -4.016177721303e-17 
  556       3.449066611883e-10       1.196935744499e-12       1.155820463413e-12       0.000000000000e+00       4.917538289730e-14      -2.937882835346e-16      -5.037222121093e-17 
  557       3.443146955793e-10       1.218475755795e-12       1.302585597053e-12       0.000000000000e+00       4.885833310238e-14      -2.619941288831e-16      -6.050118182716e-17 
  558       3.436959766661e-10       1.240677316544e-12       1.446985192684e-12       0.000000000000e+00       4.854384703350e-14      -2.298151536616e-16      -7.054855968896e-17 
  559       3.430509441707e-10       1.263533310247e-12       1.588945495799e-12       0.000000000000e+00       4.823190794385e-14      -1.972677249732e-16      -8.051426905889e-17 
  560       3.423800464407e-10       1.287036452625e-12       1.728392049044e-12       0.000000000000e+00       4.792249831483e-14      -1.643684706359e-16      -9.039823792238e-17 
  561       3.416837404895e-10       1.311179290774e-12       1.865249689667e-12       0.000000000000e+00       4.761559985153e-14      -1.311342803721e-16      -1.002004080754e-16 
  562       3.409624920384e-10       1.335954202327e-12       1.999442546958e-12       0.000000000000e+00       4.731119347835e-14      -9.758230699858e-17      -1.099207352120e-16 
  563       3.402167755575e-10       1.361353394615e-12       2.130894039698e-12       0.000000000000e+00       4.700925933453e-14      -6.372996761645e-17      -1.195591890119e-16 
  564       3.394470743069e-10       1.387368903826e-12       2.259526873605e-12       0.000000000000e+00       4.670977676973e-14      -2.959494480068e-17      -1.291157532281e-16 
  565       3.386538803778e-10       1.413992594163e-12       2.385263038778e-12       0.000000000000e+00       4.641272433958e-14       4.804812209950e-18      -1.385904257747e-16 
  566       3.378376947340e-10       1.441216157008e-12       2.508023807144e-12       0.000000000000e+00       4.611807980121e-14       3.945108632307e-17      -1.479832188139e-16 
  567       3.369990272529e-10       1.469031110079e-12       2.627729729904e-12       0.000000000000e+00       4.582582010886e-14       7.432539140293e-17      -1.572941588445e-16 
  568       3.361383967669e-10       1.497428796590e-12       2.744300634978e-12       0.000000000000e+00       4.553592140942e-14       1.094089710805e-16      -1.665232867885e-16 
  569       3.352563311044e-10       1.526400384413e-12       2.857655624449e-12       0.000000000000e+00       4.524835903796e-14       1.446827975639e-16      -1.756706580796e-16 
  570       3.343533671312e-10       1.555936865234e-12       2.967713072013e-12       0.000000000000e+00       4.496310751333e-14       1.801275704484e-16      -1.847363427501e-16 
  571       3.334300507918e-10       1.586029053718e-12       3.074390620421e-12       0.000000000000e+00       4.468014053372e-14       2.157237155264e-16      -1.937204255190e-16 
  572       3.324869371504e-10       1.616667586665e-12       3.177605178927e-12       0.000000000000e+00       4.439943097216e-14       2.514513835982e-16      -2.026230058792e-16 
  573       3.315245904321e-10       1.647842922172e-12       3.277272920732e-12       0.000000000000e+00       4.412095087217e-14       2.872904492817e-16      -2.114441981856e-16 
  574       3.305435840643e-10       1.679545338792e-12       3.373309280430e-12       0.000000000000e+00       4.384467144324e-14       3.232205098229e-16      -2.201841317420e-16 
  575       3.295445007180e-10       1.711764934694e-12       3.465628951457e-12       0.000000000000e+00       4.357056305644e-14       3.592208839059e-16      -2.288429508894e-16 
  576       3.285279323487e-10       1.744491626824e-12       3.554145883530e-12       0.000000000000e+00       4.329859523994e-14       3.952706104630e-16      -2.374208150932e-16 
  577       3.274944802380e-10       1.777715150062e-12       3.638773280099e-12       0.000000000000e+00       4.302873667460e-14       4.313484474853e-16      -2.459178990308e-16 
  578       3.264447550344e-10       1.811425056387e-12       3.719423595791e-12       0.000000000000e+00       4.276095518953e-14       4.674328708325e-16      -2.543343926795e-16 
  579       3.253793767949e-10       1.845610714031e-12       3.796008533854e-12       0.000000000000e+00       4.249521775763e-14       5.035020730433e-16      -2.626705014036e-16 
  580       3.242989750260e-10       1.880261306644e-12       3.868439043604e-12       0.000000000000e+00       4.223149049115e-14       5.395339621455e-16      -2.709264460426e-16 
  581       3.232041887250e-10       1.915365832451e-12       3.936625317872e-12       0.000000000000e+00       4.196973863727e-14       5.755061604662e-16      -2.791024629982e-16 
  582       3.220956664213e-10       1.950913103412e-12       4.000476790446e-12       0.000000000000e+00       4.170992657363e-14       6.113960034422e-16      -2.871988043225e-16 
  583       3.209740406682e-10       1.986891602542e-12       4.059916268427e-12       0.000000000000e+00       4.145202315414e-14       6.471849754416e-16      -2.952156064227e-16 
  584       3.198398507358e-10       2.023289053649e-12       4.114922722309e-12       0.000000000000e+00       4.119601790198e-14       6.828721413797e-16      -3.031524923969e-16 
  585       3.186936180681e-10       2.060092839189e-12       4.165489559814e-12       0.000000000000e+00       4.094190521234e-14       7.184610482966e-16      -3.110089599372e-16 
  586       3.175358716902e-10       2.097290140242e-12       4.211610590150e-12       0.000000000000e+00       4.068967903624e-14       7.539553190831e-16      -3.187845118542e-16 
  587       3.163671482399e-10       2.134867935628e-12       4.253280026432e-12       0.000000000000e+00       4.043933287803e-14       7.893586528554e-16      -3.264786561185e-16 
  588       3.151879920004e-10       2.172813001012e-12       4.290492488115e-12       0.000000000000e+00       4.019085979278e-14       8.246748253287e-16      -3.340909059019e-16 
  589       3.139989549322e-10       2.211111908018e-12       4.323243003419e-12       0.000000000000e+00       3.994425238376e-14       8.599076891913e-16      -3.416207796188e-16 
  590       3.128005967054e-10       2.249751023336e-12       4.351527011756e-12       0.000000000000e+00       3.969950279985e-14       8.950611744790e-16      -3.490678009670e-16 
  591       3.115934847321e-10       2.288716507833e-12       4.375340366162e-12       0.000000000000e+00       3.945660273304e-14       9.301392889486e-16      -3.564314989697e-16 
  592       3.103781941983e-10       2.327994315663e-12       4.394679335718e-12       0.000000000000e+00       3.921554341582e-14       9.651461184523e-16      -3.637114080163e-16 
  593       3.091553080963e-10       2.367570193377e-12       4.409540607981e-12       0.000000000000e+00       3.897631561864e-14       1.000085827312e-15      -3.709070679040e-16 
  594       3.079254172570e-10       2.407429679032e-12       4.419921291416e-12       0.000000000000e+00       3.873890964739e-14       1.034962658691e-15      -3.780180238787e-16 
  595       3.066891203820e-10       2.447558101303e-12       4.425818917813e-12       0.000000000000e+00       3.850331534079e-14       1.069780934973e-15      -3.850438266769e-16 
  596       3.054470240758e-10       2.487940578590e-12       4.427231444725e-12       0.000000000000e+00       3.826952206788e-14       1.104545058131e-15      -3.919840325662e-16 
  597       3.041997428780e-10       2.528562018132e-12       4.424157257891e-12       0.000000000000e+00       3.803751872543e-14       1.139259510103e-15      -3.988382033873e-16 
  598       3.029478992956e-10       2.569407115111e-12       4.416595173662e-12       0.000000000000e+00       3.780729373543e-14       1.173928853169e-15      -4.056059065951e-16 
  599       3.016921238352e-10       2.610460351770e-12       4.404544441432e-12       0.000000000000e+00       3.757883504248e-14       1.208557730320e-15      -4.122867152996e-16 
  600       3.004330550353e-10       2.651705996514e-12       4.388004746066e-12       0.000000000000e+00       3.735213011128e-14       1.243150865635e-15      -4.188802083079e-16 
  601       2.991713394982e-10       2.693128103027e-12       4.366976210322e-12       0.000000000000e+00       3.712716592405e-14       1.277713064655e-15      -4.253859701646e-16 
  602       2.979076319226e-10       2.734710509379e-12       4.341459397284e-12       0.000000000000e+00       3.690392897797e-14       1.312249214757e-15      -4.318035911942e-16 
  603       2.966425951356e-10       2.776436837136e-12       4.311455312791e-12       0.000000000000e+00       3.668240528267e-14       1.346764285526e-15      -4.381326675412e-16 
  604       2.953769001250e-10       2.818290490470e-12       4.276965407857e-12       0.000000000000e+00       3.646258035761e-14       1.381263329132e-15      -4.443728012125e-16 
  605       2.941112260715e-10       2.860254655269e-12       4.237991581107e-12       0.000000000000e+00       3.624443922959e-14       1.415751480702e-15      -4.505236001177e-16 
  606       2.928462603807e-10       2.902312298247e-12       4.194536181198e-12       0.000000000000e+00       3.602796643012e-14       1.450233958695e-15      -4.565846781113e-16 
  607       2.915826987159e-10       2.944446166056e-12       4.146602009251e-12       0.000000000000e+00       3.581314599295e-14       1.484716065275e-15      -4.625556550333e-16 
  608       2.903212450297e-10       2.986638784391e-12       4.094192321277e-12       0.000000000000e+00       3.559996145146e-14       1.519203186687e-15      -4.684361567507e-16 
  609       2.890626115964e-10       3.028872457104e-12       4.037310830605e-12       0.000000000000e+00       3.538839583609e-14       1.553700793629e-15      -4.742258151992e-16 
  610       2.878075190445e-10       3.071129265314e-12       3.975961710309e-12       0.000000000000e+00       3.517843167186e-14       1.588214441626e-15      -4.799242684238e-16 
  611       2.865566963884e-10       3.113391066515e-12       3.910149595635e-12       0.000000000000e+00       3.497005097574e-14       1.622749771406e-15      -4.855311606205e-16 
  612       2.853108810611e-10       3.155639493686e-12       3.839879586431e-12       0.000000000000e+00       3.476323525412e-14       1.657312509273e-15      -4.910461421777e-16 
  613       2.840708189463e-10       3.197855954403e-12       3.765157249573e-12       0.000000000000e+00       3.455796550027e-14       1.691908467479e-15      -4.964688697171e-16 
  614       2.828372644104e-10       3.240021629946e-12       3.685988621390e-12       0.000000000000e+00       3.435422219177e-14       1.726543544601e-15      -5.017990061355e-16 
  615       2.816109803348e-10       3.282117474412e-12       3.602380210099e-12       0.000000000000e+00       3.415198528795e-14       1.761223725916e-15      -5.070362206455e-16 
  616       2.803927381483e-10       3.324124213824e-12       3.514338998224e-12       0.000000000000e+00       3.395123422736e-14       1.795955083769e-15      -5.121801888172e-16 
  617       2.791833178592e-10       3.366022345238e-12       3.421872445030e-12       0.000000000000e+00       3.375194792519e-14       1.830743777954e-15      -5.172305926197e-16 
  618       2.779835080875e-10       3.407792135858e-12       3.324988488946e-12       0.000000000000e+00       3.355410477072e-14       1.865596056083e-15      -5.221871204616e-16 
  619       2.767941060971e-10       3.449413622141e-12       3.223695549997e-12       0.000000000000e+00       3.335768262478e-14       1.900518253963e-15      -5.270494672332e-16 
  620       2.756159178279e-10       3.490866608912e-12       3.118002532228e-12       0.000000000000e+00       3.316265881715e-14       1.935516795970e-15      -5.318173343471e-16 
  621       2.744497579286e-10       3.532130668468e-12       3.007918826133e-12       0.000000000000e+00       3.296901014409e-14       1.970598195421e-15      -5.364904297799e-16 
  622       2.732963675361e-10       3.573186643390e-12       2.893462010753e-12       0.000000000000e+00       3.277671623846e-14       2.005766494761e-15      -5.410685097984e-16 
  623       2.721561654376e-10       3.614021195418e-12       2.774681153171e-12       0.000000000000e+00       3.258576977232e-14       2.041015519527e-15      -5.455515051276e-16 
  624       2.710294911432e-10       3.654622361373e-12       2.651634059615e-12       0.000000000000e+00       3.239616648829e-14       2.076336443665e-15      -5.499393978198e-16 
  625       2.699166866175e-10       3.694978058683e-12       2.524379630000e-12       0.000000000000e+00       3.220790184698e-14       2.111720332884e-15      -5.542321798914e-16 
  626       2.688180962857e-10       3.735076084962e-12       2.392977862735e-12       0.000000000000e+00       3.202097102540e-14       2.147158144228e-15      -5.584298533769e-16 
  627       2.677340670409e-10       3.774904117581e-12       2.257489859536e-12       0.000000000000e+00       3.183536891551e-14       2.182640725663e-15      -5.625324303831e-16 
  628       2.666649482506e-10       3.814449713245e-12       2.117977830242e-12       0.000000000000e+00       3.165109012267e-14       2.218158815655e-15      -5.665399331434e-16 
  629       2.656110917632e-10       3.853700307570e-12       1.974505097623e-12       0.000000000000e+00       3.146812896418e-14       2.253703042754e-15      -5.704523940721e-16 
  630       2.645728519152e-10       3.892643214659e-12       1.827136102192e-12       0.000000000000e+00       3.128647946771e-14       2.289263925171e-15      -5.742698558183e-16 
  631       2.635505855378e-10       3.931265626675e-12       1.675936407020e-12       0.000000000000e+00       3.110613536982e-14       2.324831870364e-15      -5.779923713204e-16 
  632       2.625446519635e-10       3.969554613416e-12       1.520972702545e-12       0.000000000000e+00       3.092709011444e-14       2.360397174616e-15      -5.816200038601e-16 
  633       2.615554130328e-10       4.007497121897e-12       1.362312811386e-12       0.000000000000e+00       3.074933685138e-14       2.395950022619e-15      -5.851528271166e-16 
  634       2.605832331012e-10       4.045079975918e-12       1.200025693152e-12       0.000000000000e+00       3.057286843481e-14       2.431480487051e-15      -5.885909252212e-16 
  635       2.596284790460e-10       4.082289875642e-12       1.034181449259e-12       0.000000000000e+00       3.039767742172e-14       2.466978528162e-15      -5.919343928109e-16 
  636       2.586915202727e-10       4.119113397175e-12       8.648513277368e-13       0.000000000000e+00       3.022375607044e-14       2.502433993350e-15      -5.951833350830e-16 
  637       2.577727287218e-10       4.155536992133e-12       6.921077280444e-13       0.000000000000e+00       3.005109633915e-14       2.537836616748e-15      -5.983378678491e-16 
  638       2.568724788759e-10       4.191546987228e-12       5.160242058803e-13       0.000000000000e+00       2.987968988430e-14       2.573176018801e-15      -6.013981175895e-16 
  639       2.559911477660e-10       4.227129583833e-12       3.366754779953e-13       0.000000000000e+00       2.970952805919e-14       2.608441705849e-15      -6.043642215073e-16 
  640       2.551291149787e-10       4.262270857566e-12       1.541374270039e-13       0.000000000000e+00       2.954060191236e-14       2.643623069706e-15      -6.072363275826e-16 
  641       2.542867626624e-10       4.296956757861e-12      -3.151289380311e-14       0.000000000000e+00       2.937290218618e-14       2.678709387245e-15      -6.100145946265e-16 
  642       2.534644755347e-10       4.331173107545e-12      -2.201972556472e-13       0.000000000000e+00       2.920641931526e-14       2.713689819976e-15      -6.126991923358e-16 
  643       2.526626408886e-10       4.364905602414e-12      -4.118362494498e-13       0.000000000000e+00       2.904114342498e-14       2.748553413630e-15      -6.152903013467e-16 
  644       2.518816485993e-10       4.398139810807e-12      -6.063492810205e-13       0.000000000000e+00       2.887706432996e-14       2.783289097735e-15      -6.177881132894e-16 
  645       2.511218911314e-10       4.430861173184e-12      -8.036545662449e-13       0.000000000000e+00       2.871417153259e-14       2.817885685205e-15      -6.201928308418e-16 
  646       2.503837635450e-10       4.463055001699e-12      -1.003669126273e-12       0.000000000000e+00       2.855245422145e-14       2.852331871913e-15      -6.225046677844e-16 
  647       2.496676635032e-10       4.494706479779e-12      -1.206308782706e-12       0.000000000000e+00       2.839190126986e-14       2.886616236280e-15      -6.247238490537e-16 
  648       2.489739912780e-10       4.525800661694e-12      -1.411488152786e-12       0.000000000000e+00       2.823250123434e-14       2.920727238850e-15      -6.268506107973e-16 
  649       2.483031497577e-10       4.556322472139e-12      -1.619120644584e-12       0.000000000000e+00       2.807424235312e-14       2.954653221873e-15      -6.288852004271e-16 
  650       2.476555444533e-10       4.586256705806e-12      -1.829118452186e-12       0.000000000000e+00       2.791711254460e-14       2.988382408889e-15      -6.308278766745e-16 
  651       2.470315835056e-10       4.615588026959e-12      -2.041392550882e-12       0.000000000000e+00       2.776109940587e-14       3.021902904306e-15      -6.326789096438e-16 
  652       2.464316776915e-10       4.644300969013e-12      -2.255852692354e-12       0.000000000000e+00       2.760619021117e-14       3.055202692981e-15      -6.344385808668e-16 
  653       2.458562404310e-10       4.672379934106e-12      -2.472407399867e-12       0.000000000000e+00       2.745237191042e-14       3.088269639804e-15      -6.361071833571e-16 
  654       2.453056877938e-10       4.699809192675e-12      -2.690963963451e-12       0.000000000000e+00       2.729963112766e-14       3.121091489277e-15      -6.376850216638e-16 
  655       2.447804385063e-10       4.726572883035e-12      -2.911428435094e-12       0.000000000000e+00       2.714795415957e-14       3.153655865096e-15      -6.391724119264e-16 
  656       2.442809139583e-10       4.752655010951e-12      -3.133705623927e-12       0.000000000000e+00       2.699732697398e-14       3.185950269732e-15      -6.405696819283e-16 
  657       2.438075382093e-10       4.778039449215e-12      -3.357699091414e-12       0.000000000000e+00       2.684773520829e-14       3.217962084013e-15      -6.418771711517e-16 
  658       2.433607379958e-10       4.802709937222e-12      -3.583311146539e-12       0.000000000000e+00       2.669916416803e-14       3.249678566702e-15      -6.430952308310e-16 
  659       2.429409427380e-10       4.826650080543e-12      -3.810442840996e-12       0.000000000000e+00       2.655159882533e-14       3.281086854084e-15      -6.442242240080e-16 
  660       2.425485845459e-10       4.849843350506e-12      -4.038993964372e-12       0.000000000000e+00       2.640502381737e-14       3.312173959541e-15      -6.452645255850e-16 
  661       2.421840164649e-10       4.872275382914e-12      -4.268866238710e-12       0.000000000000e+00       2.625942560047e-14       3.342928885668e-15      -6.462165638989e-16 
  662       2.418472652158e-10       4.893940930736e-12      -4.499972989233e-12       0.000000000000e+00       2.611479896724e-14       3.373349012573e-15      -6.470809463375e-16 
  663       2.415382730155e-10       4.914837063894e-12      -4.732229677357e-12       0.000000000000e+00       2.597114067015e-14       3.403433849621e-15      -6.478583366000e-16 
  664       2.412569788291e-10       4.934960884212e-12      -4.965550716704e-12       0.000000000000e+00       2.582844727805e-14       3.433182935818e-15      -6.485494134947e-16 
  665       2.410033183548e-10       4.954309525613e-12      -5.199849469168e-12       0.000000000000e+00       2.568671517527e-14       3.462595839973e-15      -6.491548710040e-16 
  666       2.407772240078e-10       4.972880154331e-12      -5.435038240978e-12       0.000000000000e+00       2.554594056071e-14       3.491672160857e-15      -6.496754183504e-16 
  667       2.405786249048e-10       4.990669969115e-12      -5.671028278766e-12       0.000000000000e+00       2.540611944689e-14       3.520411527366e-15      -6.501117800619e-16 
  668       2.404074468485e-10       5.007676201435e-12      -5.907729765632e-12       0.000000000000e+00       2.526724765905e-14       3.548813598680e-15      -6.504646960378e-16 
  669       2.402636123116e-10       5.023896115686e-12      -6.145051817209e-12       0.000000000000e+00       2.512932083423e-14       3.576878064420e-15      -6.507349216141e-16 
  670       2.401470404213e-10       5.039327009399e-12      -6.382902477726e-12       0.000000000000e+00       2.499233442036e-14       3.604604644818e-15      -6.509232276289e-16 
  671       2.400576469435e-10       5.053966213443e-12      -6.621188716080e-12       0.000000000000e+00       2.485628367533e-14       3.631993090865e-15      -6.510304004885e-16 
  672       2.399953442675e-10       5.067811092234e-12      -6.859816421893e-12       0.000000000000e+00       2.472116366604e-14       3.659043184484e-15      -6.510572422325e-16 
  673       2.399600413898e-10       5.080859043938e-12      -7.098690401584e-12       0.000000000000e+00       2.458696926756e-14       3.685754738681e-15      -6.510045705998e-16 
  674       2.399516438986e-10       5.093107500679e-12      -7.337714374430e-12       0.000000000000e+00       2.445369516213e-14       3.712127597711e-15      -6.508732190937e-16 
  675       2.399700539586e-10       5.104553928746e-12      -7.576790968635e-12       0.000000000000e+00       2.432133583827e-14       3.738161637234e-15      -6.506640370481e-16 
  676       2.400151702944e-10       5.115195828796e-12      -7.815821717394e-12       0.000000000000e+00       2.418988558988e-14       3.763856764483e-15      -6.503778896926e-16 
  677       2.400868881756e-10       5.125030736064e-12      -8.054707054955e-12       0.000000000000e+00       2.405933851530e-14       3.789212918415e-15      -6.500156582181e-16 
  678       2.401850994010e-10       5.134056220565e-12      -8.293346312692e-12       0.000000000000e+00       2.392968851639e-14       3.814230069879e-15      -6.495782398427e-16 
  679       2.403096922825e-10       5.142269887304e-12      -8.531637715161e-12       0.000000000000e+00       2.380092929762e-14       3.838908221774e-15      -6.490665478772e-16 
  680       2.404605516299e-10       5.149669376480e-12      -8.769478376174e-12       0.000000000000e+00       2.367305436513e-14       3.863247409208e-15      -6.484815117904e-16 
  681       2.406375587350e-10       5.156252363692e-12      -9.006764294859e-12       0.000000000000e+00       2.354605702585e-14       3.887247699661e-15      -6.478240772750e-16 
  682       2.408405913560e-10       5.162016560145e-12      -9.243390351727e-12       0.000000000000e+00       2.341993038654e-14       3.910909193144e-15      -6.470952063131e-16 
  683       2.410695237015e-10       5.166959712858e-12      -9.479250304738e-12       0.000000000000e+00       2.329466735291e-14       3.934232022360e-15      -6.462958772419e-16 
  684       2.413242264156e-10       5.171079604867e-12      -9.714236785366e-12       0.000000000000e+00       2.317026062864e-14       3.957216352865e-15      -6.454270848188e-16 
  685       2.416045665614e-10       5.174374055436e-12      -9.948241294663e-12       0.000000000000e+00       2.304670271453e-14       3.979862383228e-15      -6.444898402878e-16 
  686       2.419104076056e-10       5.176840920255e-12      -1.018115419933e-11       0.000000000000e+00       2.292398590754e-14       4.002170345191e-15      -6.434851714443e-16 
  687       2.422416094031e-10       5.178478091656e-12      -1.041286472776e-11       0.000000000000e+00       2.280210229988e-14       4.024140503831e-15      -6.424141227011e-16 
  688       2.425980281811e-10       5.179283498811e-12      -1.064326096616e-11       0.000000000000e+00       2.268104377810e-14       4.045773157719e-15      -6.412777551541e-16 
  689       2.429795165232e-10       5.179255107942e-12      -1.087222985453e-11       0.000000000000e+00       2.256080202214e-14       4.067068639082e-15      -6.400771466475e-16 
  690       2.433859233542e-10       5.178390922527e-12      -1.109965718282e-11       0.000000000000e+00       2.244136850446e-14       4.088027313962e-15      -6.388133918397e-16 
  691       2.438170939240e-10       5.176688983505e-12      -1.132542758691e-11       0.000000000000e+00       2.232273448906e-14       4.108649582379e-15      -6.374876022687e-16 
  692       2.442728697923e-10       5.174147369482e-12      -1.154942454476e-11       0.000000000000e+00       2.220489103062e-14       4.128935878486e-15      -6.361009064179e-16 
  693       2.447530888124e-10       5.170764196939e-12      -1.177153037240e-11       0.000000000000e+00       2.208782897355e-14       4.148886670738e-15      -6.346544497814e-16 
  694       2.452575851163e-10       5.166537620435e-12      -1.199162622003e-11       0.000000000000e+00       2.197153895106e-14       4.168502462045e-15      -6.331493949299e-16 
  695       2.457861890981e-10       5.161465832816e-12      -1.220959206810e-11       0.000000000000e+00       2.185601138427e-14       4.187783789937e-15      -6.315869215760e-16 
  696       2.463387273991e-10       5.155547065419e-12      -1.242530672336e-11       0.000000000000e+00       2.174123648126e-14       4.206731226721e-15      -6.299682266399e-16 
  697       2.469150228918e-10       5.148779588282e-12      -1.263864781489e-11       0.000000000000e+00       2.162720423619e-14       4.225345379646e-15      -6.282945243153e-16 
  698       2.475148946641e-10       5.141161710342e-12      -1.284949179025e-11       0.000000000000e+00       2.151390442835e-14       4.243626891059e-15      -6.265670461344e-16 
  699       2.481381580039e-10       5.132691779652e-12      -1.305771391145e-11       0.000000000000e+00       2.140132662122e-14       4.261576438570e-15      -6.247870410338e-16 
  700       2.487845910859e-10       5.123369857241e-12      -1.326320014537e-11       0.000000000000e+00       2.128946158736e-14       4.279194414276e-15      -6.229555867550e-16 
  701       2.494538343019e-10       5.113202776578e-12      -1.346588311459e-11       0.000000000000e+00       2.117830561733e-14       4.296479954799e-15      -6.210730196014e-16 
  702       2.501454888027e-10       5.102199189909e-12      -1.366570688760e-11       0.000000000000e+00       2.106785629865e-14       4.313431891363e-15      -6.191394929328e-16 
  703       2.508591495817e-10       5.090367904754e-12      -1.386261515133e-11       0.000000000000e+00       2.095811109765e-14       4.330049068979e-15      -6.171551647740e-16 
  704       2.515944054507e-10       5.077717884522e-12      -1.405655121014e-11       0.000000000000e+00       2.084906735889e-14       4.346330346524e-15      -6.151201978342e-16 
  705       2.523508390165e-10       5.064258249127e-12      -1.424745798475e-11       0.000000000000e+00       2.074072230457e-14       4.362274596829e-15      -6.130347595268e-16 
  706       2.531280266570e-10       5.049998275599e-12      -1.443527801126e-11       0.000000000000e+00       2.063307303398e-14       4.377880706754e-15      -6.108990219886e-16 
  707       2.539255384973e-10       5.034947398706e-12      -1.461995344010e-11       0.000000000000e+00       2.052611652291e-14       4.393147577275e-15      -6.087131620993e-16 
  708       2.547429383859e-10       5.019115211565e-12      -1.480142603500e-11       0.000000000000e+00       2.041984962312e-14       4.408074123564e-15      -6.064773615009e-16 
  709       2.555797838709e-10       5.002511466259e-12      -1.497963717198e-11       0.000000000000e+00       2.031426906170e-14       4.422659275072e-15      -6.041918066172e-16 
  710       2.564356261762e-10       4.985146074453e-12      -1.515452783832e-11       0.000000000000e+00       2.020937144057e-14       4.436901975609e-15      -6.018566886734e-16 
  711       2.573100101777e-10       4.967029108005e-12      -1.532603863150e-11       0.000000000000e+00       2.010515323587e-14       4.450801183431e-15      -5.994722037153e-16 
  712       2.582024743793e-10       4.948170799589e-12      -1.549410975826e-11       0.000000000000e+00       2.000161079738e-14       4.464355871315e-15      -5.970385526288e-16 
  713       2.591125508894e-10       4.928581543304e-12      -1.565868103346e-11       0.000000000000e+00       1.989874034801e-14       4.477565026645e-15      -5.945559411595e-16 
  714       2.600397653967e-10       4.908271895291e-12      -1.581969187915e-11       0.000000000000e+00       1.979653798314e-14       4.490427651497e-15      -5.920245799320e-16 
  715       2.609836371468e-10       4.887252574350e-12      -1.597708132350e-11       0.000000000000e+00       1.969499967012e-14       4.502942762715e-15      -5.894446844695e-16 
  716       2.619436789180e-10       4.865534462554e-12      -1.613078799977e-11       0.000000000000e+00       1.959412124768e-14       4.515109391997e-15      -5.868164752131e-16 
  717       2.629193969978e-10       4.843128605867e-12      -1.628075014531e-11       0.000000000000e+00       1.949389842534e-14       4.526926585975e-15      -5.841401775411e-16 
  718       2.639102911587e-10       4.820046214752e-12      -1.642690560051e-11       0.000000000000e+00       1.939432678285e-14       4.538393406298e-15      -5.814160217891e-16 
  719       2.649158546348e-10       4.796298664798e-12      -1.656919180778e-11       0.000000000000e+00       1.929540176964e-14       4.549508929715e-15      -5.786442432686e-16 
  720       2.659355740978e-10       4.771897497323e-12      -1.670754581054e-11       0.000000000000e+00       1.919711870424e-14       4.560272248156e-15      -5.758250822872e-16 
  721       2.669689296331e-10       4.746854419999e-12      -1.684190425216e-11       0.000000000000e+00       1.909947277366e-14       4.570682468814e-15      -5.729587841673e-16 
  722       2.680153947160e-10       4.721181307463e-12      -1.697220337499e-11       0.000000000000e+00       1.900245903290e-14       4.580738714226e-15      -5.700455992664e-16 
  723       2.690744361880e-10       4.694890201933e-12      -1.709837901927e-11       0.000000000000e+00       1.890607240433e-14       4.590440122357e-15      -5.670857829957e-16 
  724       2.701455142329e-10       4.667993313823e-12      -1.722036662214e-11       0.000000000000e+00       1.881030767712e-14       4.599785846683e-15      -5.640795958404e-16 
  725       2.712280823531e-10       4.640503022360e-12      -1.733810121661e-11       0.000000000000e+00       1.871515950668e-14       4.608775056268e-15      -5.610273033783e-16 
  726       2.723215873455e-10       4.612431876196e-12      -1.745151743054e-11       0.000000000000e+00       1.862062241411e-14       4.617406935853e-15      -5.579291762999e-16 
  727       2.734254692780e-10       4.583792594030e-12      -1.756054948561e-11       0.000000000000e+00       1.852669078559e-14       4.625680685932e-15      -5.547854904276e-16 
  728       2.745391614655e-10       4.554598065214e-12      -1.766513119626e-11       0.000000000000e+00       1.843335887181e-14       4.633595522836e-15      -5.515965267351e-16 
  729       2.756620904460e-10       4.524861350378e-12      -1.776519596874e-11       0.000000000000e+00       1.834062078745e-14       4.641150678819e-15      -5.483625713668e-16 
  730       2.767936759570e-10       4.494595682038e-12      -1.786067679999e-11       0.000000000000e+00       1.824847051055e-14       4.648345402133e-15      -5.450839156576e-16 
  731       2.779333309118e-10       4.463814465214e-12      -1.795150627670e-11       0.000000000000e+00       1.815690188198e-14       4.655178957115e-15      -5.417608561521e-16 
  732       2.790804613750e-10       4.432531278049e-12      -1.803761657424e-11       0.000000000000e+00       1.806590860484e-14       4.661650624268e-15      -5.383936946238e-16 
  733       2.802344665396e-10       4.400759872418e-12      -1.811893945562e-11       0.000000000000e+00       1.797548424392e-14       4.667759700342e-15      -5.349827380950e-16 
  734       2.813947387024e-10       4.368514174548e-12      -1.819540627051e-11       0.000000000000e+00       1.788562222509e-14       4.673505498419e-15      -5.315282988562e-16 
  735       2.825606632408e-10       4.335808285630e-12      -1.826694795418e-11       0.000000000000e+00       1.779631583477e-14       4.678887347989e-15      -5.280306944852e-16 
  736       2.837316185883e-10       4.302656482438e-12      -1.833349502649e-11       0.000000000000e+00       1.770755821934e-14       4.683904595040e-15      -5.244902478668e-16 
  737       2.849069762115e-10       4.269073217943e-12      -1.839497759083e-11       0.000000000000e+00       1.761934238456e-14       4.688556602134e-15      -5.209072872122e-16 
  738       2.860861005855e-10       4.235073121927e-12      -1.845132533317e-11       0.000000000000e+00       1.753166119501e-14       4.692842748490e-15      -5.172821460787e-16 
  739       2.872683800259e-10       4.200670974482e-12      -1.850248070252e-11       0.000000000000e+00       1.744450831802e-14       4.696762858620e-15      -5.136152171151e-16 
  740       2.884533198980e-10       4.165881624687e-12      -1.854843874011e-11       0.000000000000e+00       1.735788107694e-14       4.700318497336e-15      -5.099071144246e-16 
  741       2.896404512001e-10       4.130720071545e-12      -1.858920803431e-11       0.000000000000e+00       1.727177765307e-14       4.703511700464e-15      -5.061585144451e-16 
  742       2.908292998574e-10       4.095201491560e-12      -1.862479761217e-11       0.000000000000e+00       1.718619614587e-14       4.706344548785e-15      -5.023701025446e-16 
  743       2.920193867055e-10       4.059341239354e-12      -1.865521694126e-11       0.000000000000e+00       1.710113457260e-14       4.708819168206e-15      -4.985425730520e-16 
  744       2.932102274729e-10       4.023154848269e-12      -1.868047593153e-11       0.000000000000e+00       1.701659086799e-14       4.710937729943e-15      -4.946766292886e-16 
  745       2.944013327642e-10       3.986658030980e-12      -1.870058493717e-11       0.000000000000e+00       1.693256288382e-14       4.712702450690e-15      -4.907729835992e-16 
  746       2.955922080430e-10       3.949866680102e-12      -1.871555475854e-11       0.000000000000e+00       1.684904838862e-14       4.714115592803e-15      -4.868323573836e-16 
  747       2.967823536148e-10       3.912796868805e-12      -1.872539664394e-11       0.000000000000e+00       1.676604506727e-14       4.715179464468e-15      -4.828554811275e-16 
  748       2.979712646100e-10       3.875464851416e-12      -1.873012229156e-11       0.000000000000e+00       1.668355052062e-14       4.715896419883e-15      -4.788430944339e-16 
  749       2.991584309670e-10       3.837887064033e-12      -1.872974385128e-11       0.000000000000e+00       1.660156226519e-14       4.716268859432e-15      -4.747959460544e-16 
  750       3.003433374147e-10       3.800080125135e-12      -1.872427392661e-11       0.000000000000e+00       1.652007773272e-14       4.716299229860e-15      -4.707147939204e-16 
  751       3.015254634560e-10       3.762060836189e-12      -1.871372557648e-11       0.000000000000e+00       1.643909426988e-14       4.715990024452e-15      -4.666004051742e-16 
  752       3.027042833503e-10       3.723846182259e-12      -1.869811231717e-11       0.000000000000e+00       1.635860913788e-14       4.715343783206e-15      -4.624535562003e-16 
  753       3.038792660970e-10       3.685453332619e-12      -1.867744812411e-11       0.000000000000e+00       1.627861951210e-14       4.714363093010e-15      -4.582750326570e-16 
  754       3.050498754176e-10       3.646899641360e-12      -1.865174743384e-11       0.000000000000e+00       1.619912248173e-14       4.713050587820e-15      -4.540656295071e-16 
  755       3.062155697396e-10       3.608202647997e-12      -1.862102514577e-11       0.000000000000e+00       1.612011504940e-14       4.711408948833e-15      -4.498261510493e-16 
  756       3.073758021788e-10       3.569380078085e-12      -1.858529662413e-11       0.000000000000e+00       1.604159413084e-14       4.709440904666e-15      -4.455574109498e-16 
  757       3.085300205224e-10       3.530449843822e-12      -1.854457769980e-11       0.000000000000e+00       1.596355655451e-14       4.707149231529e-15      -4.412602322729e-16 
  758       3.096776672122e-10       3.491430044663e-12      -1.849888467218e-11       0.000000000000e+00       1.588599906119e-14       4.704536753406e-15      -4.369354475129e-16 
  759       3.108181793272e-10       3.452338967925e-12      -1.844823431105e-11       0.000000000000e+00       1.580891830369e-14       4.701606342225e-15      -4.325838986248e-16 
  760       3.119509885669e-10       3.413195089401e-12      -1.839264385846e-11       0.000000000000e+00       1.573231084644e-14       4.698360918037e-15      -4.282064370560e-16 
  761       3.130755212338e-10       3.374017073967e-12      -1.833213103057e-11       0.000000000000e+00       1.565617316514e-14       4.694803449195e-15      -4.238039237772e-16 
  762       3.141911982168e-10       3.334823776192e-12      -1.826671401954e-11       0.000000000000e+00       1.558050164639e-14       4.690936952525e-15      -4.193772293136e-16 
  763       3.152974349740e-10       3.295634240946e-12      -1.819641149537e-11       0.000000000000e+00       1.550529258733e-14       4.686764493503e-15      -4.149272337766e-16 
  764       3.163936415156e-10       3.256467704011e-12      -1.812124260780e-11       0.000000000000e+00       1.543054219528e-14       4.682289186436e-15      -4.104548268945e-16 
  765       3.174792223868e-10       3.217343592692e-12      -1.804122698814e-11       0.000000000000e+00       1.535624658738e-14       4.677514194632e-15      -4.059609080440e-16 
  766       3.185535766508e-10       3.178281526422e-12      -1.795638475116e-11       0.000000000000e+00       1.528240179022e-14       4.672442730579e-15      -4.014463862815e-16 
  767       3.196160978719e-10       3.139301317377e-12      -1.786673649698e-11       0.000000000000e+00       1.520900373945e-14       4.667078056121e-15      -3.969121803743e-16 
  768       3.206661740983e-10       3.100422971080e-12      -1.777230331286e-11       0.000000000000e+00       1.513604827949e-14       4.661423482634e-15      -3.923592188317e-16 
  769       3.217031878450e-10       3.061666687014e-12      -1.767310677514e-11       0.000000000000e+00       1.506353116307e-14       4.655482371202e-15      -3.877884399362e-16 
  770       3.227265160769e-10       3.023052859229e-12      -1.756916895109e-11       0.000000000000e+00       1.499144805096e-14       4.649258132791e-15      -3.832007917751e-16 
  771       3.237355301917e-10       2.984602076956e-12      -1.746051240076e-11       0.000000000000e+00       1.491979451155e-14       4.642754228429e-15      -3.785972322714e-16 
  772       3.247295960029e-10       2.946335125210e-12      -1.734716017884e-11       0.000000000000e+00       1.484856602048e-14       4.635974169381e-15      -3.739787292152e-16 
  773       3.257080737225e-10       2.908272985404e-12      -1.722913583656e-11       0.000000000000e+00       1.477775796031e-14       4.628921517321e-15      -3.693462602949e-16 
  774       3.266703179443e-10       2.870436835957e-12      -1.710646342354e-11       0.000000000000e+00       1.470736562015e-14       4.621599884515e-15      -3.647008131284e-16 
  775       3.276156776267e-10       2.832848052905e-12      -1.697916748964e-11       0.000000000000e+00       1.463738419529e-14       4.614012933991e-15      -3.600433852943e-16 
  776       3.285434960754e-10       2.795528210506e-12      -1.684727308685e-11       0.000000000000e+00       1.456780878682e-14       4.606164379718e-15      -3.553749843634e-16 
  777       3.294531109270e-10       2.758499081855e-12      -1.671080577114e-11       0.000000000000e+00       1.449863440129e-14       4.598057986782e-15      -3.506966279295e-16 
  778       3.303439250332e-10       2.721780885726e-12      -1.656979822046e-11       0.000000000000e+00       1.442985659565e-14       4.589697219298e-15      -3.460092177975e-16 
  779       3.312156206079e-10       2.685386989816e-12      -1.642431022096e-11       0.000000000000e+00       1.436147342602e-14       4.581084176553e-15      -3.413131598953e-16 
  780       3.320679490626e-10       2.649329109382e-12      -1.627440905924e-11       0.000000000000e+00       1.429348353474e-14       4.572220637262e-15      -3.366087372959e-16 
  781       3.329006604649e-10       2.613619052262e-12      -1.612016294342e-11       0.000000000000e+00       1.422588550816e-14       4.563108410129e-15      -3.318962354212e-16 
  782       3.337135035361e-10       2.578268719145e-12      -1.596164100623e-11       0.000000000000e+00       1.415867787636e-14       4.553749333954e-15      -3.271759420491e-16 
  783       3.345062256476e-10       2.543290103826e-12      -1.579891330826e-11       0.000000000000e+00       1.409185911295e-14       4.544145277742e-15      -3.224481473190e-16 
  784       3.352785728183e-10       2.508695293473e-12      -1.563205084111e-11       0.000000000000e+00       1.402542763481e-14       4.534298140804e-15      -3.177131437385e-16 
  785       3.360302897114e-10       2.474496468885e-12      -1.546112553055e-11       0.000000000000e+00       1.395938180190e-14       4.524209852867e-15      -3.129712261898e-16 
  786       3.367611196312e-10       2.440705904761e-12      -1.528621023974e-11       0.000000000000e+00       1.389371991695e-14       4.513882374181e-15      -3.082226919359e-16 
  787       3.374708045207e-10       2.407335969953e-12      -1.510737877235e-11       0.000000000000e+00       1.382844022529e-14       4.503317695623e-15      -3.034678406267e-16 
  788       3.381590849579e-10       2.374399127736e-12      -1.492470587578e-11       0.000000000000e+00       1.376354091460e-14       4.492517838803e-15      -2.987069743060e-16 
  789       3.388257001533e-10       2.341907936067e-12      -1.473826724433e-11       0.000000000000e+00       1.369902011464e-14       4.481484856173e-15      -2.939403974169e-16 
  790       3.394703879465e-10       2.309875047847e-12      -1.454813952236e-11       0.000000000000e+00       1.363487589705e-14       4.470220831133e-15      -2.891684168089e-16 
  791       3.400928848034e-10       2.278313211183e-12      -1.435440030747e-11       0.000000000000e+00       1.357110627511e-14       4.458727878133e-15      -2.843913417439e-16 
  792       3.406929258134e-10       2.247235269652e-12      -1.415712815370e-11       0.000000000000e+00       1.350770920349e-14       4.447008142787e-15      -2.796094839024e-16 
  793       3.412702446858e-10       2.216654162562e-12      -1.395640257468e-11       0.000000000000e+00       1.344468257802e-14       4.435063801970e-15      -2.748231573902e-16 
  794       3.418245737475e-10       2.186582925214e-12      -1.375230404682e-11       0.000000000000e+00       1.338202423546e-14       4.422897063935e-15      -2.700326787443e-16 
  795       3.423556439393e-10       2.157034689163e-12      -1.354491401246e-11       0.000000000000e+00       1.331973195327e-14       4.410510168408e-15      -2.652383669394e-16 
  796       3.428631848135e-10       2.128022682484e-12      -1.333431488311e-11       0.000000000000e+00       1.325780344934e-14       4.397905386704e-15      -2.604405433945e-16 
  797       3.433469245305e-10       2.099560230031e-12      -1.312059004255e-11       0.000000000000e+00       1.319623638181e-14       4.385085021828e-15      -2.556395319786e-16 
  798       3.438065898560e-10       2.071660753699e-12      -1.290382385007e-11       0.000000000000e+00       1.313502834877e-14       4.372051408583e-15      -2.508356590177e-16 
  799       3.442419061576e-10       2.044337772690e-12      -1.268410164358e-11       0.000000000000e+00       1.307417688810e-14       4.358806913675e-15      -2.460292533007e-16 
  800       3.446525974026e-10       2.017604903768e-12      -1.246150974288e-11       0.000000000000e+00       1.301367947715e-14       4.345353935821e-15      -2.412206460857e-16 
  801       3.450383861539e-10       1.991475861530e-12      -1.223613545273e-11       0.000000000000e+00       1.295353353257e-14       4.331694905857e-15      -2.364101711067e-16 
  802       3.453989935681e-10       1.965964458662e-12      -1.200806706611e-11       0.000000000000e+00       1.289373641004e-14       4.317832286838e-15      -2.315981645794e-16 
  803       3.457341393915e-10       1.941084606202e-12      -1.177739386736e-11       0.000000000000e+00       1.283428540406e-14       4.303768574150e-15      -2.267849652081e-16 
  804       3.460435419580e-10       1.916850313805e-12      -1.154420613536e-11       0.000000000000e+00       1.277517774769e-14       4.289506295618e-15      -2.219709141914e-16 
  805       3.463269181852e-10       1.893275690004e-12      -1.130859514669e-11       0.000000000000e+00       1.271641061232e-14       4.275048011603e-15      -2.171563552292e-16 
  806       3.465839835723e-10       1.870374942469e-12      -1.107065317887e-11       0.000000000000e+00       1.265798110744e-14       4.260396315121e-15      -2.123416345284e-16 
  807       3.468144521961e-10       1.848162378274e-12      -1.083047351344e-11       0.000000000000e+00       1.259988628041e-14       4.245553831937e-15      -2.075271008096e-16 
  808       3.470180367089e-10       1.826652404155e-12      -1.058815043923e-11       0.000000000000e+00       1.254212311620e-14       4.230523220681e-15      -2.027131053133e-16 
  809       3.471944483351e-10       1.805859526778e-12      -1.034377925547e-11       0.000000000000e+00       1.248468853719e-14       4.215307172950e-15      -1.979000018063e-16 
  810       3.473433968679e-10       1.785798352993e-12      -1.009745627499e-11       0.000000000000e+00       1.242757940291e-14       4.199908413412e-15      -1.930881465877e-16 
  811       3.474645906668e-10       1.766483590104e-12      -9.849278827429e-12       0.000000000000e+00       1.237079250980e-14       4.184329699919e-15      -1.882778984959e-16 
  812       3.475577366544e-10       1.747930046126e-12      -9.599345262346e-12       0.000000000000e+00       1.231432459100e-14       4.168573823607e-15      -1.834696189142e-16 
  813       3.476225403133e-10       1.730152630049e-12      -9.347754952448e-12       0.000000000000e+00       1.225817231607e-14       4.152643609006e-15      -1.786636717775e-16 
  814       3.476587056832e-10       1.713166352102e-12      -9.094608296747e-12       0.000000000000e+00       1.220233229082e-14       4.136541914144e-15      -1.738604235786e-16 
  815       3.476659353576e-10       1.696986324011e-12      -8.840006723740e-12       0.000000000000e+00       1.214680105702e-14       4.120271630657e-15      -1.690602433745e-16 
  816       3.476439304815e-10       1.681627759266e-12      -8.584052694585e-12       0.000000000000e+00       1.209157509216e-14       4.103835683890e-15      -1.642635027926e-16 
  817       3.475924582586e-10       1.667103547456e-12      -8.326846112655e-12       0.000000000000e+00       1.203665125253e-14       4.087236656957e-15      -1.594706543465e-16 
  818       3.475115558038e-10       1.653416929260e-12      -8.068473475465e-12       0.000000000000e+00       1.198202811135e-14       4.070475655328e-15      -1.546824679037e-16 
  819       3.474013299266e-10       1.640568691135e-12      -7.809018535273e-12       0.000000000000e+00       1.192770464407e-14       4.053553422170e-15      -1.498997984545e-16 
  820       3.472618899584e-10       1.628559579214e-12      -7.548565877670e-12       0.000000000000e+00       1.187367978708e-14       4.036470712599e-15      -1.451235082052e-16 
  821       3.470933477625e-10       1.617390299129e-12      -7.287200924110e-12       0.000000000000e+00       1.181995243754e-14       4.019228293720e-15      -1.403544665989e-16 
  822       3.468958177426e-10       1.607061515840e-12      -7.025009934446e-12       0.000000000000e+00       1.176652145330e-14       4.001826944664e-15      -1.355935503355e-16 
  823       3.466694168520e-10       1.597573853461e-12      -6.762080009456e-12       0.000000000000e+00       1.171338565265e-14       3.984267456626e-15      -1.308416433926e-16 
  824       3.464142646028e-10       1.588927895084e-12      -6.498499093377e-12       0.000000000000e+00       1.166054381423e-14       3.966550632909e-15      -1.260996370456e-16 
  825       3.461304830752e-10       1.581124182612e-12      -6.234355976438e-12       0.000000000000e+00       1.160799467684e-14       3.948677288957e-15      -1.213684298878e-16 
  826       3.458181969263e-10       1.574163216578e-12      -5.969740297388e-12       0.000000000000e+00       1.155573693930e-14       3.930648252396e-15      -1.166489278514e-16 
  827       3.454775333992e-10       1.568045455977e-12      -5.704742546030e-12       0.000000000000e+00       1.150376926029e-14       3.912464363074e-15      -1.119420442273e-16 
  828       3.451086223324e-10       1.562771318090e-12      -5.439454065749e-12       0.000000000000e+00       1.145209025819e-14       3.894126473098e-15      -1.072486996859e-16 
  829       3.447115961689e-10       1.558341178313e-12      -5.173967056048e-12       0.000000000000e+00       1.140069851093e-14       3.875635446874e-15      -1.025698222974e-16 
  830       3.442865899648e-10       1.554755369979e-12      -4.908374575075e-12       0.000000000000e+00       1.134959255582e-14       3.856992161144e-15      -9.790634755183e-17 
  831       3.438337413990e-10       1.552014184190e-12      -4.642770542158e-12       0.000000000000e+00       1.129877088943e-14       3.838197505028e-15      -9.325921837997e-17 
  832       3.433531907822e-10       1.550117869641e-12      -4.377249740333e-12       0.000000000000e+00       1.124823196739e-14       3.819252380061e-15      -8.862938517336e-17 
  833       3.428450810658e-10       1.549066632446e-12      -4.111907818877e-12       0.000000000000e+00       1.119797420424e-14       3.800157700231e-15      -8.401780580483e-17 
  834       3.423095578510e-10       1.548860635965e-12      -3.846841295841e-12       0.000000000000e+00       1.114799597331e-14       3.780914392018e-15      -7.942544564884e-17 
  835       3.417467693982e-10       1.549500000633e-12      -3.582147560577e-12       0.000000000000e+00       1.109829560653e-14       3.761523394435e-15      -7.485327760191e-17 
  836       3.411568666360e-10       1.550984803782e-12      -3.317924876274e-12       0.000000000000e+00       1.104887139429e-14       3.741985659064e-15      -7.030228210294e-17 
  837       3.405400031699e-10       1.553315079472e-12      -3.054272382486e-12       0.000000000000e+00       1.099972158527e-14       3.722302150098e-15      -6.577344715365e-17 
  838       3.398963352923e-10       1.556490818316e-12      -2.791290097666e-12       0.000000000000e+00       1.095084438630e-14       3.702473844376e-15      -6.126776833893e-17 
  839       3.392260219907e-10       1.560511967304e-12      -2.529078921693e-12       0.000000000000e+00       1.090223796218e-14       3.682501731424e-15      -5.678624884724e-17 
  840       3.385292249573e-10       1.565378429636e-12      -2.267740638410e-12       0.000000000000e+00       1.085390043556e-14       3.662386813495e-15      -5.232989949099e-17 
  841       3.378061085981e-10       1.571090064541e-12      -2.007377918149e-12       0.000000000000e+00       1.080582988675e-14       3.642130105605e-15      -4.789973872693e-17 
  842       3.370568400417e-10       1.577646687109e-12      -1.748094320267e-12       0.000000000000e+00       1.075802435359e-14       3.621732635573e-15      -4.349679267651e-17 
  843       3.362815891489e-10       1.585048068116e-12      -1.489994295673e-12       0.000000000000e+00       1.071048183127e-14       3.601195444063e-15      -3.912209514631e-17 
  844       3.354805285214e-10       1.593293933849e-12      -1.233183189362e-12       0.000000000000e+00       1.066320027218e-14       3.580519584615e-15      -3.477668764836e-17 
  845       3.346538335111e-10       1.602383965936e-12      -9.777672429492e-13       0.000000000000e+00       1.061617758578e-14       3.559706123693e-15      -3.046161942059e-17 
  846       3.338016822291e-10       1.612317801169e-12      -7.238535971940e-13       0.000000000000e+00       1.056941163841e-14       3.538756140718e-15      -2.617794744718e-17 
  847       3.329242555550e-10       1.623095031333e-12      -4.715502945376e-13       0.000000000000e+00       1.052290025315e-14       3.517670728107e-15      -2.192673647893e-17 
  848       3.320217371459e-10       1.634715203032e-12      -2.209662816318e-13       0.000000000000e+00       1.047664120965e-14       3.496450991315e-15      -1.770905905368e-17 
  849       3.310943134454e-10       1.647177817515e-12       2.778858812926e-14       0.000000000000e+00       1.043063224400e-14       3.475098048872e-15      -1.352599551667e-17 
  850       3.301421736929e-10       1.660482330503e-12       2.746035520778e-13       0.000000000000e+00       1.038487104855e-14       3.453613032420e-15      -9.378634040931e-18 
  851       3.291655099326e-10       1.674628152016e-12       5.193669357409e-13       0.000000000000e+00       1.033935527177e-14       3.431997086755e-15      -5.268070647665e-18 
  852       3.281645170227e-10       1.689614646200e-12       7.619661503093e-13       0.000000000000e+00       1.029408251809e-14       3.410251369864e-15      -1.195409226637e-18 
  853       3.271393926445e-10       1.705441131152e-12       1.002287690106e-12       0.000000000000e+00       1.024905034772e-14       3.388377052966e-15       2.838238443448e-18 
  854       3.260903373112e-10       1.722106878747e-12       1.240217130055e-12       0.000000000000e+00       1.020425627653e-14       3.366375320546e-15       6.831752674556e-18 
  855       3.250175543777e-10       1.739611114466e-12       1.475639123150e-12       0.000000000000e+00       1.015969777588e-14       3.344247370398e-15       1.078400584895e-17 
  856       3.239212768141e-10       1.757951396418e-12       1.708448618473e-12       0.000000000000e+00       1.011537258271e-14       3.321995194701e-15       1.469415009755e-17 
  857       3.228018480108e-10       1.777118722467e-12       1.938584730040e-12       0.000000000000e+00       1.007127963598e-14       3.299623937760e-15       1.856248575341e-17 
  858       3.216596423697e-10       1.797102339323e-12       2.165997440478e-12       0.000000000000e+00       1.002741815587e-14       3.277139578548e-15       2.238960766693e-17 
  859       3.204950386775e-10       1.817891355355e-12       2.390636432116e-12       0.000000000000e+00       9.983787334910e-15       3.254548153475e-15       2.617611887577e-17 
  860       3.193084201189e-10       1.839474740144e-12       2.612451086290e-12       0.000000000000e+00       9.940386337863e-15       3.231855756555e-15       2.992263063157e-17 
  861       3.181001742904e-10       1.861841324051e-12       2.831390482649e-12       0.000000000000e+00       9.897214301604e-15       3.209068539575e-15       3.362976242658e-17 
  862       3.168706932137e-10       1.884979797772e-12       3.047403398458e-12       0.000000000000e+00       9.854270335025e-15       3.186192712261e-15       3.729814202039e-17 
  863       3.156203733492e-10       1.908878711908e-12       3.260438307902e-12       0.000000000000e+00       9.811553518931e-15       3.163234542442e-15       4.092840546654e-17 
  864       3.143496156094e-10       1.933526476517e-12       3.470443381389e-12       0.000000000000e+00       9.769062905933e-15       3.140200356219e-15       4.452119713929e-17 
  865       3.130588253726e-10       1.958911360682e-12       3.677366484855e-12       0.000000000000e+00       9.726797520342e-15       3.117096538132e-15       4.807716976019e-17 
  866       3.117484124959e-10       1.985021492072e-12       3.881155179070e-12       0.000000000000e+00       9.684756358064e-15       3.093929531323e-15       5.159698442486e-17 
  867       3.104187913295e-10       2.011844856499e-12       4.081756718939e-12       0.000000000000e+00       9.642938386495e-15       3.070705837708e-15       5.508131062958e-17 
  868       3.090703807295e-10       2.039369297485e-12       4.279118052808e-12       0.000000000000e+00       9.601342544415e-15       3.047432018140e-15       5.853082629803e-17 
  869       3.077036040716e-10       2.067582515819e-12       4.473185821767e-12       0.000000000000e+00       9.559967741884e-15       3.024114692574e-15       6.194621780793e-17 
  870       3.063188892646e-10       2.096472069121e-12       4.663906358956e-12       0.000000000000e+00       9.518812860134e-15       3.000760540240e-15       6.532818001774e-17 
  871       3.049166687640e-10       2.126025371405e-12       4.851225688866e-12       0.000000000000e+00       9.477876751468e-15       2.977376299801e-15       6.867741629333e-17 
  872       3.034973795853e-10       2.156229692635e-12       5.035089526647e-12       0.000000000000e+00       9.437158239149e-15       2.953968769527e-15       7.199463853465e-17 
  873       3.020614633178e-10       2.187072158292e-12       5.215443277407e-12       0.000000000000e+00       9.396656117299e-15       2.930544807458e-15       7.528056720241e-17 
  874       3.006093661375e-10       2.218539748932e-12       5.392232035522e-12       0.000000000000e+00       9.356369150794e-15       2.907111331570e-15       7.853593134476e-17 
  875       2.991415388213e-10       2.250619299751e-12       5.565400583935e-12       0.000000000000e+00       9.316296075154e-15       2.883675319945e-15       8.176146862399e-17 
  876       2.976584367600e-10       2.283297500142e-12       5.734893393465e-12       0.000000000000e+00       9.276435596443e-15       2.860243810934e-15       8.495792534314e-17 
  877       2.961605199721e-10       2.316560893260e-12       5.900654622104e-12       0.000000000000e+00       9.236786391160e-15       2.836823903325e-15       8.812605647277e-17 
  878       2.946482531169e-10       2.350395875581e-12       6.062628114331e-12       0.000000000000e+00       9.197347106135e-15       2.813422756508e-15       9.126662567756e-17 
  879       2.931221055083e-10       2.384788696466e-12       6.220757400406e-12       0.000000000000e+00       9.158116358424e-15       2.790047590647e-15       9.438040534303e-17 
  880       2.915825511285e-10       2.419725457721e-12       6.374985695681e-12       0.000000000000e+00       9.119092735203e-15       2.766705686839e-15       9.746817660220e-17 
  881       2.900300686408e-10       2.455192113157e-12       6.525255899901e-12       0.000000000000e+00       9.080274793663e-15       2.743404387286e-15       1.005307293623e-16 
  882       2.884651414038e-10       2.491174468157e-12       6.671510596509e-12       0.000000000000e+00       9.041661060905e-15       2.720151095460e-15       1.035688623313e-16 
  883       2.868882574845e-10       2.527658179229e-12       6.813692051950e-12       0.000000000000e+00       9.003250033834e-15       2.696953276268e-15       1.065833830449e-16 
  884       2.852999096717e-10       2.564628753575e-12       6.951742214976e-12       0.000000000000e+00       8.965040179053e-15       2.673818456221e-15       1.095751078928e-16 
  885       2.837005954901e-10       2.602071548649e-12       7.085602715947e-12       0.000000000000e+00       8.927029932759e-15       2.650754223601e-15       1.125448621458e-16 
  886       2.820908172130e-10       2.639971771718e-12       7.215214866139e-12       0.000000000000e+00       8.889217700638e-15       2.627768228624e-15       1.154934799822e-16 
  887       2.804710818762e-10       2.678314479425e-12       7.340519657048e-12       0.000000000000e+00       8.851601857757e-15       2.604868183608e-15       1.184218045144e-16 
  888       2.788419012916e-10       2.717084577351e-12       7.461457759688e-12       0.000000000000e+00       8.814180748463e-15       2.582061863144e-15       1.213306878159e-16 
  889       2.772037920605e-10       2.756266819575e-12       7.577969523903e-12       0.000000000000e+00       8.776952686272e-15       2.559357104256e-15       1.242209909477e-16 
  890       2.755572755871e-10       2.795845808235e-12       7.689994977667e-12       0.000000000000e+00       8.739915953771e-15       2.536761806571e-15       1.270935839852e-16 
  891       2.739028780919e-10       2.835805993092e-12       7.797473826389e-12       0.000000000000e+00       8.703068802503e-15       2.514283932486e-15       1.299493460446e-16 
  892       2.722411306255e-10       2.876131671087e-12       7.900345452216e-12       0.000000000000e+00       8.666409452872e-15       2.491931507332e-15       1.327891653098e-16 
  893       2.705725690819e-10       2.916806985909e-12       7.998548913339e-12       0.000000000000e+00       8.629936094029e-15       2.469712619544e-15       1.356139390590e-16 
  894       2.688977342118e-10       2.957815927550e-12       8.092022943295e-12       0.000000000000e+00       8.593646883774e-15       2.447635420825e-15       1.384245736915e-16 
  895       2.672171474930e-10       2.999142481587e-12       8.180717991502e-12       0.000000000000e+00       8.557540169547e-15       2.425706264940e-15       1.412216840225e-16 
  896       2.655312382817e-10       3.040771080567e-12       8.264632561510e-12       0.000000000000e+00       8.521615155589e-15       2.403924090480e-15       1.440046857397e-16 
  897       2.638404154997e-10       3.082686159111e-12       8.343777464140e-12       0.000000000000e+00       8.485871246457e-15       2.382285946799e-15       1.467726881951e-16 
  898       2.621450916794e-10       3.124872004455e-12       8.418163831084e-12       0.000000000000e+00       8.450307826838e-15       2.360788846967e-15       1.495247937770e-16 
  899       2.604456829742e-10       3.167312756030e-12       8.487803116014e-12       0.000000000000e+00       8.414924261472e-15       2.339429767660e-15       1.522600978915e-16 
  900       2.587426091683e-10       3.209992405050e-12       8.552707095686e-12       0.000000000000e+00       8.379719895086e-15       2.318205649045e-15       1.549776889440e-16 
  901       2.570362936864e-10       3.252894794089e-12       8.612887871046e-12       0.000000000000e+00       8.344694052317e-15       2.297113394673e-15       1.576766483211e-16 
  902       2.553271636036e-10       3.296003616673e-12       8.668357868338e-12       0.000000000000e+00       8.309846037643e-15       2.276149871364e-15       1.603560503720e-16 
  903       2.536156496554e-10       3.339302416858e-12       8.719129840208e-12       0.000000000000e+00       8.275175135306e-15       2.255311909096e-15       1.630149623906e-16 
  904       2.519021862476e-10       3.382774588815e-12       8.765216866809e-12       0.000000000000e+00       8.240680609245e-15       2.234596300890e-15       1.656524445968e-16 
  905       2.501872114661e-10       3.426403376417e-12       8.806632356910e-12       0.000000000000e+00       8.206361703021e-15       2.213999802704e-15       1.682675501182e-16 
  906       2.484711670866e-10       3.470171872819e-12       8.843390049001e-12       0.000000000000e+00       8.172217639746e-15       2.193519133315e-15       1.708593249722e-16 
  907       2.467544985848e-10       3.514063020044e-12       8.875504012396e-12       0.000000000000e+00       8.138247622009e-15       2.173150974212e-15       1.734268080470e-16 
  908       2.450376551462e-10       3.558059608566e-12       8.902988648344e-12       0.000000000000e+00       8.104450831805e-15       2.152891969479e-15       1.759690310839e-16 
  909       2.433210896756e-10       3.602144276895e-12       8.925858691129e-12       0.000000000000e+00       8.070826430463e-15       2.132738725689e-15       1.784850186586e-16 
  910       2.416052588077e-10       3.646299511160e-12       8.944129209182e-12       0.000000000000e+00       8.037373558572e-15       2.112687811786e-15       1.809737881629e-16 
  911       2.398906229164e-10       3.690507644691e-12       8.957815606184e-12       0.000000000000e+00       8.004091335912e-15       2.092735758977e-15       1.834343497866e-16 
  912       2.381776461247e-10       3.734750857608e-12       8.966933622170e-12       0.000000000000e+00       7.970978861377e-15       2.072879060620e-15       1.858657064989e-16 
  913       2.364667963149e-10       3.779011176400e-12       8.971499334639e-12       0.000000000000e+00       7.938035212907e-15       2.053114172109e-15       1.882668540305e-16 
  914       2.347585451383e-10       3.823270473510e-12       8.971529159658e-12       0.000000000000e+00       7.905259447416e-15       2.033437510766e-15       1.906367808546e-16 
  915       2.330533680249e-10       3.867510466922e-12       8.967039852967e-12       0.000000000000e+00       7.872650600714e-15       2.013845455725e-15       1.929744681691e-16 
  916       2.313517441938e-10       3.911712719739e-12       8.958048511086e-12       0.000000000000e+00       7.840207687442e-15       1.994334347823e-15       1.952788898784e-16 
  917       2.296541566623e-10       3.955858639773e-12       8.944572572423e-12       0.000000000000e+00       7.807929700994e-15       1.974900489488e-15       1.975490125744e-16 
  918       2.279610922566e-10       3.999929479125e-12       8.926629818375e-12       0.000000000000e+00       7.775815613449e-15       1.955540144626e-15       1.997837955189e-16 
  919       2.262730416211e-10       4.043906333770e-12       8.904238374440e-12       0.000000000000e+00       7.743864375495e-15       1.936249538507e-15       2.019821906248e-16 
  920       2.245904992285e-10       4.087770143142e-12       8.877416711316e-12       0.000000000000e+00       7.712074916362e-15       1.917024857658e-15       2.041431424379e-16 
  921       2.229139633896e-10       4.131501689714e-12       8.846183646014e-12       0.000000000000e+00       7.680446143742e-15       1.897862249747e-15       2.062655881189e-16 
  922       2.212439362634e-10       4.175081598589e-12       8.810558342959e-12       0.000000000000e+00       7.648976943724e-15       1.878757823473e-15       2.083484574245e-16 
  923       2.195809238666e-10       4.218490337075e-12       8.770560315100e-12       0.000000000000e+00       7.617666180717e-15       1.859707648453e-15       2.103906726894e-16 
  924       2.179254360838e-10       4.261708214277e-12       8.726209425010e-12       0.000000000000e+00       7.586512697383e-15       1.840707755110e-15       2.123911488080e-16 
  925       2.162779866771e-10       4.304715380675e-12       8.677525885999e-12       0.000000000000e+00       7.555515314556e-15       1.821754134563e-15       2.143487932162e-16 
  926       2.146390932965e-10       4.347491827711e-12       8.624530263215e-12       0.000000000000e+00       7.524672831180e-15       1.802842738512e-15       2.162625058726e-16 
  927       2.130092774890e-10       4.390017387373e-12       8.567243474752e-12       0.000000000000e+00       7.493984024229e-15       1.783969479127e-15       2.181311792406e-16 
  928       2.113890647092e-10       4.432271731775e-12       8.505686792754e-12       0.000000000000e+00       7.463447648638e-15       1.765130228940e-15       2.199536982699e-16 
  929       2.097789843286e-10       4.474234372748e-12       8.439881844525e-12       0.000000000000e+00       7.433062437232e-15       1.746320820726e-15       2.217289403783e-16 
  930       2.081795696461e-10       4.515884661416e-12       8.369850613631e-12       0.000000000000e+00       7.402827100648e-15       1.727537047396e-15       2.234557754332e-16 
  931       2.065913578971e-10       4.557201787786e-12       8.295615441008e-12       0.000000000000e+00       7.372740327271e-15       1.708774661885e-15       2.251330657336e-16 
  932       2.050148902643e-10       4.598164780327e-12       8.217199026067e-12       0.000000000000e+00       7.342800783156e-15       1.690029377037e-15       2.267596659911e-16 
  933       2.034507118865e-10       4.638752505560e-12       8.134624427800e-12       0.000000000000e+00       7.313007111957e-15       1.671296865495e-15       2.283344233125e-16 
  934       2.018993157072e-10       4.678945464650e-12       8.047921086473e-12       0.000000000000e+00       7.283358093128e-15       1.652573833299e-15       2.298564946490e-16 
  935       2.003609730335e-10       4.718731214827e-12       7.957142989627e-12       0.000000000000e+00       7.253853119386e-15       1.633861259288e-15       2.313263046211e-16 
  936       1.988359003476e-10       4.758099031902e-12       7.862350792285e-12       0.000000000000e+00       7.224491726572e-15       1.615161206121e-15       2.327446026328e-16 
  937       1.973243152304e-10       4.797038120768e-12       7.763605824043e-12       0.000000000000e+00       7.195273435998e-15       1.596475751195e-15       2.341121467858e-16 
  938       1.958264363643e-10       4.835537615231e-12       7.660970091004e-12       0.000000000000e+00       7.166197754403e-15       1.577806986680e-15       2.354297039048e-16 
  939       1.943424835351e-10       4.873586577839e-12       7.554506277708e-12       0.000000000000e+00       7.137264173900e-15       1.559157019552e-15       2.366980495630e-16 
  940       1.928726776339e-10       4.911173999714e-12       7.444277749069e-12       0.000000000000e+00       7.108472171922e-15       1.540527971635e-15       2.379179681071e-16 
  941       1.914172406600e-10       4.948288800385e-12       7.330348552305e-12       0.000000000000e+00       7.079821211177e-15       1.521921979631e-15       2.390902526831e-16 
  942       1.899763957221e-10       4.984919827613e-12       7.212783418875e-12       0.000000000000e+00       7.051310739595e-15       1.503341195156e-15       2.402157052610e-16 
  943       1.885503670414e-10       5.021055857228e-12       7.091647766407e-12       0.000000000000e+00       7.022940190276e-15       1.484787784781e-15       2.412951366604e-16 
  944       1.871393799530e-10       5.056685592957e-12       6.967007700636e-12       0.000000000000e+00       6.994708981443e-15       1.466263930058e-15       2.423293665760e-16 
  945       1.857436609086e-10       5.091797666255e-12       6.838930017338e-12       0.000000000000e+00       6.966616516388e-15       1.447771827566e-15       2.433192236024e-16 
  946       1.843634374783e-10       5.126380636133e-12       6.707482204256e-12       0.000000000000e+00       6.938662183424e-15       1.429313688940e-15       2.442655452598e-16 
  947       1.829989383529e-10       5.160422988995e-12       6.572732443042e-12       0.000000000000e+00       6.910845355834e-15       1.410891740906e-15       2.451691780192e-16 
  948       1.816503933462e-10       5.193913138465e-12       6.434749611184e-12       0.000000000000e+00       6.883165391817e-15       1.392508225323e-15       2.460309773276e-16 
  949       1.803180333968e-10       5.226839425217e-12       6.293603283944e-12       0.000000000000e+00       6.855621634444e-15       1.374165399211e-15       2.468518076336e-16 
  950       1.790020905708e-10       5.259190116808e-12       6.149363736287e-12       0.000000000000e+00       6.828213411602e-15       1.355865534792e-15       2.476325424121e-16 
  951       1.777027980633e-10       5.290953407506e-12       6.002101944816e-12       0.000000000000e+00       6.800940035947e-15       1.337610919523e-15       2.483740641902e-16 
  952       1.764203902011e-10       5.322117418126e-12       5.851889589706e-12       0.000000000000e+00       6.773800804850e-15       1.319403856132e-15       2.490772645724e-16 
  953       1.751551024447e-10       5.352670195855e-12       5.698799056638e-12       0.000000000000e+00       6.746795000350e-15       1.301246662654e-15       2.497430442655e-16 
  954       1.739071713903e-10       5.382599714086e-12       5.542903438729e-12       0.000000000000e+00       6.719921889100e-15       1.283141672467e-15       2.503723131043e-16 
  955       1.726768347722e-10       5.411893872247e-12       5.384276538467e-12       0.000000000000e+00       6.693180722321e-15       1.265091234325e-15       2.509659900767e-16 
  956       1.714643314646e-10       5.440540495635e-12       5.222992869647e-12       0.000000000000e+00       6.666570735748e-15       1.247097712398e-15       2.515250033493e-16 
  957       1.702699014844e-10       5.468527335243e-12       5.059127659298e-12       0.000000000000e+00       6.640091149579e-15       1.229163486303e-15       2.520502902921e-16 
  958       1.690937859927e-10       5.495842067594e-12       4.892756849624e-12       0.000000000000e+00       6.613741168427e-15       1.211290951144e-15       2.525427975046e-16 
  959       1.679362272973e-10       5.522472294569e-12       4.723957099930e-12       0.000000000000e+00       6.587519981269e-15       1.193482517543e-15       2.530034808402e-16 
  960       1.667974688547e-10       5.548405543239e-12       4.552805788559e-12       0.000000000000e+00       6.561426761393e-15       1.175740611679e-15       2.534333054324e-16 
  961       1.656777552725e-10       5.573629265697e-12       4.379381014827e-12       0.000000000000e+00       6.535460666350e-15       1.158067675323e-15       2.538332457194e-16 
  962       1.645773323114e-10       5.598130838888e-12       4.203761600951e-12       0.000000000000e+00       6.509620837905e-15       1.140466165872e-15       2.542042854698e-16 
  963       1.634964468872e-10       5.621897564439e-12       4.026027093987e-12       0.000000000000e+00       6.483906401982e-15       1.122938556385e-15       2.545474178076e-16 
  964       1.624353470733e-10       5.644916668489e-12       3.846257767762e-12       0.000000000000e+00       6.458316468615e-15       1.105487335621e-15       2.548636452378e-16 
  965       1.613942821026e-10       5.667175301523e-12       3.664534624804e-12       0.000000000000e+00       6.432850131901e-15       1.088115008072e-15       2.551539796716e-16 
  966       1.603735023698e-10       5.688660538202e-12       3.480939398281e-12       0.000000000000e+00       6.407506469945e-15       1.070824093999e-15       2.554194424516e-16 
  967       1.593732594336e-10       5.709359377189e-12       3.295554553931e-12       0.000000000000e+00       6.382284544812e-15       1.053617129469e-15       2.556610643771e-16 
  968       1.583938060186e-10       5.729258740987e-12       3.108463291993e-12       0.000000000000e+00       6.357183402475e-15       1.036496666389e-15       2.558798857296e-16 
  969       1.574353960177e-10       5.748345475766e-12       2.919749549146e-12       0.000000000000e+00       6.332202072765e-15       1.019465272541e-15       2.560769562979e-16 
  970       1.564982844943e-10       5.766606351193e-12       2.729498000436e-12       0.000000000000e+00       6.307339569322e-15       1.002525531620e-15       2.562533354033e-16 
  971       1.555827276841e-10       5.784028060264e-12       2.537794061215e-12       0.000000000000e+00       6.282594889543e-15       9.856800432675e-16       2.564100919255e-16 
  972       1.546889829978e-10       5.800597219136e-12       2.344723889071e-12       0.000000000000e+00       6.257967014530e-15       9.689314231095e-16       2.565483043269e-16 
  973       1.538172552534e-10       5.816302696730e-12       2.150371551102e-12       0.000000000000e+00       6.233455023010e-15       9.522818507428e-16       2.566688295706e-16 
  974       1.529675344859e-10       5.831142642186e-12       1.954810475270e-12       0.000000000000e+00       6.209058435049e-15       9.357317062023e-16       2.567716060198e-16 
  975       1.521397557074e-10       5.845117562558e-12       1.758111874565e-12       0.000000000000e+00       6.184776873396e-15       9.192809130986e-16       2.568563401245e-16 
  976       1.513338524514e-10       5.858228002730e-12       1.560347571607e-12       0.000000000000e+00       6.160609949948e-15       9.029293887872e-16       2.569227365773e-16 
  977       1.505497567679e-10       5.870474545538e-12       1.361590000217e-12       0.000000000000e+00       6.136557265711e-15       8.866770443467e-16       2.569704983092e-16 
  978       1.497873992190e-10       5.881857811897e-12       1.161912206994e-12       0.000000000000e+00       6.112618410765e-15       8.705237845571e-16       2.569993264856e-16 
  979       1.490467088740e-10       5.892378460931e-12       9.613878528857e-13       0.000000000000e+00       6.088792964233e-15       8.544695078784e-16       2.570089205027e-16 
  980       1.483276133051e-10       5.902037190093e-12       7.600912147674e-13       0.000000000000e+00       6.065080494236e-15       8.385141064286e-16       2.569989779832e-16 
  981       1.476300385823e-10       5.910834735295e-12       5.580971870123e-13       0.000000000000e+00       6.041480557863e-15       8.226574659621e-16       2.569691947724e-16 
  982       1.469539092691e-10       5.918771871030e-12       3.554812830680e-13       0.000000000000e+00       6.017992701136e-15       8.068994658484e-16       2.569192649344e-16 
  983       1.462991484177e-10       5.925849410503e-12       1.523196370303e-13       0.000000000000e+00       5.994616458968e-15       7.912399790499e-16       2.568488807478e-16 
  984       1.456656775644e-10       5.932068205751e-12      -5.131099478274e-14       0.000000000000e+00       5.971351355133e-15       7.756788721008e-16       2.567577327023e-16 
  985       1.450534167250e-10       5.937429147774e-12      -2.553332322559e-13       0.000000000000e+00       5.948196902225e-15       7.602160050848e-16       2.566455094940e-16 
  986       1.444622843901e-10       5.941933166657e-12      -4.596690699030e-13       0.000000000000e+00       5.925152601626e-15       7.448512316143e-16       2.565118980221e-16 
  987       1.438921975203e-10       5.945581231698e-12      -6.642398752923e-13       0.000000000000e+00       5.902217943467e-15       7.295843988079e-16       2.563565833845e-16 
  988       1.433430715418e-10       5.948374351532e-12      -8.689663874722e-13       0.000000000000e+00       5.879392406593e-15       7.144153472692e-16       2.561792488741e-16 
  989       1.428148203417e-10       5.950313574259e-12      -1.073768715397e-12       0.000000000000e+00       5.856675458528e-15       6.993439110651e-16       2.559795759747e-16 
  990       1.423073562633e-10       5.951399987568e-12      -1.278566336352e-12       0.000000000000e+00       5.834066555438e-15       6.843699177040e-16       2.557572443571e-16 
  991       1.418205901013e-10       5.951634718864e-12      -1.483278094382e-12       0.000000000000e+00       5.811565142092e-15       6.694931881145e-16       2.555119318749e-16 
  992       1.413544310976e-10       5.951018935393e-12      -1.687822198710e-12       0.000000000000e+00       5.789170651833e-15       6.547135366230e-16       2.552433145610e-16 
  993       1.409087869360e-10       5.949553844369e-12      -1.892116222173e-12       0.000000000000e+00       5.766882506533e-15       6.400307709331e-16       2.549510666232e-16 
  994       1.404835637383e-10       5.947240693097e-12      -2.096077099638e-12       0.000000000000e+00       5.744700116566e-15       6.254446921029e-16       2.546348604406e-16 
  995       1.400786660589e-10       5.944080769103e-12      -2.299621126434e-12       0.000000000000e+00       5.722622880763e-15       6.109550945241e-16       2.542943665593e-16 
  996       1.396939968808e-10       5.940075400255e-12      -2.502663956775e-12       0.000000000000e+00       5.700650186385e-15       5.965617659000e-16       2.539292536885e-16 
  997       1.393294576105e-10       5.935225954894e-12      -2.705120602187e-12       0.000000000000e+00       5.678781409079e-15       5.822644872239e-16       2.535391886968e-16 
  998       1.389849480737e-10       5.929533841955e-12      -2.906905429931e-12       0.000000000000e+00       5.657015912846e-15       5.680630327573e-16       2.531238366080e-16 
  999       1.386603665102e-10       5.923000511097e-12      -3.107932161432e-12       0.000000000000e+00       5.635353050004e-15       5.539571700087e-16       2.526828605972e-16 
 1000       1.383556095697e-10       5.915627452826e-12      -3.308113870703e-12       0.000000000000e+00       5.613792161154e-15       5.399466597115e-16       2.522159219866e-16 
 1001       1.380705723071e-10       5.907416198620e-12      -3.507362982771e-12       0.000000000000e+00       5.592332575138e-15       5.260312558024e-16       2.517226802422e-16 
 1002       1.378051481775e-10       5.898368321058e-12      -3.705591272103e-12       0.000000000000e+00       5.570973609011e-15       5.122107053999e-16       2.512027929691e-16 
 1003       1.375592290319e-10       5.888485433945e-12      -3.902709861029e-12       0.000000000000e+00       5.549714567998e-15       4.984847487827e-16       2.506559159077e-16 
 1004       1.373327051124e-10       5.877769192435e-12      -4.098629218173e-12       0.000000000000e+00       5.528554745462e-15       4.848531193676e-16       2.500817029303e-16 
 1005       1.371254650477e-10       5.866221293160e-12      -4.293259156875e-12       0.000000000000e+00       5.507493422866e-15       4.713155436886e-16       2.494798060364e-16 
 1006       1.369373958481e-10       5.853843474355e-12      -4.486508833614e-12       0.000000000000e+00       5.486529869739e-15       4.578717413745e-16       2.488498753491e-16 
 1007       1.367683829013e-10       5.840637515982e-12      -4.678286746442e-12       0.000000000000e+00       5.465663343637e-15       4.445214251277e-16       2.481915591110e-16 
 1008       1.366183099676e-10       5.826605239859e-12      -4.868500733400e-12       0.000000000000e+00       5.444893090108e-15       4.312643007022e-16       2.475045036805e-16 
 1009       1.364870591749e-10       5.811748509784e-12      -5.057057970951e-12       0.000000000000e+00       5.424218342657e-15       4.181000668825e-16       2.467883535275e-16 
 1010       1.363745110147e-10       5.796069231659e-12      -5.243864972403e-12       0.000000000000e+00       5.403638322711e-15       4.050284154612e-16       2.460427512297e-16 
 1011       1.362805443368e-10       5.779569353619e-12      -5.428827586334e-12       0.000000000000e+00       5.383152239578e-15       3.920490312181e-16       2.452673374683e-16 
 1012       1.362050130892e-10       5.762252341115e-12      -5.611860287805e-12       0.000000000000e+00       5.362759379885e-15       3.791620681289e-16       2.444619154399e-16 
 1013       1.361476761781e-10       5.744127625231e-12      -5.792914202078e-12       0.000000000000e+00       5.342459377364e-15       3.663695855665e-16       2.436269466968e-16 
 1014       1.361082665857e-10       5.725206218824e-12      -5.971949482271e-12       0.000000000000e+00       5.322251946885e-15       3.536741327872e-16       2.427630624558e-16 
 1015       1.360865145278e-10       5.705499247688e-12      -6.148926052765e-12       0.000000000000e+00       5.302136795318e-15       3.410782746140e-16       2.418708998468e-16 
 1016       1.360821474457e-10       5.685017950848e-12      -6.323803608716e-12       0.000000000000e+00       5.282113621505e-15       3.285845914700e-16       2.409511019281e-16 
 1017       1.360948899992e-10       5.663773680864e-12      -6.496541615565e-12       0.000000000000e+00       5.262182116235e-15       3.161956794127e-16       2.400043177018e-16 
 1018       1.361244640591e-10       5.641777904124e-12      -6.667099308557e-12       0.000000000000e+00       5.242341962217e-15       3.039141501684e-16       2.390312021289e-16 
 1019       1.361705887000e-10       5.619042201146e-12      -6.835435692249e-12       0.000000000000e+00       5.222592834056e-15       2.917426311658e-16       2.380324161448e-16 
 1020       1.362329801926e-10       5.595578266876e-12      -7.001509540030e-12       0.000000000000e+00       5.202934398229e-15       2.796837655707e-16       2.370086266744e-16 
 1021       1.363113519966e-10       5.571397910984e-12      -7.165279393626e-12       0.000000000000e+00       5.183366313055e-15       2.677402123194e-16       2.359605066474e-16 
 1022       1.364054147535e-10       5.546513058167e-12      -7.326703562620e-12       0.000000000000e+00       5.163888228674e-15       2.559146461532e-16       2.348887350137e-16 
 1023       1.365148762787e-10       5.520935748443e-12      -7.485740123965e-12       0.000000000000e+00       5.144499787017e-15       2.442097576524e-16       2.337939967588e-16 
 1024       1.366394415546e-10       5.494678137451e-12      -7.642346921493e-12       0.000000000000e+00       5.125200621784e-15       2.326282532707e-16       2.326769829184e-16 
 1025       1.367788127228e-10       5.467752496751e-12      -7.796481565434e-12       0.000000000000e+00       5.105990358418e-15       2.211728553685e-16       2.315383905947e-16 
 1026       1.369326890773e-10       5.440171214121e-12      -7.948101431923e-12       0.000000000000e+00       5.086868614075e-15       2.098463022478e-16       2.303789229709e-16 
 1027       1.371007670566e-10       5.411946793856e-12      -8.097163662521e-12       0.000000000000e+00       5.067834997605e-15       1.986513481859e-16       2.291992893267e-16 
 1028       1.372827402367e-10       5.383091857064e-12      -8.243625163723e-12       0.000000000000e+00       5.048889109522e-15       1.875907634696e-16       2.280002050538e-16 
 1029       1.374782993234e-10       5.353619141968e-12      -8.387442606473e-12       0.000000000000e+00       5.030030541979e-15       1.766673344293e-16       2.267823916708e-16 
 1030       1.376871321453e-10       5.323541504205e-12      -8.528572425677e-12       0.000000000000e+00       5.011258878745e-15       1.658838634728e-16       2.255465768389e-16 
 1031       1.379089236460e-10       5.292871917119e-12      -8.666970819718e-12       0.000000000000e+00       4.992573695175e-15       1.552431691198e-16       2.242934943767e-16 
 1032       1.381433558772e-10       5.261623472066e-12      -8.802593749969e-12       0.000000000000e+00       4.973974558187e-15       1.447480860360e-16       2.230238842760e-16 
 1033       1.383901079908e-10       5.229809378707e-12      -8.935396940304e-12       0.000000000000e+00       4.955461026239e-15       1.344014650667e-16       2.217384927168e-16 
 1034       1.386488562322e-10       5.197442965310e-12      -9.065335876613e-12       0.000000000000e+00       4.937032649296e-15       1.242061732714e-16       2.204380720825e-16 
 1035       1.389192739323e-10       5.164537679048e-12      -9.192365806319e-12       0.000000000000e+00       4.918688968813e-15       1.141650939575e-16       2.191233809752e-16 
 1036       1.392010315004e-10       5.131107086295e-12      -9.316441737884e-12       0.000000000000e+00       4.900429517702e-15       1.042811267149e-16       2.177951842313e-16 
 1037       1.394937964169e-10       5.097164872930e-12      -9.437518440330e-12       0.000000000000e+00       4.882253820313e-15       9.455718744958e-17       2.164542529366e-16 
 1038       1.397972332258e-10       5.062724844626e-12      -9.555550442747e-12       0.000000000000e+00       4.864161392402e-15       8.499620841782e-17       2.151013644412e-16 
 1039       1.401110035273e-10       5.027800927160e-12      -9.670492033808e-12       0.000000000000e+00       4.846151741111e-15       7.560113826047e-17       2.137373023754e-16 
 1040       1.404347659705e-10       4.992407166702e-12      -9.782297261286e-12       0.000000000000e+00       4.828224364938e-15       6.637494203689e-17       2.123628566647e-16 
 1041       1.407681762463e-10       4.956557730118e-12      -9.890919931561e-12       0.000000000000e+00       4.810378753713e-15       5.732060125910e-17       2.109788235448e-16 
 1042       1.411108870795e-10       4.920266905269e-12      -9.996313609139e-12       0.000000000000e+00       4.792614388576e-15       4.844111392580e-17       2.095860055776e-16 
 1043       1.414625482217e-10       4.883549101305e-12      -1.009843161616e-11       0.000000000000e+00       4.774930741944e-15       3.973949455656e-17       2.081852116658e-16 
 1044       1.418228064440e-10       4.846418848971e-12      -1.019722703192e-11       0.000000000000e+00       4.757327277492e-15       3.121877422580e-17       2.067772570683e-16 
 1045       1.421913055295e-10       4.808890800896e-12      -1.029265269238e-11       0.000000000000e+00       4.739803450123e-15       2.288200059698e-17       2.053629634158e-16 
 1046       1.425676862661e-10       4.770979731900e-12      -1.038466118967e-11       0.000000000000e+00       4.722358705946e-15       1.473223795663e-17       2.039431587259e-16 
 1047       1.429515864389e-10       4.732700539288e-12      -1.047320487161e-11       0.000000000000e+00       4.704992482247e-15       6.772567248458e-18       2.025186774183e-16 
 1048       1.433426408229e-10       4.694068243149e-12      -1.055823584124e-11       0.000000000000e+00       4.687704207466e-15      -9.939138925631e-19       2.010903603302e-16 
 1049       1.437404811759e-10       4.655097986654e-12      -1.063970595630e-11       0.000000000000e+00       4.670493301172e-15      -8.564091106101e-18       1.996590547315e-16 
 1050       1.441447362306e-10       4.615805036358e-12      -1.071756682878e-11       0.000000000000e+00       4.653359174031e-15      -1.593483327238e-17       1.982256143400e-16 
 1051       1.445550470377e-10       4.576204592310e-12      -1.079177973800e-11       0.000000000000e+00       4.636301288189e-15      -2.310397184425e-17       1.967907122879e-16 
 1052       1.449711132421e-10       4.536311214916e-12      -1.086234552184e-11       0.000000000000e+00       4.619319339352e-15      -3.007325382112e-17       1.953542771414e-16 
 1053       1.453926474349e-10       4.496139390705e-12      -1.092927510008e-11       0.000000000000e+00       4.602413077185e-15      -3.684542975573e-17       1.939160490715e-16 
 1054       1.458193598567e-10       4.455703722066e-12      -1.099257959905e-11       0.000000000000e+00       4.585582245116e-15      -4.342327818227e-17       1.924757661873e-16 
 1055       1.462509583912e-10       4.415018927526e-12      -1.105227035222e-11       0.000000000000e+00       4.568826580324e-15      -4.980960568854e-17       1.910331645308e-16 
 1056       1.466871485599e-10       4.374099842027e-12      -1.110835890078e-11       0.000000000000e+00       4.552145813716e-15      -5.600724698820e-17       1.895879780721e-16 
 1057       1.471276335162e-10       4.332961417209e-12      -1.116085699427e-11       0.000000000000e+00       4.535539669907e-15      -6.201906499293e-17       1.881399387043e-16 
 1058       1.475721140399e-10       4.291618721679e-12      -1.120977659112e-11       0.000000000000e+00       4.519007867206e-15      -6.784795088468e-17       1.866887762383e-16 
 1059       1.480202885313e-10       4.250086941296e-12      -1.125512985927e-11       0.000000000000e+00       4.502550117591e-15      -7.349682418782e-17       1.852342183981e-16 
 1060       1.484718530056e-10       4.208381379447e-12      -1.129692917673e-11       0.000000000000e+00       4.486166126693e-15      -7.896863284139e-17       1.837759908156e-16 
 1061       1.489265010873e-10       4.166517457322e-12      -1.133518713221e-11       0.000000000000e+00       4.469855593779e-15      -8.426635327128e-17       1.823138170255e-16 
 1062       1.493839240041e-10       4.124510714197e-12      -1.136991652569e-11       0.000000000000e+00       4.453618211727e-15      -8.939299046243e-17       1.808474184606e-16 
 1063       1.498438105817e-10       4.082376807705e-12      -1.140113036899e-11       0.000000000000e+00       4.437453667014e-15      -9.435157803107e-17       1.793765144462e-16 
 1064       1.503058472377e-10       4.040131514122e-12      -1.142884188639e-11       0.000000000000e+00       4.421361639691e-15      -9.914517829687e-17       1.779008221959e-16 
 1065       1.507697179763e-10       3.997790728636e-12      -1.145306451521e-11       0.000000000000e+00       4.405341803366e-15      -1.037768823552e-16       1.764200568057e-16 
 1066       1.512351043820e-10       3.955370465634e-12      -1.147381190638e-11       0.000000000000e+00       4.389393825188e-15      -1.082498101492e-16       1.749339312496e-16 
 1067       1.517016856146e-10       3.912886858972e-12      -1.149109792506e-11       0.000000000000e+00       4.373517365823e-15      -1.125671105423e-16       1.734421563745e-16 
 1068       1.521691384029e-10       3.870356162256e-12      -1.150493665121e-11       0.000000000000e+00       4.357712079439e-15      -1.167319613900e-16       1.719444408949e-16 
 1069       1.526371370393e-10       3.827794749121e-12      -1.151534238019e-11       0.000000000000e+00       4.341977613682e-15      -1.207475696123e-16       1.704404913881e-16 
 1070       1.531053533741e-10       3.785219113508e-12      -1.152232962333e-11       0.000000000000e+00       4.326313609664e-15      -1.246171712661e-16       1.689300122891e-16 
 1071       1.535734568097e-10       3.742645869940e-12      -1.152591310854e-11       0.000000000000e+00       4.310719701938e-15      -1.283440316170e-16       1.674127058855e-16 
 1072       1.540411142949e-10       3.700091753802e-12      -1.152610778090e-11       0.000000000000e+00       4.295195518481e-15      -1.319314452116e-16       1.658882723130e-16 
 1073       1.545079903192e-10       3.657573621617e-12      -1.152292880324e-11       0.000000000000e+00       4.279740680676e-15      -1.353827359502e-16       1.643564095494e-16 
 1074       1.549737469073e-10       3.615108451327e-12      -1.151639155671e-11       0.000000000000e+00       4.264354803290e-15      -1.387012571581e-16       1.628168134105e-16 
 1075       1.554380436130e-10       3.572713342567e-12      -1.150651164142e-11       0.000000000000e+00       4.249037494459e-15      -1.418903916587e-16       1.612691775448e-16 
 1076       1.559005375138e-10       3.530405516945e-12      -1.149330487698e-11       0.000000000000e+00       4.233788355665e-15      -1.449535518450e-16       1.597131934282e-16 
 1077       1.563608832052e-10       3.488202318319e-12      -1.147678730312e-11       0.000000000000e+00       4.218606981721e-15      -1.478941797525e-16       1.581485503592e-16 
 1078       1.568187327947e-10       3.446121213077e-12      -1.145697518027e-11       0.000000000000e+00       4.203492960747e-15      -1.507157471306e-16       1.565749354540e-16 
 1079       1.572737358964e-10       3.404179790410e-12      -1.143388499014e-11       0.000000000000e+00       4.188445874155e-15      -1.534217555155e-16       1.549920336413e-16 
 1080       1.577255396253e-10       3.362395762595e-12      -1.140753343632e-11       0.000000000000e+00       4.173465296629e-15      -1.560157363020e-16       1.533995276573e-16 
 1081       1.581737885914e-10       3.320786965270e-12      -1.137793744486e-11       0.000000000000e+00       4.158550796105e-15      -1.585012508158e-16       1.517970980408e-16 
 1082       1.586181248940e-10       3.279371357712e-12      -1.134511416490e-11       0.000000000000e+00       4.143701933752e-15      -1.608818903860e-16       1.501844231279e-16 
 1083       1.590581881163e-10       3.238167023117e-12      -1.130908096917e-11       0.000000000000e+00       4.128918263955e-15      -1.631612764166e-16       1.485611790474e-16 
 1084       1.594936153192e-10       3.197192168873e-12      -1.126985545468e-11       0.000000000000e+00       4.114199334293e-15      -1.653430604595e-16       1.469270397155e-16 
 1085       1.599240410362e-10       3.156465126844e-12      -1.122745544326e-11       0.000000000000e+00       4.099544685520e-15      -1.674309242861e-16       1.452816768307e-16 
 1086       1.603490972671e-10       3.116004353644e-12      -1.118189898213e-11       0.000000000000e+00       4.084953851551e-15      -1.694285799600e-16       1.436247598690e-16 
 1087       1.607684134727e-10       3.075828430913e-12      -1.113320434453e-11       0.000000000000e+00       4.070426359437e-15      -1.713397699088e-16       1.419559560789e-16 
 1088       1.611816165689e-10       3.035956065602e-12      -1.108139003029e-11       0.000000000000e+00       4.055961729346e-15      -1.731682669963e-16       1.402749304762e-16 
 1089       1.615883309212e-10       2.996406090241e-12      -1.102647476642e-11       0.000000000000e+00       4.041559474551e-15      -1.749178745952e-16       1.385813458390e-16 
 1090       1.619882179750e-10       2.957195821286e-12      -1.096848248085e-11       0.000000000000e+00       4.027219154245e-15      -1.765919437086e-16       1.368749820768e-16 
 1091       1.623810957406e-10       2.918336109470e-12      -1.090745729538e-11       0.000000000000e+00       4.012940532832e-15      -1.781919171036e-16       1.351560960994e-16 
 1092       1.627668208989e-10       2.879836223648e-12      -1.084344873489e-11       0.000000000000e+00       3.998723422739e-15      -1.797187658052e-16       1.334250667623e-16 
 1093       1.631452493084e-10       2.841705486833e-12      -1.077650677347e-11       0.000000000000e+00       3.984567631749e-15      -1.811734702999e-16       1.316822759368e-16 
 1094       1.635162360036e-10       2.803953276309e-12      -1.070668183559e-11       0.000000000000e+00       3.970472962991e-15      -1.825570205595e-16       1.299281085174e-16 
 1095       1.638796351932e-10       2.766589023742e-12      -1.063402479711e-11       0.000000000000e+00       3.956439214925e-15      -1.838704160642e-16       1.281629524283e-16 
 1096       1.642353002587e-10       2.729622215291e-12      -1.055858698643e-11       0.000000000000e+00       3.942466181328e-15      -1.851146658262e-16       1.263871986310e-16 
 1097       1.645830837522e-10       2.693062391723e-12      -1.048042018552e-11       0.000000000000e+00       3.928553651279e-15      -1.862907884135e-16       1.246012411312e-16 
 1098       1.649228373952e-10       2.656919148523e-12      -1.039957663110e-11       0.000000000000e+00       3.914701409150e-15      -1.873998119726e-16       1.228054769854e-16 
 1099       1.652544120766e-10       2.621202136007e-12      -1.031610901565e-11       0.000000000000e+00       3.900909234586e-15      -1.884427742529e-16       1.210003063084e-16 
 1100       1.655776578509e-10       2.585921059432e-12      -1.023007048852e-11       0.000000000000e+00       3.887176902497e-15      -1.894207226294e-16       1.191861322803e-16 
 1101       1.658924239370e-10       2.551085679113e-12      -1.014151465707e-11       0.000000000000e+00       3.873504183038e-15      -1.903347141265e-16       1.173633611531e-16 
 1102       1.661985587158e-10       2.516705810530e-12      -1.005049558769e-11       0.000000000000e+00       3.859890841603e-15      -1.911858154417e-16       1.155324022582e-16 
 1103       1.664959097291e-10       2.482791324444e-12      -9.957067806931e-12       0.000000000000e+00       3.846336638805e-15      -1.919751029684e-16       1.136936680133e-16 
 1104       1.667843236776e-10       2.449352147004e-12      -9.861286302609e-12       0.000000000000e+00       3.832841330464e-15      -1.927036628203e-16       1.118475739292e-16 
 1105       1.670636464190e-10       2.416398259867e-12      -9.763206524860e-12       0.000000000000e+00       3.819404667595e-15      -1.933725908538e-16       1.099945386172e-16 
 1106       1.673337229670e-10       2.383939700302e-12      -9.662884387255e-12       0.000000000000e+00       3.806026396392e-15      -1.939829926925e-16       1.081349837957e-16 
 1107       1.675943974886e-10       2.351986561308e-12      -9.560376267881e-12       0.000000000000e+00       3.792706258217e-15      -1.945359837500e-16       1.062693342976e-16 
 1108       1.678455133034e-10       2.320548991723e-12      -9.455739010441e-12       0.000000000000e+00       3.779443989581e-15      -1.950326892534e-16       1.043980180771e-16 
 1109       1.680869128812e-10       2.289637196337e-12      -9.349029925337e-12       0.000000000000e+00       3.766239322139e-15      -1.954742442673e-16       1.025214662170e-16 
 1110       1.683184378405e-10       2.259261436004e-12      -9.240306790767e-12       0.000000000000e+00       3.753091982666e-15      -1.958617937165e-16       1.006401129352e-16 
 1111       1.685399289468e-10       2.229432027755e-12      -9.129627853811e-12       0.000000000000e+00       3.740001693052e-15      -1.961964924102e-16       9.875439559230e-17 
 1112       1.687512261110e-10       2.200159344910e-12      -9.017051831527e-12       0.000000000000e+00       3.726968170282e-15      -1.964795050650e-16       9.686475469832e-17 
 1113       1.689521683877e-10       2.171453817187e-12      -8.902637912041e-12       0.000000000000e+00       3.713991126428e-15      -1.967120063286e-16       9.497163391979e-17 
 1114       1.691425939731e-10       2.143325930820e-12      -8.786445755635e-12       0.000000000000e+00       3.701070268630e-15      -1.968951808030e-16       9.307548008676e-17 
 1115       1.693223402039e-10       2.115786228665e-12      -8.668535495844e-12       0.000000000000e+00       3.688205299086e-15      -1.970302230682e-16       9.117674319987e-17 
 1116       1.694912435552e-10       2.088845310317e-12      -8.548967740542e-12       0.000000000000e+00       3.675395915034e-15      -1.971183377059e-16       8.927587643732e-17 
 1117       1.696491396387e-10       2.062513832220e-12      -8.427803573035e-12       0.000000000000e+00       3.662641808744e-15      -1.971607393224e-16       8.737333616195e-17 
 1118       1.697958632015e-10       2.036802507778e-12      -8.305104553154e-12       0.000000000000e+00       3.649942667500e-15      -1.971586525724e-16       8.546958192824e-17 
 1119       1.699312481239e-10       2.011722107469e-12      -8.180932718343e-12       0.000000000000e+00       3.637298173589e-15      -1.971133121824e-16       8.356507648932e-17 
 1120       1.700551274179e-10       1.987283458957e-12      -8.055350584752e-12       0.000000000000e+00       3.624708004284e-15      -1.970259629744e-16       8.166028580404e-17 
 1121       1.701673332254e-10       1.963497447203e-12      -7.928421148331e-12       0.000000000000e+00       3.612171831833e-15      -1.968978598891e-16       7.975567904395e-17 
 1122       1.702676968167e-10       1.940375014578e-12      -7.800207885916e-12       0.000000000000e+00       3.599689323446e-15      -1.967302680091e-16       7.785172860037e-17 
 1123       1.703560485886e-10       1.917927160975e-12      -7.670774756321e-12       0.000000000000e+00       3.587260141276e-15      -1.965244625833e-16       7.594891009138e-17 
 1124       1.704322180628e-10       1.896164943922e-12      -7.540186201435e-12       0.000000000000e+00       3.574883942413e-15      -1.962817290493e-16       7.404770236887e-17 
 1125       1.704960338841e-10       1.875099478691e-12      -7.408507147306e-12       0.000000000000e+00       3.562560378865e-15      -1.960033630575e-16       7.214858752555e-17 
 1126       1.705473238187e-10       1.854741938414e-12      -7.275803005236e-12       0.000000000000e+00       3.550289097543e-15      -1.956906704945e-16       7.025205090198e-17 
 1127       1.705859147527e-10       1.835103554193e-12      -7.142139672873e-12       0.000000000000e+00       3.538069740255e-15      -1.953449675064e-16       6.835858109362e-17 
 1128       1.706116326902e-10       1.816195615213e-12      -7.007583535298e-12       0.000000000000e+00       3.525901943682e-15      -1.949675805223e-16       6.646866995782e-17 
 1129       1.706243415047e-10       1.798027414482e-12      -6.872199327871e-12       0.000000000000e+00       3.513785374486e-15      -1.945594672215e-16       6.458277607444e-17 
 1130       1.706240597462e-10       1.780600056718e-12      -6.736043692260e-12       0.000000000000e+00       3.501719835131e-15      -1.941200740148e-16       6.270121459566e-17 
 1131       1.706108453426e-10       1.763912570533e-12      -6.599171539169e-12       0.000000000000e+00       3.489705159399e-15      -1.936484638211e-16       6.082426598436e-17 
 1132       1.705847569861e-10       1.747963955459e-12      -6.461638179911e-12       0.000000000000e+00       3.477741177395e-15      -1.931436937706e-16       5.895221243481e-17 
 1133       1.705458541343e-10       1.732753181866e-12      -6.323499327300e-12       0.000000000000e+00       3.465827715534e-15      -1.926048151925e-16       5.708533787631e-17 
 1134       1.704941970131e-10       1.718279190877e-12      -6.184811096541e-12       0.000000000000e+00       3.453964596531e-15      -1.920308736030e-16       5.522392797673e-17 
 1135       1.704298466177e-10       1.704540894292e-12      -6.045630006119e-12       0.000000000000e+00       3.442151639389e-15      -1.914209086929e-16       5.336827014613e-17 
 1136       1.703528647153e-10       1.691537174504e-12      -5.906012978691e-12       0.000000000000e+00       3.430388659392e-15      -1.907739543153e-16       5.151865354033e-17 
 1137       1.702633138467e-10       1.679266884418e-12      -5.766017341973e-12       0.000000000000e+00       3.418675468091e-15      -1.900890384740e-16       4.967536906450e-17 
 1138       1.701612573282e-10       1.667728847369e-12      -5.625700829633e-12       0.000000000000e+00       3.407011873297e-15      -1.893651833107e-16       4.783870937677e-17 
 1139       1.700467592537e-10       1.656921857046e-12      -5.485121582180e-12       0.000000000000e+00       3.395397679067e-15      -1.886014050929e-16       4.600896889178e-17 
 1140       1.699198844964e-10       1.646844677405e-12      -5.344338147854e-12       0.000000000000e+00       3.383832685696e-15      -1.877967142023e-16       4.418644378432e-17 
 1141       1.697806987112e-10       1.637496042588e-12      -5.203409483517e-12       0.000000000000e+00       3.372316689708e-15      -1.869501151218e-16       4.237143199287e-17 
 1142       1.696292683361e-10       1.628874656848e-12      -5.062394955541e-12       0.000000000000e+00       3.360849483840e-15      -1.860606064237e-16       4.056423322321e-17 
 1143       1.694656605944e-10       1.620979194462e-12      -4.921354340701e-12       0.000000000000e+00       3.349430857038e-15      -1.851271807578e-16       3.876514895203e-17 
 1144       1.692899434967e-10       1.613808299651e-12      -4.780347827062e-12       0.000000000000e+00       3.338060594443e-15      -1.841488248387e-16       3.697448243047e-17 
 1145       1.691021858429e-10       1.607360586501e-12      -4.639436014871e-12       0.000000000000e+00       3.326738477380e-15      -1.831245194338e-16       3.519253868777e-17 
 1146       1.689024572237e-10       1.601634638880e-12      -4.498679917449e-12       0.000000000000e+00       3.315464283351e-15      -1.820532393512e-16       3.341962453478e-17 
 1147       1.686908280231e-10       1.596629010357e-12      -4.358140962076e-12       0.000000000000e+00       3.304237786020e-15      -1.809339534276e-16       3.165604856765e-17 
 1148       1.684673694199e-10       1.592342224122e-12      -4.217880990886e-12       0.000000000000e+00       3.293058755207e-15      -1.797656245159e-16       2.990212117131e-17 
 1149       1.682321533901e-10       1.588772772904e-12      -4.077962261753e-12       0.000000000000e+00       3.281926956876e-15      -1.785472094730e-16       2.815815452314e-17 
 1150       1.679852527082e-10       1.585919118891e-12      -3.938447449187e-12       0.000000000000e+00       3.270842153122e-15      -1.772776591478e-16       2.642446259654e-17 
 1151       1.677267409498e-10       1.583779693646e-12      -3.799399645215e-12       0.000000000000e+00       3.259804102165e-15      -1.759559183689e-16       2.470136116449e-17 
 1152       1.674566924932e-10       1.582352898031e-12      -3.660882360282e-12       0.000000000000e+00       3.248812558336e-15      -1.745809259326e-16       2.298916780317e-17 
 1153       1.671751825213e-10       1.581637102121e-12      -3.522959524131e-12       0.000000000000e+00       3.237867272069e-15      -1.731516145902e-16       2.128820189553e-17 
 1154       1.668822870237e-10       1.581630645123e-12      -3.385695486701e-12       0.000000000000e+00       3.226967989888e-15      -1.716669110366e-16       1.959878463489e-17 
 1155       1.665780827987e-10       1.582331835301e-12      -3.249155019011e-12       0.000000000000e+00       3.216114454400e-15      -1.701257358974e-16       1.792123902854e-17 
 1156       1.662626474547e-10       1.583738949887e-12      -3.113403314054e-12       0.000000000000e+00       3.205306404282e-15      -1.685270037171e-16       1.625588990129e-17 
 1157       1.659360594131e-10       1.585850235004e-12      -2.978505987688e-12       0.000000000000e+00       3.194543574270e-15      -1.668696229468e-16       1.460306389909e-17 
 1158       1.655983979094e-10       1.588663905586e-12      -2.844529079521e-12       0.000000000000e+00       3.183825695152e-15      -1.651524959321e-16       1.296308949264e-17 
 1159       1.652497429953e-10       1.592178145293e-12      -2.711539053805e-12       0.000000000000e+00       3.173152493754e-15      -1.633745189007e-16       1.133629698091e-17 
 1160       1.648901755412e-10       1.596391106435e-12      -2.579602800326e-12       0.000000000000e+00       3.162523692932e-15      -1.615345819505e-16       9.723018494802e-18 
 1161       1.645197772372e-10       1.601300909885e-12      -2.448787635294e-12       0.000000000000e+00       3.151939011559e-15      -1.596315690374e-16       8.123588000686e-18 
 1162       1.641386305961e-10       1.606905645003e-12      -2.319161302230e-12       0.000000000000e+00       3.141398164518e-15      -1.576643579626e-16       6.538341304023e-18 
 1163       1.637468189543e-10       1.613203369552e-12      -2.190791972861e-12       0.000000000000e+00       3.130900862689e-15      -1.556318203613e-16       4.967616052936e-18 
 1164       1.633444264747e-10       1.620192109619e-12      -2.063748248006e-12       0.000000000000e+00       3.120446812940e-15      -1.535328216895e-16       3.411751741805e-18 
 1165       1.629315381478e-10       1.627869859529e-12      -1.938099158470e-12       0.000000000000e+00       3.110035718114e-15      -1.513662212129e-16       1.871089714855e-18 
 1166       1.625082397942e-10       1.636234581772e-12      -1.813914165929e-12       0.000000000000e+00       3.099667277024e-15      -1.491308719937e-16       3.459731697431e-19 
 1167       1.620746180664e-10       1.645284206916e-12      -1.691263163826e-12       0.000000000000e+00       3.089341184435e-15      -1.468256208792e-16      -1.163252838849e-18 
 1168       1.616307775849e-10       1.655015367231e-12      -1.570209307630e-12       0.000000000000e+00       3.079057161744e-15      -1.444495134903e-16      -2.656329153355e-18 
 1169       1.611768925780e-10       1.665419580382e-12      -1.450787405617e-12       0.000000000000e+00       3.068815049440e-15      -1.420024120222e-16      -4.133346985062e-18 
 1170       1.607131558920e-10       1.676487017825e-12      -1.333025259464e-12       0.000000000000e+00       3.058614715778e-15      -1.394843851502e-16      -5.594486744609e-18 
 1171       1.602397619191e-10       1.688207766571e-12      -1.216950810605e-12       0.000000000000e+00       3.048456026191e-15      -1.368955037358e-16      -7.039930588535e-18 
 1172       1.597569066010e-10       1.700571829003e-12      -1.102592140492e-12       0.000000000000e+00       3.038338843283e-15      -1.342358408321e-16      -8.469862423402e-18 
 1173       1.592647874319e-10       1.713569122675e-12      -9.899774708583e-13       0.000000000000e+00       3.028263026824e-15      -1.315054716899e-16      -9.884467909924e-18 
 1174       1.587636034625e-10       1.727189480127e-12      -8.791351639727e-13       0.000000000000e+00       3.018228433739e-15      -1.287044737634e-16      -1.128393446709e-17 
 1175       1.582535553030e-10       1.741422648687e-12      -7.700937229044e-13       0.000000000000e+00       3.008234918100e-15      -1.258329267162e-16      -1.266845127628e-17 
 1176       1.577348451267e-10       1.756258290281e-12      -6.628817917805e-13       0.000000000000e+00       2.998282331122e-15      -1.228909124270e-16      -1.403820928539e-17 
 1177       1.572076766736e-10       1.771685981242e-12      -5.575281560462e-13       0.000000000000e+00       2.988370521151e-15      -1.198785149955e-16      -1.539340121298e-17 
 1178       1.566722552536e-10       1.787695212113e-12      -4.540617427253e-13       0.000000000000e+00       2.978499333659e-15      -1.167958207481e-16      -1.673422155237e-17 
 1179       1.561287877502e-10       1.804275387461e-12      -3.525116206792e-13       0.000000000000e+00       2.968668611235e-15      -1.136429182439e-16      -1.806086657576e-17 
 1180       1.555774826236e-10       1.821415825678e-12      -2.529070008675e-13       0.000000000000e+00       2.958878193578e-15      -1.104198982804e-16      -1.937353433837e-17 
 1181       1.550185499146e-10       1.839105758794e-12      -1.552772366077e-13       0.000000000000e+00       2.949127917488e-15      -1.071268538995e-16      -2.067242468258e-17 
 1182       1.544522012474e-10       1.857334332282e-12      -5.965182383501e-14       0.000000000000e+00       2.939417616861e-15      -1.037638803931e-16      -2.195773924201e-17 
 1183       1.538786498339e-10       1.876090604865e-12       3.393959863756e-14       0.000000000000e+00       2.929747122679e-15      -1.003310753092e-16      -2.322968144568e-17 
 1184       1.532981104765e-10       1.895363548327e-12       1.254672488595e-13       0.000000000000e+00       2.920116263002e-15      -9.682853845729e-17      -2.448845652211e-17 
 1185       1.527107995717e-10       1.915142047315e-12       2.149012014828e-13       0.000000000000e+00       2.910524862961e-15      -9.325637191485e-17      -2.573427150348e-17 
 1186       1.521169351135e-10       1.935414899151e-12       3.022113875021e-13       0.000000000000e+00       2.900972744752e-15      -8.961468003261e-17      -2.696733522970e-17 
 1187       1.515167366972e-10       1.956170813641e-12       3.873675939946e-13       0.000000000000e+00       2.891459727625e-15      -8.590356944062e-17      -2.818785835257e-17 
 1188       1.509104255223e-10       1.977398412877e-12       4.703394638605e-13       0.000000000000e+00       2.881985627878e-15      -8.212314905406e-17      -2.939605333992e-17 
 1189       1.502982243965e-10       1.999086231048e-12       5.510964955627e-13       0.000000000000e+00       2.872550258850e-15      -7.827353007903e-17      -3.059213447968e-17 
 1190       1.496803577386e-10       2.021222714248e-12       6.296080428673e-13       0.000000000000e+00       2.863153430913e-15      -7.435482601843e-17      -3.177631788406e-17 
 1191       1.490570515823e-10       2.043796220284e-12       7.058433145833e-13       0.000000000000e+00       2.853794951463e-15      -7.036715267779e-17      -3.294882149362e-17 
 1192       1.484285335798e-10       2.066795018481e-12       7.797713743031e-13       0.000000000000e+00       2.844474624911e-15      -6.631062817104e-17      -3.410986508145e-17 
 1193       1.477950330047e-10       2.090207289490e-12       8.513611401422e-13       0.000000000000e+00       2.835192252681e-15      -6.218537292644e-17      -3.525967025726e-17 
 1194       1.471567807558e-10       2.114021125100e-12       9.205813844797e-13       0.000000000000e+00       2.825947633197e-15      -5.799150969231e-17      -3.639846047149e-17 
 1195       1.465140093607e-10       2.138224528039e-12       9.874007336979e-13       0.000000000000e+00       2.816740561876e-15      -5.372916354295e-17      -3.752646101949e-17 
 1196       1.458669529789e-10       2.162805411787e-12       1.051787667923e-12       0.000000000000e+00       2.807570831123e-15      -4.939846188441e-17      -3.864389904556e-17 
 1197       1.452158474054e-10       2.187751600380e-12       1.113710520765e-12       0.000000000000e+00       2.798438230319e-15      -4.499953446036e-17      -3.975100354717e-17 
 1198       1.445609300742e-10       2.213050828222e-12       1.173137479056e-12       0.000000000000e+00       2.789342545818e-15      -4.053251335790e-17      -4.084800537900e-17 
 1199       1.439024400617e-10       2.238690739886e-12       1.230036582596e-12       0.000000000000e+00       2.780283560935e-15      -3.599753301340e-17      -4.193513725712e-17 
 1200       1.432406180901e-10       2.264658889927e-12       1.284375723884e-12       0.000000000000e+00       2.771261055943e-15      -3.139473021834e-17      -4.301263376308e-17 
 1201       1.425757065308e-10       2.290942742689e-12       1.336122647867e-12       0.000000000000e+00       2.762274808060e-15      -2.672424412513e-17      -4.408073134806e-17 
 1202       1.419079494081e-10       2.317529672111e-12       1.385244951673e-12       0.000000000000e+00       2.753324591445e-15      -2.198621625294e-17      -4.513966833697e-17 
 1203       1.412375924024e-10       2.344406961534e-12       1.431710084358e-12       0.000000000000e+00       2.744410177188e-15      -1.718079049355e-17      -4.618968493259e-17 
 1204       1.405648828536e-10       2.371561803510e-12       1.475485346639e-12       0.000000000000e+00       2.735531333305e-15      -1.230811311716e-17      -4.723102321969e-17 
 1205       1.398900697650e-10       2.398981299611e-12       1.516537890639e-12       0.000000000000e+00       2.726687824727e-15      -7.368332778250e-18      -4.826392716913e-17 
 1206       1.392134038061e-10       2.426652460234e-12       1.554834719626e-12       0.000000000000e+00       2.717879413296e-15      -2.361600521377e-18      -4.928864264205e-17 
 1207       1.385351271748e-10       2.454562373652e-12       1.590350279959e-12       0.000000000000e+00       2.709105880757e-15       2.711257878342e-18      -5.030536299615e-17 
 1208       1.378554430411e-10       2.482698715795e-12       1.623089338097e-12       0.000000000000e+00       2.700367098068e-15       7.846715993059e-18      -5.131406517555e-17 
 1209       1.371745457401e-10       2.511049246260e-12       1.653064380120e-12       0.000000000000e+00       2.691662956914e-15       1.304054811852e-17      -5.231467164414e-17 
 1210       1.364926308826e-10       2.539601639451e-12       1.680288045015e-12       0.000000000000e+00       2.682993346779e-15       1.828849932214e-17      -5.330710460304e-17 
 1211       1.358098953580e-10       2.568343484399e-12       1.704773125040e-12       0.000000000000e+00       2.674358154933e-15       2.358628538190e-17      -5.429128599015e-17 
 1212       1.351265373367e-10       2.597262284587e-12       1.726532566088e-12       0.000000000000e+00       2.665757266432e-15       2.892959272510e-17      -5.526713747984e-17 
 1213       1.344427562727e-10       2.626345457765e-12       1.745579468058e-12       0.000000000000e+00       2.657190564110e-15       3.431407836725e-17      -5.623458048261e-17 
 1214       1.337587529062e-10       2.655580335778e-12       1.761927085212e-12       0.000000000000e+00       2.648657928572e-15       3.973536985089e-17      -5.719353614471e-17 
 1215       1.330747292666e-10       2.684954164385e-12       1.775588826545e-12       0.000000000000e+00       2.640159238190e-15       4.518906518441e-17      -5.814392534780e-17 
 1216       1.323908886743e-10       2.714454103081e-12       1.786578256148e-12       0.000000000000e+00       2.631694369097e-15       5.067073278091e-17      -5.908566870859e-17 
 1217       1.317074357443e-10       2.744067224916e-12       1.794909093574e-12       0.000000000000e+00       2.623263195181e-15       5.617591139701e-17      -6.001868657849e-17 
 1218       1.310245763879e-10       2.773780516321e-12       1.800595214202e-12       0.000000000000e+00       2.614865588076e-15       6.170011007168e-17      -6.094289904327e-17 
 1219       1.303425178161e-10       2.803580876927e-12       1.803650649603e-12       0.000000000000e+00       2.606501417163e-15       6.723880806510e-17      -6.185822592267e-17 
 1220       1.296614685416e-10       2.833455119384e-12       1.804089587903e-12       0.000000000000e+00       2.598170549557e-15       7.278745479747e-17      -6.276458677011e-17 
 1221       1.289816383816e-10       2.863389969189e-12       1.801926374150e-12       0.000000000000e+00       2.589872850107e-15       7.834146978788e-17      -6.366190087225e-17 
 1222       1.283032384608e-10       2.893372064501e-12       1.797175510678e-12       0.000000000000e+00       2.581608181386e-15       8.389624259308e-17      -6.455008724872e-17 
 1223       1.276264812132e-10       2.923387955968e-12       1.789851657474e-12       0.000000000000e+00       2.573376403687e-15       8.944713274636e-17      -6.542906465173e-17 
 1224       1.269515803856e-10       2.953424106544e-12       1.779969632538e-12       0.000000000000e+00       2.565177375018e-15       9.498946969640e-17      -6.629875156569e-17 
 1225       1.262787510396e-10       2.983466891312e-12       1.767544412253e-12       0.000000000000e+00       2.557010951092e-15       1.005185527461e-16      -6.715906620692e-17 
 1226       1.256082095545e-10       3.013502597307e-12       1.752591131746e-12       0.000000000000e+00       2.548876985328e-15       1.060296509912e-16      -6.800992652323e-17 
 1227       1.249401736297e-10       3.043517423337e-12       1.735125085259e-12       0.000000000000e+00       2.540775328839e-15       1.115180032596e-16      -6.885125019364e-17 
 1228       1.242748622876e-10       3.073497479803e-12       1.715161726506e-12       0.000000000000e+00       2.532705830429e-15       1.169788180498e-16      -6.968295462795e-17 
 1229       1.236124958759e-10       3.103428788522e-12       1.692716669042e-12       0.000000000000e+00       2.524668336588e-15       1.224072734696e-16      -7.050495696642e-17 
 1230       1.229532960704e-10       3.133297282548e-12       1.667805686631e-12       0.000000000000e+00       2.516662691484e-15       1.277985171755e-16      -7.131717407946e-17 
 1231       1.222974858777e-10       3.163088805994e-12       1.640444713604e-12       0.000000000000e+00       2.508688736958e-15       1.331476663111e-16      -7.211952256720e-17 
 1232       1.216452896375e-10       3.192789113853e-12       1.610649845229e-12       0.000000000000e+00       2.500746312517e-15       1.384498074459e-16      -7.291191875918e-17 
 1233       1.209969330255e-10       3.222383871819e-12       1.578437338077e-12       0.000000000000e+00       2.492835255333e-15       1.436999965143e-16      -7.369427871400e-17 
 1234       1.203526430559e-10       3.251858656111e-12       1.543823610380e-12       0.000000000000e+00       2.484955400231e-15       1.488932587546e-16      -7.446651821895e-17 
 1235       1.197126480840e-10       3.281198953290e-12       1.506825242405e-12       0.000000000000e+00       2.477106579685e-15       1.540245886475e-16      -7.522855278966e-17 
 1236       1.190771778088e-10       3.310390160087e-12       1.467458976810e-12       0.000000000000e+00       2.469288623816e-15       1.590889498550e-16      -7.598029766976e-17 
 1237       1.184464632758e-10       3.339417583218e-12       1.425741719018e-12       0.000000000000e+00       2.461501360380e-15       1.640812751595e-16      -7.672166783052e-17 
 1238       1.178207368791e-10       3.368266439209e-12       1.381690537575e-12       0.000000000000e+00       2.453744614767e-15       1.689964664021e-16      -7.745257797047e-17 
 1239       1.172002323649e-10       3.396921854218e-12       1.335322664516e-12       0.000000000000e+00       2.446018209993e-15       1.738293944221e-16      -7.817294251511e-17 
 1240       1.165851848331e-10       3.425368863854e-12       1.286655495733e-12       0.000000000000e+00       2.438321966696e-15       1.785748989955e-16      -7.888267561647e-17 
 1241       1.159758307406e-10       3.453592413002e-12       1.235706591339e-12       0.000000000000e+00       2.430655703127e-15       1.832277887735e-16      -7.958169115286e-17 
 1242       1.153724079037e-10       3.481577355640e-12       1.182493676031e-12       0.000000000000e+00       2.423019235146e-15       1.877828412221e-16      -8.026990272841e-17 
 1243       1.147751555008e-10       3.509308454665e-12       1.127034639454e-12       0.000000000000e+00       2.415412376217e-15       1.922348025602e-16      -8.094722367280e-17 
 1244       1.141843140747e-10       3.536770381712e-12       1.069347536573e-12       0.000000000000e+00       2.407834937402e-15       1.965783876990e-16      -8.161356704087e-17 
 1245       1.136001255356e-10       3.563947716976e-12       1.009450588028e-12       0.000000000000e+00       2.400286727352e-15       2.008082801802e-16      -8.226884561227e-17 
 1246       1.130228059872e-10       3.590826328097e-12       9.473658504835e-13       0.000000000000e+00       2.392767570169e-15       2.049208088913e-16      -8.291297698345e-17 
 1247       1.124524638512e-10       3.617397524878e-12       8.831302740487e-13       0.000000000000e+00       2.385277359207e-15       2.089189998631e-16      -8.354589890977e-17 
 1248       1.118891807876e-10       3.643653952956e-12       8.167847753092e-13       0.000000000000e+00       2.377816003889e-15       2.128075836196e-16      -8.416755414270e-17 
 1249       1.113330387841e-10       3.669588219088e-12       7.483705797669e-13       0.000000000000e+00       2.370383411896e-15       2.165913238474e-16      -8.477788535381e-17 
 1250       1.107841201567e-10       3.695192891084e-12       6.779292224884e-13       0.000000000000e+00       2.362979489163e-15       2.202750174637e-16      -8.537683513485e-17 
 1251       1.102425075504e-10       3.720460497727e-12       6.055025487530e-13       0.000000000000e+00       2.355604139872e-15       2.238634946850e-16      -8.596434599779e-17 
 1252       1.097082839393e-10       3.745383528710e-12       5.311327147015e-13       0.000000000000e+00       2.348257266453e-15       2.273616190949e-16      -8.654036037482e-17 
 1253       1.091815326277e-10       3.769954434556e-12       4.548621879841e-13       0.000000000000e+00       2.340938769576e-15       2.307742877129e-16      -8.710482061843e-17 
 1254       1.086623372502e-10       3.794165626553e-12       3.767337484093e-13       0.000000000000e+00       2.333648548144e-15       2.341064310626e-16      -8.765766900142e-17 
 1255       1.081507817722e-10       3.818009476675e-12       2.967904885918e-13       0.000000000000e+00       2.326386499295e-15       2.373630132400e-16      -8.819884771696e-17 
 1256       1.076469504905e-10       3.841478317518e-12       2.150758146014e-13       0.000000000000e+00       2.319152518392e-15       2.405490319817e-16      -8.872829887864e-17 
 1257       1.071509280340e-10       3.864564442219e-12       1.316334466108e-13       0.000000000000e+00       2.311946499022e-15       2.436695187337e-16      -8.924596452048e-17 
 1258       1.066627993639e-10       3.887260104393e-12       4.650741954443e-14       0.000000000000e+00       2.304768332989e-15       2.467295387190e-16      -8.975178659699e-17 
 1259       1.061826497744e-10       3.909557518054e-12      -4.025791627319e-14       0.000000000000e+00       2.297617910311e-15       2.497341910067e-16      -9.024570698320e-17 
 1260       1.057105648934e-10       3.931448857549e-12      -1.286178944693e-13       0.000000000000e+00       2.290495119215e-15       2.526886085798e-16      -9.072766747471e-17 
 1261       1.052466306823e-10       3.952926257479e-12      -2.185275319744e-13       0.000000000000e+00       2.283399846135e-15       2.555979584037e-16      -9.119760978773e-17 
 1262       1.047909334374e-10       3.973981812634e-12      -3.099415283737e-13       0.000000000000e+00       2.276331975702e-15       2.584674414947e-16      -9.165547555911e-17 
 1263       1.043435597898e-10       3.994607577917e-12      -4.028142652592e-13       0.000000000000e+00       2.269291390746e-15       2.613022929880e-16      -9.210120634638e-17 
 1264       1.039045967063e-10       4.014795568273e-12      -4.970998055805e-13       0.000000000000e+00       2.262277972286e-15       2.641077822064e-16      -9.253474362782e-17 
 1265       1.034741314897e-10       4.034537758619e-12      -5.927518929974e-13       0.000000000000e+00       2.255291599529e-15       2.668892127283e-16      -9.295602880244e-17 
 1266       1.030522517791e-10       4.053826083766e-12      -6.897239512307e-13       0.000000000000e+00       2.248332149866e-15       2.696519224563e-16      -9.336500319009e-17 
 1267       1.026390455510e-10       4.072652438356e-12      -7.879690834142e-13       0.000000000000e+00       2.241399498863e-15       2.724012836853e-16      -9.376160803145e-17 
 1268       1.022346011193e-10       4.091008676782e-12      -8.874400714462e-13       0.000000000000e+00       2.234493520263e-15       2.751427031711e-16      -9.414578448808e-17 
 1269       1.018390071360e-10       4.108886613121e-12      -9.880893753414e-13       0.000000000000e+00       2.227614085976e-15       2.778816221985e-16      -9.451747364249e-17 
 1270       1.014523525918e-10       4.126278021059e-12      -1.089869132582e-12       0.000000000000e+00       2.220761066078e-15       2.806235166497e-16      -9.487661649814e-17 
 1271       1.010747268164e-10       4.143174633822e-12      -1.192731157470e-12       0.000000000000e+00       2.213934328804e-15       2.833738970728e-16      -9.522315397950e-17 
 1272       1.007062194792e-10       4.159568144101e-12      -1.296626940477e-12       0.000000000000e+00       2.207133740546e-15       2.861383087498e-16      -9.555702693207e-17 
 1273       1.003469205896e-10       4.175450203982e-12      -1.401507647599e-12       0.000000000000e+00       2.200359165848e-15       2.889223317654e-16      -9.587817612248e-17 
 1274       9.999692049793e-11       4.190812424875e-12      -1.507324119706e-12       0.000000000000e+00       2.193610467399e-15       2.917315810747e-16      -9.618654223844e-17 
 1275       9.965630989544e-11       4.205646377438e-12      -1.614026871892e-12       0.000000000000e+00       2.186887506032e-15       2.945717065721e-16      -9.648206588887e-17 
 1276       9.932517981518e-11       4.219943591509e-12      -1.721566092831e-12       0.000000000000e+00       2.180190140719e-15       2.974483931596e-16      -9.676468760385e-17 
 1277       9.900362163237e-11       4.233695556033e-12      -1.829891644124e-12       0.000000000000e+00       2.173518228563e-15       3.003673608147e-16      -9.703434783476e-17 
 1278       9.869172706491e-11       4.246893718990e-12      -1.938953059654e-12       0.000000000000e+00       2.166871624799e-15       3.033343646590e-16      -9.729098695424e-17 
 1279       9.838958817398e-11       4.259529487320e-12      -2.048699544936e-12       0.000000000000e+00       2.160250182783e-15       3.063551950267e-16      -9.753454525624e-17 
 1280       9.809729736443e-11       4.271594226858e-12      -2.159079976468e-12       0.000000000000e+00       2.153653753997e-15       3.094356775328e-16      -9.776496295612e-17 
 1281       9.781494738540e-11       4.283079262255e-12      -2.270042901084e-12       0.000000000000e+00       2.147082188032e-15       3.125816731411e-16      -9.798218019062e-17 
 1282       9.754263133078e-11       4.293975876909e-12      -2.381536535307e-12       0.000000000000e+00       2.140535332597e-15       3.157990782331e-16      -9.818613701793e-17 
 1283       9.728044263973e-11       4.304275312894e-12      -2.493508764695e-12       0.000000000000e+00       2.134013033503e-15       3.190938246761e-16      -9.837677341774e-17 
 1284       9.702847509720e-11       4.313968770887e-12      -2.605907143200e-12       0.000000000000e+00       2.127515134665e-15       3.224718798913e-16      -9.855402929126e-17 
 1285       9.678679663866e-11       4.323049102633e-12      -2.718680674172e-12       0.000000000000e+00       2.121041492338e-15       3.259373359836e-16      -9.871786211331e-17 
 1286       9.655537043714e-11       4.331515909563e-12      -2.831785176871e-12       0.000000000000e+00       2.114592018004e-15       3.294866531991e-16      -9.886830010819e-17 
 1287       9.633413291940e-11       4.339370502045e-12      -2.945177979726e-12       0.000000000000e+00       2.108166635962e-15       3.331143511089e-16      -9.900538967893e-17 
 1288       9.612301987885e-11       4.346614212156e-12      -3.058816143695e-12       0.000000000000e+00       2.101765269131e-15       3.368149135356e-16      -9.912917781136e-17 
 1289       9.592196647417e-11       4.353248393733e-12      -3.172656461746e-12       0.000000000000e+00       2.095387839043e-15       3.405827884834e-16      -9.923971207555e-17 
 1290       9.573090722791e-11       4.359274422428e-12      -3.286655458343e-12       0.000000000000e+00       2.089034265842e-15       3.444123880674e-16      -9.933704062702e-17 
 1291       9.554977602512e-11       4.364693695755e-12      -3.400769388920e-12       0.000000000000e+00       2.082704468279e-15       3.482980884431e-16      -9.942121220817e-17 
 1292       9.537850611195e-11       4.369507633142e-12      -3.514954239364e-12       0.000000000000e+00       2.076398363710e-15       3.522342297362e-16      -9.949227614949e-17 
 1293       9.521703009425e-11       4.373717675982e-12      -3.629165725501e-12       0.000000000000e+00       2.070115868093e-15       3.562151159720e-16      -9.955028237098e-17 
 1294       9.506527993621e-11       4.377325287686e-12      -3.743359292571e-12       0.000000000000e+00       2.063856895982e-15       3.602350150048e-16      -9.959528138341e-17 
 1295       9.492318695893e-11       4.380331953731e-12      -3.857490114710e-12       0.000000000000e+00       2.057621360526e-15       3.642881584480e-16      -9.962732428968e-17 
 1296       9.479068183907e-11       4.382739181710e-12      -3.971513094433e-12       0.000000000000e+00       2.051409173463e-15       3.683687416031e-16      -9.964646278610e-17 
 1297       9.466769460744e-11       4.384548501388e-12      -4.085382862116e-12       0.000000000000e+00       2.045220245121e-15       3.724709233896e-16      -9.965274916377e-17 
 1298       9.455415464762e-11       4.385761464749e-12      -4.199053775472e-12       0.000000000000e+00       2.039054484411e-15       3.765888262746e-16      -9.964623630984e-17 
 1299       9.444999069456e-11       4.386379646047e-12      -4.312479919037e-12       0.000000000000e+00       2.032911798824e-15       3.807165362019e-16      -9.962697770887e-17 
 1300       9.435513083319e-11       4.386404641859e-12      -4.425615103647e-12       0.000000000000e+00       2.026792094427e-15       3.848481025223e-16      -9.959502744415e-17 
 1301       9.426950249705e-11       4.385838071135e-12      -4.538412865925e-12       0.000000000000e+00       2.020695275863e-15       3.889775379225e-16      -9.955044019901e-17 
 1302       9.419303246689e-11       4.384681575247e-12      -4.650826467754e-12       0.000000000000e+00       2.014621246345e-15       3.930988183551e-16      -9.949327125814e-17 
 1303       9.412564686927e-11       4.382936818043e-12      -4.762808895763e-12       0.000000000000e+00       2.008569907650e-15       3.972058829680e-16      -9.942357650892e-17 
 1304       9.406727117518e-11       4.380605485898e-12      -4.874312860809e-12       0.000000000000e+00       2.002541160122e-15       4.012926340338e-16      -9.934141244276e-17 
 1305       9.401783019867e-11       4.377689287760e-12      -4.985290797454e-12       0.000000000000e+00       1.996534902663e-15       4.053529368800e-16      -9.924683615637e-17 
 1306       9.397724809541e-11       4.374189955208e-12      -5.095694863448e-12       0.000000000000e+00       1.990551032732e-15       4.093806198175e-16      -9.913990535314e-17 
 1307       9.394544836136e-11       4.370109242497e-12      -5.205476939211e-12       0.000000000000e+00       1.984589446341e-15       4.133694740714e-16      -9.902067834443e-17 
 1308       9.392235383135e-11       4.365448926614e-12      -5.314588627313e-12       0.000000000000e+00       1.978650038052e-15       4.173132537095e-16      -9.888921405090e-17 
 1309       9.390788667768e-11       4.360210807325e-12      -5.422981251955e-12       0.000000000000e+00       1.972732700974e-15       4.212056755726e-16      -9.874557200381e-17 
 1310       9.390196840876e-11       4.354396707227e-12      -5.530605858448e-12       0.000000000000e+00       1.966837326759e-15       4.250404192036e-16      -9.858981234640e-17 
 1311       9.390451986769e-11       4.348008471799e-12      -5.637413212698e-12       0.000000000000e+00       1.960963805595e-15       4.288111267775e-16      -9.842199583514e-17 
 1312       9.391546123092e-11       4.341047969455e-12      -5.743353800685e-12       0.000000000000e+00       1.955112026212e-15       4.325114030304e-16      -9.824218384110e-17 
 1313       9.393471200678e-11       4.333517091592e-12      -5.848377827942e-12       0.000000000000e+00       1.949281875867e-15       4.361348151898e-16      -9.805043835127e-17 
 1314       9.396219103419e-11       4.325417752642e-12      -5.952435219041e-12       0.000000000000e+00       1.943473240351e-15       4.396748929034e-16      -9.784682196984e-17 
 1315       9.399781648118e-11       4.316751890125e-12      -6.055475617069e-12       0.000000000000e+00       1.937686003978e-15       4.431251281692e-16      -9.763139791959e-17 
 1316       9.404150584356e-11       4.307521464694e-12      -6.157448383110e-12       0.000000000000e+00       1.931920049584e-15       4.464789752650e-16      -9.740423004315e-17 
 1317       9.409317594350e-11       4.297728460195e-12      -6.258302595729e-12       0.000000000000e+00       1.926175258527e-15       4.497298506776e-16      -9.716538280434e-17 
 1318       9.415274292817e-11       4.287374883710e-12      -6.357987050450e-12       0.000000000000e+00       1.920451510678e-15       4.528711330329e-16      -9.691492128952e-17 
 1319       9.422012226832e-11       4.276462765610e-12      -6.456450259237e-12       0.000000000000e+00       1.914748684421e-15       4.558961630250e-16      -9.665291120888e-17 
 1320       9.429522875690e-11       4.264994159611e-12      -6.553640449978e-12       0.000000000000e+00       1.909066656649e-15       4.587982433462e-16      -9.637941889776e-17 
 1321       9.437797650768e-11       4.252971142816e-12      -6.649505565961e-12       0.000000000000e+00       1.903405302760e-15       4.615706386162e-16      -9.609451131801e-17 
 1322       9.446827895387e-11       4.240395815773e-12      -6.743993265361e-12       0.000000000000e+00       1.897764496654e-15       4.642065753118e-16      -9.579825605925e-17 
 1323       9.456604884670e-11       4.227270302526e-12      -6.837050920716e-12       0.000000000000e+00       1.892144110730e-15       4.666992416964e-16      -9.549072134027e-17 
 1324       9.467118760057e-11       4.213597774310e-12      -6.928631203096e-12       0.000000000000e+00       1.886544027719e-15       4.690437022279e-16      -9.517199130477e-17 
 1325       9.478355320254e-11       4.199385532932e-12      -7.018708903129e-12       0.000000000000e+00       1.880964176338e-15       4.712426640571e-16      -9.484221209102e-17 
 1326       9.490299194566e-11       4.184641961546e-12      -7.107264294705e-12       0.000000000000e+00       1.875404496025e-15       4.733007740702e-16      -9.450154627361e-17 
 1327       9.502934904826e-11       4.169375504213e-12      -7.194277567000e-12       0.000000000000e+00       1.869864925129e-15       4.752227102490e-16      -9.415015761751e-17 
 1328       9.516246865175e-11       4.153594666021e-12      -7.279728824346e-12       0.000000000000e+00       1.864345400917e-15       4.770131817309e-16      -9.378821108040e-17 
 1329       9.530219381854e-11       4.137308013206e-12      -7.363598086088e-12       0.000000000000e+00       1.858845859562e-15       4.786769288698e-16      -9.341587281508e-17 
 1330       9.544836652992e-11       4.120524173277e-12      -7.445865286451e-12       0.000000000000e+00       1.853366236145e-15       4.802187232965e-16      -9.303331017182e-17 
 1331       9.560082768394e-11       4.103251835130e-12      -7.526510274402e-12       0.000000000000e+00       1.847906464653e-15       4.816433679793e-16      -9.264069170070e-17 
 1332       9.575941709330e-11       4.085499749175e-12      -7.605512813511e-12       0.000000000000e+00       1.842466477976e-15       4.829556972844e-16      -9.223818715403e-17 
 1333       9.592397348321e-11       4.067276727452e-12      -7.682852581817e-12       0.000000000000e+00       1.837046207899e-15       4.841605770365e-16      -9.182596748867e-17 
 1334       9.609433448929e-11       4.048591643758e-12      -7.758509171689e-12       0.000000000000e+00       1.831645585110e-15       4.852629045794e-16      -9.140420486845e-17 
 1335       9.627033665546e-11       4.029453433762e-12      -7.832462089689e-12       0.000000000000e+00       1.826264539186e-15       4.862676088364e-16      -9.097307266649e-17 
 1336       9.645181543179e-11       4.009871095129e-12      -7.904690756438e-12       0.000000000000e+00       1.820902998600e-15       4.871796503708e-16      -9.053274546758e-17 
 1337       9.663860517242e-11       3.989853687642e-12      -7.975174506474e-12       0.000000000000e+00       1.815560890711e-15       4.880040214465e-16      -9.008339907056e-17 
 1338       9.683053913342e-11       3.969410333319e-12      -8.043892588118e-12       0.000000000000e+00       1.810238141766e-15       4.887457460887e-16      -8.962521049070e-17 
 1339       9.702744947067e-11       3.948550216538e-12      -8.110824163339e-12       0.000000000000e+00       1.804934676896e-15       4.894098801440e-16      -8.915835796204e-17 
 1340       9.722916723775e-11       3.927282584157e-12      -8.175948307611e-12       0.000000000000e+00       1.799650420113e-15       4.900015113413e-16      -8.868302093976e-17 
 1341       9.743552238383e-11       3.905616745632e-12      -8.239244009783e-12       0.000000000000e+00       1.794385294306e-15       4.905257593522e-16      -8.819938010256e-17 
 1342       9.764634375154e-11       3.883562073143e-12      -8.300690171937e-12       0.000000000000e+00       1.789139221244e-15       4.909877758515e-16      -8.770761735504e-17 
 1343       9.786145907484e-11       3.861128001710e-12      -8.360265609252e-12       0.000000000000e+00       1.783912121566e-15       4.913927445776e-16      -8.720791583005e-17 
 1344       9.808069497694e-11       3.838324029319e-12      -8.417949049869e-12       0.000000000000e+00       1.778703914783e-15       4.917458813935e-16      -8.670045989105e-17 
 1345       9.830387696815e-11       3.815159717038e-12      -8.473719134753e-12       0.000000000000e+00       1.773514519276e-15       4.920524343465e-16      -8.618543513450e-17 
 1346       9.853082944376e-11       3.791644689140e-12      -8.527554417553e-12       0.000000000000e+00       1.768343852287e-15       4.923176837298e-16      -8.566302839222e-17 
 1347       9.876137568195e-11       3.767788633226e-12      -8.579433364470e-12       0.000000000000e+00       1.763191829927e-15       4.925469421420e-16      -8.513342773375e-17 
 1348       9.899533784165e-11       3.743601300344e-12      -8.629334354119e-12       0.000000000000e+00       1.758058367164e-15       4.927455545482e-16      -8.459682246872e-17 
 1349       9.923253696043e-11       3.719092505108e-12      -8.677235677386e-12       0.000000000000e+00       1.752943377823e-15       4.929188983405e-16      -8.405340314924e-17 
 1350       9.947279295238e-11       3.694272125824e-12      -8.723115537300e-12       0.000000000000e+00       1.747846774587e-15       4.930723833981e-16      -8.350336157224e-17 
 1351       9.971592460597e-11       3.669150104606e-12      -8.766952048890e-12       0.000000000000e+00       1.742768468991e-15       4.932114521486e-16      -8.294689078186e-17 
 1352       9.996174958200e-11       3.643736447500e-12      -8.808723239050e-12       0.000000000000e+00       1.737708371418e-15       4.933415796277e-16      -8.238418507178e-17 
 1353       1.002100844114e-10       3.618041224604e-12      -8.848407046401e-12       0.000000000000e+00       1.732666391100e-15       4.934682735402e-16      -8.181543998765e-17 
 1354       1.004607444931e-10       3.592074570188e-12      -8.885981321155e-12       0.000000000000e+00       1.727642436114e-15       4.935970743205e-16      -8.124085232940e-17 
 1355       1.007135440922e-10       3.565846682818e-12      -8.921423824978e-12       0.000000000000e+00       1.722636413380e-15       4.937335551929e-16      -8.066062015364e-17 
 1356       1.009682963372e-10       3.539367825473e-12      -8.954712230853e-12       0.000000000000e+00       1.717648228655e-15       4.938833222324e-16      -8.007494277602e-17 
 1357       1.012248132187e-10       3.512648325670e-12      -8.985824122942e-12       0.000000000000e+00       1.712677786535e-15       4.940520144250e-16      -7.948402077360e-17 
 1358       1.014829055866e-10       3.485698575579e-12      -9.014736996449e-12       0.000000000000e+00       1.707724990450e-15       4.942453037282e-16      -7.888805598721e-17 
 1359       1.017423831484e-10       3.458529032153e-12      -9.041428257486e-12       0.000000000000e+00       1.702789742662e-15       4.944688951319e-16      -7.828725152384e-17 
 1360       1.020030544669e-10       3.431150217241e-12      -9.065875222932e-12       0.000000000000e+00       1.697871944262e-15       4.947285267186e-16      -7.768181175897e-17 
 1361       1.022647269581e-10       3.403572717711e-12      -9.088055120297e-12       0.000000000000e+00       1.692971495168e-15       4.950299697238e-16      -7.707194233898e-17 
 1362       1.025272068892e-10       3.375807185574e-12      -9.107945087587e-12       0.000000000000e+00       1.688088294121e-15       4.953790285969e-16      -7.645785018348e-17 
 1363       1.027903079934e-10       3.347864193320e-12      -9.125527962414e-12       0.000000000000e+00       1.683222247637e-15       4.957800422833e-16      -7.583971592835e-17 
 1364       1.030538774203e-10       3.319753798001e-12      -9.140809717559e-12       0.000000000000e+00       1.678373296973e-15       4.962313703566e-16      -7.521761092641e-17 
 1365       1.033177700598e-10       3.291485972711e-12      -9.153802212188e-12       0.000000000000e+00       1.673541391443e-15       4.967298585811e-16      -7.459157936102e-17 
 1366       1.035818399489e-10       3.263070751060e-12      -9.164517419818e-12       0.000000000000e+00       1.668726479492e-15       4.972723332595e-16      -7.396166572520e-17 
 1367       1.038459402695e-10       3.234518227281e-12      -9.172967428544e-12       0.000000000000e+00       1.663928508692e-15       4.978556011973e-16      -7.332791482227e-17 
 1368       1.041099233475e-10       3.205838556341e-12      -9.179164441284e-12       0.000000000000e+00       1.659147425740e-15       4.984764496663e-16      -7.269037176640e-17 
 1369       1.043736406511e-10       3.177041954060e-12      -9.183120776013e-12       0.000000000000e+00       1.654383176459e-15       4.991316463682e-16      -7.204908198325e-17 
 1370       1.046369427889e-10       3.148138697213e-12      -9.184848865997e-12       0.000000000000e+00       1.649635705792e-15       4.998179393988e-16      -7.140409121048e-17 
 1371       1.048996795087e-10       3.119139123648e-12      -9.184361260032e-12       0.000000000000e+00       1.644904957800e-15       5.005320572114e-16      -7.075544549842e-17 
 1372       1.051616996956e-10       3.090053632395e-12      -9.181670622684e-12       0.000000000000e+00       1.640190875664e-15       5.012707085811e-16      -7.010319121060e-17 
 1373       1.054228513711e-10       3.060892683779e-12      -9.176789734518e-12       0.000000000000e+00       1.635493401681e-15       5.020305825678e-16      -6.944737502438e-17 
 1374       1.056829816905e-10       3.031666799530e-12      -9.169731492341e-12       0.000000000000e+00       1.630812477258e-15       5.028083484807e-16      -6.878804393151e-17 
 1375       1.059419369424e-10       3.002386562896e-12      -9.160508909436e-12       0.000000000000e+00       1.626148042916e-15       5.036006558417e-16      -6.812524523874e-17 
 1376       1.061995625464e-10       2.973062618755e-12      -9.149135115801e-12       0.000000000000e+00       1.621500038287e-15       5.044041343495e-16      -6.745902656841e-17 
 1377       1.064557030519e-10       2.943705673725e-12      -9.135623358382e-12       0.000000000000e+00       1.616868402106e-15       5.052153938428e-16      -6.678943585902e-17 
 1378       1.067102021364e-10       2.914326496277e-12      -9.119987001312e-12       0.000000000000e+00       1.612253072218e-15       5.060310242648e-16      -6.611652136582e-17 
 1379       1.069629026040e-10       2.884935916844e-12      -9.102239526148e-12       0.000000000000e+00       1.607653985567e-15       5.068475956266e-16      -6.544033166142e-17 
 1380       1.072136463838e-10       2.855544827939e-12      -9.082394532106e-12       0.000000000000e+00       1.603071078202e-15       5.076616579708e-16      -6.476091563638e-17 
 1381       1.074622745282e-10       2.826164184257e-12      -9.060465736299e-12       0.000000000000e+00       1.598504285269e-15       5.084697413358e-16      -6.407832249977e-17 
 1382       1.077086272118e-10       2.796805002797e-12      -9.036466973975e-12       0.000000000000e+00       1.593953541012e-15       5.092683557192e-16      -6.339260177978e-17 
 1383       1.079525437293e-10       2.767478362965e-12      -9.010412198750e-12       0.000000000000e+00       1.589418778771e-15       5.100539910417e-16      -6.270380332432e-17 
 1384       1.081938624943e-10       2.738195406692e-12      -8.982315482848e-12       0.000000000000e+00       1.584899930978e-15       5.108231171107e-16      -6.201197730158e-17 
 1385       1.084324210374e-10       2.708967338539e-12      -8.952191017334e-12       0.000000000000e+00       1.580396929157e-15       5.115721835845e-16      -6.131717420063e-17 
 1386       1.086680560050e-10       2.679805425817e-12      -8.920053112357e-12       0.000000000000e+00       1.575909703921e-15       5.122976199357e-16      -6.061944483205e-17 
 1387       1.089006031577e-10       2.650720998690e-12      -8.885916197379e-12       0.000000000000e+00       1.571438184969e-15       5.129958354152e-16      -5.991884032844e-17 
 1388       1.091298973683e-10       2.621725450295e-12      -8.849794821418e-12       0.000000000000e+00       1.566982301086e-15       5.136632190159e-16      -5.921541214508e-17 
 1389       1.093557726208e-10       2.592830236845e-12      -8.811703653280e-12       0.000000000000e+00       1.562541980141e-15       5.142961394363e-16      -5.850921206048e-17 
 1390       1.095780620085e-10       2.564046877748e-12      -8.771657481800e-12       0.000000000000e+00       1.558117149083e-15       5.148909450448e-16      -5.780029217699e-17 
 1391       1.097965977326e-10       2.535386955714e-12      -8.729671216075e-12       0.000000000000e+00       1.553707733940e-15       5.154439638430e-16      -5.708870492137e-17 
 1392       1.100112111006e-10       2.506862116870e-12      -8.685759885702e-12       0.000000000000e+00       1.549313659818e-15       5.159515034295e-16      -5.637450304541e-17 
 1393       1.102217325245e-10       2.478484070867e-12      -8.639938641016e-12       0.000000000000e+00       1.544934850895e-15       5.164098509641e-16      -5.565773962648e-17 
 1394       1.104279915196e-10       2.450264590998e-12      -8.592222753324e-12       0.000000000000e+00       1.540571230426e-15       5.168152731311e-16      -5.493846806814e-17 
 1395       1.106298167029e-10       2.422215514303e-12      -8.542627615144e-12       0.000000000000e+00       1.536222720735e-15       5.171640161034e-16      -5.421674210074e-17 
 1396       1.108270357913e-10       2.394348741686e-12      -8.491168740442e-12       0.000000000000e+00       1.531889243214e-15       5.174523055062e-16      -5.349261578199e-17 
 1397       1.110194756000e-10       2.366676238023e-12      -8.437861764864e-12       0.000000000000e+00       1.527570718323e-15       5.176763463807e-16      -5.276614349756e-17 
 1398       1.112069620414e-10       2.339210032276e-12      -8.382722445981e-12       0.000000000000e+00       1.523267065587e-15       5.178323231479e-16      -5.203737996166e-17 
 1399       1.113893201232e-10       2.311962217602e-12      -8.325766663516e-12       0.000000000000e+00       1.518978203593e-15       5.179163995727e-16      -5.130638021764e-17 
 1400       1.115663739466e-10       2.284944951467e-12      -8.267010419590e-12       0.000000000000e+00       1.514704049989e-15       5.179247187271e-16      -5.057319963858e-17 
 1401       1.117379467053e-10       2.258170455759e-12      -8.206469838950e-12       0.000000000000e+00       1.510444521482e-15       5.178534029544e-16      -4.983789392787e-17 
 1402       1.119038810501e-10       2.231649910549e-12      -8.144163928775e-12       0.000000000000e+00       1.506199541155e-15       5.176994450206e-16      -4.910052604105e-17 
 1403       1.120641004190e-10       2.205390122547e-12      -8.080122889084e-12       0.000000000000e+00       1.501969060510e-15       5.174633918109e-16      -4.836118702921e-17 
 1404       1.122185483440e-10       2.179396822117e-12      -8.014379889479e-12       0.000000000000e+00       1.497753037649e-15       5.171466885542e-16      -4.761997541419e-17 
 1405       1.123671681419e-10       2.153675766522e-12      -7.946968317852e-12       0.000000000000e+00       1.493551429978e-15       5.167507901930e-16      -4.687699028806e-17 
 1406       1.125099029141e-10       2.128232739959e-12      -7.877921780795e-12       0.000000000000e+00       1.489364194201e-15       5.162771614020e-16      -4.613233131409e-17 
 1407       1.126466955467e-10       2.103073553611e-12      -7.807274103997e-12       0.000000000000e+00       1.485191286324e-15       5.157272766060e-16      -4.538609872785e-17 
 1408       1.127774887095e-10       2.078204045684e-12      -7.735059332656e-12       0.000000000000e+00       1.481032661647e-15       5.151026199980e-16      -4.463839333812e-17 
 1409       1.129022248562e-10       2.053630081458e-12      -7.661311731880e-12       0.000000000000e+00       1.476888274767e-15       5.144046855577e-16      -4.388931652799e-17 
 1410       1.130208462237e-10       2.029357553325e-12      -7.586065787093e-12       0.000000000000e+00       1.472758079574e-15       5.136349770694e-16      -4.313897025581e-17 
 1411       1.131332948323e-10       2.005392380839e-12      -7.509356204442e-12       0.000000000000e+00       1.468642029252e-15       5.127950081400e-16      -4.238745705621e-17 
 1412       1.132395124848e-10       1.981740510755e-12      -7.431217911199e-12       0.000000000000e+00       1.464540076275e-15       5.118863022175e-16      -4.163488004117e-17 
 1413       1.133394407664e-10       1.958407917075e-12      -7.351686056168e-12       0.000000000000e+00       1.460452172406e-15       5.109103926090e-16      -4.088134290094e-17 
 1414       1.134330210446e-10       1.935400601093e-12      -7.270796010090e-12       0.000000000000e+00       1.456378268695e-15       5.098688224988e-16      -4.012694990513e-17 
 1415       1.135201944687e-10       1.912724591439e-12      -7.188583366045e-12       0.000000000000e+00       1.452318315479e-15       5.087631449666e-16      -3.937180590367e-17 
 1416       1.136009019694e-10       1.890385944123e-12      -7.105083939862e-12       0.000000000000e+00       1.448272262381e-15       5.075949230055e-16      -3.861601632784e-17 
 1417       1.136750842585e-10       1.868390742576e-12      -7.020333770521e-12       0.000000000000e+00       1.444240058303e-15       5.063657295406e-16      -3.785968719132e-17 
 1418       1.137426818287e-10       1.846745097700e-12      -6.934369120559e-12       0.000000000000e+00       1.440221651431e-15       5.050771474466e-16      -3.710292509111e-17 
 1419       1.138036349533e-10       1.825455147909e-12      -6.847226476473e-12       0.000000000000e+00       1.436216989231e-15       5.037307695664e-16      -3.634583720862e-17 
 1420       1.138578836858e-10       1.804527059169e-12      -6.758942549128e-12       0.000000000000e+00       1.432226018447e-15       5.023281987287e-16      -3.558853131068e-17 
 1421       1.139053678595e-10       1.783967025052e-12      -6.669554274160e-12       0.000000000000e+00       1.428248685097e-15       5.008710477670e-16      -3.483111575050e-17 
 1422       1.139460270872e-10       1.763781266771e-12      -6.579098812381e-12       0.000000000000e+00       1.424284934478e-15       4.993609395370e-16      -3.407369946871e-17 
 1423       1.139798007611e-10       1.743976033228e-12      -6.487613550187e-12       0.000000000000e+00       1.420334711157e-15       4.977995069349e-16      -3.331639199438e-17 
 1424       1.140066280524e-10       1.724557601058e-12      -6.395136099959e-12       0.000000000000e+00       1.416397958976e-15       4.961883929158e-16      -3.255930344604e-17 
 1425       1.140264479106e-10       1.705532274673e-12      -6.301704300469e-12       0.000000000000e+00       1.412474621043e-15       4.945292505119e-16      -3.180254453265e-17 
 1426       1.140391990638e-10       1.686906386306e-12      -6.207356217288e-12       0.000000000000e+00       1.408564639739e-15       4.928237428501e-16      -3.104622655464e-17 
 1427       1.140448200179e-10       1.668686296055e-12      -6.112130143187e-12       0.000000000000e+00       1.404667956710e-15       4.910735431709e-16      -3.029046140494e-17 
 1428       1.140432490565e-10       1.650878391926e-12      -6.016064598545e-12       0.000000000000e+00       1.400784512868e-15       4.892803348458e-16      -2.953536156994e-17 
 1429       1.140344242405e-10       1.633489089881e-12      -5.919198331751e-12       0.000000000000e+00       1.396914248388e-15       4.874458113961e-16      -2.878104013055e-17 
 1430       1.140182834079e-10       1.616524833876e-12      -5.821570319614e-12       0.000000000000e+00       1.393057102709e-15       4.855716765107e-16      -2.802761076319e-17 
 1431       1.139947641732e-10       1.599992095913e-12      -5.723219767761e-12       0.000000000000e+00       1.389213014529e-15       4.836596440644e-16      -2.727518774081e-17 
 1432       1.139638039276e-10       1.583897376075e-12      -5.624186111051e-12       0.000000000000e+00       1.385381921806e-15       4.817114381358e-16      -2.652388593387e-17 
 1433       1.139253398381e-10       1.568247202579e-12      -5.524509013969e-12       0.000000000000e+00       1.381563761757e-15       4.797287930259e-16      -2.577382081142e-17 
 1434       1.138793088475e-10       1.553048131814e-12      -5.424228371043e-12       0.000000000000e+00       1.377758470852e-15       4.777134532757e-16      -2.502510844203e-17 
 1435       1.138256476739e-10       1.538306748386e-12      -5.323384307238e-12       0.000000000000e+00       1.373965984818e-15       4.756671736849e-16      -2.427786549485e-17 
 1436       1.137642928108e-10       1.524029665166e-12      -5.222017178368e-12       0.000000000000e+00       1.370186238634e-15       4.735917193296e-16      -2.353220924064e-17 
 1437       1.136951805262e-10       1.510223523329e-12      -5.120167571501e-12       0.000000000000e+00       1.366419166531e-15       4.714888655809e-16      -2.278825755272e-17 
 1438       1.136182468627e-10       1.496894992403e-12      -5.017876305360e-12       0.000000000000e+00       1.362664701987e-15       4.693603981224e-16      -2.204612890803e-17 
 1439       1.135334276369e-10       1.484050770309e-12      -4.915184430729e-12       0.000000000000e+00       1.358922777732e-15       4.672081129692e-16      -2.130594238812e-17 
 1440       1.134406584394e-10       1.471697583407e-12      -4.812133230863e-12       0.000000000000e+00       1.355193325740e-15       4.650338164854e-16      -2.056781768017e-17 
 1441       1.133398939266e-10       1.459840844771e-12      -4.708762831842e-12       0.000000000000e+00       1.351476283083e-15       4.628391992533e-16      -1.983186302667e-17 
 1442       1.132311659118e-10       1.448480614034e-12      -4.605108017419e-12       0.000000000000e+00       1.347771609550e-15       4.606254562445e-16      -1.909813893858e-17 
 1443       1.131145258632e-10       1.437615596624e-12      -4.501202372504e-12       0.000000000000e+00       1.344079270205e-15       4.583936628301e-16      -1.836669411588e-17 
 1444       1.129900256656e-10       1.427244481783e-12      -4.397079669682e-12       0.000000000000e+00       1.340399229546e-15       4.561449005906e-16      -1.763757746583e-17 
 1445       1.128577176216e-10       1.417365942532e-12      -4.292773869533e-12       0.000000000000e+00       1.336731451505e-15       4.538802573270e-16      -1.691083810328e-17 
 1446       1.127176544519e-10       1.407978635637e-12      -4.188319120958e-12       0.000000000000e+00       1.333075899449e-15       4.516008270718e-16      -1.618652535095e-17 
 1447       1.125698892963e-10       1.399081201578e-12      -4.083749761507e-12       0.000000000000e+00       1.329432536175e-15       4.493077100993e-16      -1.546468873980e-17 
 1448       1.124144757146e-10       1.390672264510e-12      -3.979100317699e-12       0.000000000000e+00       1.325801323912e-15       4.470020129372e-16      -1.474537800931e-17 
 1449       1.122514676875e-10       1.382750432237e-12      -3.874405505351e-12       0.000000000000e+00       1.322182224318e-15       4.446848483768e-16      -1.402864310782e-17 
 1450       1.120809196168e-10       1.375314296174e-12      -3.769700229899e-12       0.000000000000e+00       1.318575198479e-15       4.423573354845e-16      -1.331453419281e-17 
 1451       1.119028863269e-10       1.368362431315e-12      -3.665019586727e-12       0.000000000000e+00       1.314980206907e-15       4.400205996120e-16      -1.260310163124e-17 
 1452       1.117174230652e-10       1.361893396200e-12      -3.560398861486e-12       0.000000000000e+00       1.311397209542e-15       4.376757724078e-16      -1.189439599987e-17 
 1453       1.115245855031e-10       1.355905732879e-12      -3.455873530425e-12       0.000000000000e+00       1.307826165747e-15       4.353239918276e-16      -1.118846808558e-17 
 1454       1.113244297364e-10       1.350397966884e-12      -3.351479260711e-12       0.000000000000e+00       1.304267034308e-15       4.329664021454e-16      -1.048536888564e-17 
 1455       1.111170122868e-10       1.345368607189e-12      -3.247251910756e-12       0.000000000000e+00       1.300719773434e-15       4.306041539643e-16      -9.785149608093e-18 
 1456       1.109023901020e-10       1.340816146183e-12      -3.143227530543e-12       0.000000000000e+00       1.297184340753e-15       4.282384042273e-16      -9.087861672013e-18 
 1457       1.106806205567e-10       1.336739059632e-12      -3.039442361946e-12       0.000000000000e+00       1.293660693315e-15       4.258703162285e-16      -8.393556707854e-18 
 1458       1.104517614537e-10       1.333135806648e-12      -2.935932839060e-12       0.000000000000e+00       1.290148787586e-15       4.235010596233e-16      -7.702286557757e-18 
 1459       1.102158710243e-10       1.330004829654e-12      -2.832735588524e-12       0.000000000000e+00       1.286648579449e-15       4.211318104401e-16      -7.014103275861e-18 
 1460       1.099730079294e-10       1.327344554352e-12      -2.729887429844e-12       0.000000000000e+00       1.283160024205e-15       4.187637510905e-16      -6.329059128622e-18 
 1461       1.097232312599e-10       1.325153389692e-12      -2.627425375718e-12       0.000000000000e+00       1.279683076568e-15       4.163980703805e-16      -5.647206595130e-18 
 1462       1.094666005381e-10       1.323429727831e-12      -2.525386632366e-12       0.000000000000e+00       1.276217690664e-15       4.140359635212e-16      -4.968598367423e-18 
 1463       1.092031757178e-10       1.322171944108e-12      -2.423808599845e-12       0.000000000000e+00       1.272763820034e-15       4.116786321399e-16      -4.293287350801e-18 
 1464       1.089330171856e-10       1.321378397007e-12      -2.322728872385e-12       0.000000000000e+00       1.269321417627e-15       4.093272842906e-16      -3.621326664144e-18 
 1465       1.086561857617e-10       1.321047428123e-12      -2.222185238703e-12       0.000000000000e+00       1.265890435803e-15       4.069831344653e-16      -2.952769640229e-18 
 1466       1.083727427000e-10       1.321177362129e-12      -2.122215682338e-12       0.000000000000e+00       1.262470826331e-15       4.046474036045e-16      -2.287669826040e-18 
 1467       1.080827496901e-10       1.321766506745e-12      -2.022858381965e-12       0.000000000000e+00       1.259062540385e-15       4.023213191084e-16      -1.626080983088e-18 
 1468       1.077862688569e-10       1.322813152700e-12      -1.924151711730e-12       0.000000000000e+00       1.255665528546e-15       4.000061148472e-16      -9.680570877274e-19 
 1469       1.074833627621e-10       1.324315573705e-12      -1.826134241569e-12       0.000000000000e+00       1.252279740799e-15       3.977030311729e-16      -3.136523314672e-19 
 1470       1.071740944048e-10       1.326272026414e-12      -1.728844737531e-12       0.000000000000e+00       1.248905126534e-15       3.954133149291e-16       3.370788787094e-19 
 1471       1.068585272224e-10       1.328680750392e-12      -1.632322162110e-12       0.000000000000e+00       1.245541634540e-15       3.931382194628e-16       9.840819200313e-19 
 1472       1.065367250911e-10       1.331539968084e-12      -1.536605674561e-12       0.000000000000e+00       1.242189213011e-15       3.908790046346e-16       1.627301953624e-18 
 1473       1.062087523269e-10       1.334847884778e-12      -1.441734631234e-12       0.000000000000e+00       1.238847809537e-15       3.886369368299e-16       2.266683924192e-18 
 1474       1.058746736866e-10       1.338602688578e-12      -1.347748585890e-12       0.000000000000e+00       1.235517371108e-15       3.864132889696e-16       2.902172559707e-18 
 1475       1.055345543682e-10       1.342802550360e-12      -1.254687290030e-12       0.000000000000e+00       1.232197844110e-15       3.842093405213e-16       3.533712371088e-18 
 1476       1.051884600120e-10       1.347445623751e-12      -1.162590693222e-12       0.000000000000e+00       1.228889174327e-15       3.820263775097e-16       4.161247651889e-18 
 1477       1.048364567011e-10       1.352530045085e-12      -1.071498943421e-12       0.000000000000e+00       1.225591306935e-15       3.798656925278e-16       4.784722477983e-18 
 1478       1.044786109624e-10       1.358053933378e-12      -9.814523872955e-13       0.000000000000e+00       1.222304186505e-15       3.777285847475e-16       5.404080707243e-18 
 1479       1.041149897676e-10       1.364015390288e-12      -8.924915705542e-13       0.000000000000e+00       1.219027757000e-15       3.756163599309e-16       6.019265979231e-18 
 1480       1.037456684755e-10       1.370411694437e-12      -8.046529984477e-13       0.000000000000e+00       1.215761966506e-15       3.735298530359e-16       6.630226574501e-18 
 1481       1.033707547452e-10       1.377236875721e-12      -7.179563707961e-13       0.000000000000e+00       1.212506781478e-15       3.714679908522e-16       7.236930045683e-18 
 1482       1.029903648613e-10       1.384484116961e-12      -6.324172214588e-13       0.000000000000e+00       1.209262172631e-15       3.694292151823e-16       7.839348730360e-18 
 1483       1.026046158139e-10       1.392146557296e-12      -5.480511467999e-13       0.000000000000e+00       1.206028110225e-15       3.674119589424e-16       8.437454904524e-18 
 1484       1.022136253007e-10       1.400217292112e-12      -4.648738057815e-13       0.000000000000e+00       1.202804564055e-15       3.654146461464e-16       9.031220782523e-18 
 1485       1.018175117275e-10       1.408689372958e-12      -3.829009200556e-13       0.000000000000e+00       1.199591503459e-15       3.634356918914e-16       9.620618517014e-18 
 1486       1.014163942099e-10       1.417555807472e-12      -3.021482740573e-13       0.000000000000e+00       1.196388897311e-15       3.614735023420e-16       1.020562019891e-17 
 1487       1.010103925742e-10       1.426809559303e-12      -2.226317150972e-13       0.000000000000e+00       1.193196714022e-15       3.595264747151e-16       1.078619785733e-17 
 1488       1.005996273589e-10       1.436443548032e-12      -1.443671534541e-13       0.000000000000e+00       1.190014921540e-15       3.575929972648e-16       1.136232345956e-17 
 1489       1.001842198157e-10       1.446450649097e-12      -6.737056246747e-14       0.000000000000e+00       1.186843487348e-15       3.556714492666e-16       1.193396891099e-17 
 1490       9.976429191086e-11       1.456823693715e-12       8.342021369612e-15       0.000000000000e+00       1.183682378463e-15       3.537602010031e-16       1.250110605507e-17 
 1491       9.933996632651e-11       1.467555468802e-12       8.275449831811e-14       0.000000000000e+00       1.180531561435e-15       3.518576137477e-16       1.306370667325e-17 
 1492       9.891136646166e-11       1.478638716900e-12       1.558507053002e-13       0.000000000000e+00       1.177391002346e-15       3.499620397500e-16       1.362174248497e-17 
 1493       9.847861643359e-11       1.490066136094e-12       2.276144158069e-13       0.000000000000e+00       1.174260666809e-15       3.480718222202e-16       1.417518514755e-17 
 1494       9.804184107904e-11       1.501830379939e-12       2.980293398051e-13       0.000000000000e+00       1.171140519968e-15       3.461852953141e-16       1.472400625618e-17 
 1495       9.760116595543e-11       1.513924057382e-12       3.670791236450e-13       0.000000000000e+00       1.168030526496e-15       3.443007841174e-16       1.526817734388e-17 
 1496       9.715671734208e-11       1.526339732682e-12       4.347473499678e-13       0.000000000000e+00       1.164930650594e-15       3.424166046310e-16       1.580766988141e-17 
 1497       9.670862224147e-11       1.539069925334e-12       5.010175376127e-13       0.000000000000e+00       1.161840855989e-15       3.405310637553e-16       1.634245527725e-17 
 1498       9.625700838046e-11       1.552107109994e-12       5.658731415244e-13       0.000000000000e+00       1.158761105937e-15       3.386424592751e-16       1.687250487756e-17 
 1499       9.580200421151e-11       1.565443716396e-12       6.292975526604e-13       0.000000000000e+00       1.155691363217e-15       3.367490798442e-16       1.739778996609e-17 
 1500       9.534373891390e-11       1.579072129281e-12       6.912740978987e-13       0.000000000000e+00       1.152631590133e-15       3.348492049704e-16       1.791828176416e-17 
 1501       9.488234239501e-11       1.592984688313e-12       7.517860399445e-13       0.000000000000e+00       1.149581748512e-15       3.329411049999e-16       1.843395143061e-17 
 1502       9.441794529146e-11       1.607173688008e-12       8.108165772383e-13       0.000000000000e+00       1.146541799704e-15       3.310230411023e-16       1.894477006175e-17 
 1503       9.395067897045e-11       1.621631377650e-12       8.683488438628e-13       0.000000000000e+00       1.143511704581e-15       3.290932652552e-16       1.945070869130e-17 
 1504       9.348067553089e-11       1.636349961220e-12       9.243659094502e-13       0.000000000000e+00       1.140491423533e-15       3.271500202288e-16       1.995173829035e-17 
 1505       9.300806780470e-11       1.651321597314e-12       9.788507790901e-13       0.000000000000e+00       1.137480916471e-15       3.251915395711e-16       2.044782976730e-17 
 1506       9.253298935801e-11       1.666538399068e-12       1.031786393236e-12       0.000000000000e+00       1.134480142824e-15       3.232160475920e-16       2.093895396782e-17 
 1507       9.205557449237e-11       1.681992434076e-12       1.083155627615e-12       0.000000000000e+00       1.131489061539e-15       3.212217593486e-16       2.142508167481e-17 
 1508       9.157595824603e-11       1.697675724322e-12       1.132941293130e-12       0.000000000000e+00       1.128507631078e-15       3.192068806293e-16       2.190618360831e-17 
 1509       9.109427639512e-11       1.713580246090e-12       1.181126135773e-12       0.000000000000e+00       1.125535809421e-15       3.171696079394e-16       2.238223042551e-17 
 1510       9.061066545493e-11       1.729697929899e-12       1.227692836530e-12       0.000000000000e+00       1.122573554059e-15       3.151081284848e-16       2.285319272065e-17 
 1511       9.012526268107e-11       1.746020660416e-12       1.272624011287e-12       0.000000000000e+00       1.119620821999e-15       3.130206201579e-16       2.331904102500e-17 
 1512       8.963820607079e-11       1.762540276383e-12       1.315902210739e-12       0.000000000000e+00       1.116677569760e-15       3.109052515210e-16       2.377974580679e-17 
 1513       8.914963436413e-11       1.779248570540e-12       1.357509920297e-12       0.000000000000e+00       1.113743753372e-15       3.087601817923e-16       2.423527747118e-17 
 1514       8.865968704518e-11       1.796137289545e-12       1.397429559995e-12       0.000000000000e+00       1.110819328375e-15       3.065835608297e-16       2.468560636019e-17 
 1515       8.816850434332e-11       1.813198133897e-12       1.435643484400e-12       0.000000000000e+00       1.107904249821e-15       3.043735291160e-16       2.513070275269e-17 
 1516       8.767622723445e-11       1.830422757862e-12       1.472133982514e-12       0.000000000000e+00       1.104998472267e-15       3.021282177436e-16       2.557053686427e-17 
 1517       8.718299744218e-11       1.847802769391e-12       1.506883277686e-12       0.000000000000e+00       1.102101949781e-15       2.998457483991e-16       2.600507884730e-17 
 1518       8.668895743913e-11       1.865329730044e-12       1.539873527517e-12       0.000000000000e+00       1.099214635935e-15       2.975242333480e-16       2.643429879078e-17 
 1519       8.619424460747e-11       1.882995264704e-12       1.571091208064e-12       0.000000000000e+00       1.096336487647e-15       2.951623191565e-16       2.685817128481e-17 
 1520       8.569897365684e-11       1.900791392023e-12       1.600540312805e-12       0.000000000000e+00       1.093467476743e-15       2.927608236142e-16       2.727668916195e-17 
 1521       8.520325403961e-11       1.918710197003e-12       1.628229280589e-12       0.000000000000e+00       1.090607578502e-15       2.903211145434e-16       2.768984988802e-17 
 1522       8.470719577704e-11       1.936743721421e-12       1.654166623007e-12       0.000000000000e+00       1.087756767828e-15       2.878445675062e-16       2.809765100994e-17 
 1523       8.421090946022e-11       1.954883963762e-12       1.678360924529e-12       0.000000000000e+00       1.084915019248e-15       2.853325658168e-16       2.850009015582e-17 
 1524       8.371450625102e-11       1.973122879141e-12       1.700820842642e-12       0.000000000000e+00       1.082082306911e-15       2.827865005548e-16       2.889716503520e-17 
 1525       8.321809788296e-11       1.991452379238e-12       1.721555107979e-12       0.000000000000e+00       1.079258604591e-15       2.802077705783e-16       2.928887343923e-17 
 1526       8.272179666217e-11       2.009864332221e-12       1.740572524460e-12       0.000000000000e+00       1.076443885679e-15       2.775977825367e-16       2.967521324084e-17 
 1527       8.222571546832e-11       2.028350562676e-12       1.757881969425e-12       0.000000000000e+00       1.073638123190e-15       2.749579508838e-16       3.005618239495e-17 
 1528       8.172996775555e-11       2.046902851536e-12       1.773492393768e-12       0.000000000000e+00       1.070841289756e-15       2.722896978908e-16       3.043177893866e-17 
 1529       8.123466755337e-11       2.065512936009e-12       1.787412822074e-12       0.000000000000e+00       1.068053357629e-15       2.695944536590e-16       3.080200099140e-17 
 1530       8.073992946760e-11       2.084172509505e-12       1.799652352754e-12       0.000000000000e+00       1.065274298679e-15       2.668736561334e-16       3.116684675517e-17 
 1531       8.024586868131e-11       2.102873221565e-12       1.810220158179e-12       0.000000000000e+00       1.062504084393e-15       2.641287511150e-16       3.152631451469e-17 
 1532       7.975260095573e-11       2.121606677790e-12       1.819125484818e-12       0.000000000000e+00       1.059742685874e-15       2.613611922742e-16       3.188040263759e-17 
 1533       7.926024263117e-11       2.140364439769e-12       1.826377653370e-12       0.000000000000e+00       1.056990073841e-15       2.585724411639e-16       3.222910957463e-17 
 1534       7.876891062797e-11       2.159138025006e-12       1.831986058900e-12       0.000000000000e+00       1.054246218628e-15       2.557639672321e-16       3.257243385984e-17 
 1535       7.827872244741e-11       2.177918906849e-12       1.835960170976e-12       0.000000000000e+00       1.051511090183e-15       2.529372478350e-16       3.291037411075e-17 
 1536       7.778979617263e-11       2.196698514418e-12       1.838309533804e-12       0.000000000000e+00       1.048784658068e-15       2.500937682503e-16       3.324292902856e-17 
 1537       7.730225046957e-11       2.215468232536e-12       1.839043766360e-12       0.000000000000e+00       1.046066891457e-15       2.472350216898e-16       3.357009739831e-17 
 1538       7.681620458789e-11       2.234219401651e-12       1.838172562528e-12       0.000000000000e+00       1.043357759134e-15       2.443625093127e-16       3.389187808912e-17 
 1539       7.633177836191e-11       2.252943317771e-12       1.835705691237e-12       0.000000000000e+00       1.040657229496e-15       2.414777402384e-16       3.420827005430e-17 
 1540       7.584909221150e-11       2.271631232389e-12       1.831652996592e-12       0.000000000000e+00       1.037965270550e-15       2.385822315593e-16       3.451927233161e-17 
 1541       7.536826714305e-11       2.290274352410e-12       1.826024398011e-12       0.000000000000e+00       1.035281849912e-15       2.356775083544e-16       3.482488404342e-17 
 1542       7.488942475036e-11       2.308863840083e-12       1.818829890362e-12       0.000000000000e+00       1.032606934807e-15       2.327651037016e-16       3.512510439689e-17 
 1543       7.441268721560e-11       2.327390812924e-12       1.810079544096e-12       0.000000000000e+00       1.029940492067e-15       2.298465586913e-16       3.541993268415e-17 
 1544       7.393817731021e-11       2.345846343650e-12       1.799783505382e-12       0.000000000000e+00       1.027282488131e-15       2.269234224389e-16       3.570936828252e-17 
 1545       7.346601839582e-11       2.364221460104e-12       1.787951996245e-12       0.000000000000e+00       1.024632889046e-15       2.239972520980e-16       3.599341065467e-17 
 1546       7.299633442521e-11       2.382507145182e-12       1.774595314698e-12       0.000000000000e+00       1.021991660462e-15       2.210696128734e-16       3.627205934883e-17 
 1547       7.252924994322e-11       2.400694336766e-12       1.759723834879e-12       0.000000000000e+00       1.019358767635e-15       2.181420780342e-16       3.654531399896e-17 
 1548       7.206489008765e-11       2.418773927647e-12       1.743348007186e-12       0.000000000000e+00       1.016734175424e-15       2.152162289264e-16       3.681317432492e-17 
 1549       7.160338059023e-11       2.436736765456e-12       1.725478358413e-12       0.000000000000e+00       1.014117848294e-15       2.122936549863e-16       3.707564013272e-17 
 1550       7.114484777751e-11       2.454573652592e-12       1.706125491882e-12       0.000000000000e+00       1.011509750308e-15       2.093759537535e-16       3.733271131464e-17 
 1551       7.068941857183e-11       2.472275346150e-12       1.685300087583e-12       0.000000000000e+00       1.008909845133e-15       2.064647308834e-16       3.758438784946e-17 
 1552       7.023722049217e-11       2.489832557849e-12       1.663012902305e-12       0.000000000000e+00       1.006318096037e-15       2.035616001607e-16       3.783066980261e-17 
 1553       6.978838165518e-11       2.507235953961e-12       1.639274769775e-12       0.000000000000e+00       1.003734465888e-15       2.006681835122e-16       3.807155732641e-17 
 1554       6.934303077600e-11       2.524476155238e-12       1.614096600789e-12       0.000000000000e+00       1.001158917151e-15       1.977861110199e-16       3.830705066022e-17 
 1555       6.890129716927e-11       2.541543736841e-12       1.587489383351e-12       0.000000000000e+00       9.985914118918e-16       1.949170209337e-16       3.853715013064e-17 
 1556       6.846331075000e-11       2.558429228269e-12       1.559464182807e-12       0.000000000000e+00       9.960319117730e-16       1.920625596847e-16       3.876185615167e-17 
 1557       6.802920203454e-11       2.575123113287e-12       1.530032141978e-12       0.000000000000e+00       9.934803780540e-16       1.892243818980e-16       3.898116922494e-17 
 1558       6.759908775124e-11       2.591616686125e-12       1.499206644492e-12       0.000000000000e+00       9.909367747238e-16       1.864039415169e-16       3.919509230713e-17 
 1559       6.717302752290e-11       2.607904629029e-12       1.467009826708e-12       0.000000000000e+00       9.884010779334e-16       1.836018630036e-16       3.940363793608e-17 
 1560       6.675106677947e-11       2.623982458767e-12       1.433466127199e-12       0.000000000000e+00       9.858732666507e-16       1.808185642608e-16       3.960682117198e-17 
 1561       6.633325111157e-11       2.639845672528e-12       1.398600129352e-12       0.000000000000e+00       9.833533195339e-16       1.780544649868e-16       3.980465723644e-17 
 1562       6.591962627073e-11       2.655489747889e-12       1.362436561609e-12       0.000000000000e+00       9.808412149310e-16       1.753099866787e-16       3.999716151286e-17 
 1563       6.551023816959e-11       2.670910142786e-12       1.325000297707e-12       0.000000000000e+00       9.783369308792e-16       1.725855526350e-16       4.018434954670e-17 
 1564       6.510513288213e-11       2.686102295487e-12       1.286316356924e-12       0.000000000000e+00       9.758404451044e-16       1.698815879581e-16       4.036623704579e-17 
 1565       6.470435664385e-11       2.701061624558e-12       1.246409904319e-12       0.000000000000e+00       9.733517350203e-16       1.671985195571e-16       4.054283988063e-17 
 1566       6.430795585204e-11       2.715783528837e-12       1.205306250972e-12       0.000000000000e+00       9.708707777279e-16       1.645367761503e-16       4.071417408471e-17 
 1567       6.391597706594e-11       2.730263387406e-12       1.163030854230e-12       0.000000000000e+00       9.683975500150e-16       1.618967882683e-16       4.088025585481e-17 
 1568       6.352846700699e-11       2.744496559555e-12       1.119609317950e-12       0.000000000000e+00       9.659320283553e-16       1.592789882561e-16       4.104110155129e-17 
 1569       6.314547255904e-11       2.758478384760e-12       1.075067392733e-12       0.000000000000e+00       9.634741889081e-16       1.566838102762e-16       4.119672769841e-17 
 1570       6.276704076855e-11       2.772204182649e-12       1.029430976177e-12       0.000000000000e+00       9.610240075173e-16       1.541116903110e-16       4.134715098462e-17 
 1571       6.239321884483e-11       2.785669252975e-12       9.827261131100e-13       0.000000000000e+00       9.585814597112e-16       1.515630661657e-16       4.149238826289e-17 
 1572       6.202405416022e-11       2.798868875583e-12       9.349789958380e-13       0.000000000000e+00       9.561465207013e-16       1.490383774708e-16       4.163245655100e-17 
 1573       6.165959425035e-11       2.811798310386e-12       8.862159643841e-13       0.000000000000e+00       9.537191653823e-16       1.465380656849e-16       4.176737303182e-17 
 1574       6.129988681431e-11       2.824452797331e-12       8.364635067318e-13       0.000000000000e+00       9.512993683312e-16       1.440625740971e-16       4.189715505365e-17 
 1575       6.094497971491e-11       2.836827556371e-12       7.857482590666e-13       0.000000000000e+00       9.488871038062e-16       1.416123478302e-16       4.202182013054e-17 
 1576       6.059492097885e-11       2.848917787435e-12       7.340970060185e-13       0.000000000000e+00       9.464823457471e-16       1.391878338426e-16       4.214138594252e-17 
 1577       6.024975879697e-11       2.860718670401e-12       6.815366809035e-13       0.000000000000e+00       9.440850677738e-16       1.367894809318e-16       4.225587033600e-17 
 1578       5.990954152446e-11       2.872225365063e-12       6.280943659667e-13       0.000000000000e+00       9.416952431858e-16       1.344177397365e-16       4.236529132398e-17 
 1579       5.957431768104e-11       2.883433011105e-12       5.737972926232e-13       0.000000000000e+00       9.393128449620e-16       1.320730627395e-16       4.246966708644e-17 
 1580       5.924413595124e-11       2.894336728067e-12       5.186728417011e-13       0.000000000000e+00       9.369378457598e-16       1.297559042702e-16       4.256901597058e-17 
 1581       5.891904518454e-11       2.904931615321e-12       4.627485436834e-13       0.000000000000e+00       9.345702179143e-16       1.274667205076e-16       4.266335649117e-17 
 1582       5.859909439565e-11       2.915212752039e-12       4.060520789498e-13       0.000000000000e+00       9.322099334378e-16       1.252059694826e-16       4.275270733083e-17 
 1583       5.828433276470e-11       2.925175197160e-12       3.486112780192e-13       0.000000000000e+00       9.298569640195e-16       1.229741110809e-16       4.283708734033e-17 
 1584       5.797480963743e-11       2.934813989369e-12       2.904541217915e-13       0.000000000000e+00       9.275112810244e-16       1.207716070455e-16       4.291651553891e-17 
 1585       5.767057452546e-11       2.944124147059e-12       2.316087417898e-13       0.000000000000e+00       9.251728554927e-16       1.185989209796e-16       4.299101111460e-17 
 1586       5.737167710646e-11       2.953100668306e-12       1.721034204026e-13       0.000000000000e+00       9.228416581397e-16       1.164565183491e-16       4.306059342446e-17 
 1587       5.707816722436e-11       2.961738530838e-12       1.119665911259e-13       0.000000000000e+00       9.205176593544e-16       1.143448664853e-16       4.312528199498e-17 
 1588       5.679009488963e-11       2.970032692009e-12       5.122683880518e-14       0.000000000000e+00       9.182008291996e-16       1.122644345875e-16       4.318509652229e-17 
 1589       5.650751027941e-11       2.977978088762e-12      -1.008710012250e-14       0.000000000000e+00       9.158911374106e-16       1.102156937259e-16       4.324005687253e-17 
 1590       5.623046373779e-11       2.985569637610e-12      -7.194633738626e-14       0.000000000000e+00       9.135885533953e-16       1.081991168441e-16       4.329018308213e-17 
 1591       5.595900577598e-11       2.992802234595e-12      -1.343218326394e-13       0.000000000000e+00       9.112930462328e-16       1.062151787618e-16       4.333549535813e-17 
 1592       5.569318707257e-11       2.999670755270e-12      -1.971843932172e-13       0.000000000000e+00       9.090045846734e-16       1.042643561772e-16       4.337601407844e-17 
 1593       5.543305847370e-11       3.006170054659e-12      -2.605046738950e-13       0.000000000000e+00       9.067231371377e-16       1.023471276703e-16       4.341175979220e-17 
 1594       5.517867099331e-11       3.012294967235e-12      -3.242531766459e-13       0.000000000000e+00       9.044486717157e-16       1.004639737050e-16       4.344275322006e-17 
 1595       5.493007581334e-11       3.018040306889e-12      -3.884002503986e-13       0.000000000000e+00       9.021811561669e-16       9.861537663203e-17       4.346901525447e-17 
 1596       5.468732428394e-11       3.023400866897e-12      -4.529160907958e-13       0.000000000000e+00       8.999205579190e-16       9.680182069158e-17       4.349056696004e-17 
 1597       5.445045417349e-11       3.028372454840e-12      -5.177716494050e-13       0.000000000000e+00       8.976668466417e-16       9.502359167464e-17       4.350743112222e-17 
 1598       5.421944828050e-11       3.032955007773e-12      -5.829413709504e-13       0.000000000000e+00       8.954200019949e-16       9.328017389469e-17       4.351963690865e-17 
 1599       5.399427544296e-11       3.037149505535e-12      -6.484004806731e-13       0.000000000000e+00       8.931800059503e-16       9.157084769738e-17       4.352721525114e-17 
 1600       5.377490425378e-11       3.040956938407e-12      -7.141240769542e-13       0.000000000000e+00       8.909468402231e-16       8.989488929380e-17       4.353019730150e-17 
 1601       5.356130306034e-11       3.044378307134e-12      -7.800871311157e-13       0.000000000000e+00       8.887204862713e-16       8.825157075369e-17       4.352861443188e-17 
 1602       5.335343996402e-11       3.047414622943e-12      -8.462644872206e-13       0.000000000000e+00       8.865009252956e-16       8.664015999868e-17       4.352249823519e-17 
 1603       5.315128281983e-11       3.050066907567e-12      -9.126308618738e-13       0.000000000000e+00       8.842881382382e-16       8.505992079558e-17       4.351188052544e-17 
 1604       5.295479923593e-11       3.052336193256e-12      -9.791608440230e-13       0.000000000000e+00       8.820821057833e-16       8.351011274960e-17       4.349679333815e-17 
 1605       5.276395657321e-11       3.054223522804e-12      -1.045828894759e-12       0.000000000000e+00       8.798828083554e-16       8.198999129761e-17       4.347726893068e-17 
 1606       5.257872194488e-11       3.055729949562e-12      -1.112609347116e-12       0.000000000000e+00       8.776902261199e-16       8.049880770137e-17       4.345333978267e-17 
 1607       5.239906221600e-11       3.056856537463e-12      -1.179476405874e-12       0.000000000000e+00       8.755043389819e-16       7.903580904084e-17       4.342503859636e-17 
 1608       5.222494400311e-11       3.057604361036e-12      -1.246404147358e-12       0.000000000000e+00       8.733251265859e-16       7.760023820734e-17       4.339239829701e-17 
 1609       5.205633367371e-11       3.057974505428e-12      -1.313366519237e-12       0.000000000000e+00       8.711525683153e-16       7.619133389687e-17       4.335545203325e-17 
 1610       5.189319734593e-11       3.057968066423e-12      -1.380337340329e-12       0.000000000000e+00       8.689866432918e-16       7.480833060333e-17       4.331423317746e-17 
 1611       5.173550088801e-11       3.057586150462e-12      -1.447290300398e-12       0.000000000000e+00       8.668273303750e-16       7.345045861180e-17       4.326877532618e-17 
 1612       5.158320991791e-11       3.056829874660e-12      -1.514198959955e-12       0.000000000000e+00       8.646746081621e-16       7.211694399174e-17       4.321911230044e-17 
 1613       5.143628980291e-11       3.055700366825e-12      -1.581036750062e-12       0.000000000000e+00       8.625284549867e-16       7.080700859026e-17       4.316527814617e-17 
 1614       5.129470565909e-11       3.054198765482e-12      -1.647776972129e-12       0.000000000000e+00       8.603888489192e-16       6.951987002542e-17       4.310730713456e-17 
 1615       5.115842235101e-11       3.052326219885e-12      -1.714392797714e-12       0.000000000000e+00       8.582557677654e-16       6.825474167939e-17       4.304523376245e-17 
 1616       5.102740449116e-11       3.050083890043e-12      -1.780857268328e-12       0.000000000000e+00       8.561291890668e-16       6.701083269177e-17       4.297909275269e-17 
 1617       5.090161643965e-11       3.047472946734e-12      -1.847143295232e-12       0.000000000000e+00       8.540090900996e-16       6.578734795282e-17       4.290891905455e-17 
 1618       5.078102230367e-11       3.044494571528e-12      -1.913223659239e-12       0.000000000000e+00       8.518954478741e-16       6.458348809669e-17       4.283474784407e-17 
 1619       5.066558593714e-11       3.041149956805e-12      -1.979071010515e-12       0.000000000000e+00       8.497882391347e-16       6.339844949470e-17       4.275661452444e-17 
 1620       5.055527094023e-11       3.037440305771e-12      -2.044657868379e-12       0.000000000000e+00       8.476874403589e-16       6.223142424857e-17       4.267455472637e-17 
 1621       5.045004065894e-11       3.033366832483e-12      -2.109956621103e-12       0.000000000000e+00       8.455930277571e-16       6.108160018368e-17       4.258860430851e-17 
 1622       5.034985818469e-11       3.028930761865e-12      -2.174939525714e-12       0.000000000000e+00       8.435049772720e-16       5.994816084232e-17       4.249879935777e-17 
 1623       5.025468635385e-11       3.024133329725e-12      -2.239578707794e-12       0.000000000000e+00       8.414232645778e-16       5.883028547692e-17       4.240517618973e-17 
 1624       5.016448774736e-11       3.018975782780e-12      -2.303846161281e-12       0.000000000000e+00       8.393478650804e-16       5.772714904332e-17       4.230777134903e-17 
 1625       5.007922469025e-11       3.013459378669e-12      -2.367713748270e-12       0.000000000000e+00       8.372787539160e-16       5.663792219404e-17       4.220662160970e-17 
 1626       4.999885925122e-11       3.007585385978e-12      -2.431153198812e-12       0.000000000000e+00       8.352159059514e-16       5.556177127147e-17       4.210176397559e-17 
 1627       4.992335324223e-11       3.001355084254e-12      -2.494136110716e-12       0.000000000000e+00       8.331592957829e-16       5.449785830119e-17       4.199323568071e-17 
 1628       4.985266821805e-11       2.994769764027e-12      -2.556633949350e-12       0.000000000000e+00       8.311088977361e-16       5.344534098516e-17       4.188107418963e-17 
 1629       4.978676547585e-11       2.987830726830e-12      -2.618618047440e-12       0.000000000000e+00       8.290646858655e-16       5.240337269499e-17       4.176531719785e-17 
 1630       4.972560605474e-11       2.980539285215e-12      -2.680059604874e-12       0.000000000000e+00       8.270266339535e-16       5.137110246523e-17       4.164600263217e-17 
 1631       4.966915073533e-11       2.972896762776e-12      -2.740929688498e-12       0.000000000000e+00       8.249947155104e-16       5.034767498656e-17       4.152316865108e-17 
 1632       4.961736003936e-11       2.964904494167e-12      -2.801199231920e-12       0.000000000000e+00       8.229689037736e-16       4.933223059906e-17       4.139685364512e-17 
 1633       4.957019422920e-11       2.956563825117e-12      -2.860839035309e-12       0.000000000000e+00       8.209491717073e-16       4.832390528548e-17       4.126709623729e-17 
 1634       4.952761330746e-11       2.947876112457e-12      -2.919819765199e-12       0.000000000000e+00       8.189354920019e-16       4.732183066447e-17       4.113393528338e-17 
 1635       4.948957701654e-11       2.938842724132e-12      -2.978111954284e-12       0.000000000000e+00       8.169278370731e-16       4.632513398383e-17       4.099740987240e-17 
 1636       4.945603879151e-11       2.929465670739e-12      -3.035689007473e-12       0.000000000000e+00       8.149261811924e-16       4.533309506881e-17       4.085755832079e-17 
 1637       4.942692756036e-11       2.919749506259e-12      -3.092536249848e-12       0.000000000000e+00       8.129305068968e-16       4.434561871547e-17       4.071441514453e-17 
 1638       4.940216578015e-11       2.909699444357e-12      -3.148641959217e-12       0.000000000000e+00       8.109407986348e-16       4.336276650828e-17       4.056801406073e-17 
 1639       4.938167546820e-11       2.899320728463e-12      -3.203994367148e-12       0.000000000000e+00       8.089570406413e-16       4.238460024874e-17       4.041838899164e-17 
 1640       4.936537820144e-11       2.888618631814e-12      -3.258581658899e-12       0.000000000000e+00       8.069792169372e-16       4.141118195565e-17       4.026557406493e-17 
 1641       4.935319511564e-11       2.877598457504e-12      -3.312391973359e-12       0.000000000000e+00       8.050073113285e-16       4.044257386545e-17       4.010960361407e-17 
 1642       4.934504690477e-11       2.866265538534e-12      -3.365413402977e-12       0.000000000000e+00       8.030413074064e-16       3.947883843244e-17       3.995051217865e-17 
 1643       4.934085382027e-11       2.854625237855e-12      -3.417633993703e-12       0.000000000000e+00       8.010811885469e-16       3.852003832910e-17       3.978833450470e-17 
 1644       4.934053567035e-11       2.842682948418e-12      -3.469041744921e-12       0.000000000000e+00       7.991269379098e-16       3.756623644635e-17       3.962310554505e-17 
 1645       4.934401181927e-11       2.830444093221e-12      -3.519624609383e-12       0.000000000000e+00       7.971785384391e-16       3.661749589385e-17       3.945486045963e-17 
 1646       4.935120118669e-11       2.817914125357e-12      -3.569370493147e-12       0.000000000000e+00       7.952359728619e-16       3.567388000028e-17       3.928363461582e-17 
 1647       4.936202224691e-11       2.805098528060e-12      -3.618267255511e-12       0.000000000000e+00       7.932992236884e-16       3.473545231362e-17       3.910946358879e-17 
 1648       4.937639302820e-11       2.792002814757e-12      -3.666302708948e-12       0.000000000000e+00       7.913682732113e-16       3.380227660143e-17       3.893238316181e-17 
 1649       4.939423111208e-11       2.778632529107e-12      -3.713464619042e-12       0.000000000000e+00       7.894431035054e-16       3.287441685113e-17       3.875242932659e-17 
 1650       4.941545363264e-11       2.764993245058e-12      -3.759740704422e-12       0.000000000000e+00       7.875236964274e-16       3.195193727029e-17       3.856963828364e-17 
 1651       4.943997727582e-11       2.751090566888e-12      -3.805118636703e-12       0.000000000000e+00       7.856100336151e-16       3.103490228691e-17       3.838404644256e-17 
 1652       4.946771827872e-11       2.736930129254e-12      -3.849586040411e-12       0.000000000000e+00       7.837020964873e-16       3.012337654970e-17       3.819569042239e-17 
 1653       4.949859242887e-11       2.722517597243e-12      -3.893130492928e-12       0.000000000000e+00       7.817998662433e-16       2.921742492837e-17       3.800460705197e-17 
 1654       4.953251506356e-11       2.707858666414e-12      -3.935739524423e-12       0.000000000000e+00       7.799033238624e-16       2.831711251391e-17       3.781083337021e-17 
 1655       4.956940106914e-11       2.692959062850e-12      -3.977400617789e-12       0.000000000000e+00       7.780124501037e-16       2.742250461885e-17       3.761440662648e-17 
 1656       4.960916488029e-11       2.677824543202e-12      -4.018101208574e-12       0.000000000000e+00       7.761272255055e-16       2.653366677759e-17       3.741536428092e-17 
 1657       4.965172047933e-11       2.662460894739e-12      -4.057828684923e-12       0.000000000000e+00       7.742476303849e-16       2.565066474664e-17       3.721374400478e-17 
 1658       4.969698139552e-11       2.646873935395e-12      -4.096570387510e-12       0.000000000000e+00       7.723736448374e-16       2.477356450492e-17       3.700958368073e-17 
 1659       4.974486070436e-11       2.631069513816e-12      -4.134313609472e-12       0.000000000000e+00       7.705052487365e-16       2.390243225404e-17       3.680292140321e-17 
 1660       4.979527102688e-11       2.615053509408e-12      -4.171045596346e-12       0.000000000000e+00       7.686424217334e-16       2.303733441859e-17       3.659379547878e-17 
 1661       4.984812452895e-11       2.598831832383e-12      -4.206753546005e-12       0.000000000000e+00       7.667851432565e-16       2.217833764642e-17       3.638224442640e-17 
 1662       4.990333292057e-11       2.582410423811e-12      -4.241424608592e-12       0.000000000000e+00       7.649333925108e-16       2.132550880890e-17       3.616830697784e-17 
 1663       4.996080745517e-11       2.565795255660e-12      -4.275045886457e-12       0.000000000000e+00       7.630871484778e-16       2.047891500124e-17       3.595202207793e-17 
 1664       5.002045892888e-11       2.548992330850e-12      -4.307604434089e-12       0.000000000000e+00       7.612463899150e-16       1.963862354273e-17       3.573342888495e-17 
 1665       5.008219767990e-11       2.532007683299e-12      -4.339087258057e-12       0.000000000000e+00       7.594110953553e-16       1.880470197709e-17       3.551256677092e-17 
 1666       5.014593358770e-11       2.514847377968e-12      -4.369481316939e-12       0.000000000000e+00       7.575812431067e-16       1.797721807266e-17       3.528947532200e-17 
 1667       5.021157607242e-11       2.497517510912e-12      -4.398773521261e-12       0.000000000000e+00       7.557568112521e-16       1.715623982276e-17       3.506419433872e-17 
 1668       5.027903409407e-11       2.480024209325e-12      -4.426950733433e-12       0.000000000000e+00       7.539377776485e-16       1.634183544594e-17       3.483676383642e-17 
 1669       5.034821615191e-11       2.462373631587e-12      -4.453999767683e-12       0.000000000000e+00       7.521241199270e-16       1.553407338627e-17       3.460722404551e-17 
 1670       5.041903028368e-11       2.444571967316e-12      -4.479907389990e-12       0.000000000000e+00       7.503158154919e-16       1.473302231362e-17       3.437561541181e-17 
 1671       5.049138406497e-11       2.426625437410e-12      -4.504660318026e-12       0.000000000000e+00       7.485128415208e-16       1.393875112392e-17       3.414197859693e-17 
 1672       5.056518460845e-11       2.408540294097e-12      -4.528245221083e-12       0.000000000000e+00       7.467151749638e-16       1.315132893950e-17       3.390635447854e-17 
 1673       5.064033856320e-11       2.390322820982e-12      -4.550648720015e-12       0.000000000000e+00       7.449227925432e-16       1.237082510932e-17       3.366878415075e-17 
 1674       5.071675211400e-11       2.371979333098e-12      -4.571857387170e-12       0.000000000000e+00       7.431356707534e-16       1.159730920927e-17       3.342930892442e-17 
 1675       5.079433456604e-11       2.353516121705e-12      -4.591860920691e-12       0.000000000000e+00       7.413537876336e-16       1.083087084703e-17       3.318796716487e-17 
 1676       5.087300913469e-11       2.334939288096e-12      -4.610661697864e-12       0.000000000000e+00       7.395771281060e-16       1.007167926528e-17       3.294478477419e-17 
 1677       5.095270224856e-11       2.316254908437e-12      -4.628265305088e-12       0.000000000000e+00       7.378056786839e-16       9.319924259678e-18       3.269978462646e-17 
 1678       5.103333997212e-11       2.297469088922e-12      -4.644677371153e-12       0.000000000000e+00       7.360394257014e-16       8.575796422648e-18       3.245298972300e-17 
 1679       5.111484800514e-11       2.278587965821e-12      -4.659903567317e-12       0.000000000000e+00       7.342783553137e-16       7.839487144537e-18       3.220442319263e-17 
 1680       5.119715168215e-11       2.259617705520e-12      -4.673949607369e-12       0.000000000000e+00       7.325224534961e-16       7.111188614727e-18       3.195410829180e-17 
 1681       5.128017597189e-11       2.240564504571e-12      -4.686821247707e-12       0.000000000000e+00       7.307717060442e-16       6.391093822769e-18       3.170206840483e-17 
 1682       5.136384547677e-11       2.221434589735e-12      -4.698524287406e-12       0.000000000000e+00       7.290260985734e-16       5.679396559509e-18       3.144832704409e-17 
 1683       5.144808443228e-11       2.202234218027e-12      -4.709064568290e-12       0.000000000000e+00       7.272856165184e-16       4.976291418222e-18       3.119290785020e-17 
 1684       5.153281670650e-11       2.182969676761e-12      -4.718447975001e-12       0.000000000000e+00       7.255502451330e-16       4.281973795736e-18       3.093583459222e-17 
 1685       5.161796579952e-11       2.163647283596e-12      -4.726680435072e-12       0.000000000000e+00       7.238199694898e-16       3.596639893566e-18       3.067713116787e-17 
 1686       5.170345484286e-11       2.144273386582e-12      -4.733767918999e-12       0.000000000000e+00       7.220947744797e-16       2.920486719040e-18       3.041682160369e-17 
 1687       5.178920659900e-11       2.124854364202e-12      -4.739716440308e-12       0.000000000000e+00       7.203746448118e-16       2.253712086430e-18       3.015493005529e-17 
 1688       5.187514346075e-11       2.105396625420e-12      -4.744532055632e-12       0.000000000000e+00       7.186595650129e-16       1.596514618080e-18       2.989148080749e-17 
 1689       5.196118745075e-11       2.085906609725e-12      -4.748220864775e-12       0.000000000000e+00       7.169495194273e-16       9.490937455343e-19       2.962649827455e-17 
 1690       5.204726022091e-11       2.066390787178e-12      -4.750789010790e-12       0.000000000000e+00       7.152444922160e-16       3.116497106703e-19       2.936000700036e-17 
 1691       5.213328305186e-11       2.046855658452e-12      -4.752242680046e-12       0.000000000000e+00       7.135444673571e-16      -3.156164331758e-19       2.909203165865e-17 
 1692       5.221917685238e-11       2.027307754883e-12      -4.752588102299e-12       0.000000000000e+00       7.118494286451e-16      -9.325028200785e-19       2.882259705316e-17 
 1693       5.230486215888e-11       2.007753638514e-12      -4.751831550764e-12       0.000000000000e+00       7.101593596901e-16      -1.538806770393e-18       2.855172811785e-17 
 1694       5.239025913486e-11       1.988199902137e-12      -4.749979342188e-12       0.000000000000e+00       7.084742439185e-16      -2.134324789629e-18       2.827944991712e-17 
 1695       5.247528757032e-11       1.968653169340e-12      -4.747037836917e-12       0.000000000000e+00       7.067940645718e-16      -2.718852567317e-18       2.800578764596e-17 
 1696       5.255986688123e-11       1.949120094554e-12      -4.743013438969e-12       0.000000000000e+00       7.051188047063e-16      -3.292184975882e-18       2.773076663020e-17 
 1697       5.264391610900e-11       1.929607363094e-12      -4.737912596107e-12       0.000000000000e+00       7.034484471935e-16      -3.854116069514e-18       2.745441232666e-17 
 1698       5.272735391992e-11       1.910121691209e-12      -4.731741799906e-12       0.000000000000e+00       7.017829747189e-16      -4.404439083040e-18       2.717675032338e-17 
 1699       5.281009860457e-11       1.890669826124e-12      -4.724507585829e-12       0.000000000000e+00       7.001223697821e-16      -4.942946430791e-18       2.689780633979e-17 
 1700       5.289206807734e-11       1.871258546084e-12      -4.716216533292e-12       0.000000000000e+00       6.984666146966e-16      -5.469429705476e-18       2.661760622695e-17 
 1701       5.297317987585e-11       1.851894660404e-12      -4.706875265742e-12       0.000000000000e+00       6.968156915890e-16      -5.983679677052e-18       2.633617596769e-17 
 1702       5.305335116038e-11       1.832585009509e-12      -4.696490450721e-12       0.000000000000e+00       6.951695823989e-16      -6.485486291596e-18       2.605354167687e-17 
 1703       5.313249871336e-11       1.813336464983e-12      -4.685068799943e-12       0.000000000000e+00       6.935282688789e-16      -6.974638670172e-18       2.576972960150e-17 
 1704       5.321053893877e-11       1.794155929609e-12      -4.672617069362e-12       0.000000000000e+00       6.918917325936e-16      -7.450925107706e-18       2.548476612102e-17 
 1705       5.328738786165e-11       1.775050337423e-12      -4.659142059242e-12       0.000000000000e+00       6.902599549198e-16      -7.914133071856e-18       2.519867774744e-17 
 1706       5.336296112752e-11       1.756026653749e-12      -4.644650614232e-12       0.000000000000e+00       6.886329170460e-16      -8.364049201879e-18       2.491149112557e-17 
 1707       5.343717400183e-11       1.737091875252e-12      -4.629149623433e-12       0.000000000000e+00       6.870105999717e-16      -8.800459307508e-18       2.462323303318e-17 
 1708       5.350994136941e-11       1.718253029977e-12      -4.612646020472e-12       0.000000000000e+00       6.853929845079e-16      -9.223148367817e-18       2.433393038124e-17 
 1709       5.358117773394e-11       1.699517177401e-12      -4.595146783570e-12       0.000000000000e+00       6.837800512760e-16      -9.631900530097e-18       2.404361021408e-17 
 1710       5.365079721736e-11       1.680891408472e-12      -4.576658935617e-12       0.000000000000e+00       6.821717807075e-16      -1.002649910872e-17       2.375229970964e-17 
 1711       5.371871355939e-11       1.662382845655e-12      -4.557189544240e-12       0.000000000000e+00       6.805681530444e-16      -1.040672658402e-17       2.346002617958e-17 
 1712       5.378484011689e-11       1.643998642983e-12      -4.536745721874e-12       0.000000000000e+00       6.789691483379e-16      -1.077236460115e-17       2.316681706957e-17 
 1713       5.384908986341e-11       1.625745986094e-12      -4.515334625836e-12       0.000000000000e+00       6.773747464487e-16      -1.112319396897e-17       2.287269995942e-17 
 1714       5.391138489733e-11       1.607631476339e-12      -4.492965076326e-12       0.000000000000e+00       6.757849285343e-16      -1.145902502481e-17       2.257770309672e-17 
 1715       5.397168505648e-11       1.589659277247e-12      -4.469652425403e-12       0.000000000000e+00       6.741996815257e-16      -1.177978901461e-17       2.228185700216e-17 
 1716       5.402995954673e-11       1.571832952326e-12      -4.445413729719e-12       0.000000000000e+00       6.726189936883e-16      -1.208544749058e-17       2.198519287828e-17 
 1717       5.408617745522e-11       1.554156079589e-12      -4.420266136490e-12       0.000000000000e+00       6.710428531371e-16      -1.237596201627e-17       2.168774207755e-17 
 1718       5.414030775022e-11       1.536632251574e-12      -4.394226883636e-12       0.000000000000e+00       6.694712478367e-16      -1.265129416662e-17       2.138953610258e-17 
 1719       5.419231928095e-11       1.519265075364e-12      -4.367313299919e-12       0.000000000000e+00       6.679041656007e-16      -1.291140552811e-17       2.109060660634e-17 
 1720       5.424218077743e-11       1.502058172605e-12      -4.339542805075e-12       0.000000000000e+00       6.663415940917e-16      -1.315625769883e-17       2.079098539239e-17 
 1721       5.428986085030e-11       1.485015179531e-12      -4.310932909960e-12       0.000000000000e+00       6.647835208208e-16      -1.338581228865e-17       2.049070441506e-17 
 1722       5.433532799070e-11       1.468139746979e-12      -4.281501216678e-12       0.000000000000e+00       6.632299331475e-16      -1.360003091928e-17       2.018979577973e-17 
 1723       5.437855057005e-11       1.451435540412e-12      -4.251265418722e-12       0.000000000000e+00       6.616808182795e-16      -1.379887522438e-17       1.988829174300e-17 
 1724       5.441949683996e-11       1.434906239937e-12      -4.220243301114e-12       0.000000000000e+00       6.601361632720e-16      -1.398230684970e-17       1.958622471293e-17 
 1725       5.445813493200e-11       1.418555540326e-12      -4.188452740537e-12       0.000000000000e+00       6.585959550279e-16      -1.415028745320e-17       1.928362724926e-17 
 1726       5.449443285758e-11       1.402387151037e-12      -4.155911705475e-12       0.000000000000e+00       6.570601802972e-16      -1.430277870510e-17       1.898053206360e-17 
 1727       5.452835850779e-11       1.386404796231e-12      -4.122638256349e-12       0.000000000000e+00       6.555288256771e-16      -1.443974228804e-17       1.867697201970e-17 
 1728       5.455987965321e-11       1.370612214797e-12      -4.088650545654e-12       0.000000000000e+00       6.540018776110e-16      -1.456113989720e-17       1.837298013364e-17 
 1729       5.458896394380e-11       1.355013160365e-12      -4.053966818098e-12       0.000000000000e+00       6.524793223893e-16      -1.466693324035e-17       1.806858957402e-17 
 1730       5.461557890867e-11       1.339611401335e-12      -4.018605410737e-12       0.000000000000e+00       6.509611461480e-16      -1.475708403804e-17       1.776383366225e-17 
 1731       5.463969195599e-11       1.324410720887e-12      -3.982584753113e-12       0.000000000000e+00       6.494473348694e-16      -1.483155402364e-17       1.745874587271e-17 
 1732       5.466127037276e-11       1.309414917008e-12      -3.945923367390e-12       0.000000000000e+00       6.479378743809e-16      -1.489030494349e-17       1.715335983297e-17 
 1733       5.468028132472e-11       1.294627802512e-12      -3.908639868493e-12       0.000000000000e+00       6.464327503556e-16      -1.493329855701e-17       1.684770932405e-17 
 1734       5.469669185613e-11       1.280053205055e-12      -3.870752964244e-12       0.000000000000e+00       6.449319483113e-16      -1.496049663678e-17       1.654182828061e-17 
 1735       5.471046888965e-11       1.265694967158e-12      -3.832281455500e-12       0.000000000000e+00       6.434354536109e-16      -1.497186096869e-17       1.623575079118e-17 
 1736       5.472157922616e-11       1.251556946230e-12      -3.793244236287e-12       0.000000000000e+00       6.419432514615e-16      -1.496735335203e-17       1.592951109836e-17 
 1737       5.472998954458e-11       1.237643014583e-12      -3.753660293941e-12       0.000000000000e+00       6.404553269143e-16      -1.494693559958e-17       1.562314359905e-17 
 1738       5.473566640176e-11       1.223957059452e-12      -3.713548709244e-12       0.000000000000e+00       6.389716648648e-16      -1.491056953778e-17       1.531668284468e-17 
 1739       5.473857623228e-11       1.210502983022e-12      -3.672928656560e-12       0.000000000000e+00       6.374922500518e-16      -1.485821700677e-17       1.501016354144e-17 
 1740       5.473868534828e-11       1.197284702438e-12      -3.631819403972e-12       0.000000000000e+00       6.360170670575e-16      -1.478983986056e-17       1.470362055043e-17 
 1741       5.473595993936e-11       1.184306149833e-12      -3.590240313420e-12       0.000000000000e+00       6.345461003073e-16      -1.470539996708e-17       1.439708888798e-17 
 1742       5.473036607235e-11       1.171571272344e-12      -3.548210840841e-12       0.000000000000e+00       6.330793340695e-16      -1.460485920837e-17       1.409060372578e-17 
 1743       5.472186969117e-11       1.159084032133e-12      -3.505750536298e-12       0.000000000000e+00       6.316167524546e-16      -1.448817948060e-17       1.378420039115e-17 
 1744       5.471043661669e-11       1.146848406407e-12      -3.462879044125e-12       0.000000000000e+00       6.301583394157e-16      -1.435532269426e-17       1.347791436725e-17 
 1745       5.469603254655e-11       1.134868387440e-12      -3.419616103062e-12       0.000000000000e+00       6.287040787477e-16      -1.420625077422e-17       1.317178129329e-17 
 1746       5.467862305502e-11       1.123147982587e-12      -3.375981546390e-12       0.000000000000e+00       6.272539540872e-16      -1.404092565984e-17       1.286583696474e-17 
 1747       5.465817359279e-11       1.111691214312e-12      -3.331995302068e-12       0.000000000000e+00       6.258079489122e-16      -1.385930930514e-17       1.256011733359e-17 
 1748       5.463464948689e-11       1.100502120202e-12      -3.287677392875e-12       0.000000000000e+00       6.243660465421e-16      -1.366136367882e-17       1.225465850851e-17 
 1749       5.460801594043e-11       1.089584752989e-12      -3.243047936541e-12       0.000000000000e+00       6.229282301369e-16      -1.344705076445e-17       1.194949675511e-17 
 1750       5.457823803254e-11       1.078943180570e-12      -3.198127145888e-12       0.000000000000e+00       6.214944826972e-16      -1.321633256053e-17       1.164466849617e-17 
 1751       5.454528071812e-11       1.068581486029e-12      -3.152935328964e-12       0.000000000000e+00       6.200647870642e-16      -1.296917108062e-17       1.134021031181e-17 
 1752       5.450910882774e-11       1.058503767653e-12      -3.107492889186e-12       0.000000000000e+00       6.186391259189e-16      -1.270552835347e-17       1.103615893975e-17 
 1753       5.446969636003e-11       1.048713360321e-12      -3.061819759968e-12       0.000000000000e+00       6.172174830351e-16      -1.242541070902e-17       1.073254872252e-17 
 1754       5.442705444406e-11       1.039210492521e-12      -3.015933703209e-12       0.000000000000e+00       6.157998470497e-16      -1.212900204053e-17       1.042940392537e-17 
 1755       5.438120361002e-11       1.029994609814e-12      -2.969851996879e-12       0.000000000000e+00       6.143862077232e-16      -1.181653165506e-17       1.012674635469e-17 
 1756       5.433216451809e-11       1.021065151684e-12      -2.923591999346e-12       0.000000000000e+00       6.129765546894e-16      -1.148823009032e-17       9.824597905292e-18 
 1757       5.427995795858e-11       1.012421551527e-12      -2.877171149491e-12       0.000000000000e+00       6.115708774552e-16      -1.114432911651e-17       9.522980560505e-18 
 1758       5.422460485219e-11       1.004063236641e-12      -2.830606966824e-12       0.000000000000e+00       6.101691654006e-16      -1.078506173814e-17       9.221916392329e-18 
 1759       5.416612625018e-11       9.959896282130e-13      -2.783917051598e-12       0.000000000000e+00       6.087714077779e-16      -1.041066219590e-17       8.921427561536e-18 
 1760       5.410454333457e-11       9.882001413135e-13      -2.737119084925e-12       0.000000000000e+00       6.073775937119e-16      -1.002136596850e-17       8.621536317792e-18 
 1761       5.403987741834e-11       9.806941848820e-13      -2.690230828888e-12       0.000000000000e+00       6.059877121998e-16      -9.617409774476e-18       8.322264999780e-18 
 1762       5.397214994567e-11       9.734711617182e-13      -2.643270126661e-12       0.000000000000e+00       6.046017521104e-16      -9.199031574055e-18       8.023636035316e-18 
 1763       5.390138249210e-11       9.665304684712e-13      -2.596254902620e-12       0.000000000000e+00       6.032197021847e-16      -8.766470570988e-18       7.725671941469e-18 
 1764       5.382759676472e-11       9.598714956297e-13      -2.549203162460e-12       0.000000000000e+00       6.018415510346e-16      -8.319967214385e-18       7.428395324681e-18 
 1765       5.375081460244e-11       9.534936275110e-13      -2.502132993308e-12       0.000000000000e+00       6.004672871439e-16      -7.859763200558e-18       7.131828880885e-18 
 1766       5.367105797611e-11       9.473962422509e-13      -2.455062563842e-12       0.000000000000e+00       5.990968988669e-16      -7.386101474858e-18       6.835995395625e-18 
 1767       5.358834898879e-11       9.415787117933e-13      -2.408010124402e-12       0.000000000000e+00       5.977303744292e-16      -6.899226233515e-18       6.540917744177e-18 
 1768       5.350270987590e-11       9.360404018798e-13      -2.360994007106e-12       0.000000000000e+00       5.963677019266e-16      -6.399382925473e-18       6.246618891667e-18 
 1769       5.341416300545e-11       9.307806720393e-13      -2.314032625966e-12       0.000000000000e+00       5.950088693255e-16      -5.886818254235e-18       5.953121893188e-18 
 1770       5.332273087826e-11       9.257988755774e-13      -2.267144477003e-12       0.000000000000e+00       5.936538644623e-16      -5.361780179696e-18       5.660449893924e-18 
 1771       5.322843612809e-11       9.210943595667e-13      -2.220348138362e-12       0.000000000000e+00       5.923026750434e-16      -4.824517919984e-18       5.368626129265e-18 
 1772       5.313130152194e-11       9.166664648355e-13      -2.173662270426e-12       0.000000000000e+00       5.909552886449e-16      -4.275281953302e-18       5.077673924930e-18 
 1773       5.303134996016e-11       9.125145259581e-13      -2.127105615932e-12       0.000000000000e+00       5.896116927123e-16      -3.714324019760e-18       4.787616697083e-18 
 1774       5.292860447673e-11       9.086378712441e-13      -2.080697000085e-12       0.000000000000e+00       5.882718745604e-16      -3.141897123220e-18       4.498477952454e-18 
 1775       5.282308823938e-11       9.050358227282e-13      -2.034455330675e-12       0.000000000000e+00       5.869358213728e-16      -2.558255533131e-18       4.210281288460e-18 
 1776       5.271482454989e-11       9.017076961595e-13      -1.988399598189e-12       0.000000000000e+00       5.856035202022e-16      -1.963654786371e-18       3.923050393320e-18 
 1777       5.260383684421e-11       8.986528009916e-13      -1.942548875930e-12       0.000000000000e+00       5.842749579695e-16      -1.358351689082e-18       3.636809046178e-18 
 1778       5.249014869268e-11       8.958704403718e-13      -1.896922320129e-12       0.000000000000e+00       5.829501214642e-16      -7.426043185120e-19       3.351581117223e-18 
 1779       5.237378380026e-11       8.933599111309e-13      -1.851539170060e-12       0.000000000000e+00       5.816289973438e-16      -1.166720248517e-19       3.067390567803e-18 
 1780       5.225476600671e-11       8.911205037727e-13      -1.806418748157e-12       0.000000000000e+00       5.803115721336e-16       5.191845669253e-19       2.784261450550e-18 
 1781       5.213311928681e-11       8.891515024638e-13      -1.761580460127e-12       0.000000000000e+00       5.789978322265e-16       1.164703555224e-18       2.502217909498e-18 
 1782       5.200886775052e-11       8.874521850231e-13      -1.717043795067e-12       0.000000000000e+00       5.776877638830e-16       1.819621759991e-18       2.221284180200e-18 
 1783       5.188203564323e-11       8.860218229113e-13      -1.672828325578e-12       0.000000000000e+00       5.763813532307e-16       2.483674720871e-18       1.941484589849e-18 
 1784       5.175264734594e-11       8.848596812207e-13      -1.628953707879e-12       0.000000000000e+00       5.750785862641e-16       3.156596695375e-18       1.662843557398e-18 
 1785       5.162072737546e-11       8.839650186650e-13      -1.585439681923e-12       0.000000000000e+00       5.737794488444e-16       3.838120657035e-18       1.385385593677e-18 
 1786       5.148630038462e-11       8.833370875682e-13      -1.542306071514e-12       0.000000000000e+00       5.724839266995e-16       4.527978293569e-18       1.109135301516e-18 
 1787       5.134939116245e-11       8.829751338552e-13      -1.499572784419e-12       0.000000000000e+00       5.711920054233e-16       5.225900005040e-18       8.341173758612e-19 
 1788       5.121002463443e-11       8.828783970405e-13      -1.457259812484e-12       0.000000000000e+00       5.699036704759e-16       5.931614902021e-18       5.603566038946e-19 
 1789       5.106822586264e-11       8.830461102184e-13      -1.415387231749e-12       0.000000000000e+00       5.686189071833e-16       6.644850803749e-18       2.878778651549e-19 
 1790       5.092402004598e-11       8.834775000525e-13      -1.373975202563e-12       0.000000000000e+00       5.673377007370e-16       7.365334236295e-18       1.670613165596e-20 
 1791       5.077743252040e-11       8.841717867651e-13      -1.333043969701e-12       0.000000000000e+00       5.660600361937e-16       8.092790430718e-18      -2.531335319941e-19 
 1792       5.062849291355e-11       8.851276961357e-13      -1.292611789326e-12       0.000000000000e+00       5.647858995419e-16       8.826924419439e-18      -5.216168771942e-19 
 1793       5.047724764565e-11       8.863419911592e-13      -1.252688691145e-12       0.000000000000e+00       5.635152809095e-16       9.567364160259e-18      -7.887232055080e-19 
 1794       5.032374753115e-11       8.878109283765e-13      -1.213282665549e-12       0.000000000000e+00       5.622481713818e-16       1.031371694424e-17      -1.054432656595e-18 
 1795       5.016804363380e-11       8.895307447494e-13      -1.174401732173e-12       0.000000000000e+00       5.609845619370e-16       1.106558825278e-17      -1.318725301432e-18 
 1796       5.001018726706e-11       8.914976576315e-13      -1.136053939933e-12       0.000000000000e+00       5.597244434464e-16       1.182258175510e-17      -1.581581142225e-18 
 1797       4.985022999443e-11       8.937078647398e-13      -1.098247367069e-12       0.000000000000e+00       5.584678066739e-16       1.258429930567e-17      -1.842980112327e-18 
 1798       4.968822362981e-11       8.961575441262e-13      -1.060990121175e-12       0.000000000000e+00       5.572146422757e-16       1.335034094168e-17      -2.102902076152e-18 
 1799       4.952422023786e-11       8.988428541485e-13      -1.024290339244e-12       0.000000000000e+00       5.559649408007e-16       1.412030488049e-17      -2.361326829087e-18 
 1800       4.935827213436e-11       9.017599334424e-13      -9.881561877000e-13       0.000000000000e+00       5.547186926896e-16       1.489378751707e-17      -2.618234097410e-18 
 1801       4.919043188655e-11       9.049049008923e-13      -9.525958624395e-13       0.000000000000e+00       5.534758882753e-16       1.567038342151e-17      -2.873603538201e-18 
 1802       4.902075231352e-11       9.082738556030e-13      -9.176175888663e-13       0.000000000000e+00       5.522365177824e-16       1.644968533639e-17      -3.127414739261e-18 
 1803       4.884928648653e-11       9.118628768711e-13      -8.832296219305e-13       0.000000000000e+00       5.510005713269e-16       1.723128417432e-17      -3.379647219022e-18 
 1804       4.867608772940e-11       9.156680241562e-13      -8.494402461660e-13       0.000000000000e+00       5.497680389164e-16       1.801476901533e-17      -3.630280426466e-18 
 1805       4.850120961883e-11       9.196853370525e-13      -8.162577757278e-13       0.000000000000e+00       5.485389104496e-16       1.879972710436e-17      -3.879293741037e-18 
 1806       4.832470598479e-11       9.239108352601e-13      -7.836905544297e-13       0.000000000000e+00       5.473131757163e-16       1.958574384871e-17      -4.126666472555e-18 
 1807       4.814663091088e-11       9.283405185564e-13      -7.517469557821e-13       0.000000000000e+00       5.460908243969e-16       2.037240281550e-17      -4.372377861132e-18 
 1808       4.796703873464e-11       9.329703667673e-13      -7.204353830295e-13       0.000000000000e+00       5.448718460628e-16       2.115928572910e-17      -4.616407077086e-18 
 1809       4.778598404797e-11       9.377963397390e-13      -6.897642691879e-13       0.000000000000e+00       5.436562301754e-16       2.194597246862e-17      -4.858733220858e-18 
 1810       4.760352169743e-11       9.428143773091e-13      -6.597420770826e-13       0.000000000000e+00       5.424439660868e-16       2.273204106534e-17      -5.099335322922e-18 
 1811       4.741970678466e-11       9.480203992781e-13      -6.303772993858e-13       0.000000000000e+00       5.412350430389e-16       2.351706770017e-17      -5.338192343703e-18 
 1812       4.723459466665e-11       9.534103053805e-13      -6.016784586542e-13       0.000000000000e+00       5.400294501636e-16       2.430062670112e-17      -5.575283173492e-18 
 1813       4.704824095619e-11       9.589799752568e-13      -5.736541073667e-13       0.000000000000e+00       5.388271764823e-16       2.508229054073e-17      -5.810586632356e-18 
 1814       4.686070152216e-11       9.647252684243e-13      -5.463128279615e-13       0.000000000000e+00       5.376282109063e-16       2.586162983356e-17      -6.044081470060e-18 
 1815       4.667203248993e-11       9.706420242486e-13      -5.196632328745e-13       0.000000000000e+00       5.364325422358e-16       2.663821333360e-17      -6.275746365974e-18 
 1816       4.648229024168e-11       9.767260619155e-13      -4.937139645764e-13       0.000000000000e+00       5.352401591605e-16       2.741160793178e-17      -6.505559928994e-18 
 1817       4.629153141678e-11       9.829731804016e-13      -4.684736956102e-13       0.000000000000e+00       5.340510502588e-16       2.818137865336e-17      -6.733500697452e-18 
 1818       4.609981291216e-11       9.893791584463e-13      -4.439511286291e-13       0.000000000000e+00       5.328652039978e-16       2.894708865544e-17      -6.959547139032e-18 
 1819       4.590719188262e-11       9.959397545230e-13      -4.201549964342e-13       0.000000000000e+00       5.316826087336e-16       2.970829922441e-17      -7.183677650687e-18 
 1820       4.571372574124e-11       1.002650706810e-12      -3.970940620116e-13       0.000000000000e+00       5.305032527102e-16       3.046456977335e-17      -7.405870558549e-18 
 1821       4.551947215971e-11       1.009507733164e-12      -3.747771185706e-13       0.000000000000e+00       5.293271240601e-16       3.121545783958e-17      -7.626104117849e-18 
 1822       4.532448906868e-11       1.016506531087e-12      -3.532129895809e-13       0.000000000000e+00       5.281542108036e-16       3.196051908201e-17      -7.844356512826e-18 
 1823       4.512883465812e-11       1.023642777703e-12      -3.324105288102e-13       0.000000000000e+00       5.269845008491e-16       3.269930727868e-17      -8.060605856646e-18 
 1824       4.493256737772e-11       1.030912129725e-12      -3.123786203621e-13       0.000000000000e+00       5.258179819923e-16       3.343137432418e-17      -8.274830191316e-18 
 1825       4.473574593718e-11       1.038310223432e-12      -2.931261787136e-13       0.000000000000e+00       5.246546419167e-16       3.415627022708e-17      -8.487007487594e-18 
 1826       4.453842930661e-11       1.045832674631e-12      -2.746621487523e-13       0.000000000000e+00       5.234944681927e-16       3.487354310745e-17      -8.697115644911e-18 
 1827       4.434067671686e-11       1.053475078640e-12      -2.569955058148e-13       0.000000000000e+00       5.223374482781e-16       3.558273919425e-17      -8.905132491279e-18 
 1828       4.414254765992e-11       1.061233010248e-12      -2.401352557235e-13       0.000000000000e+00       5.211835695174e-16       3.628340282283e-17      -9.111035783211e-18 
 1829       4.394410188924e-11       1.069102023697e-12      -2.240904348246e-13       0.000000000000e+00       5.200328191419e-16       3.697507643236e-17      -9.314803205631e-18 
 1830       4.374539942008e-11       1.077077652644e-12      -2.088701100259e-13       0.000000000000e+00       5.188851842692e-16       3.765730056330e-17      -9.516412371792e-18 
 1831       4.354649824094e-11       1.085155424655e-12      -1.944811617044e-13       0.000000000000e+00       5.177406527954e-16       3.832973357846e-17      -9.715843212467e-18 
 1832       4.334744742707e-11       1.093330904838e-12      -1.809216129812e-13       0.000000000000e+00       5.165992160774e-16       3.899251187750e-17      -9.913085164581e-18 
 1833       4.314829397259e-11       1.101599652502e-12      -1.681872472075e-13       0.000000000000e+00       5.154608662716e-16       3.964589255634e-17      -1.010813003986e-17 
 1834       4.294908507477e-11       1.109957206640e-12      -1.562738202128e-13       0.000000000000e+00       5.143255954434e-16       4.029013394653e-17      -1.030096964079e-17 
 1835       4.274986813430e-11       1.118399085903e-12      -1.451770602631e-13       0.000000000000e+00       5.131933955674e-16       4.092549561707e-17      -1.049159576057e-17 
 1836       4.255069075554e-11       1.126920788572e-12      -1.348926680194e-13       0.000000000000e+00       5.120642585270e-16       4.155223837611e-17      -1.068000018315e-17 
 1837       4.235160074681e-11       1.135517792530e-12      -1.254163164956e-13       0.000000000000e+00       5.109381761142e-16       4.217062427267e-17      -1.086617468324e-17 
 1838       4.215264612067e-11       1.144185555234e-12      -1.167436510173e-13       0.000000000000e+00       5.098151400296e-16       4.278091659843e-17      -1.105011102626e-17 
 1839       4.195387509420e-11       1.152919513685e-12      -1.088702891795e-13       0.000000000000e+00       5.086951418825e-16       4.338337988943e-17      -1.123180096841e-17 
 1840       4.175533608925e-11       1.161715084405e-12      -1.017918208055e-13       0.000000000000e+00       5.075781731900e-16       4.397827992779e-17      -1.141123625658e-17 
 1841       4.155707773274e-11       1.170567663402e-12      -9.550380790488e-14       0.000000000000e+00       5.064642253777e-16       4.456588374351e-17      -1.158840862846e-17 
 1842       4.135914885692e-11       1.179472626147e-12      -9.000178463159e-14       0.000000000000e+00       5.053532897788e-16       4.514645961617e-17      -1.176330981243e-17 
 1843       4.116159849965e-11       1.188425327543e-12      -8.528125724264e-14       0.000000000000e+00       5.042453576345e-16       4.572027707665e-17      -1.193593152765e-17 
 1844       4.096447590469e-11       1.197421101899e-12      -8.133770405614e-14       0.000000000000e+00       5.031404200936e-16       4.628760690891e-17      -1.210626548400e-17 
 1845       4.076783052193e-11       1.206455262902e-12      -7.816657540968e-14       0.000000000000e+00       5.020384682124e-16       4.684872115170e-17      -1.227430338211e-17 
 1846       4.057171200774e-11       1.215523103587e-12      -7.576329361858e-14       0.000000000000e+00       5.009394929544e-16       4.740389310031e-17      -1.244003691336e-17 
 1847       4.037617022517e-11       1.224619896309e-12      -7.412325293419e-14       0.000000000000e+00       4.998434851903e-16       4.795339730830e-17      -1.260345775984e-17 
 1848       4.018125524426e-11       1.233740892717e-12      -7.324181950219e-14       0.000000000000e+00       4.987504356979e-16       4.849750958925e-17      -1.276455759443e-17 
 1849       3.998701734232e-11       1.242881323725e-12      -7.311433132088e-14       0.000000000000e+00       4.976603351618e-16       4.903650701849e-17      -1.292332808071e-17 
 1850       3.979350700420e-11       1.252036399482e-12      -7.373609819943e-14       0.000000000000e+00       4.965731741733e-16       4.957066793484e-17      -1.307976087303e-17 
 1851       3.960077492254e-11       1.261201309348e-12      -7.510240171623e-14       0.000000000000e+00       4.954889432302e-16       5.010027194234e-17      -1.323384761647e-17 
 1852       3.940887199810e-11       1.270371221861e-12      -7.720849517711e-14       0.000000000000e+00       4.944076327366e-16       5.062559991200e-17      -1.338557994685e-17 
 1853       3.921784933997e-11       1.279541284713e-12      -8.004960357371e-14       0.000000000000e+00       4.933292330031e-16       5.114693398355e-17      -1.353494949075e-17 
 1854       3.902775826590e-11       1.288706624718e-12      -8.362092354169e-14       0.000000000000e+00       4.922537342462e-16       5.166455756713e-17      -1.368194786546e-17 
 1855       3.883865030255e-11       1.297862347790e-12      -8.791762331907e-14       0.000000000000e+00       4.911811265883e-16       5.217875534509e-17      -1.382656667905e-17 
 1856       3.865057718575e-11       1.307003538908e-12      -9.293484270451e-14       0.000000000000e+00       4.901114000576e-16       5.268981327370e-17      -1.396879753032e-17 
 1857       3.846359086081e-11       1.316125262091e-12      -9.866769301557e-14       0.000000000000e+00       4.890445445880e-16       5.319801858486e-17      -1.410863200879e-17 
 1858       3.827774348278e-11       1.325222560372e-12      -1.051112570470e-13       0.000000000000e+00       4.879805500186e-16       5.370365978790e-17      -1.424606169475e-17 
 1859       3.809308741671e-11       1.334290455767e-12      -1.122605890292e-13       0.000000000000e+00       4.869194060940e-16       5.420702667125e-17      -1.438107815923e-17 
 1860       3.790967523794e-11       1.343323949245e-12      -1.201107145861e-13       0.000000000000e+00       4.858611024639e-16       5.470841030425e-17      -1.451367296400e-17 
 1861       3.772755973238e-11       1.352318020707e-12      -1.286566306939e-13       0.000000000000e+00       4.848056286831e-16       5.520810303881e-17      -1.464383766157e-17 
 1862       3.754679389677e-11       1.361267628951e-12      -1.378933056392e-13       0.000000000000e+00       4.837529742110e-16       5.570639851122e-17      -1.477156379518e-17 
 1863       3.736743093899e-11       1.370167711646e-12      -1.478156789770e-13       0.000000000000e+00       4.827031284118e-16       5.620359164384e-17      -1.489684289885e-17 
 1864       3.718952427827e-11       1.379013185307e-12      -1.584186614895e-13       0.000000000000e+00       4.816560805542e-16       5.669997864687e-17      -1.501966649731e-17 
 1865       3.701312754552e-11       1.387798945261e-12      -1.696971351441e-13       0.000000000000e+00       4.806118198113e-16       5.719585702006e-17      -1.514002610604e-17 
 1866       3.683829458360e-11       1.396519865624e-12      -1.816459530516e-13       0.000000000000e+00       4.795703352604e-16       5.769152555447e-17      -1.525791323129e-17 
 1867       3.666507944758e-11       1.405170799271e-12      -1.942599394247e-13       0.000000000000e+00       4.785316158827e-16       5.818728433419e-17      -1.537331937001e-17 
 1868       3.649353640499e-11       1.413746577808e-12      -2.075338895362e-13       0.000000000000e+00       4.774956505635e-16       5.868343473810e-17      -1.548623600993e-17 
 1869       3.632371993618e-11       1.422242011543e-12      -2.214625696773e-13       0.000000000000e+00       4.764624280918e-16       5.918027944159e-17      -1.559665462951e-17 
 1870       3.615567847809e-11       1.430652323667e-12      -2.360395820970e-13       0.000000000000e+00       4.754319379790e-16       5.967805446026e-17      -1.570456529891e-17 
 1871       3.598943560190e-11       1.438974456554e-12      -2.512539501932e-13       0.000000000000e+00       4.744041729233e-16       6.017672469603e-17      -1.580995247091e-17 
 1872       3.582500868867e-11       1.447205775629e-12      -2.670935065146e-13       0.000000000000e+00       4.733791263641e-16       6.067618679442e-17      -1.591279915707e-17 
 1873       3.566241517243e-11       1.455343636073e-12      -2.835460252724e-13       0.000000000000e+00       4.723567916651e-16       6.117633695681e-17      -1.601308832369e-17 
 1874       3.550167254024e-11       1.463385382808e-12      -3.005992222603e-13       0.000000000000e+00       4.713371621140e-16       6.167707093980e-17      -1.611080289181e-17 
 1875       3.534279833228e-11       1.471328350491e-12      -3.182407547736e-13       0.000000000000e+00       4.703202309227e-16       6.217828405462e-17      -1.620592573713e-17 
 1876       3.518581014184e-11       1.479169863492e-12      -3.364582215285e-13       0.000000000000e+00       4.693059912265e-16       6.267987116657e-17      -1.629843968996e-17 
 1877       3.503072561547e-11       1.486907235888e-12      -3.552391625814e-13       0.000000000000e+00       4.682944360846e-16       6.318172669441e-17      -1.638832753521e-17 
 1878       3.487756245296e-11       1.494537771445e-12      -3.745710592487e-13       0.000000000000e+00       4.672855584797e-16       6.368374460976e-17      -1.647557201230e-17 
 1879       3.472633840745e-11       1.502058763607e-12      -3.944413340255e-13       0.000000000000e+00       4.662793513179e-16       6.418581843650e-17      -1.656015581514e-17 
 1880       3.457707128547e-11       1.509467495482e-12      -4.148373505054e-13       0.000000000000e+00       4.652758074286e-16       6.468784125021e-17      -1.664206159205e-17 
 1881       3.442977894703e-11       1.516761239832e-12      -4.357464132998e-13       0.000000000000e+00       4.642749195644e-16       6.518970567756e-17      -1.672127194575e-17 
 1882       3.428447930563e-11       1.523937259052e-12      -4.571557679572e-13       0.000000000000e+00       4.632766804009e-16       6.569130389570e-17      -1.679776943329e-17 
 1883       3.414119032836e-11       1.530992805167e-12      -4.790526008826e-13       0.000000000000e+00       4.622810825365e-16       6.619252763169e-17      -1.687153656601e-17 
 1884       3.399993003595e-11       1.537925119810e-12      -5.014240392569e-13       0.000000000000e+00       4.612881184926e-16       6.669326816190e-17      -1.694255580948e-17 
 1885       3.386071650282e-11       1.544731434213e-12      -5.242571509559e-13       0.000000000000e+00       4.602977807130e-16       6.719341631143e-17      -1.701080958348e-17 
 1886       3.372356785715e-11       1.551408969196e-12      -5.475389444703e-13       0.000000000000e+00       4.593100615643e-16       6.769286245349e-17      -1.707628026191e-17 
 1887       3.358850228097e-11       1.557954935147e-12      -5.712563688246e-13       0.000000000000e+00       4.583249533352e-16       6.819149650883e-17      -1.713895017277e-17 
 1888       3.345553801014e-11       1.564366532015e-12      -5.953963134965e-13       0.000000000000e+00       4.573424482369e-16       6.868920794513e-17      -1.719880159813e-17 
 1889       3.332469333450e-11       1.570640949295e-12      -6.199456083365e-13       0.000000000000e+00       4.563625384026e-16       6.918588577643e-17      -1.725581677402e-17 
 1890       3.319598659788e-11       1.576775366013e-12      -6.448910234869e-13       0.000000000000e+00       4.553852158876e-16       6.968141856254e-17      -1.730997789047e-17 
 1891       3.306943619817e-11       1.582766950716e-12      -6.702192693016e-13       0.000000000000e+00       4.544104726691e-16       7.017569440839e-17      -1.736126709137e-17 
 1892       3.294506058739e-11       1.588612861455e-12      -6.959169962649e-13       0.000000000000e+00       4.534383006458e-16       7.066860096352e-17      -1.740966647448e-17 
 1893       3.282287827174e-11       1.594310245776e-12      -7.219707949115e-13       0.000000000000e+00       4.524686916385e-16       7.116002542143e-17      -1.745515809139e-17 
 1894       3.270290781166e-11       1.599856240703e-12      -7.483671957454e-13       0.000000000000e+00       4.515016373891e-16       7.164985451901e-17      -1.749772394741e-17 
 1895       3.258516782189e-11       1.605247972726e-12      -7.750926691594e-13       0.000000000000e+00       4.505371295610e-16       7.213797453594e-17      -1.753734600159e-17 
 1896       3.246967697155e-11       1.610482557790e-12      -8.021336253544e-13       0.000000000000e+00       4.495751597389e-16       7.262427129411e-17      -1.757400616665e-17 
 1897       3.235645398418e-11       1.615557101280e-12      -8.294764142590e-13       0.000000000000e+00       4.486157194286e-16       7.310863015699e-17      -1.760768630890e-17 
 1898       3.224551763781e-11       1.620468698006e-12      -8.571073254485e-13       0.000000000000e+00       4.476588000569e-16       7.359093602909e-17      -1.763836824823e-17 
 1899       3.213688676500e-11       1.625214432193e-12      -8.850125880645e-13       0.000000000000e+00       4.467043929714e-16       7.407107335534e-17      -1.766603375806e-17 
 1900       3.203058025293e-11       1.629791377466e-12      -9.131783707343e-13       0.000000000000e+00       4.457524894405e-16       7.454892612050e-17      -1.769066456528e-17 
 1901       3.192661704346e-11       1.634196596838e-12      -9.415907814900e-13       0.000000000000e+00       4.448030806531e-16       7.502437784856e-17      -1.771224235018e-17 
 1902       3.182501613316e-11       1.638427142695e-12      -9.702358676882e-13       0.000000000000e+00       4.438561577188e-16       7.549731160216e-17      -1.773074874646e-17 
 1903       3.172579657339e-11       1.642480056785e-12      -9.990996159290e-13       0.000000000000e+00       4.429117116674e-16       7.596760998198e-17      -1.774616534114e-17 
 1904       3.162897747036e-11       1.646352370202e-12      -1.028167951976e-12       0.000000000000e+00       4.419697334489e-16       7.643515512618e-17      -1.775847367450e-17 
 1905       3.153457798521e-11       1.650041103377e-12      -1.057426740674e-12       0.000000000000e+00       4.410302139336e-16       7.689982870978e-17      -1.776765524007e-17 
 1906       3.144261733402e-11       1.653543266059e-12      -1.086861785871e-12       0.000000000000e+00       4.400931439114e-16       7.736151194407e-17      -1.777369148458e-17 
 1907       3.135311478793e-11       1.656855857307e-12      -1.116458830336e-12       0.000000000000e+00       4.391585140925e-16       7.782008557601e-17      -1.777656380787e-17 
 1908       3.126608967315e-11       1.659975865476e-12      -1.146203555677e-12       0.000000000000e+00       4.382263151065e-16       7.827542988768e-17      -1.777625356288e-17 
 1909       3.118155527251e-11       1.662900823992e-12      -1.176081963790e-12       0.000000000000e+00       4.372965381265e-16       7.872743302609e-17      -1.777276016877e-17 
 1910       3.109950047877e-11       1.665630483374e-12      -1.206081524559e-12       0.000000000000e+00       4.363691767457e-16       7.917601606374e-17      -1.776615560224e-17 
 1911       3.101990800076e-11       1.668165152008e-12      -1.236190036791e-12       0.000000000000e+00       4.354442251150e-16       7.962110812906e-17      -1.775653032388e-17 
 1912       3.094276044902e-11       1.670505141520e-12      -1.266395247422e-12       0.000000000000e+00       4.345216773201e-16       8.006263809302e-17      -1.774397520341e-17 
 1913       3.086804033566e-11       1.672650766785e-12      -1.296684851449e-12       0.000000000000e+00       4.336015273814e-16       8.050053456883e-17      -1.772858152032e-17 
 1914       3.079573007424e-11       1.674602345932e-12      -1.327046491862e-12       0.000000000000e+00       4.326837692542e-16       8.093472591164e-17      -1.771044096434e-17 
 1915       3.072581197959e-11       1.676360200345e-12      -1.357467759575e-12       0.000000000000e+00       4.317683968284e-16       8.136514021822e-17      -1.768964563601e-17 
 1916       3.065826826770e-11       1.677924654674e-12      -1.387936193358e-12       0.000000000000e+00       4.308554039283e-16       8.179170532660e-17      -1.766628804726e-17 
 1917       3.059308105555e-11       1.679296036834e-12      -1.418439279769e-12       0.000000000000e+00       4.299447843125e-16       8.221434881581e-17      -1.764046112190e-17 
 1918       3.053023236103e-11       1.680474678014e-12      -1.448964453087e-12       0.000000000000e+00       4.290365316742e-16       8.263299800553e-17      -1.761225819623e-17 
 1919       3.046970410271e-11       1.681460912683e-12      -1.479499095242e-12       0.000000000000e+00       4.281306396405e-16       8.304757995575e-17      -1.758177301954e-17 
 1920       3.041147809980e-11       1.682255078592e-12      -1.510030535750e-12       0.000000000000e+00       4.272271017725e-16       8.345802146651e-17      -1.754909975469e-17 
 1921       3.035553607192e-11       1.682857516780e-12      -1.540546051640e-12       0.000000000000e+00       4.263259115657e-16       8.386424907753e-17      -1.751433297863e-17 
 1922       3.030185963902e-11       1.683268571579e-12      -1.571032867391e-12       0.000000000000e+00       4.254270624489e-16       8.426618906792e-17      -1.747756768296e-17 
 1923       3.025043032122e-11       1.683488590621e-12      -1.601478154861e-12       0.000000000000e+00       4.245305477850e-16       8.466376745585e-17      -1.743889927452e-17 
 1924       3.020122953865e-11       1.683517924841e-12      -1.631869033220e-12       0.000000000000e+00       4.236363608704e-16       8.505690999823e-17      -1.739842357585e-17 
 1925       3.015423861135e-11       1.683356928484e-12      -1.662192568882e-12       0.000000000000e+00       4.227444949352e-16       8.544554219040e-17      -1.735623682581e-17 
 1926       3.010943875909e-11       1.683005959106e-12      -1.692435775434e-12       0.000000000000e+00       4.218549431426e-16       8.582958926579e-17      -1.731243568012e-17 
 1927       3.006681110128e-11       1.682465377584e-12      -1.722585613573e-12       0.000000000000e+00       4.209676985895e-16       8.620897619565e-17      -1.726711721187e-17 
 1928       3.002633665676e-11       1.681735548118e-12      -1.752628991034e-12       0.000000000000e+00       4.200827543058e-16       8.658362768867e-17      -1.722037891211e-17 
 1929       2.998799634372e-11       1.680816838240e-12      -1.782552762525e-12       0.000000000000e+00       4.192001032545e-16       8.695346819071e-17      -1.717231869036e-17 
 1930       2.995177097954e-11       1.679709618812e-12      -1.812343729656e-12       0.000000000000e+00       4.183197383316e-16       8.731842188447e-17      -1.712303487521e-17 
 1931       2.991764128063e-11       1.678414264038e-12      -1.841988640870e-12       0.000000000000e+00       4.174416523661e-16       8.767841268913e-17      -1.707262621481e-17 
 1932       2.988558786233e-11       1.676931151465e-12      -1.871474191381e-12       0.000000000000e+00       4.165658381197e-16       8.803336426010e-17      -1.702119187746e-17 
 1933       2.985559123873e-11       1.675260661991e-12      -1.900787023098e-12       0.000000000000e+00       4.156922882867e-16       8.838319998866e-17      -1.696883145214e-17 
 1934       2.982763182256e-11       1.673403179869e-12      -1.929913724564e-12       0.000000000000e+00       4.148209954942e-16       8.872784300165e-17      -1.691564494906e-17 
 1935       2.980168992503e-11       1.671359092708e-12      -1.958840830883e-12       0.000000000000e+00       4.139519523015e-16       8.906721616115e-17      -1.686173280021e-17 
 1936       2.977774575570e-11       1.669128791486e-12      -1.987554823654e-12       0.000000000000e+00       4.130851512004e-16       8.940124206415e-17      -1.680719585991e-17 
 1937       2.975577942234e-11       1.666712670548e-12      -2.016042130903e-12       0.000000000000e+00       4.122205846149e-16       8.972984304227e-17      -1.675213540536e-17 
 1938       2.973577093077e-11       1.664111127617e-12      -2.044289127014e-12       0.000000000000e+00       4.113582449013e-16       9.005294116139e-17      -1.669665313717e-17 
 1939       2.971770018476e-11       1.661324563792e-12      -2.072282132661e-12       0.000000000000e+00       4.104981243477e-16       9.037045822139e-17      -1.664085117995e-17 
 1940       2.970154698586e-11       1.658353383561e-12      -2.100007414741e-12       0.000000000000e+00       4.096402151742e-16       9.068231575576e-17      -1.658483208281e-17 
 1941       2.968729103326e-11       1.655197994801e-12      -2.127451186306e-12       0.000000000000e+00       4.087845095328e-16       9.098843503136e-17      -1.652869881993e-17 
 1942       2.967491192365e-11       1.651858808783e-12      -2.154599606492e-12       0.000000000000e+00       4.079309995072e-16       9.128873704803e-17      -1.647255479111e-17 
 1943       2.966438915110e-11       1.648336240179e-12      -2.181438780455e-12       0.000000000000e+00       4.070796771126e-16       9.158314253833e-17      -1.641650382233e-17 
 1944       2.965570210690e-11       1.644630707068e-12      -2.207954759299e-12       0.000000000000e+00       4.062305342958e-16       9.187157196717e-17      -1.636065016627e-17 
 1945       2.964883007943e-11       1.640742630939e-12      -2.234133540013e-12       0.000000000000e+00       4.053835629350e-16       9.215394553155e-17      -1.630509850287e-17 
 1946       2.964375225401e-11       1.636672436695e-12      -2.259961065398e-12       0.000000000000e+00       4.045387548396e-16       9.243018316019e-17      -1.624995393988e-17 
 1947       2.964044771277e-11       1.632420552662e-12      -2.285423223999e-12       0.000000000000e+00       4.036961017503e-16       9.270020451322e-17      -1.619532201343e-17 
 1948       2.963889283317e-11       1.627987772801e-12      -2.310507290889e-12       0.000000000000e+00       4.028555958756e-16       9.296394933634e-17      -1.614127731846e-17 
 1949       2.963905346252e-11       1.623376346315e-12      -2.335206261974e-12       0.000000000000e+00       4.020172315068e-16       9.322143869099e-17      -1.608776914140e-17 
 1950       2.964089268438e-11       1.618588896239e-12      -2.359514552114e-12       0.000000000000e+00       4.011810034151e-16       9.347271418356e-17      -1.603471511960e-17 
 1951       2.964437341437e-11       1.613628057992e-12      -2.383426557209e-12       0.000000000000e+00       4.003469063156e-16       9.371781765303e-17      -1.598203254660e-17 
 1952       2.964945839988e-11       1.608496479390e-12      -2.406936654179e-12       0.000000000000e+00       3.995149348675e-16       9.395679117132e-17      -1.592963837168e-17 
 1953       2.965611021992e-11       1.603196820665e-12      -2.430039200938e-12       0.000000000000e+00       3.986850836735e-16       9.418967704358e-17      -1.587744919940e-17 
 1954       2.966429128484e-11       1.597731754482e-12      -2.452728536373e-12       0.000000000000e+00       3.978573472803e-16       9.441651780851e-17      -1.582538128921e-17 
 1955       2.967396383614e-11       1.592103965953e-12      -2.474998980322e-12       0.000000000000e+00       3.970317201781e-16       9.463735623875e-17      -1.577335055493e-17 
 1956       2.968508994626e-11       1.586316152656e-12      -2.496844833550e-12       0.000000000000e+00       3.962081968009e-16       9.485223534113e-17      -1.572127256438e-17 
 1957       2.969763151829e-11       1.580371024648e-12      -2.518260377728e-12       0.000000000000e+00       3.953867715258e-16       9.506119835703e-17      -1.566906253889e-17 
 1958       2.971155028585e-11       1.574271304489e-12      -2.539239875411e-12       0.000000000000e+00       3.945674386736e-16       9.526428876269e-17      -1.561663535286e-17 
 1959       2.972680781277e-11       1.568019727249e-12      -2.559777570011e-12       0.000000000000e+00       3.937501925081e-16       9.546155026956e-17      -1.556390553337e-17 
 1960       2.974336549292e-11       1.561619040531e-12      -2.579867685781e-12       0.000000000000e+00       3.929350272365e-16       9.565302682461e-17      -1.551078725963e-17 
 1961       2.976118455000e-11       1.555072004487e-12      -2.599504427787e-12       0.000000000000e+00       3.921219370091e-16       9.583876261064e-17      -1.545719436267e-17 
 1962       2.978022603726e-11       1.548381391831e-12      -2.618681981889e-12       0.000000000000e+00       3.913109159191e-16       9.601880204664e-17      -1.540304032478e-17 
 1963       2.980045083734e-11       1.541549987859e-12      -2.637394514716e-12       0.000000000000e+00       3.905019580027e-16       9.619318978806e-17      -1.534823827912e-17 
 1964       2.982181966201e-11       1.534580590463e-12      -2.655636173646e-12       0.000000000000e+00       3.896950572388e-16       9.636197072720e-17      -1.529270100931e-17 
 1965       2.984429305194e-11       1.527476010152e-12      -2.673401086780e-12       0.000000000000e+00       3.888902075493e-16       9.652518999351e-17      -1.523634094889e-17 
 1966       2.986783137654e-11       1.520239070062e-12      -2.690683362924e-12       0.000000000000e+00       3.880874027986e-16       9.668289295388e-17      -1.517907018099e-17 
 1967       2.989239483366e-11       1.512872605978e-12      -2.707477091560e-12       0.000000000000e+00       3.872866367936e-16       9.683512521300e-17      -1.512080043780e-17 
 1968       2.991794344939e-11       1.505379466348e-12      -2.723776342832e-12       0.000000000000e+00       3.864879032837e-16       9.698193261371e-17      -1.506144310015e-17 
 1969       2.994443707789e-11       1.497762512300e-12      -2.739575167515e-12       0.000000000000e+00       3.856911959609e-16       9.712336123725e-17      -1.500090919711e-17 
 1970       2.997183540109e-11       1.490024617658e-12      -2.754867596999e-12       0.000000000000e+00       3.848965084592e-16       9.725945740367e-17      -1.493910940548e-17 
 1971       3.000009792851e-11       1.482168668960e-12      -2.769647643262e-12       0.000000000000e+00       3.841038343550e-16       9.739026767208e-17      -1.487595404939e-17 
 1972       3.002918399705e-11       1.474197565473e-12      -2.783909298851e-12       0.000000000000e+00       3.833131671667e-16       9.751583884103e-17      -1.481135309986e-17 
 1973       3.005905277073e-11       1.466114219212e-12      -2.797646536854e-12       0.000000000000e+00       3.825245003547e-16       9.763621794880e-17      -1.474521617432e-17 
 1974       3.008966324049e-11       1.457921554952e-12      -2.810853310886e-12       0.000000000000e+00       3.817378273216e-16       9.775145227375e-17      -1.467745253619e-17 
 1975       3.012097422397e-11       1.449622510249e-12      -2.823523555058e-12       0.000000000000e+00       3.809531414115e-16       9.786158933464e-17      -1.460797109445e-17 
 1976       3.015294436528e-11       1.441220035456e-12      -2.835651183959e-12       0.000000000000e+00       3.801704359104e-16       9.796667689092e-17      -1.453668040317e-17 
 1977       3.018553213477e-11       1.432717093734e-12      -2.847230092633e-12       0.000000000000e+00       3.793897040460e-16       9.806676294311e-17      -1.446348866109e-17 
 1978       3.021869582884e-11       1.424116661079e-12      -2.858254156556e-12       0.000000000000e+00       3.786109389875e-16       9.816189573310e-17      -1.438830371115e-17 
 1979       3.025239356966e-11       1.415421726327e-12      -2.868717231612e-12       0.000000000000e+00       3.778341338457e-16       9.825212374445e-17      -1.431103304007e-17 
 1980       3.028658330502e-11       1.406635291180e-12      -2.878613154074e-12       0.000000000000e+00       3.770592816727e-16       9.833749570276e-17      -1.423158377790e-17 
 1981       3.032122280804e-11       1.397760370217e-12      -2.887935740577e-12       0.000000000000e+00       3.762863754619e-16       9.841806057597e-17      -1.414986269759e-17 
 1982       3.035626967700e-11       1.388799990910e-12      -2.896678788100e-12       0.000000000000e+00       3.755154081479e-16       9.849386757467e-17      -1.406577621450e-17 
 1983       3.039168133507e-11       1.379757193647e-12      -2.904836073939e-12       0.000000000000e+00       3.747463726065e-16       9.856496615247e-17      -1.397923038601e-17 
 1984       3.042741503014e-11       1.370635031741e-12      -2.912401355688e-12       0.000000000000e+00       3.739792616545e-16       9.863140600629e-17      -1.389013091106e-17 
 1985       3.046342783455e-11       1.361436571450e-12      -2.919368371216e-12       0.000000000000e+00       3.732140680496e-16       9.869323707667e-17      -1.379838312969e-17 
 1986       3.049967664490e-11       1.352164891995e-12      -2.925730838642e-12       0.000000000000e+00       3.724507844905e-16       9.875050954816e-17      -1.370389202262e-17 
 1987       3.053611989849e-11       1.342823092645e-12      -2.931484016468e-12       0.000000000000e+00       3.716894041121e-16       9.880325788285e-17      -1.360658898420e-17 
 1988       3.057272273703e-11       1.333414314003e-12      -2.936629396587e-12       0.000000000000e+00       3.709299219767e-16       9.885145279204e-17      -1.350651235784e-17 
 1989       3.060945188051e-11       1.323941716913e-12      -2.941170045794e-12       0.000000000000e+00       3.701723335940e-16       9.889504891147e-17      -1.340372749293e-17 
 1990       3.064627391384e-11       1.314408475416e-12      -2.945109048807e-12       0.000000000000e+00       3.694166344259e-16       9.893400073574e-17      -1.329830002568e-17 
 1991       3.068315528664e-11       1.304817776770e-12      -2.948449508279e-12       0.000000000000e+00       3.686628198869e-16       9.896826261819e-17      -1.319029587945e-17 
 1992       3.072006231312e-11       1.295172821463e-12      -2.951194544835e-12       0.000000000000e+00       3.679108853438e-16       9.899778877073e-17      -1.307978126516e-17 
 1993       3.075696117186e-11       1.285476823233e-12      -2.953347297086e-12       0.000000000000e+00       3.671608261156e-16       9.902253326365e-17      -1.296682268162e-17 
 1994       3.079381790567e-11       1.275733009083e-12      -2.954910921662e-12       0.000000000000e+00       3.664126374736e-16       9.904245002548e-17      -1.285148691593e-17 
 1995       3.083059842140e-11       1.265944619300e-12      -2.955888593232e-12       0.000000000000e+00       3.656663146412e-16       9.905749284285e-17      -1.273384104385e-17 
 1996       3.086726848979e-11       1.256114907468e-12      -2.956283504533e-12       0.000000000000e+00       3.649218527936e-16       9.906761536029e-17      -1.261395243015e-17 
 1997       3.090379374530e-11       1.246247140488e-12      -2.956098866390e-12       0.000000000000e+00       3.641792470584e-16       9.907277108011e-17      -1.249188872899e-17 
 1998       3.094013968590e-11       1.236344598593e-12      -2.955337907743e-12       0.000000000000e+00       3.634384925147e-16       9.907291336219e-17      -1.236771788431e-17 
 1999       3.097627167295e-11       1.226410575366e-12      -2.954003875676e-12       0.000000000000e+00       3.626995841937e-16       9.906799542388e-17      -1.224150813016e-17 
 2000       3.101215493102e-11       1.216448377756e-12      -2.952100035432e-12       0.000000000000e+00       3.619625170781e-16       9.905797033979e-17      -1.211332799110e-17 
 2001       3.104775454768e-11       1.206461326094e-12      -2.949629670449e-12       0.000000000000e+00       3.612272861023e-16       9.904279104167e-17      -1.198324628255e-17 
 2002       3.108303547338e-11       1.196452754111e-12      -2.946596082378e-12       0.000000000000e+00       3.604938861525e-16       9.902241031820e-17      -1.185133211120e-17 
 2003       3.111796252125e-11       1.186426008957e-12      -2.943002591108e-12       0.000000000000e+00       3.597623120663e-16       9.899678081489e-17      -1.171765487532e-17 
 2004       3.115250036695e-11       1.176384451210e-12      -2.938852534795e-12       0.000000000000e+00       3.590325586325e-16       9.896585503387e-17      -1.158228426517e-17 
 2005       3.118661354847e-11       1.166331454903e-12      -2.934149269882e-12       0.000000000000e+00       3.583046205918e-16       9.892958533375e-17      -1.144529026338e-17 
 2006       3.122026646599e-11       1.156270407533e-12      -2.928896171128e-12       0.000000000000e+00       3.575784926356e-16       9.888792392948e-17      -1.130674314528e-17 
 2007       3.125342338169e-11       1.146204710080e-12      -2.923096631629e-12       0.000000000000e+00       3.568541694069e-16       9.884082289214e-17      -1.116671347930e-17 
 2008       3.128604841960e-11       1.136137777026e-12      -2.916754062847e-12       0.000000000000e+00       3.561316454997e-16       9.878823414883e-17      -1.102527212733e-17 
 2009       3.131810556541e-11       1.126073036369e-12      -2.909871894630e-12       0.000000000000e+00       3.554109154591e-16       9.873010948247e-17      -1.088249024509e-17 
 2010       3.134955866631e-11       1.116013929640e-12      -2.902453575243e-12       0.000000000000e+00       3.546919737812e-16       9.866640053168e-17      -1.073843928250e-17 
 2011       3.138037143080e-11       1.105963911922e-12      -2.894502571386e-12       0.000000000000e+00       3.539748149131e-16       9.859705879058e-17      -1.059319098407e-17 
 2012       3.141050742857e-11       1.095926451864e-12      -2.886022368224e-12       0.000000000000e+00       3.532594332524e-16       9.852203560867e-17      -1.044681738924e-17 
 2013       3.143993009026e-11       1.085905031700e-12      -2.877016469409e-12       0.000000000000e+00       3.525458231479e-16       9.844128219063e-17      -1.029939083274e-17 
 2014       3.146860270735e-11       1.075903147263e-12      -2.867488397108e-12       0.000000000000e+00       3.518339788988e-16       9.835474959619e-17      -1.015098394502e-17 
 2015       3.149648843195e-11       1.065924308005e-12      -2.857441692024e-12       0.000000000000e+00       3.511238947551e-16       9.826238873994e-17      -1.000166965255e-17 
 2016       3.152355027667e-11       1.055972037013e-12      -2.846879913423e-12       0.000000000000e+00       3.504155649172e-16       9.816415039121e-17      -9.851521178249e-18 
 2017       3.154975111440e-11       1.046049871022e-12      -2.835806639158e-12       0.000000000000e+00       3.497089835360e-16       9.805998517387e-17      -9.700612041809e-18 
 2018       3.157505367818e-11       1.036161360437e-12      -2.824225465695e-12       0.000000000000e+00       3.490041447128e-16       9.794984356622e-17      -9.549016060092e-18 
 2019       3.159942056101e-11       1.026310069348e-12      -2.812140008137e-12       0.000000000000e+00       3.483010424993e-16       9.783367590075e-17      -9.396807347490e-18 
 2020       3.162281421568e-11       1.016499575544e-12      -2.799553900250e-12       0.000000000000e+00       3.475996708973e-16       9.771143236406e-17      -9.244060316299e-18 
 2021       3.164519695461e-11       1.006733470535e-12      -2.786470794485e-12       0.000000000000e+00       3.469000238589e-16       9.758306299667e-17      -9.090849677086e-18 
 2022       3.166653094968e-11       9.970153595631e-13      -2.772894362006e-12       0.000000000000e+00       3.462020952862e-16       9.744851769285e-17      -8.937250439060e-18 
 2023       3.168677823204e-11       9.873488616230e-13      -2.758828292714e-12       0.000000000000e+00       3.455058790314e-16       9.730774620045e-17      -8.783337910445e-18 
 2024       3.170590069197e-11       9.777376094780e-13      -2.744276295270e-12       0.000000000000e+00       3.448113688964e-16       9.716069812079e-17      -8.629187698845e-18 
 2025       3.172386007868e-11       9.681852496758e-13      -2.729242097122e-12       0.000000000000e+00       3.441185586334e-16       9.700732290845e-17      -8.474875711617e-18 
 2026       3.174062239402e-11       9.586951485958e-13      -2.713730258038e-12       0.000000000000e+00       3.434274423390e-16       9.684759449946e-17      -8.320470905071e-18 
 2027       3.175617110862e-11       9.492695082305e-13      -2.697748617082e-12       0.000000000000e+00       3.427380156432e-16       9.668158539069e-17      -8.166013474062e-18 
 2028       3.177049404087e-11       9.399102440491e-13      -2.681305863366e-12       0.000000000000e+00       3.420502745292e-16       9.650939309533e-17      -8.011536505564e-18 
 2029       3.178357897171e-11       9.306192783960e-13      -2.664410724192e-12       0.000000000000e+00       3.413642149392e-16       9.633111556372e-17      -7.857073215690e-18 
 2030       3.179541364457e-11       9.213985404990e-13      -2.647071965107e-12       0.000000000000e+00       3.406798327742e-16       9.614685118388e-17      -7.702656949856e-18 
 2031       3.180598576536e-11       9.122499664776e-13      -2.629298389946e-12       0.000000000000e+00       3.399971238939e-16       9.595669878212e-17      -7.548321182934e-18 
 2032       3.181528300239e-11       9.031754993512e-13      -2.611098840882e-12       0.000000000000e+00       3.393160841171e-16       9.576075762353e-17      -7.394099519411e-18 
 2033       3.182329298635e-11       8.941770890468e-13      -2.592482198477e-12       0.000000000000e+00       3.386367092210e-16       9.555912741262e-17      -7.240025693549e-18 
 2034       3.183000331025e-11       8.852566924079e-13      -2.573457381726e-12       0.000000000000e+00       3.379589949416e-16       9.535190829379e-17      -7.086133569543e-18 
 2035       3.183540152942e-11       8.764162732022e-13      -2.554033348111e-12       0.000000000000e+00       3.372829369732e-16       9.513920085197e-17      -6.932457141676e-18 
 2036       3.183947516141e-11       8.676578021297e-13      -2.534219093646e-12       0.000000000000e+00       3.366085309689e-16       9.492110611314e-17      -6.779030534482e-18 
 2037       3.184221168599e-11       8.589832568313e-13      -2.514023652927e-12       0.000000000000e+00       3.359357725400e-16       9.469772554490e-17      -6.625888002901e-18 
 2038       3.184359854509e-11       8.503946218965e-13      -2.493456099178e-12       0.000000000000e+00       3.352646572565e-16       9.446916105700e-17      -6.473063932437e-18 
 2039       3.184362314278e-11       8.418938888718e-13      -2.472525544306e-12       0.000000000000e+00       3.345951806462e-16       9.423551500195e-17      -6.320592839318e-18 
 2040       3.184227284518e-11       8.334830562688e-13      -2.451241138943e-12       0.000000000000e+00       3.339273381957e-16       9.399689017555e-17      -6.168509370653e-18 
 2041       3.183953498049e-11       8.251641295726e-13      -2.429612072496e-12       0.000000000000e+00       3.332611253494e-16       9.375338981746e-17      -6.016848304589e-18 
 2042       3.183539683888e-11       8.169391212496e-13      -2.407647573200e-12       0.000000000000e+00       3.325965375100e-16       9.350511761173e-17      -5.865644550474e-18 
 2043       3.182984567247e-11       8.088100507558e-13      -2.385356908160e-12       0.000000000000e+00       3.319335700381e-16       9.325217768740e-17      -5.714933149007e-18 
 2044       3.182286869533e-11       8.007789445450e-13      -2.362749383405e-12       0.000000000000e+00       3.312722182524e-16       9.299467461906e-17      -5.564749272405e-18 
 2045       3.181445308337e-11       7.928478360771e-13      -2.339834343935e-12       0.000000000000e+00       3.306124774296e-16       9.273271342735e-17      -5.415128224555e-18 
 2046       3.180458597433e-11       7.850187658260e-13      -2.316621173768e-12       0.000000000000e+00       3.299543428041e-16       9.246639957960e-17      -5.266105441174e-18 
 2047       3.179325446777e-11       7.772937812881e-13      -2.293119295990e-12       0.000000000000e+00       3.292978095683e-16       9.219583899033e-17      -5.117716489969e-18 
 2048       3.178044562497e-11       7.696749369899e-13      -2.269338172805e-12       0.000000000000e+00       3.286428728721e-16       9.192113802184e-17      -4.969997070792e-18 
 2049       3.176614646892e-11       7.621642944969e-13      -2.245287305579e-12       0.000000000000e+00       3.279895278232e-16       9.164240348476e-17      -4.822983015800e-18 
 2050       3.175034398428e-11       7.547639224213e-13      -2.220976234895e-12       0.000000000000e+00       3.273377694871e-16       9.135974263860e-17      -4.676710289614e-18 
 2051       3.173302511732e-11       7.474758964301e-13      -2.196414540597e-12       0.000000000000e+00       3.266875928864e-16       9.107326319234e-17      -4.531214989475e-18 
 2052       3.171417677590e-11       7.403022992536e-13      -2.171611841839e-12       0.000000000000e+00       3.260389930016e-16       9.078307330496e-17      -4.386533345403e-18 
 2053       3.169378582942e-11       7.332452206935e-13      -2.146577797138e-12       0.000000000000e+00       3.253919647704e-16       9.048928158599e-17      -4.242701720356e-18 
 2054       3.167183910877e-11       7.263067576306e-13      -2.121322104414e-12       0.000000000000e+00       3.247465030880e-16       9.019199709612e-17      -4.099756610387e-18 
 2055       3.164832340629e-11       7.194890140338e-13      -2.095854501049e-12       0.000000000000e+00       3.241026028067e-16       8.989132934770e-17      -3.957734644804e-18 
 2056       3.162322547574e-11       7.127941009674e-13      -2.070184763928e-12       0.000000000000e+00       3.234602587363e-16       8.958738830534e-17      -3.816672586326e-18 
 2057       3.159653203226e-11       7.062241365999e-13      -2.044322709489e-12       0.000000000000e+00       3.228194656436e-16       8.928028438647e-17      -3.676607331240e-18 
 2058       3.156822975228e-11       6.997812462120e-13      -2.018278193775e-12       0.000000000000e+00       3.221802182524e-16       8.897012846187e-17      -3.537575909566e-18 
 2059       3.153830527357e-11       6.934675622044e-13      -1.992061112480e-12       0.000000000000e+00       3.215425112437e-16       8.865703185624e-17      -3.399615485207e-18 
 2060       3.150674519511e-11       6.872852241066e-13      -1.965681400997e-12       0.000000000000e+00       3.209063392555e-16       8.834110634878e-17      -3.262763356110e-18 
 2061       3.147353607709e-11       6.812363785845e-13      -1.939149034468e-12       0.000000000000e+00       3.202716968827e-16       8.802246417373e-17      -3.127056954427e-18 
 2062       3.143866444086e-11       6.753231794490e-13      -1.912474027832e-12       0.000000000000e+00       3.196385786770e-16       8.770121802094e-17      -2.992533846669e-18 
 2063       3.140211676890e-11       6.695477876638e-13      -1.885666435874e-12       0.000000000000e+00       3.190069791468e-16       8.737748103642e-17      -2.859231733868e-18 
 2064       3.136387950476e-11       6.639123713538e-13      -1.858736353275e-12       0.000000000000e+00       3.183768927573e-16       8.705136682290e-17      -2.727188451732e-18 
 2065       3.132394332298e-11       6.584187166695e-13      -1.831693685185e-12       0.000000000000e+00       3.177483143579e-16       8.672297028494e-17      -2.596435642435e-18 
 2066       3.128231597200e-11       6.530670573490e-13      -1.804547457079e-12       0.000000000000e+00       3.171212404665e-16       8.639231001472e-17      -2.466979720633e-18 
 2067       3.123900952222e-11       6.478572368753e-13      -1.777306500110e-12       0.000000000000e+00       3.164956679945e-16       8.605938549894e-17      -2.338820772845e-18 
 2068       3.119403610434e-11       6.427890968650e-13      -1.749979680175e-12       0.000000000000e+00       3.158715938192e-16       8.572419623729e-17      -2.211958873548e-18 
 2069       3.114740790950e-11       6.378624770643e-13      -1.722575897959e-12       0.000000000000e+00       3.152490147847e-16       8.538674174239e-17      -2.086394085160e-18 
 2070       3.109913718932e-11       6.330772153474e-13      -1.695104088981e-12       0.000000000000e+00       3.146279277011e-16       8.504702153988e-17      -1.962126458022e-18 
 2071       3.104923625598e-11       6.284331477128e-13      -1.667573223627e-12       0.000000000000e+00       3.140083293450e-16       8.470503516838e-17      -1.839156030375e-18 
 2072       3.099771748230e-11       6.239301082811e-13      -1.639992307201e-12       0.000000000000e+00       3.133902164590e-16       8.436078217957e-17      -1.717482828339e-18 
 2073       3.094459330184e-11       6.195679292919e-13      -1.612370379964e-12       0.000000000000e+00       3.127735857521e-16       8.401426213816e-17      -1.597106865899e-18 
 2074       3.088987620895e-11       6.153464411013e-13      -1.584716517174e-12       0.000000000000e+00       3.121584338991e-16       8.366547462194e-17      -1.478028144879e-18 
 2075       3.083357875887e-11       6.112654721788e-13      -1.557039829131e-12       0.000000000000e+00       3.115447575412e-16       8.331441922181e-17      -1.360246654926e-18 
 2076       3.077571356778e-11       6.073248491048e-13      -1.529349461219e-12       0.000000000000e+00       3.109325532854e-16       8.296109554175e-17      -1.243762373490e-18 
 2077       3.071629331291e-11       6.035243965675e-13      -1.501654593948e-12       0.000000000000e+00       3.103218177046e-16       8.260550319890e-17      -1.128575265800e-18 
 2078       3.065533073260e-11       5.998639373605e-13      -1.473964442993e-12       0.000000000000e+00       3.097125473379e-16       8.224764182356e-17      -1.014685284850e-18 
 2079       3.059283862638e-11       5.963432923799e-13      -1.446288259241e-12       0.000000000000e+00       3.091047386901e-16       8.188751105918e-17      -9.020923713748e-19 
 2080       3.052882985506e-11       5.929622806214e-13      -1.418635328832e-12       0.000000000000e+00       3.084983882315e-16       8.152511056242e-17      -7.907964538330e-19 
 2081       3.046331734080e-11       5.897207191774e-13      -1.391014973196e-12       0.000000000000e+00       3.078934923987e-16       8.116044000318e-17      -6.807974483851e-19 
 2082       3.039631406716e-11       5.866184232347e-13      -1.363436549104e-12       0.000000000000e+00       3.072900475936e-16       8.079349906456e-17      -5.720952588750e-19 
 2083       3.032783307924e-11       5.836552060714e-13      -1.335909448702e-12       0.000000000000e+00       3.066880501839e-16       8.042428744295e-17      -4.646897768094e-19 
 2084       3.025788748370e-11       5.808308790538e-13      -1.308443099559e-12       0.000000000000e+00       3.060874965028e-16       8.005280484800e-17      -3.585808813384e-19 
 2085       3.018649044889e-11       5.781452516345e-13      -1.281046964706e-12       0.000000000000e+00       3.054883828493e-16       7.967905100267e-17      -2.537684392354e-19 
 2086       3.011365520487e-11       5.755981313487e-13      -1.253730542679e-12       0.000000000000e+00       3.048907054876e-16       7.930302564325e-17      -1.502523048775e-19 
 2087       3.003939504354e-11       5.731893238119e-13      -1.226503367561e-12       0.000000000000e+00       3.042944606474e-16       7.892472851936e-17      -4.803232022562e-20 
 2088       2.996372331868e-11       5.709186327172e-13      -1.199375009025e-12       0.000000000000e+00       3.036996445240e-16       7.854415939398e-17       5.289168519555e-20 
 2089       2.988665344606e-11       5.687858598322e-13      -1.172355072374e-12       0.000000000000e+00       3.031062532778e-16       7.816131804348e-17       1.525198943171e-19 
 2090       2.980819890349e-11       5.667908049964e-13      -1.145453198586e-12       0.000000000000e+00       3.025142830346e-16       7.777620425765e-17       2.508525025461e-19 
 2091       2.972837323094e-11       5.649332661184e-13      -1.118679064355e-12       0.000000000000e+00       3.019237298854e-16       7.738881783968e-17       3.478897177848e-19 
 2092       2.964719003054e-11       5.632130391733e-13      -1.092042382132e-12       0.000000000000e+00       3.013345898865e-16       7.699915860622e-17       4.436317604512e-19 
 2093       2.956466296676e-11       5.616299181994e-13      -1.065552900170e-12       0.000000000000e+00       3.007468590592e-16       7.660722638738e-17       5.380788634984e-19 
 2094       2.948080576641e-11       5.601836952960e-13      -1.039220402561e-12       0.000000000000e+00       3.001605333899e-16       7.621302102677e-17       6.312312724346e-19 
 2095       2.939563221875e-11       5.588741606205e-13      -1.013054709286e-12       0.000000000000e+00       2.995756088300e-16       7.581654238150e-17       7.230892453430e-19 
 2096       2.930915617555e-11       5.577011023852e-13      -9.870656762492e-13       0.000000000000e+00       2.989920812961e-16       7.541779032220e-17       8.136530529013e-19 
 2097       2.922139155121e-11       5.566643068550e-13      -9.612631953247e-13       0.000000000000e+00       2.984099466695e-16       7.501676473307e-17       9.029229784021e-19 
 2098       2.913235232279e-11       5.557635583445e-13      -9.356571943981e-13       0.000000000000e+00       2.978292007964e-16       7.461346551187e-17       9.908993177721e-19 
 2099       2.904205253011e-11       5.549986392150e-13      -9.102576374077e-13       0.000000000000e+00       2.972498394880e-16       7.420789256995e-17       1.077582379592e-18 
 2100       2.895050627583e-11       5.543693298721e-13      -8.850745243876e-13       0.000000000000e+00       2.966718585201e-16       7.380004583228e-17       1.162972485118e-18 
 2101       2.885772772553e-11       5.538754087626e-13      -8.601178915090e-13       0.000000000000e+00       2.960952536333e-16       7.338992523746e-17       1.247069968299e-18 
 2102       2.876373110775e-11       5.535166523718e-13      -8.353978111231e-13       0.000000000000e+00       2.955200205328e-16       7.297753073773e-17       1.329875175797e-18 
 2103       2.866853071416e-11       5.532928352208e-13      -8.109243918029e-13       0.000000000000e+00       2.949461548885e-16       7.256286229903e-17       1.411388467009e-18 
 2104       2.857214279022e-11       5.532034670197e-13      -7.867067875877e-13       0.000000000000e+00       2.943736525462e-16       7.214593250702e-17       1.491616443060e-18 
 2105       2.847459122186e-11       5.532470021335e-13      -7.627502180971e-13       0.000000000000e+00       2.938025101628e-16       7.172680448111e-17       1.570590681119e-18 
 2106       2.837590188854e-11       5.534216246105e-13      -7.390589277692e-13       0.000000000000e+00       2.932327245754e-16       7.130555422429e-17       1.648349130466e-18 
 2107       2.827610077635e-11       5.537255105175e-13      -7.156371747912e-13       0.000000000000e+00       2.926642925904e-16       7.088225804135e-17       1.724929895532e-18 
 2108       2.817521397806e-11       5.541568279294e-13      -6.924892311151e-13       0.000000000000e+00       2.920972109834e-16       7.045699253927e-17       1.800371236094e-18 
 2109       2.807326769332e-11       5.547137369197e-13      -6.696193824726e-13       0.000000000000e+00       2.915314764991e-16       7.002983462761e-17       1.874711567462e-18 
 2110       2.797028822874e-11       5.553943895502e-13      -6.470319283904e-13       0.000000000000e+00       2.909670858514e-16       6.960086151880e-17       1.947989460664e-18 
 2111       2.786630199805e-11       5.561969298615e-13      -6.247311822062e-13       0.000000000000e+00       2.904040357230e-16       6.917015072859e-17       2.020243642641e-18 
 2112       2.776133552220e-11       5.571194938629e-13      -6.027214710831e-13       0.000000000000e+00       2.898423227660e-16       6.873778007633e-17       2.091512996430e-18 
 2113       2.765541542953e-11       5.581602095226e-13      -5.810071360256e-13       0.000000000000e+00       2.892819436013e-16       6.830382768540e-17       2.161836561356e-18 
 2114       2.754856845585e-11       5.593171967575e-13      -5.595925318947e-13       0.000000000000e+00       2.887228948186e-16       6.786837198352e-17       2.231253533218e-18 
 2115       2.744082144462e-11       5.605885674238e-13      -5.384820274230e-13       0.000000000000e+00       2.881651729765e-16       6.743149170315e-17       2.299803264479e-18 
 2116       2.733220134703e-11       5.619724253067e-13      -5.176800052307e-13       0.000000000000e+00       2.876087746028e-16       6.699326588182e-17       2.367525264455e-18 
 2117       2.722273522219e-11       5.634668661105e-13      -4.971908618399e-13       0.000000000000e+00       2.870536961935e-16       6.655377386254e-17       2.434459199505e-18 
 2118       2.711245023719e-11       5.650699774490e-13      -4.770190076908e-13       0.000000000000e+00       2.864999342139e-16       6.611309529409e-17       2.500644893214e-18 
 2119       2.700137366727e-11       5.667798388355e-13      -4.571688671568e-13       0.000000000000e+00       2.859474850977e-16       6.567131013146e-17       2.566122326589e-18 
 2120       2.688953289597e-11       5.685945216725e-13      -4.376448785596e-13       0.000000000000e+00       2.853963452471e-16       6.522849863616e-17       2.630931638241e-18 
 2121       2.677695541520e-11       5.705120892425e-13      -4.184514941845e-13       0.000000000000e+00       2.848465110334e-16       6.478474137661e-17       2.695113124578e-18 
 2122       2.666366882542e-11       5.725305966974e-13      -3.995931802963e-13       0.000000000000e+00       2.842979787959e-16       6.434011922847e-17       2.758707239993e-18 
 2123       2.654970083574e-11       5.746480910491e-13      -3.810744171538e-13       0.000000000000e+00       2.837507448429e-16       6.389471337504e-17       2.821754597050e-18 
 2124       2.643507926407e-11       5.768626111595e-13      -3.628996990258e-13       0.000000000000e+00       2.832048054508e-16       6.344860530761e-17       2.884295966676e-18 
 2125       2.631983203725e-11       5.791721877303e-13      -3.450735342059e-13       0.000000000000e+00       2.826601568647e-16       6.300187682580e-17       2.946372278347e-18 
 2126       2.620398719114e-11       5.815748432935e-13      -3.276004450285e-13       0.000000000000e+00       2.821167952978e-16       6.255461003796e-17       3.008024620278e-18 
 2127       2.608757287081e-11       5.840685922013e-13      -3.104849678832e-13       0.000000000000e+00       2.815747169319e-16       6.210688736149e-17       3.069294239610e-18 
 2128       2.597061733063e-11       5.866514406161e-13      -2.937316532311e-13       0.000000000000e+00       2.810339179169e-16       6.165879152325e-17       3.130222542602e-18 
 2129       2.585314893439e-11       5.893213865008e-13      -2.773450656193e-13       0.000000000000e+00       2.804943943711e-16       6.121040555989e-17       3.190851094815e-18 
 2130       2.573519615548e-11       5.920764196089e-13      -2.613297836967e-13       0.000000000000e+00       2.799561423808e-16       6.076181281820e-17       3.251221621306e-18 
 2131       2.561678757697e-11       5.949145214745e-13      -2.456904002293e-13       0.000000000000e+00       2.794191580006e-16       6.031309695552e-17       3.311376006811e-18 
 2132       2.549795189176e-11       5.978336654022e-13      -2.304315221152e-13       0.000000000000e+00       2.788834372531e-16       5.986434194005e-17       3.371356295937e-18 
 2133       2.537871790270e-11       6.008318164576e-13      -2.155577704004e-13       0.000000000000e+00       2.783489761292e-16       5.941563205126e-17       3.431204693350e-18 
 2134       2.525911452273e-11       6.039069314574e-13      -2.010737802938e-13       0.000000000000e+00       2.778157705874e-16       5.896705188022e-17       3.490963563964e-18 
 2135       2.513917077501e-11       6.070569589589e-13      -1.869842011824e-13       0.000000000000e+00       2.772838165545e-16       5.851868632995e-17       3.550675433128e-18 
 2136       2.501891579304e-11       6.102798392509e-13      -1.732936966472e-13       0.000000000000e+00       2.767531099251e-16       5.807062061584e-17       3.610382986816e-18 
 2137       2.489837882081e-11       6.135735043433e-13      -1.600069444777e-13       0.000000000000e+00       2.762236465617e-16       5.762294026595e-17       3.670129071815e-18 
 2138       2.477758921288e-11       6.169358779571e-13      -1.471286366879e-13       0.000000000000e+00       2.756954222947e-16       5.717573112142e-17       3.729956695915e-18 
 2139       2.465657643459e-11       6.203648755150e-13      -1.346634795316e-13       0.000000000000e+00       2.751684329220e-16       5.672907933677e-17       3.789909028096e-18 
 2140       2.453537006209e-11       6.238584041312e-13      -1.226161935171e-13       0.000000000000e+00       2.746426742097e-16       5.628307138036e-17       3.850029398716e-18 
 2141       2.441399978257e-11       6.274143626013e-13      -1.109915134233e-13       0.000000000000e+00       2.741181418911e-16       5.583779403464e-17       3.910361299702e-18 
 2142       2.429249539432e-11       6.310306413928e-13      -9.979418831431e-14       0.000000000000e+00       2.735948316676e-16       5.539333439661e-17       3.970948384736e-18 
 2143       2.417088575510e-11       6.347051048288e-13      -8.902789543687e-14       0.000000000000e+00       2.730727394814e-16       5.494976749823e-17       4.031824752943e-18 
 2144       2.404919561909e-11       6.384355375265e-13      -7.869197377009e-14       0.000000000000e+00       2.725518623394e-16       5.450711907472e-17       4.092985727025e-18 
 2145       2.392744877860e-11       6.422196975729e-13      -6.878466819314e-14       0.000000000000e+00       2.720321974948e-16       5.406540254269e-17       4.154416875888e-18 
 2146       2.380566911397e-11       6.460553342879e-13      -5.930421356489e-14       0.000000000000e+00       2.715137421747e-16       5.362463135695e-17       4.216103712962e-18 
 2147       2.368388059371e-11       6.499401882136e-13      -5.024883471090e-14       0.000000000000e+00       2.709964935797e-16       5.318481901057e-17       4.278031696129e-18 
 2148       2.356210727454e-11       6.538719911038e-13      -4.161674641033e-14       0.000000000000e+00       2.704804488838e-16       5.274597903491e-17       4.340186227661e-18 
 2149       2.344037330157e-11       6.578484659141e-13      -3.340615338293e-14       0.000000000000e+00       2.699656052348e-16       5.230812499965e-17       4.402552654156e-18 
 2150       2.331870290834e-11       6.618673267912e-13      -2.561525027601e-14       0.000000000000e+00       2.694519597536e-16       5.187127051287e-17       4.465116266472e-18 
 2151       2.319712041693e-11       6.659262790625e-13      -1.824222165136e-14       0.000000000000e+00       2.689395095347e-16       5.143542922101e-17       4.527862299660e-18 
 2152       2.307565023811e-11       6.700230192260e-13      -1.128524197222e-14       0.000000000000e+00       2.684282516460e-16       5.100061480900e-17       4.590775932901e-18 
 2153       2.295431687138e-11       6.741552349395e-13      -4.742475590257e-15       0.000000000000e+00       2.679181831285e-16       5.056684100024e-17       4.653842289440e-18 
 2154       2.283314490510e-11       6.783206050108e-13       1.387923267512e-15       0.000000000000e+00       2.674093009969e-16       5.013412155665e-17       4.717046436521e-18 
 2155       2.271215901662e-11       6.825167993870e-13       7.107810511729e-15       0.000000000000e+00       2.669016022387e-16       4.970247027872e-17       4.780373385321e-18 
 2156       2.259138397231e-11       6.867414791440e-13       1.241905220376e-14       0.000000000000e+00       2.663950838149e-16       4.927190100555e-17       4.843808090887e-18 
 2157       2.247084462774e-11       6.909922964765e-13       1.732352456873e-14       0.000000000000e+00       2.658897426598e-16       4.884242761486e-17       4.907335452069e-18 
 2158       2.235056592774e-11       6.952668946873e-13       2.182311400857e-14       0.000000000000e+00       2.653855756804e-16       4.841406402307e-17       4.970940311454e-18 
 2159       2.223057290651e-11       6.995629081772e-13       2.591971711505e-14       0.000000000000e+00       2.648825797573e-16       4.798682418532e-17       5.034607455304e-18 
 2160       2.211089068770e-11       7.038779624345e-13       2.961524068284e-14       0.000000000000e+00       2.643807517438e-16       4.756072209550e-17       5.098321613487e-18 
 2161       2.199154448457e-11       7.082096740245e-13       3.291160172253e-14       0.000000000000e+00       2.638800884664e-16       4.713577178630e-17       5.162067459415e-18 
 2162       2.187255960002e-11       7.125556505795e-13       3.581072747370e-14       0.000000000000e+00       2.633805867245e-16       4.671198732925e-17       5.225829609979e-18 
 2163       2.175396142676e-11       7.169134907881e-13       3.831455541792e-14       0.000000000000e+00       2.628822432906e-16       4.628938283477e-17       5.289592625478e-18 
 2164       2.163577544736e-11       7.212807843850e-13       4.042503329186e-14       0.000000000000e+00       2.623850549099e-16       4.586797245216e-17       5.353341009563e-18 
 2165       2.151802723437e-11       7.256551121406e-13       4.214411910026e-14       0.000000000000e+00       2.618890183006e-16       4.544777036970e-17       5.417059209165e-18 
 2166       2.140074245044e-11       7.300340458505e-13       4.347378112903e-14       0.000000000000e+00       2.613941301539e-16       4.502879081466e-17       5.480731614431e-18 
 2167       2.128394684840e-11       7.344151483253e-13       4.441599795824e-14       0.000000000000e+00       2.609003871333e-16       4.461104805334e-17       5.544342558662e-18 
 2168       2.116766627135e-11       7.387959733805e-13       4.497275847524e-14       0.000000000000e+00       2.604077858756e-16       4.419455639111e-17       5.607876318243e-18 
 2169       2.105192665279e-11       7.431740658253e-13       4.514606188760e-14       0.000000000000e+00       2.599163229901e-16       4.377933017245e-17       5.671317112583e-18 
 2170       2.093675401674e-11       7.475469614531e-13       4.493791773625e-14       0.000000000000e+00       2.594259950586e-16       4.336538378099e-17       5.734649104045e-18 
 2171       2.082217447777e-11       7.519121870308e-13       4.435034590847e-14       0.000000000000e+00       2.589367986359e-16       4.295273163954e-17       5.797856397886e-18 
 2172       2.070821424118e-11       7.562672602884e-13       4.338537665093e-14       0.000000000000e+00       2.584487302490e-16       4.254138821014e-17       5.860923042185e-18 
 2173       2.059489960304e-11       7.606096899085e-13       4.204505058276e-14       0.000000000000e+00       2.579617863979e-16       4.213136799412e-17       5.923833027785e-18 
 2174       2.048225695034e-11       7.649369755162e-13       4.033141870858e-14       0.000000000000e+00       2.574759635548e-16       4.172268553207e-17       5.986570288223e-18 
 2175       2.037031276107e-11       7.692466076688e-13       3.824654243155e-14       0.000000000000e+00       2.569912581645e-16       4.131535540397e-17       6.049118699668e-18 
 2176       2.025909360431e-11       7.735360678451e-13       3.579249356638e-14       0.000000000000e+00       2.565076666442e-16       4.090939222915e-17       6.111462080851e-18 
 2177       2.014862614037e-11       7.778028284352e-13       3.297135435243e-14       0.000000000000e+00       2.560251853836e-16       4.050481066637e-17       6.173584193007e-18 
 2178       2.003893712084e-11       7.820443527301e-13       2.978521746669e-14       0.000000000000e+00       2.555438107448e-16       4.010162541386e-17       6.235468739802e-18 
 2179       1.993005338875e-11       7.862580949116e-13       2.623618603689e-14       0.000000000000e+00       2.550635390620e-16       3.969985120934e-17       6.297099367277e-18 
 2180       1.982200187861e-11       7.904415000415e-13       2.232637365448e-14       0.000000000000e+00       2.545843666420e-16       3.929950283007e-17       6.358459663772e-18 
 2181       1.971480961657e-11       7.945920040514e-13       1.805790438771e-14       0.000000000000e+00       2.541062897636e-16       3.890059509290e-17       6.419533159869e-18 
 2182       1.960850078856e-11       7.987072286689e-13       1.343352036704e-14       0.000000000000e+00       2.536293049090e-16       3.850314072300e-17       6.480298018222e-18 
 2183       1.950308792310e-11       8.027855676448e-13       8.458408970457e-15       0.000000000000e+00       2.531534094578e-16       3.810714394448e-17       6.540711064240e-18 
 2184       1.939858064956e-11       8.068256044382e-13       3.138387922809e-15       0.000000000000e+00       2.526786009977e-16       3.771260684689e-17       6.600723648137e-18 
 2185       1.929498862474e-11       8.108259176316e-13      -2.520701135178e-15       0.000000000000e+00       2.522048770934e-16       3.731953151250e-17       6.660286945103e-18 
 2186       1.919232153285e-11       8.147850809257e-13      -8.512992618559e-15       0.000000000000e+00       2.517322352867e-16       3.692792001640e-17       6.719351955110e-18 
 2187       1.909058908563e-11       8.187016631336e-13      -1.483259696983e-14       0.000000000000e+00       2.512606730967e-16       3.653777442639e-17       6.777869502711e-18 
 2188       1.898980102230e-11       8.225742281756e-13      -2.147360063055e-14       0.000000000000e+00       2.507901880195e-16       3.614909680300e-17       6.835790236841e-18 
 2189       1.888996710960e-11       8.264013350737e-13      -2.843006601304e-14       0.000000000000e+00       2.503207775281e-16       3.576188919949e-17       6.893064630616e-18 
 2190       1.879109714186e-11       8.301815379461e-13      -3.569603147198e-14       0.000000000000e+00       2.498524390729e-16       3.537615366182e-17       6.949642981139e-18 
 2191       1.869320094098e-11       8.339133860017e-13      -4.326551127610e-14       0.000000000000e+00       2.493851700809e-16       3.499189222862e-17       7.005475409296e-18 
 2192       1.859628835650e-11       8.375954235349e-13      -5.113249557981e-14       0.000000000000e+00       2.489189679565e-16       3.460910693122e-17       7.060511859563e-18 
 2193       1.850036926559e-11       8.412261899199e-13      -5.929095039486e-14       0.000000000000e+00       2.484538300805e-16       3.422779979356e-17       7.114702099799e-18 
 2194       1.840545357310e-11       8.448042196051e-13      -6.773481756198e-14       0.000000000000e+00       2.479897538110e-16       3.384797283228e-17       7.167995721054e-18 
 2195       1.831155121159e-11       8.483280421081e-13      -7.645801472255e-14       0.000000000000e+00       2.475267364829e-16       3.346962805660e-17       7.220342137367e-18 
 2196       1.821867214134e-11       8.517961820099e-13      -8.545443529023e-14       0.000000000000e+00       2.470647754078e-16       3.309276746839e-17       7.271690585567e-18 
 2197       1.812682635039e-11       8.552071589495e-13      -9.471794842261e-14       0.000000000000e+00       2.466038678742e-16       3.271739306207e-17       7.321990125075e-18 
 2198       1.803602385459e-11       8.585594876187e-13      -1.042423989929e-13       0.000000000000e+00       2.461440111473e-16       3.234350682470e-17       7.371189637706e-18 
 2199       1.794627469757e-11       8.618516777561e-13      -1.140216075615e-13       0.000000000000e+00       2.456852024692e-16       3.197111073587e-17       7.419237827465e-18 
 2200       1.785758895085e-11       8.650822341422e-13      -1.240493703478e-13       0.000000000000e+00       2.452274390584e-16       3.160020676774e-17       7.466083220357e-18 
 2201       1.776997671377e-11       8.682496565937e-13      -1.343194592016e-13       0.000000000000e+00       2.447707181103e-16       3.123079688500e-17       7.511674164178e-18 
 2202       1.768344811361e-11       8.713524399581e-13      -1.448256215750e-13       0.000000000000e+00       2.443150367970e-16       3.086288304486e-17       7.555958828324e-18 
 2203       1.759801330556e-11       8.743890741081e-13      -1.555615804939e-13       0.000000000000e+00       2.438603922670e-16       3.049646719706e-17       7.598885203587e-18 
 2204       1.751368247278e-11       8.773580439363e-13      -1.665210345297e-13       0.000000000000e+00       2.434067816454e-16       3.013155128382e-17       7.640401101961e-18 
 2205       1.743046582640e-11       8.802578293498e-13      -1.776976577710e-13       0.000000000000e+00       2.429542020339e-16       2.976813723985e-17       7.680454156436e-18 
 2206       1.734837360557e-11       8.830869052645e-13      -1.890850997950e-13       0.000000000000e+00       2.425026505108e-16       2.940622699230e-17       7.718991820805e-18 
 2207       1.726741607749e-11       8.858437416000e-13      -2.006769856396e-13       0.000000000000e+00       2.420521241307e-16       2.904582246082e-17       7.755961369466e-18 
 2208       1.718760353742e-11       8.885268032738e-13      -2.124669157747e-13       0.000000000000e+00       2.416026199247e-16       2.868692555744e-17       7.791309897215e-18 
 2209       1.710894630872e-11       8.911345501960e-13      -2.244484660739e-13       0.000000000000e+00       2.411541349004e-16       2.832953818664e-17       7.824984319055e-18 
 2210       1.703145474287e-11       8.936654372638e-13      -2.366151877861e-13       0.000000000000e+00       2.407066660416e-16       2.797366224532e-17       7.856931369996e-18 
 2211       1.695513921952e-11       8.961179143561e-13      -2.489606075077e-13       0.000000000000e+00       2.402602103085e-16       2.761929962275e-17       7.887097604852e-18 
 2212       1.688001014647e-11       8.984904263283e-13      -2.614782271532e-13       0.000000000000e+00       2.398147646378e-16       2.726645220058e-17       7.915429398045e-18 
 2213       1.680607795978e-11       9.007814130061e-13      -2.741615239279e-13       0.000000000000e+00       2.393703259423e-16       2.691512185284e-17       7.941872943405e-18 
 2214       1.673335312370e-11       9.029893091808e-13      -2.870039502988e-13       0.000000000000e+00       2.389268911109e-16       2.656531044587e-17       7.966374253974e-18 
 2215       1.666184613077e-11       9.051125446035e-13      -2.999989339669e-13       0.000000000000e+00       2.384844570090e-16       2.621701983839e-17       7.988879161802e-18 
 2216       1.659156750183e-11       9.071495439798e-13      -3.131398778381e-13       0.000000000000e+00       2.380430204781e-16       2.587025188141e-17       8.009333317752e-18 
 2217       1.652252778603e-11       9.090987269641e-13      -3.264201599956e-13       0.000000000000e+00       2.376025783357e-16       2.552500841825e-17       8.027682191298e-18 
 2218       1.645473756088e-11       9.109585081545e-13      -3.398331336709e-13       0.000000000000e+00       2.371631273755e-16       2.518129128453e-17       8.043871070332e-18 
 2219       1.638820743226e-11       9.127272970868e-13      -3.533721272161e-13       0.000000000000e+00       2.367246643675e-16       2.483910230811e-17       8.057845060956e-18 
 2220       1.632294803447e-11       9.144034982297e-13      -3.670304440749e-13       0.000000000000e+00       2.362871860573e-16       2.449844330916e-17       8.069549087291e-18 
 2221       1.625896711502e-11       9.159857810333e-13      -3.808014777799e-13       0.000000000000e+00       2.358506894183e-16       2.415934245810e-17       8.078943529341e-18 
 2222       1.619626076802e-11       9.174738920318e-13      -3.946790578284e-13       0.000000000000e+00       2.354151724078e-16       2.382193353969e-17       8.086051249645e-18 
 2223       1.613482214310e-11       9.188678480830e-13      -4.086571060300e-13       0.000000000000e+00       2.349806332150e-16       2.348637721142e-17       8.090910876207e-18 
 2224       1.607464435529e-11       9.201676668008e-13      -4.227295216622e-13       0.000000000000e+00       2.345470700111e-16       2.315283469350e-17       8.093561192748e-18 
 2225       1.601572048499e-11       9.213733665570e-13      -4.368901814456e-13       0.000000000000e+00       2.341144809481e-16       2.282146776954e-17       8.094041138893e-18 
 2226       1.595804357793e-11       9.224849664815e-13      -4.511329395180e-13       0.000000000000e+00       2.336828641597e-16       2.249243878714e-17       8.092389810348e-18 
 2227       1.590160664515e-11       9.235024864642e-13      -4.654516274089e-13       0.000000000000e+00       2.332522177605e-16       2.216591065852e-17       8.088646459087e-18 
 2228       1.584640266292e-11       9.244259471557e-13      -4.798400540138e-13       0.000000000000e+00       2.328225398468e-16       2.184204686114e-17       8.082850493528e-18 
 2229       1.579242457271e-11       9.252553699685e-13      -4.942920055688e-13       0.000000000000e+00       2.323938284957e-16       2.152101143836e-17       8.075041478714e-18 
 2230       1.573966528118e-11       9.259907770781e-13      -5.088012456251e-13       0.000000000000e+00       2.319660817658e-16       2.120296900002e-17       8.065259136500e-18 
 2231       1.568811766007e-11       9.266321914241e-13      -5.233615150234e-13       0.000000000000e+00       2.315392976968e-16       2.088808472311e-17       8.053543345730e-18 
 2232       1.563777454622e-11       9.271796367116e-13      -5.379665318682e-13       0.000000000000e+00       2.311134743094e-16       2.057652435236e-17       8.039934142418e-18 
 2233       1.558862874149e-11       9.276331374117e-13      -5.526099915025e-13       0.000000000000e+00       2.306886096057e-16       2.026845420089e-17       8.024471719931e-18 
 2234       1.554067301274e-11       9.279927187632e-13      -5.672855664820e-13       0.000000000000e+00       2.302647015686e-16       1.996404115081e-17       8.007196429169e-18 
 2235       1.549390009179e-11       9.282584067734e-13      -5.819869065497e-13       0.000000000000e+00       2.298417481622e-16       1.966345265390e-17       7.988148778748e-18 
 2236       1.544830267533e-11       9.284302282193e-13      -5.967076386103e-13       0.000000000000e+00       2.294197473317e-16       1.936685673215e-17       7.967369435181e-18 
 2237       1.540387342494e-11       9.285082106488e-13      -6.114413667047e-13       0.000000000000e+00       2.289986970033e-16       1.907442197849e-17       7.944899223057e-18 
 2238       1.536060496702e-11       9.284923823814e-13      -6.261816719844e-13       0.000000000000e+00       2.285785950841e-16       1.878631755732e-17       7.920779125225e-18 
 2239       1.531848989272e-11       9.283827725101e-13      -6.409221126859e-13       0.000000000000e+00       2.281594394622e-16       1.850271320519e-17       7.895050282974e-18 
 2240       1.527752075795e-11       9.281794109017e-13      -6.556562241052e-13       0.000000000000e+00       2.277412280067e-16       1.822377923143e-17       7.867753996215e-18 
 2241       1.523769008331e-11       9.278823281983e-13      -6.703775185724e-13       0.000000000000e+00       2.273239585676e-16       1.794968651875e-17       7.838931723660e-18 
 2242       1.519899035404e-11       9.274915558186e-13      -6.850794854257e-13       0.000000000000e+00       2.269076289756e-16       1.768060652388e-17       7.808625083009e-18 
 2243       1.516141401999e-11       9.270071259584e-13      -6.997555909865e-13       0.000000000000e+00       2.264922370425e-16       1.741671127817e-17       7.776875851123e-18 
 2244       1.512495349556e-11       9.264290715925e-13      -7.143992785332e-13       0.000000000000e+00       2.260777805608e-16       1.715817338829e-17       7.743725964214e-18 
 2245       1.508960115970e-11       9.257574264750e-13      -7.290039682761e-13       0.000000000000e+00       2.256642573039e-16       1.690516603676e-17       7.709217518018e-18 
 2246       1.505534935580e-11       9.249922251411e-13      -7.435630573316e-13       0.000000000000e+00       2.252516650258e-16       1.665786298264e-17       7.673392767985e-18 
 2247       1.502219039171e-11       9.241335029079e-13      -7.580699196969e-13       0.000000000000e+00       2.248400014614e-16       1.641643856213e-17       7.636294129452e-18 
 2248       1.499011653968e-11       9.231812958753e-13      -7.725179062239e-13       0.000000000000e+00       2.244292643264e-16       1.618106768923e-17       7.597964177830e-18 
 2249       1.495912003628e-11       9.221356409277e-13      -7.869003445946e-13       0.000000000000e+00       2.240194513169e-16       1.595192585631e-17       7.558445648783e-18 
 2250       1.492919308241e-11       9.209965757345e-13      -8.012105392944e-13       0.000000000000e+00       2.236105601100e-16       1.572918913477e-17       7.517781438409e-18 
 2251       1.490032784323e-11       9.197641387516e-13      -8.154417715875e-13       0.000000000000e+00       2.232025883631e-16       1.551303417570e-17       7.476014603423e-18 
 2252       1.487251644811e-11       9.184383692224e-13      -8.295872994908e-13       0.000000000000e+00       2.227955337147e-16       1.530363821041e-17       7.433188361337e-18 
 2253       1.484575099062e-11       9.170193071788e-13      -8.436403577487e-13       0.000000000000e+00       2.223893937833e-16       1.510117905117e-17       7.389346090641e-18 
 2254       1.482002352844e-11       9.155069934424e-13      -8.575941578072e-13       0.000000000000e+00       2.219841661685e-16       1.490583509175e-17       7.344531330986e-18 
 2255       1.479532608337e-11       9.139014696258e-13      -8.714418877885e-13       0.000000000000e+00       2.215798484501e-16       1.471778530809e-17       7.298787783363e-18 
 2256       1.477165064123e-11       9.122027781333e-13      -8.851767124656e-13       0.000000000000e+00       2.211764381885e-16       1.453720925891e-17       7.252159310287e-18 
 2257       1.474898915187e-11       9.104109621626e-13      -8.987917732365e-13       0.000000000000e+00       2.207739329246e-16       1.436428708634e-17       7.204689935976e-18 
 2258       1.472733352911e-11       9.085260657051e-13      -9.122801880989e-13       0.000000000000e+00       2.203723301799e-16       1.419919951655e-17       7.156423846532e-18 
 2259       1.470667565067e-11       9.065481335478e-13      -9.256350516242e-13       0.000000000000e+00       2.199716274560e-16       1.404212786037e-17       7.107405390126e-18 
 2260       1.468700597244e-11       9.044774023317e-13      -9.388500729066e-13       0.000000000000e+00       2.195718223094e-16       1.389318192712e-17       7.057679812981e-18 
 2261       1.466830936145e-11       9.023148750787e-13      -9.519214939753e-13       0.000000000000e+00       2.191729125743e-16       1.375218325445e-17       7.007295472179e-18 
 2262       1.465056923577e-11       9.000617503886e-13      -9.648461837585e-13       0.000000000000e+00       2.187748961408e-16       1.361888047553e-17       6.956301637551e-18 
 2263       1.463376894779e-11       8.977192317252e-13      -9.776210012267e-13       0.000000000000e+00       2.183777708809e-16       1.349302127730e-17       6.904747757374e-18 
 2264       1.461789178408e-11       8.952885274217e-13      -9.902427953829e-13       0.000000000000e+00       2.179815346488e-16       1.337435239934e-17       6.852683458565e-18 
 2265       1.460292096531e-11       8.927708506865e-13      -1.002708405251e-12       0.000000000000e+00       2.175861852801e-16       1.326261963289e-17       6.800158546881e-18 
 2266       1.458883964625e-11       8.901674196083e-13      -1.015014659868e-12       0.000000000000e+00       2.171917205924e-16       1.315756781971e-17       6.747223007121e-18 
 2267       1.457563091559e-11       8.874794571626e-13      -1.027158378267e-12       0.000000000000e+00       2.167981383854e-16       1.305894085108e-17       6.693927003321e-18 
 2268       1.456327779596e-11       8.847081912163e-13      -1.039136369475e-12       0.000000000000e+00       2.164054364400e-16       1.296648166664e-17       6.640320878952e-18 
 2269       1.455176324378e-11       8.818548545339e-13      -1.050945432497e-12       0.000000000000e+00       2.160136125194e-16       1.287993225345e-17       6.586455157122e-18 
 2270       1.454107014926e-11       8.789206847831e-13      -1.062582356305e-12       0.000000000000e+00       2.156226643683e-16       1.279903364479e-17       6.532380540773e-18 
 2271       1.453118133622e-11       8.759069245400e-13      -1.074043919832e-12       0.000000000000e+00       2.152325897130e-16       1.272352591921e-17       6.478147912877e-18 
 2272       1.452207956215e-11       8.728148212952e-13      -1.085326891956e-12       0.000000000000e+00       2.148433862616e-16       1.265314819936e-17       6.423808336641e-18 
 2273       1.451374751800e-11       8.696456274591e-13      -1.096428031494e-12       0.000000000000e+00       2.144550517040e-16       1.258763865102e-17       6.369413055696e-18 
 2274       1.450616782820e-11       8.664006003673e-13      -1.107344087187e-12       0.000000000000e+00       2.140675837114e-16       1.252673448195e-17       6.315013494306e-18 
 2275       1.449932305054e-11       8.630810022868e-13      -1.118071797694e-12       0.000000000000e+00       2.136809799369e-16       1.247017194089e-17       6.260661257560e-18 
 2276       1.449319567611e-11       8.596881004212e-13      -1.128607891579e-12       0.000000000000e+00       2.132952380150e-16       1.241768631645e-17       6.206408131572e-18 
 2277       1.448776812922e-11       8.562231669160e-13      -1.138949087299e-12       0.000000000000e+00       2.129103555618e-16       1.236901193605e-17       6.152306083679e-18 
 2278       1.448302276733e-11       8.526874788650e-13      -1.149092093198e-12       0.000000000000e+00       2.125263301750e-16       1.232388216488e-17       6.098407262642e-18 
 2279       1.447894188096e-11       8.490823183152e-13      -1.159033607489e-12       0.000000000000e+00       2.121431594338e-16       1.228202940478e-17       6.044763998844e-18 
 2280       1.447550769364e-11       8.454089722727e-13      -1.168770318253e-12       0.000000000000e+00       2.117608408988e-16       1.224318509325e-17       5.991428804484e-18 
 2281       1.447270236179e-11       8.416687327082e-13      -1.178298903421e-12       0.000000000000e+00       2.113793721122e-16       1.220707970231e-17       5.938454373783e-18 
 2282       1.447050797472e-11       8.378628965628e-13      -1.187616030764e-12       0.000000000000e+00       2.109987505973e-16       1.217344273748e-17       5.885893583178e-18 
 2283       1.446890655447e-11       8.339927657532e-13      -1.196718357889e-12       0.000000000000e+00       2.106189738592e-16       1.214200273668e-17       5.833799491519e-18 
 2284       1.446788005579e-11       8.300596471777e-13      -1.205602532219e-12       0.000000000000e+00       2.102400393842e-16       1.211248726919e-17       5.782225340272e-18 
 2285       1.446741036604e-11       8.260648527217e-13      -1.214265190990e-12       0.000000000000e+00       2.098619446400e-16       1.208462293458e-17       5.731224553716e-18 
 2286       1.446747930515e-11       8.220096992631e-13      -1.222702961236e-12       0.000000000000e+00       2.094846870756e-16       1.205813536163e-17       5.680850739141e-18 
 2287       1.446806862548e-11       8.178955086781e-13      -1.230912459781e-12       0.000000000000e+00       2.091082641213e-16       1.203274920726e-17       5.631157687046e-18 
 2288       1.446916001180e-11       8.137236078468e-13      -1.238890293226e-12       0.000000000000e+00       2.087326731888e-16       1.200818815550e-17       5.582199371338e-18 
 2289       1.447073508121e-11       8.094953286586e-13      -1.246633057942e-12       0.000000000000e+00       2.083579116708e-16       1.198417491638e-17       5.534029949532e-18 
 2290       1.447277538304e-11       8.052120080180e-13      -1.254137340056e-12       0.000000000000e+00       2.079839769415e-16       1.196043122487e-17       5.486703762949e-18 
 2291       1.447526239879e-11       8.008749878501e-13      -1.261399715441e-12       0.000000000000e+00       2.076108663562e-16       1.193667783984e-17       5.440275336913e-18 
 2292       1.447817754204e-11       7.964856151064e-13      -1.268416749708e-12       0.000000000000e+00       2.072385772513e-16       1.191263454297e-17       5.394799380950e-18 
 2293       1.448150215840e-11       7.920452417701e-13      -1.275184998191e-12       0.000000000000e+00       2.068671069446e-16       1.188802013771e-17       5.350330788990e-18 
 2294       1.448521752542e-11       7.875552248617e-13      -1.281701005942e-12       0.000000000000e+00       2.064964527348e-16       1.186255244815e-17       5.306924639561e-18 
 2295       1.448930485252e-11       7.830169264451e-13      -1.287961307715e-12       0.000000000000e+00       2.061266119018e-16       1.183594831804e-17       5.264636195989e-18 
 2296       1.449374528089e-11       7.784317136323e-13      -1.293962427959e-12       0.000000000000e+00       2.057575817066e-16       1.180792360966e-17       5.223520906599e-18 
 2297       1.449851988347e-11       7.738009585901e-13      -1.299700880806e-12       0.000000000000e+00       2.053893593912e-16       1.177819320277e-17       5.183634404909e-18 
 2298       1.450360966480e-11       7.691260385447e-13      -1.305173170060e-12       0.000000000000e+00       2.050219421788e-16       1.174647099357e-17       5.145032509835e-18 
 2299       1.450899613531e-11       7.644083618163e-13      -1.310376526494e-12       0.000000000000e+00       2.046553274444e-16       1.171253747889e-17       5.107751709124e-18 
 2300       1.451466303808e-11       7.596494460897e-13      -1.315311124881e-12       0.000000000000e+00       2.042895132301e-16       1.167644298147e-17       5.071750473459e-18 
 2301       1.452059463287e-11       7.548508406536e-13      -1.319977881060e-12       0.000000000000e+00       2.039244977332e-16       1.163830571680e-17       5.036967569028e-18 
 2302       1.452677512282e-11       7.500141004227e-13      -1.324377715918e-12       0.000000000000e+00       2.035602791355e-16       1.159824432571e-17       5.003341540105e-18 
 2303       1.453318865434e-11       7.451407859446e-13      -1.328511555395e-12       0.000000000000e+00       2.031968556032e-16       1.155637787492e-17       4.970810708803e-18 
 2304       1.453981931706e-11       7.402324634057e-13      -1.332380330492e-12       0.000000000000e+00       2.028342252873e-16       1.151282585744e-17       4.939313174834e-18 
 2305       1.454665114378e-11       7.352907046375e-13      -1.335984977275e-12       0.000000000000e+00       2.024723863229e-16       1.146770819310e-17       4.908786815260e-18 
 2306       1.455366811040e-11       7.303170871226e-13      -1.339326436884e-12       0.000000000000e+00       2.021113368297e-16       1.142114522897e-17       4.879169284252e-18 
 2307       1.456085413585e-11       7.253131940012e-13      -1.342405655535e-12       0.000000000000e+00       2.017510749118e-16       1.137325773984e-17       4.850398012844e-18 
 2308       1.456819308203e-11       7.202806140770e-13      -1.345223584533e-12       0.000000000000e+00       2.013915986577e-16       1.132416692869e-17       4.822410208691e-18 
 2309       1.457566875376e-11       7.152209418237e-13      -1.347781180270e-12       0.000000000000e+00       2.010329061401e-16       1.127399442717e-17       4.795142855818e-18 
 2310       1.458326489872e-11       7.101357773908e-13      -1.350079404238e-12       0.000000000000e+00       2.006749954164e-16       1.122286229604e-17       4.768532714387e-18 
 2311       1.459096520735e-11       7.050267266100e-13      -1.352119223028e-12       0.000000000000e+00       2.003178645280e-16       1.117089302566e-17       4.742516320440e-18 
 2312       1.459875331285e-11       6.998954010015e-13      -1.353901608346e-12       0.000000000000e+00       1.999615115006e-16       1.111820953643e-17       4.717029985666e-18 
 2313       1.460661279105e-11       6.947434177800e-13      -1.355427537009e-12       0.000000000000e+00       1.996059343445e-16       1.106493517930e-17       4.692009797148e-18 
 2314       1.461452716040e-11       6.895723998611e-13      -1.356697990958e-12       0.000000000000e+00       1.992511310540e-16       1.101119373621e-17       4.667391617124e-18 
 2315       1.462247988189e-11       6.843839758670e-13      -1.357713957262e-12       0.000000000000e+00       1.988970996076e-16       1.095710942054e-17       4.643111082740e-18 
 2316       1.463045435898e-11       6.791797801334e-13      -1.358476428122e-12       0.000000000000e+00       1.985438379683e-16       1.090280687761e-17       4.619103605807e-18 
 2317       1.463843393754e-11       6.739614527151e-13      -1.358986400882e-12       0.000000000000e+00       1.981913440830e-16       1.084841118513e-17       4.595304372557e-18 
 2318       1.464640190580e-11       6.687306393926e-13      -1.359244878030e-12       0.000000000000e+00       1.978396158830e-16       1.079404785369e-17       4.571648343395e-18 
 2319       1.465434149429e-11       6.634889916779e-13      -1.359252867208e-12       0.000000000000e+00       1.974886512836e-16       1.073984282717e-17       4.548070252661e-18 
 2320       1.466223587575e-11       6.582381668212e-13      -1.359011381217e-12       0.000000000000e+00       1.971384481844e-16       1.068592248327e-17       4.524504608380e-18 
 2321       1.467006816508e-11       6.529798278164e-13      -1.358521438020e-12       0.000000000000e+00       1.967890044688e-16       1.063241363396e-17       4.500885692021e-18 
 2322       1.467782141931e-11       6.477156434080e-13      -1.357784060755e-12       0.000000000000e+00       1.964403180048e-16       1.057944352593e-17       4.477147558252e-18 
 2323       1.468547863748e-11       6.424472880968e-13      -1.356800277735e-12       0.000000000000e+00       1.960923866440e-16       1.052713984105e-17       4.453224034694e-18 
 2324       1.469302276064e-11       6.371764421463e-13      -1.355571122456e-12       0.000000000000e+00       1.957452082223e-16       1.047563069688e-17       4.429048721678e-18 
 2325       1.470043667174e-11       6.319047915889e-13      -1.354097633605e-12       0.000000000000e+00       1.953987805596e-16       1.042504464709e-17       4.404554992001e-18 
 2326       1.470770319557e-11       6.266340282319e-13      -1.352380855063e-12       0.000000000000e+00       1.950531014598e-16       1.037551068198e-17       4.379675990682e-18 
 2327       1.471480509873e-11       6.213658496639e-13      -1.350421835915e-12       0.000000000000e+00       1.947081687107e-16       1.032715822886e-17       4.354344634716e-18 
 2328       1.472172508956e-11       6.161019592609e-13      -1.348221630451e-12       0.000000000000e+00       1.943639800842e-16       1.028011715263e-17       4.328493612831e-18 
 2329       1.472844581804e-11       6.108440661926e-13      -1.345781298178e-12       0.000000000000e+00       1.940205333362e-16       1.023451775616e-17       4.302055385243e-18 
 2330       1.473494987578e-11       6.055938854284e-13      -1.343101903822e-12       0.000000000000e+00       1.936778262063e-16       1.019049078078e-17       4.274962183412e-18 
 2331       1.474121979592e-11       6.003531377437e-13      -1.340184517335e-12       0.000000000000e+00       1.933358564182e-16       1.014816740677e-17       4.247146009798e-18 
 2332       1.474723805308e-11       5.951235497261e-13      -1.337030213903e-12       0.000000000000e+00       1.929946216794e-16       1.010767925381e-17       4.218538637616e-18 
 2333       1.475298706331e-11       5.899068537814e-13      -1.333640073950e-12       0.000000000000e+00       1.926541196813e-16       1.006915838143e-17       4.189071610592e-18 
 2334       1.475844918400e-11       5.847047881402e-13      -1.330015183145e-12       0.000000000000e+00       1.923143480991e-16       1.003273728952e-17       4.158676242719e-18 
 2335       1.476360671384e-11       5.795190968637e-13      -1.326156632408e-12       0.000000000000e+00       1.919753045919e-16       9.998548918759e-18       4.127283618012e-18 
 2336       1.476844189277e-11       5.743515298501e-13      -1.322065517917e-12       0.000000000000e+00       1.916369868026e-16       9.966726651089e-18       4.094824590263e-18 
 2337       1.477293690187e-11       5.692038428406e-13      -1.317742941113e-12       0.000000000000e+00       1.912993923577e-16       9.937404310196e-18       4.061229782800e-18 
 2338       1.477707572057e-11       5.640776749368e-13      -1.313190439654e-12       0.000000000000e+00       1.909625190735e-16       9.910688867277e-18       4.026443229751e-18 
 2339       1.478084971097e-11       5.589741803011e-13      -1.308411283214e-12       0.000000000000e+00       1.906263655739e-16       9.886578370628e-18       3.990463393686e-18 
 2340       1.478425206833e-11       5.538943941624e-13      -1.303409185810e-12       0.000000000000e+00       1.902909306764e-16       9.865043503049e-18       3.953302404353e-18 
 2341       1.478727596703e-11       5.488393550987e-13      -1.298187875608e-12       0.000000000000e+00       1.899562131863e-16       9.846054829736e-18       3.914972440537e-18 
 2342       1.478991456053e-11       5.438101050411e-13      -1.292751094940e-12       0.000000000000e+00       1.896222118968e-16       9.829582798149e-18       3.875485730121e-18 
 2343       1.479216098136e-11       5.388076892768e-13      -1.287102600317e-12       0.000000000000e+00       1.892889255889e-16       9.815597737880e-18       3.834854550137e-18 
 2344       1.479400834109e-11       5.338331564532e-13      -1.281246162445e-12       0.000000000000e+00       1.889563530317e-16       9.804069860522e-18       3.793091226824e-18 
 2345       1.479544973031e-11       5.288875585808e-13      -1.275185566243e-12       0.000000000000e+00       1.886244929820e-16       9.794969259537e-18       3.750208135681e-18 
 2346       1.479647821861e-11       5.239719510372e-13      -1.268924610856e-12       0.000000000000e+00       1.882933441845e-16       9.788265910124e-18       3.706217701523e-18 
 2347       1.479708685456e-11       5.190873925702e-13      -1.262467109670e-12       0.000000000000e+00       1.879629053718e-16       9.783929669087e-18       3.661132398536e-18 
 2348       1.479726866569e-11       5.142349453015e-13      -1.255816890333e-12       0.000000000000e+00       1.876331752641e-16       9.781930274703e-18       3.614964750332e-18 
 2349       1.479701665846e-11       5.094156747304e-13      -1.248977794763e-12       0.000000000000e+00       1.873041525697e-16       9.782237346591e-18       3.567727330002e-18 
 2350       1.479632381824e-11       5.046306497369e-13      -1.241953679170e-12       0.000000000000e+00       1.869758359843e-16       9.784820385579e-18       3.519432760175e-18 
 2351       1.479518310932e-11       4.998809425854e-13      -1.234748414068e-12       0.000000000000e+00       1.866482241918e-16       9.789648773573e-18       3.470093713071e-18 
 2352       1.479358747481e-11       4.951676289281e-13      -1.227365884292e-12       0.000000000000e+00       1.863213158635e-16       9.796691773427e-18       3.419722910554e-18 
 2353       1.479152983673e-11       4.904917878089e-13      -1.219809989012e-12       0.000000000000e+00       1.859951096585e-16       9.805918528806e-18       3.368333124190e-18 
 2354       1.478900309588e-11       4.858545016662e-13      -1.212084641753e-12       0.000000000000e+00       1.856696042238e-16       9.817298064060e-18       3.315937175301e-18 
 2355       1.478600013188e-11       4.812568563372e-13      -1.204193770404e-12       0.000000000000e+00       1.853447981939e-16       9.830799284089e-18       3.262547935019e-18 
 2356       1.478251380316e-11       4.766999410606e-13      -1.196141317238e-12       0.000000000000e+00       1.850206901911e-16       9.846390974210e-18       3.208178324343e-18 
 2357       1.477853694688e-11       4.721848484808e-13      -1.187931238929e-12       0.000000000000e+00       1.846972788252e-16       9.864041800029e-18       3.152841314192e-18 
 2358       1.477406237895e-11       4.677126746510e-13      -1.179567506564e-12       0.000000000000e+00       1.843745626938e-16       9.883720307306e-18       3.096549925463e-18 
 2359       1.476908289402e-11       4.632845190367e-13      -1.171054105658e-12       0.000000000000e+00       1.840525403822e-16       9.905394921826e-18       3.039317229080e-18 
 2360       1.476359126542e-11       4.589014845195e-13      -1.162395036175e-12       0.000000000000e+00       1.837312104631e-16       9.929033949262e-18       2.981156346057e-18 
 2361       1.475758024516e-11       4.545646774003e-13      -1.153594312539e-12       0.000000000000e+00       1.834105714969e-16       9.954605575050e-18       2.922080447547e-18 
 2362       1.475104256391e-11       4.502752074028e-13      -1.144655963649e-12       0.000000000000e+00       1.830906220317e-16       9.982077864253e-18       2.862102754900e-18 
 2363       1.474397093098e-11       4.460341876774e-13      -1.135584032899e-12       0.000000000000e+00       1.827713606029e-16       1.001141876143e-17       2.801236539715e-18 
 2364       1.473635803429e-11       4.418427348040e-13      -1.126382578190e-12       0.000000000000e+00       1.824527857337e-16       1.004259609050e-17       2.739495123900e-18 
 2365       1.472819654034e-11       4.377019687964e-13      -1.117055671947e-12       0.000000000000e+00       1.821348959348e-16       1.007557755462e-17       2.676891879721e-18 
 2366       1.471947909422e-11       4.336130131049e-13      -1.107607401134e-12       0.000000000000e+00       1.818176897042e-16       1.011033073605e-17       2.613440229864e-18 
 2367       1.471019831956e-11       4.295769946204e-13      -1.098041867270e-12       0.000000000000e+00       1.815011655277e-16       1.014682309601e-17       2.549153647481e-18 
 2368       1.470034681850e-11       4.255950436778e-13      -1.088363186445e-12       0.000000000000e+00       1.811853218784e-16       1.018502197456e-17       2.484045656255e-18 
 2369       1.468991717172e-11       4.216682940592e-13      -1.078575489335e-12       0.000000000000e+00       1.808701572169e-16       1.022489459047e-17       2.418129830446e-18 
 2370       1.467890193836e-11       4.177978829978e-13      -1.068682921217e-12       0.000000000000e+00       1.805556699912e-16       1.026640804107e-17       2.351419794954e-18 
 2371       1.466729365603e-11       4.139849511811e-13      -1.058689641987e-12       0.000000000000e+00       1.802418586369e-16       1.030952930215e-17       2.283929225367e-18 
 2372       1.465508484078e-11       4.102306427547e-13      -1.048599826172e-12       0.000000000000e+00       1.799287215769e-16       1.035422522781e-17       2.215671848022e-18 
 2373       1.464226798709e-11       4.065361053255e-13      -1.038417662951e-12       0.000000000000e+00       1.796162572214e-16       1.040046255029e-17       2.146661440053e-18 
 2374       1.462883556783e-11       4.029024899652e-13      -1.028147356163e-12       0.000000000000e+00       1.793044639683e-16       1.044820787993e-17       2.076911829455e-18 
 2375       1.461478003423e-11       3.993309512143e-13      -1.017793124330e-12       0.000000000000e+00       1.789933402025e-16       1.049742770495e-17       2.006436895132e-18 
 2376       1.460009381592e-11       3.958226470848e-13      -1.007359200669e-12       0.000000000000e+00       1.786828842965e-16       1.054808839136e-17       1.935250566953e-18 
 2377       1.458477122272e-11       3.923785571695e-13      -9.968497866682e-13       0.000000000000e+00       1.783730946248e-16       1.060015636150e-17       1.863376439886e-18 
 2378       1.456881416323e-11       3.889989357349e-13      -9.862689124753e-13       0.000000000000e+00       1.780639696085e-16       1.065359863118e-17       1.790876680993e-18 
 2379       1.455222646149e-11       3.856838552666e-13      -9.756205756814e-13       0.000000000000e+00       1.777555076708e-16       1.070838227558e-17       1.717823300597e-18 
 2380       1.453501195822e-11       3.824333880574e-13      -9.649087876964e-13       0.000000000000e+00       1.774477072227e-16       1.076447425077e-17       1.644288554638e-18 
 2381       1.451717451094e-11       3.792476062072e-13      -9.541375737638e-13       0.000000000000e+00       1.771405666627e-16       1.082184139352e-17       1.570344944926e-18 
 2382       1.449871799393e-11       3.761265816225e-13      -9.433109729750e-13       0.000000000000e+00       1.768340843769e-16       1.088045042125e-17       1.496065219405e-18 
 2383       1.447964629823e-11       3.730703860164e-13      -9.324330382844e-13       0.000000000000e+00       1.765282587388e-16       1.094026793186e-17       1.421522372410e-18 
 2384       1.445996333172e-11       3.700790909077e-13      -9.215078365235e-13       0.000000000000e+00       1.762230881095e-16       1.100126040358e-17       1.346789644927e-18 
 2385       1.443967301910e-11       3.671527676211e-13      -9.105394484160e-13       0.000000000000e+00       1.759185708377e-16       1.106339419490e-17       1.271940524852e-18 
 2386       1.441877930192e-11       3.642914872865e-13      -8.995319685924e-13       0.000000000000e+00       1.756147052594e-16       1.112663554438e-17       1.197048747248e-18 
 2387       1.439728613856e-11       3.614953208385e-13      -8.884895056042e-13       0.000000000000e+00       1.753114896983e-16       1.119095057059e-17       1.122188294607e-18 
 2388       1.437519750434e-11       3.587643390166e-13      -8.774161819389e-13       0.000000000000e+00       1.750089224653e-16       1.125630527191e-17       1.047433397110e-18 
 2389       1.435251739143e-11       3.560986123642e-13      -8.663161340347e-13       0.000000000000e+00       1.747070018590e-16       1.132266552645e-17       9.728585328802e-19 
 2390       1.432924980897e-11       3.534982112288e-13      -8.551935122949e-13       0.000000000000e+00       1.744057261653e-16       1.138999709191e-17       8.985384282493e-19 
 2391       1.430539878299e-11       3.509632057610e-13      -8.440524811025e-13       0.000000000000e+00       1.741050936574e-16       1.145826560545e-17       8.245480580120e-19 
 2392       1.428096835652e-11       3.484936659149e-13      -8.328972188352e-13       0.000000000000e+00       1.738051025960e-16       1.152743658356e-17       7.509626456867e-19 
 2393       1.425596258954e-11       3.460896614472e-13      -8.217319178795e-13       0.000000000000e+00       1.735057512293e-16       1.159747542193e-17       6.778576637745e-19 
 2394       1.423038555905e-11       3.437512619169e-13      -8.105607846458e-13       0.000000000000e+00       1.732070377927e-16       1.166834739533e-17       6.053088340182e-19 
 2395       1.420424135906e-11       3.414785366852e-13      -7.993880395829e-13       0.000000000000e+00       1.729089605090e-16       1.174001765748e-17       5.333921276615e-19 
 2396       1.417753410060e-11       3.392715549148e-13      -7.882179171925e-13       0.000000000000e+00       1.726115175882e-16       1.181245124093e-17       4.621837657080e-19 
 2397       1.415026791176e-11       3.371303855700e-13      -7.770546660438e-13       0.000000000000e+00       1.723147072278e-16       1.188561305689e-17       3.917602191803e-19 
 2398       1.412244693772e-11       3.350550974157e-13      -7.659025487884e-13       0.000000000000e+00       1.720185276126e-16       1.195946789517e-17       3.221982093796e-19 
 2399       1.409407534072e-11       3.330457590176e-13      -7.547658421748e-13       0.000000000000e+00       1.717229769144e-16       1.203398042400e-17       2.535747081440e-19 
 2400       1.406515730015e-11       3.311024387417e-13      -7.436488370630e-13       0.000000000000e+00       1.714280532926e-16       1.210911518992e-17       1.859669381083e-19 
 2401       1.403569701249e-11       3.292252047537e-13      -7.325558384391e-13       0.000000000000e+00       1.711337548938e-16       1.218483661764e-17       1.194523729627e-19 
 2402       1.400569869140e-11       3.274141250189e-13      -7.214911654299e-13       0.000000000000e+00       1.708400798515e-16       1.226110900993e-17       5.410873771224e-20 
 2403       1.397516656768e-11       3.256692673017e-13      -7.104591513179e-13       0.000000000000e+00       1.705470262869e-16       1.233789654750e-17      -9.985991064377e-21 
 2404       1.394410488934e-11       3.239906991655e-13      -6.994641435553e-13       0.000000000000e+00       1.702545923079e-16       1.241516328882e-17      -7.275358495544e-20 
 2405       1.391251792158e-11       3.223784879719e-13      -6.885105037793e-13       0.000000000000e+00       1.699627760101e-16       1.249287317007e-17      -1.341155634572e-19 
 2406       1.388040994682e-11       3.208327008806e-13      -6.776026078262e-13       0.000000000000e+00       1.696715754759e-16       1.257099000493e-17      -1.939931937149e-19 
 2407       1.384778526474e-11       3.193534048492e-13      -6.667448457462e-13       0.000000000000e+00       1.693809887749e-16       1.264947748451e-17      -2.523074902633e-19 
 2408       1.381464819227e-11       3.179406666325e-13      -6.559416218184e-13       0.000000000000e+00       1.690910139640e-16       1.272829917722e-17      -3.089792147678e-19 
 2409       1.378100306363e-11       3.165945527823e-13      -6.451973545649e-13       0.000000000000e+00       1.688016490870e-16       1.280741852860e-17      -3.639288757655e-19 
 2410       1.374685423031e-11       3.153151296471e-13      -6.345164767655e-13       0.000000000000e+00       1.685128921750e-16       1.288679886122e-17      -4.170767284057e-19 
 2411       1.371220606116e-11       3.141024633717e-13      -6.239034354727e-13       0.000000000000e+00       1.682247412461e-16       1.296640337456e-17      -4.683427741909e-19 
 2412       1.367706294234e-11       3.129566198967e-13      -6.133626920261e-13       0.000000000000e+00       1.679371943054e-16       1.304619514488e-17      -5.176467607180e-19 
 2413       1.364142927738e-11       3.118776649584e-13      -6.028987220670e-13       0.000000000000e+00       1.676502493452e-16       1.312613712506e-17      -5.649081814186e-19 
 2414       1.360530948717e-11       3.108656640882e-13      -5.925160155530e-13       0.000000000000e+00       1.673639043448e-16       1.320619214451e-17      -6.100462753004e-19 
 2415       1.356870801000e-11       3.099206826123e-13      -5.822190767729e-13       0.000000000000e+00       1.670781572704e-16       1.328632290902e-17      -6.529800266878e-19 
 2416       1.353163024660e-11       3.090426501891e-13      -5.720120199286e-13       0.000000000000e+00       1.667930061990e-16       1.336650177796e-17      -6.936558242731e-19 
 2417       1.349408540147e-11       3.082309535236e-13      -5.618973531746e-13       0.000000000000e+00       1.665084496906e-16       1.344674016081e-17      -7.321306219620e-19 
 2418       1.345608365880e-11       3.074848411838e-13      -5.518771872384e-13       0.000000000000e+00       1.662244864182e-16       1.352705929852e-17      -7.684892814947e-19 
 2419       1.341763523904e-11       3.068035588359e-13      -5.419536391906e-13       0.000000000000e+00       1.659411150440e-16       1.360748050244e-17      -8.028169592102e-19 
 2420       1.337875039897e-11       3.061863492414e-13      -5.321288324510e-13       0.000000000000e+00       1.656583342197e-16       1.368802515442e-17      -8.351991063555e-19 
 2421       1.333943943169e-11       3.056324522533e-13      -5.224048967946e-13       0.000000000000e+00       1.653761425865e-16       1.376871470683e-17      -8.657214693950e-19 
 2422       1.329971266673e-11       3.051411048135e-13      -5.127839683583e-13       0.000000000000e+00       1.650945387749e-16       1.384957068270e-17      -8.944700903197e-19 
 2423       1.325958047000e-11       3.047115409498e-13      -5.032681896474e-13       0.000000000000e+00       1.648135214048e-16       1.393061467574e-17      -9.215313069565e-19 
 2424       1.321905324390e-11       3.043429917721e-13      -4.938597095411e-13       0.000000000000e+00       1.645330890854e-16       1.401186835045e-17      -9.469917532774e-19 
 2425       1.317814142733e-11       3.040346854699e-13      -4.845606832999e-13       0.000000000000e+00       1.642532404152e-16       1.409335344215e-17      -9.709383597089e-19 
 2426       1.313685549572e-11       3.037858473086e-13      -4.753732725711e-13       0.000000000000e+00       1.639739739822e-16       1.417509175709e-17      -9.934583534412e-19 
 2427       1.309520596108e-11       3.035956996270e-13      -4.662996453953e-13       0.000000000000e+00       1.636952883635e-16       1.425710517253e-17      -1.014639258737e-18 
 2428       1.305320337205e-11       3.034634618336e-13      -4.573419762132e-13       0.000000000000e+00       1.634171821256e-16       1.433941563677e-17      -1.034568897243e-18 
 2429       1.301085831391e-11       3.033883504036e-13      -4.485024458711e-13       0.000000000000e+00       1.631396538244e-16       1.442204516924e-17      -1.053335388295e-18 
 2430       1.296818140864e-11       3.033695788760e-13      -4.397832416281e-13       0.000000000000e+00       1.628627020048e-16       1.450501586061e-17      -1.071027149231e-18 
 2431       1.292518331496e-11       3.034063578501e-13      -4.311865571617e-13       0.000000000000e+00       1.625863252012e-16       1.458834987281e-17      -1.087732895699e-18 
 2432       1.288187472833e-11       3.034978949826e-13      -4.227145925744e-13       0.000000000000e+00       1.623105219372e-16       1.467206943914e-17      -1.103541641966e-18 
 2433       1.283826638106e-11       3.036433949845e-13      -4.143695544004e-13       0.000000000000e+00       1.620352907255e-16       1.475619686430e-17      -1.118542701228e-18 
 2434       1.279436904228e-11       3.038420596176e-13      -4.061536556111e-13       0.000000000000e+00       1.617606300681e-16       1.484075452452e-17      -1.132825685919e-18 
 2435       1.275019351800e-11       3.040930876918e-13      -3.980691156221e-13       0.000000000000e+00       1.614865384562e-16       1.492576486760e-17      -1.146480508020e-18 
 2436       1.270575065118e-11       3.043956750618e-13      -3.901181602994e-13       0.000000000000e+00       1.612130143703e-16       1.501125041298e-17      -1.159597379368e-18 
 2437       1.266105132171e-11       3.047490146236e-13      -3.823030219654e-13       0.000000000000e+00       1.609400562798e-16       1.509723375182e-17      -1.172266811967e-18 
 2438       1.261610644651e-11       3.051522963119e-13      -3.746259394057e-13       0.000000000000e+00       1.606676626436e-16       1.518373754707e-17      -1.184579618294e-18 
 2439       1.257092697951e-11       3.056047070969e-13      -3.670891578749e-13       0.000000000000e+00       1.603958319095e-16       1.527078453357e-17      -1.196626911612e-18 
 2440       1.252552391175e-11       3.061054309805e-13      -3.596949291034e-13       0.000000000000e+00       1.601245625145e-16       1.535839751805e-17      -1.208500106278e-18 
 2441       1.247990827134e-11       3.066536489941e-13      -3.524455113034e-13       0.000000000000e+00       1.598538528848e-16       1.544659937930e-17      -1.220290918050e-18 
 2442       1.243409112359e-11       3.072485391947e-13      -3.453431691755e-13       0.000000000000e+00       1.595837014356e-16       1.553541306817e-17      -1.232091364399e-18 
 2443       1.238808357097e-11       3.078892766621e-13      -3.383901739145e-13       0.000000000000e+00       1.593141065712e-16       1.562486160768e-17      -1.243993764817e-18 
 2444       1.234189675320e-11       3.085750334960e-13      -3.315888032165e-13       0.000000000000e+00       1.590450666851e-16       1.571496809306e-17      -1.256090741128e-18 
 2445       1.229554184724e-11       3.093049788121e-13      -3.249413412845e-13       0.000000000000e+00       1.587765801598e-16       1.580575569186e-17      -1.268475217795e-18 
 2446       1.224903006739e-11       3.100782787398e-13      -3.184500788353e-13       0.000000000000e+00       1.585086453668e-16       1.589724764400e-17      -1.281240422229e-18 
 2447       1.220237266527e-11       3.108940964184e-13      -3.121173131052e-13       0.000000000000e+00       1.582412606668e-16       1.598946726186e-17      -1.294479885102e-18 
 2448       1.215558092989e-11       3.117515919944e-13      -3.059453478570e-13       0.000000000000e+00       1.579744244092e-16       1.608243793032e-17      -1.308287440652e-18 
 2449       1.210866618770e-11       3.126499226182e-13      -2.999364933858e-13       0.000000000000e+00       1.577081349327e-16       1.617618310687e-17      -1.322757226995e-18 
 2450       1.206163980258e-11       3.135882424409e-13      -2.940930665254e-13       0.000000000000e+00       1.574423905651e-16       1.627072632166e-17      -1.337983686433e-18 
 2451       1.201451317593e-11       3.145657026110e-13      -2.884173906552e-13       0.000000000000e+00       1.571771896228e-16       1.636609117760e-17      -1.354061565763e-18 
 2452       1.196729774667e-11       3.155814512719e-13      -2.829117957055e-13       0.000000000000e+00       1.569125304114e-16       1.646230135038e-17      -1.371085916587e-18 
 2453       1.192000499130e-11       3.166346335580e-13      -2.775786181647e-13       0.000000000000e+00       1.566484112256e-16       1.655938058860e-17      -1.389152095622e-18 
 2454       1.187264642395e-11       3.177243915918e-13      -2.724202010852e-13       0.000000000000e+00       1.563848303487e-16       1.665735271382e-17      -1.408355765007e-18 
 2455       1.182523326911e-11       3.188498367332e-13      -2.674384084093e-13       0.000000000000e+00       1.561217862148e-16       1.675623212046e-17      -1.428767308051e-18 
 2456       1.177777547784e-11       3.200099661509e-13      -2.626331647678e-13       0.000000000000e+00       1.558592778941e-16       1.685599521352e-17      -1.450354909093e-18 
 2457       1.173028270577e-11       3.212037457471e-13      -2.580039069850e-13       0.000000000000e+00       1.555973046101e-16       1.695660880065e-17      -1.473061015489e-18 
 2458       1.168276463989e-11       3.224301378561e-13      -2.535500689652e-13       0.000000000000e+00       1.553358655784e-16       1.705803957676e-17      -1.496827880315e-18 
 2459       1.163523099860e-11       3.236881012408e-13      -2.492710816891e-13       0.000000000000e+00       1.550749600068e-16       1.716025412387e-17      -1.521597562165e-18 
 2460       1.158769153171e-11       3.249765910892e-13      -2.451663732105e-13       0.000000000000e+00       1.548145870948e-16       1.726321891102e-17      -1.547311924956e-18 
 2461       1.154015602047e-11       3.262945590103e-13      -2.412353686531e-13       0.000000000000e+00       1.545547460342e-16       1.736690029412e-17      -1.573912637722e-18 
 2462       1.149263427766e-11       3.276409530308e-13      -2.374774902072e-13       0.000000000000e+00       1.542954360088e-16       1.747126451588e-17      -1.601341174420e-18 
 2463       1.144513614752e-11       3.290147175910e-13      -2.338921571259e-13       0.000000000000e+00       1.540366561942e-16       1.757627770564e-17      -1.629538813725e-18 
 2464       1.139767150589e-11       3.304147935415e-13      -2.304787857225e-13       0.000000000000e+00       1.537784057583e-16       1.768190587931e-17      -1.658446638833e-18 
 2465       1.135025026016e-11       3.318401181392e-13      -2.272367893665e-13       0.000000000000e+00       1.535206838606e-16       1.778811493921e-17      -1.688005537263e-18 
 2466       1.130288234934e-11       3.332896250440e-13      -2.241655784805e-13       0.000000000000e+00       1.532634896528e-16       1.789487067397e-17      -1.718156200650e-18 
 2467       1.125557774409e-11       3.347622443145e-13      -2.212645605371e-13       0.000000000000e+00       1.530068222787e-16       1.800213875843e-17      -1.748839124554e-18 
 2468       1.120834644675e-11       3.362569024047e-13      -2.185331400550e-13       0.000000000000e+00       1.527506808738e-16       1.810988475349e-17      -1.779994608252e-18 
 2469       1.116119849136e-11       3.377725221606e-13      -2.159707185962e-13       0.000000000000e+00       1.524950645657e-16       1.821807410601e-17      -1.811562754546e-18 
 2470       1.111414394369e-11       3.393080228156e-13      -2.135766947623e-13       0.000000000000e+00       1.522399724737e-16       1.832667214871e-17      -1.843483469556e-18 
 2471       1.106719290132e-11       3.408623199877e-13      -2.113504641914e-13       0.000000000000e+00       1.519854037093e-16       1.843564410003e-17      -1.875696462523e-18 
 2472       1.102035549358e-11       3.424343256755e-13      -2.092914195545e-13       0.000000000000e+00       1.517313573758e-16       1.854495506403e-17      -1.908141245610e-18 
 2473       1.097364188169e-11       3.440229482543e-13      -2.073989505525e-13       0.000000000000e+00       1.514778325683e-16       1.865457003025e-17      -1.940757133701e-18 
 2474       1.092706225870e-11       3.456270924726e-13      -2.056724439124e-13       0.000000000000e+00       1.512248283740e-16       1.876445387363e-17      -1.973483244202e-18 
 2475       1.088062684958e-11       3.472456594484e-13      -2.041112833845e-13       0.000000000000e+00       1.509723438717e-16       1.887457135437e-17      -2.006258496838e-18 
 2476       1.083434591121e-11       3.488775466655e-13      -2.027148497385e-13       0.000000000000e+00       1.507203781324e-16       1.898488711781e-17      -2.039021613459e-18 
 2477       1.078822973246e-11       3.505216479696e-13      -2.014825207606e-13       0.000000000000e+00       1.504689302187e-16       1.909536569433e-17      -2.071711117833e-18 
 2478       1.074228863417e-11       3.521768535651e-13      -2.004136712498e-13       0.000000000000e+00       1.502179991851e-16       1.920597149921e-17      -2.104265335451e-18 
 2479       1.069653296922e-11       3.538420500109e-13      -1.995076730150e-13       0.000000000000e+00       1.499675840781e-16       1.931666883256e-17      -2.136622393327e-18 
 2480       1.065097312255e-11       3.555161202168e-13      -1.987638948711e-13       0.000000000000e+00       1.497176839357e-16       1.942742187915e-17      -2.168720219796e-18 
 2481       1.060561951118e-11       3.571979434400e-13      -1.981817026361e-13       0.000000000000e+00       1.494682977881e-16       1.953819470832e-17      -2.200496544313e-18 
 2482       1.056048258426e-11       3.588863952815e-13      -1.977604591276e-13       0.000000000000e+00       1.492194246570e-16       1.964895127387e-17      -2.231888897257e-18 
 2483       1.051557282309e-11       3.605803476818e-13      -1.974995241594e-13       0.000000000000e+00       1.489710635561e-16       1.975965541392e-17      -2.262834609729e-18 
 2484       1.047090074115e-11       3.622786689179e-13      -1.973982545383e-13       0.000000000000e+00       1.487232134907e-16       1.987027085082e-17      -2.293270813351e-18 
 2485       1.042647688416e-11       3.639802235992e-13      -1.974560040606e-13       0.000000000000e+00       1.484758734581e-16       1.998076119103e-17      -2.323134440069e-18 
 2486       1.038231183006e-11       3.656838726640e-13      -1.976721235089e-13       0.000000000000e+00       1.482290424471e-16       2.009108992498e-17      -2.352362221948e-18 
 2487       1.033841618910e-11       3.673884733757e-13      -1.980459606485e-13       0.000000000000e+00       1.479827194385e-16       2.020122042698e-17      -2.380890690980e-18 
 2488       1.029480060381e-11       3.690928793190e-13      -1.985768602244e-13       0.000000000000e+00       1.477369034047e-16       2.031111595508e-17      -2.408656178875e-18 
 2489       1.025147574908e-11       3.707959403965e-13      -1.992641639578e-13       0.000000000000e+00       1.474915933099e-16       2.042073965100e-17      -2.435594816869e-18 
 2490       1.020845233220e-11       3.724965028247e-13      -2.001072105427e-13       0.000000000000e+00       1.472467881100e-16       2.053005453994e-17      -2.461642535518e-18 
 2491       1.016574109283e-11       3.741934091306e-13      -2.011053356425e-13       0.000000000000e+00       1.470024867526e-16       2.063902353055e-17      -2.486735064503e-18 
 2492       1.012335280309e-11       3.758854981476e-13      -2.022578718870e-13       0.000000000000e+00       1.467586881770e-16       2.074760941472e-17      -2.510807932426e-18 
 2493       1.008129826756e-11       3.775716050124e-13      -2.035641488686e-13       0.000000000000e+00       1.465153913142e-16       2.085577486755e-17      -2.533796466613e-18 
 2494       1.003958715755e-11       3.792506355631e-13      -2.050231996117e-13       0.000000000000e+00       1.462725950554e-16       2.096349012366e-17      -2.555653164535e-18 
 2495       9.998224506168e-12       3.809217900215e-13      -2.066328781035e-13       0.000000000000e+00       1.460302981578e-16       2.107075605570e-17      -2.576399919918e-18 
 2496       9.957214192748e-12       3.825843406168e-13      -2.083907365753e-13       0.000000000000e+00       1.457884993381e-16       2.117758123113e-17      -2.596076102863e-18 
 2497       9.916560106735e-12       3.842375573005e-13      -2.102943185507e-13       0.000000000000e+00       1.455471973041e-16       2.128397424806e-17      -2.614721216197e-18 
 2498       9.876266147719e-12       3.858807077440e-13      -2.123411588366e-13       0.000000000000e+00       1.453063907546e-16       2.138994373529e-17      -2.632374895615e-18 
 2499       9.836336225436e-12       3.875130573362e-13      -2.145287835139e-13       0.000000000000e+00       1.450660783795e-16       2.149549835233e-17      -2.649076909811e-18 
 2500       9.796774259782e-12       3.891338691815e-13      -2.168547099289e-13       0.000000000000e+00       1.448262588596e-16       2.160064678948e-17      -2.664867160614e-18 
 2501       9.757584180821e-12       3.907424040973e-13      -2.193164466841e-13       0.000000000000e+00       1.445869308669e-16       2.170539776778e-17      -2.679785683123e-18 
 2502       9.718769928794e-12       3.923379206118e-13      -2.219114936290e-13       0.000000000000e+00       1.443480930641e-16       2.180976003913e-17      -2.693872645842e-18 
 2503       9.680335454128e-12       3.939196749619e-13      -2.246373418515e-13       0.000000000000e+00       1.441097441051e-16       2.191374238624e-17      -2.707168350817e-18 
 2504       9.642284717443e-12       3.954869210907e-13      -2.274914736686e-13       0.000000000000e+00       1.438718826347e-16       2.201735362273e-17      -2.719713233767e-18 
 2505       9.604621689568e-12       3.970389106455e-13      -2.304713626177e-13       0.000000000000e+00       1.436345072887e-16       2.212060259313e-17      -2.731547864224e-18 
 2506       9.567350351543e-12       3.985748929752e-13      -2.335744734470e-13       0.000000000000e+00       1.433976166938e-16       2.222349817290e-17      -2.742712945663e-18 
 2507       9.530474694634e-12       4.000941151283e-13      -2.367982621073e-13       0.000000000000e+00       1.431612094677e-16       2.232604926849e-17      -2.753249315643e-18 
 2508       9.493998720338e-12       4.015958218506e-13      -2.401401757422e-13       0.000000000000e+00       1.429252842188e-16       2.242826481735e-17      -2.763197945936e-18 
 2509       9.457926440395e-12       4.030792555830e-13      -2.435976526797e-13       0.000000000000e+00       1.426898395468e-16       2.253015378798e-17      -2.772599942666e-18 
 2510       9.422261876795e-12       4.045436564589e-13      -2.471681224229e-13       0.000000000000e+00       1.424548740419e-16       2.263172517995e-17      -2.781496546443e-18 
 2511       9.387009061791e-12       4.059882623024e-13      -2.508490056411e-13       0.000000000000e+00       1.422203862856e-16       2.273298802394e-17      -2.789929132498e-18 
 2512       9.352172037906e-12       4.074123086258e-13      -2.546377141608e-13       0.000000000000e+00       1.419863748499e-16       2.283395138174e-17      -2.797939210820e-18 
 2513       9.317754857940e-12       4.088150286273e-13      -2.585316509564e-13       0.000000000000e+00       1.417528382978e-16       2.293462434633e-17      -2.805568426285e-18 
 2514       9.283761584984e-12       4.101956531888e-13      -2.625282101417e-13       0.000000000000e+00       1.415197751834e-16       2.303501604190e-17      -2.812858558800e-18 
 2515       9.250196292426e-12       4.115534108737e-13      -2.666247769606e-13       0.000000000000e+00       1.412871840512e-16       2.313513562385e-17      -2.819851523431e-18 
 2516       9.217063063963e-12       4.128875279245e-13      -2.708187277782e-13       0.000000000000e+00       1.410550634370e-16       2.323499227885e-17      -2.826589370540e-18 
 2517       9.184365993606e-12       4.141972282607e-13      -2.751074300714e-13       0.000000000000e+00       1.408234118671e-16       2.333459522487e-17      -2.833114285924e-18 
 2518       9.152109185695e-12       4.154817334765e-13      -2.794882424207e-13       0.000000000000e+00       1.405922278586e-16       2.343395371121e-17      -2.839468590943e-18 
 2519       9.120296754903e-12       4.167402628384e-13      -2.839585145004e-13       0.000000000000e+00       1.403615099198e-16       2.353307701852e-17      -2.845694742660e-18 
 2520       9.088932826250e-12       4.179720332831e-13      -2.885155870700e-13       0.000000000000e+00       1.401312565493e-16       2.363197445885e-17      -2.851835333977e-18 
 2521       9.058021535108e-12       4.191762594151e-13      -2.931567919652e-13       0.000000000000e+00       1.399014662367e-16       2.373065537566e-17      -2.857933093765e-18 
 2522       9.027567027212e-12       4.203521535045e-13      -2.978794520887e-13       0.000000000000e+00       1.396721374626e-16       2.382912914388e-17      -2.864030887005e-18 
 2523       8.997573458673e-12       4.214989254850e-13      -3.026808814012e-13       0.000000000000e+00       1.394432686979e-16       2.392740516991e-17      -2.870171714917e-18 
 2524       8.968044995980e-12       4.226157829512e-13      -3.075583849129e-13       0.000000000000e+00       1.392148584045e-16       2.402549289169e-17      -2.876398715102e-18 
 2525       8.938985816015e-12       4.237019311564e-13      -3.125092586737e-13       0.000000000000e+00       1.389869050352e-16       2.412340177869e-17      -2.882755161671e-18 
 2526       8.910400106062e-12       4.247565730108e-13      -3.175307897647e-13       0.000000000000e+00       1.387594070332e-16       2.422114133198e-17      -2.889284465382e-18 
 2527       8.882292063813e-12       4.257789090786e-13      -3.226202562892e-13       0.000000000000e+00       1.385323628326e-16       2.431872108423e-17      -2.896030173778e-18 
 2528       8.854665897379e-12       4.267681375762e-13      -3.277749273635e-13       0.000000000000e+00       1.383057708582e-16       2.441615059976e-17      -2.903035971318e-18 
 2529       8.827525825302e-12       4.277234543700e-13      -3.329920631080e-13       0.000000000000e+00       1.380796295255e-16       2.451343947457e-17      -2.910345679514e-18 
 2530       8.800876076560e-12       4.286440529734e-13      -3.382689146380e-13       0.000000000000e+00       1.378539372405e-16       2.461059733636e-17      -2.918003257066e-18 
 2531       8.774720890579e-12       4.295291245457e-13      -3.436027240552e-13       0.000000000000e+00       1.376286924002e-16       2.470763384460e-17      -2.926052799998e-18 
 2532       8.749064517240e-12       4.303778578886e-13      -3.489907244380e-13       0.000000000000e+00       1.374038933921e-16       2.480455869049e-17      -2.934538541790e-18 
 2533       8.723910000090e-12       4.311895583743e-13      -3.544301572366e-13       0.000000000000e+00       1.371795387340e-16       2.490137319623e-17      -2.943487934668e-18 
 2534       8.699255518255e-12       4.319640054816e-13      -3.599183245834e-13       0.000000000000e+00       1.369556274949e-16       2.499804505937e-17      -2.952860786321e-18 
 2535       8.675098023396e-12       4.327010973219e-13      -3.654525372670e-13       0.000000000000e+00       1.367321588765e-16       2.509453346248e-17      -2.962599829418e-18 
 2536       8.651434454579e-12       4.334007318972e-13      -3.710300973470e-13       0.000000000000e+00       1.365091320738e-16       2.519079746065e-17      -2.972647613572e-18 
 2537       8.628261738259e-12       4.340628071002e-13      -3.766482981458e-13       0.000000000000e+00       1.362865462751e-16       2.528679598130e-17      -2.982946505162e-18 
 2538       8.605576788269e-12       4.346872207146e-13      -3.823044242396e-13       0.000000000000e+00       1.360644006620e-16       2.538248782408e-17      -2.993438687151e-18 
 2539       8.583376505805e-12       4.352738704144e-13      -3.879957514500e-13       0.000000000000e+00       1.358426944093e-16       2.547783166078e-17      -3.004066158902e-18 
 2540       8.561657779413e-12       4.358226537644e-13      -3.937195468350e-13       0.000000000000e+00       1.356214266850e-16       2.557278603516e-17      -3.014770736002e-18 
 2541       8.540417484975e-12       4.363334682200e-13      -3.994730686807e-13       0.000000000000e+00       1.354005966502e-16       2.566730936282e-17      -3.025494050074e-18 
 2542       8.519652485698e-12       4.368062111271e-13      -4.052535664924e-13       0.000000000000e+00       1.351802034597e-16       2.576135993113e-17      -3.036177548603e-18 
 2543       8.499359632098e-12       4.372407797220e-13      -4.110582809856e-13       0.000000000000e+00       1.349602462609e-16       2.585489589906e-17      -3.046762494750e-18 
 2544       8.479535761986e-12       4.376370711317e-13      -4.168844440780e-13       0.000000000000e+00       1.347407241948e-16       2.594787529703e-17      -3.057189967170e-18 
 2545       8.460177700457e-12       4.379949823734e-13      -4.227292788805e-13       0.000000000000e+00       1.345216363956e-16       2.604025602688e-17      -3.067400859835e-18 
 2546       8.441282259877e-12       4.383144103550e-13      -4.285899996883e-13       0.000000000000e+00       1.343029819904e-16       2.613199586162e-17      -3.077335881851e-18 
 2547       8.422846239865e-12       4.385952518743e-13      -4.344638119724e-13       0.000000000000e+00       1.340847600998e-16       2.622305244543e-17      -3.086935557276e-18 
 2548       8.404866427286e-12       4.388374036200e-13      -4.403479123712e-13       0.000000000000e+00       1.338669698374e-16       2.631338329342e-17      -3.096140224938e-18 
 2549       8.387339596231e-12       4.390407621705e-13      -4.462394886813e-13       0.000000000000e+00       1.336496103100e-16       2.640294579159e-17      -3.104890038256e-18 
 2550       8.370262508009e-12       4.392052239949e-13      -4.521357198492e-13       0.000000000000e+00       1.334326806175e-16       2.649169719666e-17      -3.113124965057e-18 
 2551       8.353631911131e-12       4.393306854522e-13      -4.580337759625e-13       0.000000000000e+00       1.332161798531e-16       2.657959463597e-17      -3.120784787397e-18 
 2552       8.337444541296e-12       4.394170427918e-13      -4.639308182412e-13       0.000000000000e+00       1.330001071030e-16       2.666659510733e-17      -3.127809101378e-18 
 2553       8.321697121380e-12       4.394641921530e-13      -4.698239990290e-13       0.000000000000e+00       1.327844614465e-16       2.675265547892e-17      -3.134137316966e-18 
 2554       8.306386361420e-12       4.394720295655e-13      -4.757104617848e-13       0.000000000000e+00       1.325692419563e-16       2.683773248914e-17      -3.139708657811e-18 
 2555       8.291508958602e-12       4.394404509488e-13      -4.815873410737e-13       0.000000000000e+00       1.323544476977e-16       2.692178274651e-17      -3.144462161067e-18 
 2556       8.277061597246e-12       4.393693521126e-13      -4.874517625586e-13       0.000000000000e+00       1.321400777297e-16       2.700476272951e-17      -3.148336677208e-18 
 2557       8.263040948797e-12       4.392586287563e-13      -4.933008429915e-13       0.000000000000e+00       1.319261311039e-16       2.708662878650e-17      -3.151270869850e-18 
 2558       8.249443671806e-12       4.391081764696e-13      -4.991316902046e-13       0.000000000000e+00       1.317126068653e-16       2.716733713556e-17      -3.153203215567e-18 
 2559       8.236266411918e-12       4.389178907319e-13      -5.049414031019e-13       0.000000000000e+00       1.314995040519e-16       2.724684386438e-17      -3.154072003710e-18 
 2560       8.223505801863e-12       4.386876669126e-13      -5.107270716503e-13       0.000000000000e+00       1.312868216947e-16       2.732510493014e-17      -3.153815336229e-18 
 2561       8.211158461435e-12       4.384174002707e-13      -5.164857768710e-13       0.000000000000e+00       1.310745588178e-16       2.740207615935e-17      -3.152371127486e-18 
 2562       8.199220997486e-12       4.381069859553e-13      -5.222145908309e-13       0.000000000000e+00       1.308627144384e-16       2.747771324777e-17      -3.149677104081e-18 
 2563       8.187690003908e-12       4.377563190050e-13      -5.279105766338e-13       0.000000000000e+00       1.306512875667e-16       2.755197176028e-17      -3.145670804664e-18 
 2564       8.176562061620e-12       4.373652943483e-13      -5.335707884118e-13       0.000000000000e+00       1.304402772060e-16       2.762480713070e-17      -3.140289579758e-18 
 2565       8.165833738558e-12       4.369338068033e-13      -5.391922713166e-13       0.000000000000e+00       1.302296823524e-16       2.769617466174e-17      -3.133470591577e-18 
 2566       8.155501589655e-12       4.364617510778e-13      -5.447720615107e-13       0.000000000000e+00       1.300195019955e-16       2.776602952482e-17      -3.125150813843e-18 
 2567       8.145562156835e-12       4.359490217691e-13      -5.503071861589e-13       0.000000000000e+00       1.298097351173e-16       2.783432675999e-17      -3.115267031608e-18 
 2568       8.136011968995e-12       4.353955133642e-13      -5.557946634197e-13       0.000000000000e+00       1.296003806934e-16       2.790102127574e-17      -3.103755841069e-18 
 2569       8.126847541993e-12       4.348011202396e-13      -5.612315024363e-13       0.000000000000e+00       1.293914376920e-16       2.796606784895e-17      -3.090553649390e-18 
 2570       8.118065378632e-12       4.341657366613e-13      -5.666147033280e-13       0.000000000000e+00       1.291829050744e-16       2.802942112471e-17      -3.075596674519e-18 
 2571       8.109661968653e-12       4.334892567846e-13      -5.719412571820e-13       0.000000000000e+00       1.289747817948e-16       2.809103561622e-17      -3.058820945007e-18 
 2572       8.101633193052e-12       4.327716683284e-13      -5.772084075405e-13       0.000000000000e+00       1.287670668678e-16       2.815087016909e-17      -3.040188376926e-18 
 2573       8.093972533383e-12       4.320133341792e-13      -5.824144365095e-13       0.000000000000e+00       1.285597595698e-16       2.820890138229e-17      -3.019765167207e-18 
 2574       8.086672852236e-12       4.312147123898e-13      -5.875578831087e-13       0.000000000000e+00       1.283528592384e-16       2.826511026336e-17      -2.997643846260e-18 
 2575       8.079726987949e-12       4.303762626533e-13      -5.926372821772e-13       0.000000000000e+00       1.281463652055e-16       2.831947777086e-17      -2.973917241701e-18 
 2576       8.073127754585e-12       4.294984463039e-13      -5.976511643701e-13       0.000000000000e+00       1.279402767973e-16       2.837198481437e-17      -2.948678478640e-18 
 2577       8.066867941906e-12       4.285817263194e-13      -6.025980561540e-13       0.000000000000e+00       1.277345933341e-16       2.842261225438e-17      -2.922020979979e-18 
 2578       8.060940315351e-12       4.276265673221e-13      -6.074764798035e-13       0.000000000000e+00       1.275293141302e-16       2.847134090231e-17      -2.894038466697e-18 
 2579       8.055337616011e-12       4.266334355812e-13      -6.122849533970e-13       0.000000000000e+00       1.273244384944e-16       2.851815152042e-17      -2.864824958143e-18 
 2580       8.050052560603e-12       4.256027990137e-13      -6.170219908126e-13       0.000000000000e+00       1.271199657294e-16       2.856302482179e-17      -2.834474772333e-18 
 2581       8.045077841446e-12       4.245351271867e-13      -6.216861017249e-13       0.000000000000e+00       1.269158951322e-16       2.860594147026e-17      -2.803082526235e-18 
 2582       8.040406126442e-12       4.234308913188e-13      -6.262757916001e-13       0.000000000000e+00       1.267122259939e-16       2.864688208042e-17      -2.770743136062e-18 
 2583       8.036030059043e-12       4.222905642815e-13      -6.307895616927e-13       0.000000000000e+00       1.265089575998e-16       2.868582721750e-17      -2.737551817569e-18 
 2584       8.031942258235e-12       4.211146206016e-13      -6.352259090414e-13       0.000000000000e+00       1.263060892292e-16       2.872275739740e-17      -2.703604086338e-18 
 2585       8.028135318508e-12       4.199035364619e-13      -6.395833264651e-13       0.000000000000e+00       1.261036201558e-16       2.875765308660e-17      -2.668995758071e-18 
 2586       8.024601809835e-12       4.186577897037e-13      -6.438603025591e-13       0.000000000000e+00       1.259015496470e-16       2.879049470211e-17      -2.633822948884e-18 
 2587       8.021334277646e-12       4.173778598280e-13      -6.480553216910e-13       0.000000000000e+00       1.256998769648e-16       2.882126261147e-17      -2.598182075600e-18 
 2588       8.018325242805e-12       4.160642279972e-13      -6.521668639967e-13       0.000000000000e+00       1.254986013650e-16       2.884993713267e-17      -2.562169856034e-18 
 2589       8.015567201586e-12       4.147173770369e-13      -6.561934053769e-13       0.000000000000e+00       1.252977220976e-16       2.887649853410e-17      -2.525883309291e-18 
 2590       8.013052625646e-12       4.133377914375e-13      -6.601334174926e-13       0.000000000000e+00       1.250972384066e-16       2.890092703455e-17      -2.489419756055e-18 
 2591       8.010773962005e-12       4.119259573558e-13      -6.639853677615e-13       0.000000000000e+00       1.248971495302e-16       2.892320280310e-17      -2.452876818882e-18 
 2592       8.008723633020e-12       4.104823626168e-13      -6.677477193540e-13       0.000000000000e+00       1.246974547006e-16       2.894330595914e-17      -2.416352422488e-18 
 2593       8.006894036357e-12       4.090074967153e-13      -6.714189311893e-13       0.000000000000e+00       1.244981531442e-16       2.896121657229e-17      -2.379944794047e-18 
 2594       8.005277544973e-12       4.075018508175e-13      -6.749974579312e-13       0.000000000000e+00       1.242992440813e-16       2.897691466235e-17      -2.343752463476e-18 
 2595       8.003866507088e-12       4.059659177626e-13      -6.784817499847e-13       0.000000000000e+00       1.241007267265e-16       2.899038019929e-17      -2.307874263731e-18 
 2596       8.002653246163e-12       4.044001920646e-13      -6.818702534915e-13       0.000000000000e+00       1.239026002881e-16       2.900159310317e-17      -2.272409331097e-18 
 2597       8.001630060872e-12       4.028051699142e-13      -6.851614103262e-13       0.000000000000e+00       1.237048639687e-16       2.901053324412e-17      -2.237457105480e-18 
 2598       8.000789225083e-12       4.011813491797e-13      -6.883536580928e-13       0.000000000000e+00       1.235075169649e-16       2.901718044227e-17      -2.203117330699e-18 
 2599       8.000122987828e-12       3.995292294095e-13      -6.914454301201e-13       0.000000000000e+00       1.233105584673e-16       2.902151446774e-17      -2.169490054775e-18 
 2600       7.999623573285e-12       3.978493118334e-13      -6.944351554582e-13       0.000000000000e+00       1.231139876605e-16       2.902351504058e-17      -2.136675630228e-18 
 2601       7.999283180748e-12       3.961420993641e-13      -6.973212588745e-13       0.000000000000e+00       1.229178037232e-16       2.902316183070e-17      -2.104774714363e-18 
 2602       7.999093984607e-12       3.944080965992e-13      -7.001021608497e-13       0.000000000000e+00       1.227220058281e-16       2.902043445787e-17      -2.073888269566e-18 
 2603       7.999048134321e-12       3.926478098224e-13      -7.027762775737e-13       0.000000000000e+00       1.225265931417e-16       2.901531249165e-17      -2.044117563593e-18 
 2604       7.999137754395e-12       3.908617470059e-13      -7.053420209420e-13       0.000000000000e+00       1.223315648248e-16       2.900777545135e-17      -2.015564169861e-18 
 2605       7.999354944356e-12       3.890504178112e-13      -7.077977985516e-13       0.000000000000e+00       1.221369200320e-16       2.899780280598e-17      -1.988329967743e-18 
 2606       7.999691778728e-12       3.872143335914e-13      -7.101420136970e-13       0.000000000000e+00       1.219426579119e-16       2.898537397423e-17      -1.962517142857e-18 
 2607       8.000140307010e-12       3.853540073925e-13      -7.123730653662e-13       0.000000000000e+00       1.217487776072e-16       2.897046832439e-17      -1.938228187359e-18 
 2608       8.000692553648e-12       3.834699539554e-13      -7.144893482372e-13       0.000000000000e+00       1.215552782543e-16       2.895306517433e-17      -1.915565900232e-18 
 2609       8.001340518012e-12       3.815626897171e-13      -7.164892526735e-13       0.000000000000e+00       1.213621589838e-16       2.893314379145e-17      -1.894633387581e-18 
 2610       8.002076174375e-12       3.796327328129e-13      -7.183711647203e-13       0.000000000000e+00       1.211694189203e-16       2.891068339264e-17      -1.875534062925e-18 
 2611       8.002891703810e-12       3.776806278699e-13      -7.201337901629e-13       0.000000000000e+00       1.209770571633e-16       2.888567911969e-17      -1.858338765229e-18 
 2612       8.003780191369e-12       3.757070205380e-13      -7.217771286939e-13       0.000000000000e+00       1.207850727318e-16       2.885819006358e-17      -1.842986910944e-18 
 2613       8.004734932765e-12       3.737125833805e-13      -7.233015052013e-13       0.000000000000e+00       1.205934646196e-16       2.882829150945e-17      -1.829384788167e-18 
 2614       8.005749202786e-12       3.716979911219e-13      -7.247072462048e-13       0.000000000000e+00       1.204022318141e-16       2.879605898582e-17      -1.817438388266e-18 
 2615       8.006816255273e-12       3.696639206496e-13      -7.259946798572e-13       0.000000000000e+00       1.202113732961e-16       2.876156826487e-17      -1.807053405590e-18 
 2616       8.007929323098e-12       3.676110510163e-13      -7.271641359464e-13       0.000000000000e+00       1.200208880401e-16       2.872489536260e-17      -1.798135237183e-18 
 2617       8.009081618147e-12       3.655400634421e-13      -7.282159458973e-13       0.000000000000e+00       1.198307750143e-16       2.868611653915e-17      -1.790588982501e-18 
 2618       8.010266331298e-12       3.634516413167e-13      -7.291504427730e-13       0.000000000000e+00       1.196410331802e-16       2.864530829898e-17      -1.784319443117e-18 
 2619       8.011476632400e-12       3.613464702009e-13      -7.299679612773e-13       0.000000000000e+00       1.194516614930e-16       2.860254739113e-17      -1.779231122442e-18 
 2620       8.012705670257e-12       3.592252378296e-13      -7.306688377560e-13       0.000000000000e+00       1.192626589014e-16       2.855791080945e-17      -1.775228225434e-18 
 2621       8.013946572603e-12       3.570886341131e-13      -7.312534101985e-13       0.000000000000e+00       1.190740243476e-16       2.851147579284e-17      -1.772214658309e-18 
 2622       8.015192446083e-12       3.549373511397e-13      -7.317220182402e-13       0.000000000000e+00       1.188857567673e-16       2.846331982549e-17      -1.770094028262e-18 
 2623       8.016436376236e-12       3.527720831777e-13      -7.320750031638e-13       0.000000000000e+00       1.186978550898e-16       2.841352063710e-17      -1.768769643170e-18 
 2624       8.017671427470e-12       3.505935266772e-13      -7.323127079010e-13       0.000000000000e+00       1.185103182378e-16       2.836215620314e-17      -1.768144511312e-18 
 2625       8.018890643046e-12       3.484023802726e-13      -7.324354770345e-13       0.000000000000e+00       1.183231451276e-16       2.830930474509e-17      -1.768121341081e-18 
 2626       8.020087045056e-12       3.461993447844e-13      -7.324436567998e-13       0.000000000000e+00       1.181363346689e-16       2.825504473063e-17      -1.768602540695e-18 
 2627       8.021253634403e-12       3.439851232215e-13      -7.323375950868e-13       0.000000000000e+00       1.179498857651e-16       2.819945487393e-17      -1.769490217910e-18 
 2628       8.022383390780e-12       3.417604207832e-13      -7.321176414414e-13       0.000000000000e+00       1.177637973127e-16       2.814261413587e-17      -1.770686179737e-18 
 2629       8.023469272653e-12       3.395259448613e-13      -7.317841470679e-13       0.000000000000e+00       1.175780682019e-16       2.808460172426e-17      -1.772091932150e-18 
 2630       8.024504217235e-12       3.372824050422e-13      -7.313374648300e-13       0.000000000000e+00       1.173926973164e-16       2.802549709412e-17      -1.773608679803e-18 
 2631       8.025481140474e-12       3.350305131091e-13      -7.307779492530e-13       0.000000000000e+00       1.172076835333e-16       2.796537994785e-17      -1.775137325739e-18 
 2632       8.026392937025e-12       3.327709830437e-13      -7.301059565255e-13       0.000000000000e+00       1.170230257231e-16       2.790433023552e-17      -1.776578471107e-18 
 2633       8.027232480235e-12       3.305045310290e-13      -7.293218445012e-13       0.000000000000e+00       1.168387227498e-16       2.784242815510e-17      -1.777832414875e-18 
 2634       8.027992622118e-12       3.282318754508e-13      -7.284259727006e-13       0.000000000000e+00       1.166547734707e-16       2.777975415267e-17      -1.778799153538e-18 
 2635       8.028666193343e-12       3.259537368999e-13      -7.274187023125e-13       0.000000000000e+00       1.164711767368e-16       2.771638892270e-17      -1.779378380839e-18 
 2636       8.029246003204e-12       3.236708381745e-13      -7.263003961965e-13       0.000000000000e+00       1.162879313922e-16       2.765241340824e-17      -1.779469487473e-18 
 2637       8.029724839608e-12       3.213839042821e-13      -7.250714188839e-13       0.000000000000e+00       1.161050362746e-16       2.758790880118e-17      -1.778971560810e-18 
 2638       8.030095469049e-12       3.190936624413e-13      -7.237321365800e-13       0.000000000000e+00       1.159224902150e-16       2.752295654250e-17      -1.777783384598e-18 
 2639       8.030350636591e-12       3.168008420844e-13      -7.222829171657e-13       0.000000000000e+00       1.157402920380e-16       2.745763832247e-17      -1.775803438683e-18 
 2640       8.030483065849e-12       3.145061748593e-13      -7.207241301995e-13       0.000000000000e+00       1.155584405613e-16       2.739203608094e-17      -1.772929898721e-18 
 2641       8.030485458963e-12       3.122103946316e-13      -7.190561469187e-13       0.000000000000e+00       1.153769345962e-16       2.732623200751e-17      -1.769060635889e-18 
 2642       8.030350496587e-12       3.099142374865e-13      -7.172793402417e-13       0.000000000000e+00       1.151957729472e-16       2.726030854184e-17      -1.764093216598e-18 
 2643       8.030070837860e-12       3.076184417312e-13      -7.153940847697e-13       0.000000000000e+00       1.150149544123e-16       2.719434837382e-17      -1.757924902209e-18 
 2644       8.029639120390e-12       3.053237478969e-13      -7.134007567882e-13       0.000000000000e+00       1.148344777828e-16       2.712843444384e-17      -1.750452648744e-18 
 2645       8.029047960235e-12       3.030308987408e-13      -7.112997342688e-13       0.000000000000e+00       1.146543418433e-16       2.706264994304e-17      -1.741573106597e-18 
 2646       8.028289951880e-12       3.007406392482e-13      -7.090913968714e-13       0.000000000000e+00       1.144745453719e-16       2.699707831353e-17      -1.731182620253e-18 
 2647       8.027357668219e-12       2.984537166350e-13      -7.067761259453e-13       0.000000000000e+00       1.142950871399e-16       2.693180324860e-17      -1.719177227995e-18 
 2648       8.026243660532e-12       2.961708803490e-13      -7.043543045316e-13       0.000000000000e+00       1.141159659119e-16       2.686690869300e-17      -1.705452661620e-18 
 2649       8.024940458470e-12       2.938928820727e-13      -7.018263173645e-13       0.000000000000e+00       1.139371804460e-16       2.680247884318e-17      -1.689904346151e-18 
 2650       8.023441356508e-12       2.916204317588e-13      -6.991927551978e-13       0.000000000000e+00       1.137587296509e-16       2.673857562581e-17      -1.672457680837e-18 
 2651       8.021742778107e-12       2.893540654674e-13      -6.964550290144e-13       0.000000000000e+00       1.135806130601e-16       2.667517099703e-17      -1.653159065549e-18 
 2652       8.019841924580e-12       2.870942768024e-13      -6.936147592146e-13       0.000000000000e+00       1.134028303606e-16       2.661221426961e-17      -1.632085376825e-18 
 2653       8.017735989790e-12       2.848415608134e-13      -6.906735716045e-13       0.000000000000e+00       1.132253812352e-16       2.654965460045e-17      -1.609313732498e-18 
 2654       8.015422160147e-12       2.825964139967e-13      -6.876330974021e-13       0.000000000000e+00       1.130482653633e-16       2.648744099046e-17      -1.584921491925e-18 
 2655       8.012897614597e-12       2.803593342965e-13      -6.844949732418e-13       0.000000000000e+00       1.128714824202e-16       2.642552228438e-17      -1.558986256219e-18 
 2656       8.010159524620e-12       2.781308211068e-13      -6.812608411800e-13       0.000000000000e+00       1.126950320772e-16       2.636384717069e-17      -1.531585868475e-18 
 2657       8.007205054218e-12       2.759113752722e-13      -6.779323487005e-13       0.000000000000e+00       1.125189140021e-16       2.630236418142e-17      -1.502798414006e-18 
 2658       8.004031359913e-12       2.737014990895e-13      -6.745111487192e-13       0.000000000000e+00       1.123431278584e-16       2.624102169200e-17      -1.472702220570e-18 
 2659       8.000635590739e-12       2.715016963090e-13      -6.709988995902e-13       0.000000000000e+00       1.121676733061e-16       2.617976792111e-17      -1.441375858601e-18 
 2660       7.997014888233e-12       2.693124721358e-13      -6.673972651100e-13       0.000000000000e+00       1.119925500011e-16       2.611855093059e-17      -1.408898141440e-18 
 2661       7.993166386430e-12       2.671343332313e-13      -6.637079145239e-13       0.000000000000e+00       1.118177575954e-16       2.605731862520e-17      -1.375348125563e-18 
 2662       7.989087211859e-12       2.649677877144e-13      -6.599325225302e-13       0.000000000000e+00       1.116432957373e-16       2.599601875254e-17      -1.340805110815e-18 
 2663       7.984774483530e-12       2.628133451628e-13      -6.560727692862e-13       0.000000000000e+00       1.114691640708e-16       2.593459890288e-17      -1.305348640636e-18 
 2664       7.980225312934e-12       2.606715166145e-13      -6.521303404132e-13       0.000000000000e+00       1.112953622365e-16       2.587300650902e-17      -1.269058502296e-18 
 2665       7.975436804030e-12       2.585428145692e-13      -6.481069270016e-13       0.000000000000e+00       1.111218898708e-16       2.581118884613e-17      -1.232014727121e-18 
 2666       7.970406053244e-12       2.564277529894e-13      -6.440042256164e-13       0.000000000000e+00       1.109487466062e-16       2.574909303159e-17      -1.194297590727e-18 
 2667       7.965130149459e-12       2.543268473018e-13      -6.398239383022e-13       0.000000000000e+00       1.107759320712e-16       2.568666602488e-17      -1.155987613246e-18 
 2668       7.959606174008e-12       2.522406143989e-13      -6.355677725890e-13       0.000000000000e+00       1.106034458907e-16       2.562385462742e-17      -1.117165559561e-18 
 2669       7.953831200670e-12       2.501695726399e-13      -6.312374414965e-13       0.000000000000e+00       1.104312876852e-16       2.556060548239e-17      -1.077912439533e-18 
 2670       7.947802295660e-12       2.481142418527e-13      -6.268346635404e-13       0.000000000000e+00       1.102594570718e-16       2.549686507462e-17      -1.038309508234e-18 
 2671       7.941516517625e-12       2.460751433346e-13      -6.223611627369e-13       0.000000000000e+00       1.100879536632e-16       2.543257973043e-17      -9.984382661737e-19 
 2672       7.934970917636e-12       2.440527998538e-13      -6.178186686084e-13       0.000000000000e+00       1.099167770685e-16       2.536769561747e-17      -9.583804595331e-19 
 2673       7.928162539180e-12       2.420477356511e-13      -6.132089161883e-13       0.000000000000e+00       1.097459268926e-16       2.530215874459e-17      -9.182180803933e-19 
 2674       7.921088418158e-12       2.400604764409e-13      -6.085336460269e-13       0.000000000000e+00       1.095754027365e-16       2.523591496170e-17      -8.780333669663e-19 
 2675       7.913745582871e-12       2.380915494127e-13      -6.037946041960e-13       0.000000000000e+00       1.094052041973e-16       2.516890995956e-17      -8.379088038249e-19 
 2676       7.906131054020e-12       2.361414832322e-13      -5.989935422947e-13       0.000000000000e+00       1.092353308682e-16       2.510108926974e-17      -7.979271221333e-19 
 2677       7.898241844696e-12       2.342108080430e-13      -5.941322174541e-13       0.000000000000e+00       1.090657823384e-16       2.503239826437e-17      -7.581712998774e-19 
 2678       7.890074960374e-12       2.323000554678e-13      -5.892123923430e-13       0.000000000000e+00       1.088965581930e-16       2.496278215604e-17      -7.187245620951e-19 
 2679       7.881627398905e-12       2.304097586097e-13      -5.842358351732e-13       0.000000000000e+00       1.087276580132e-16       2.489218599766e-17      -6.796703811064e-19 
 2680       7.872896150513e-12       2.285404520534e-13      -5.792043197042e-13       0.000000000000e+00       1.085590813763e-16       2.482055468228e-17      -6.410924767441e-19 
 2681       7.863878197782e-12       2.266926718671e-13      -5.741196252490e-13       0.000000000000e+00       1.083908278555e-16       2.474783294297e-17      -6.030748165837e-19 
 2682       7.854570515657e-12       2.248669556031e-13      -5.689835366793e-13       0.000000000000e+00       1.082228970200e-16       2.467396535266e-17      -5.657016161740e-19 
 2683       7.844970071431e-12       2.230638422997e-13      -5.637978444304e-13       0.000000000000e+00       1.080552884352e-16       2.459889632399e-17      -5.290573392674e-19 
 2684       7.835073824740e-12       2.212838724822e-13      -5.585643445068e-13       0.000000000000e+00       1.078880016623e-16       2.452257010918e-17      -4.932266980501e-19 
 2685       7.824878727560e-12       2.195275881648e-13      -5.532848384873e-13       0.000000000000e+00       1.077210362586e-16       2.444493079985e-17      -4.582946533722e-19 
 2686       7.814381724194e-12       2.177955328510e-13      -5.479611335302e-13       0.000000000000e+00       1.075543917772e-16       2.436592232690e-17      -4.243464149787e-19 
 2687       7.803579751269e-12       2.160882515360e-13      -5.425950423790e-13       0.000000000000e+00       1.073880677675e-16       2.428548846035e-17      -3.914674417391e-19 
 2688       7.792469737731e-12       2.144062907071e-13      -5.371883833668e-13       0.000000000000e+00       1.072220637746e-16       2.420357280921e-17      -3.597434418780e-19 
 2689       7.781049438096e-12       2.127501219430e-13      -5.317429816735e-13       0.000000000000e+00       1.070563792753e-16       2.412013117767e-17      -3.292402648530e-19 
 2690       7.769319937196e-12       2.111199122508e-13      -5.262606730915e-13       0.000000000000e+00       1.068910134844e-16       2.403516870768e-17      -2.999434568804e-19 
 2691       7.757283159063e-12       2.095157524808e-13      -5.207433002908e-13       0.000000000000e+00       1.067259655472e-16       2.394870293838e-17      -2.718183766875e-19 
 2692       7.744941034912e-12       2.079377336154e-13      -5.151927115745e-13       0.000000000000e+00       1.065612346038e-16       2.386075146815e-17      -2.448302738670e-19 
 2693       7.732295503148e-12       2.063859467695e-13      -5.096107608849e-13       0.000000000000e+00       1.063968197890e-16       2.377133195465e-17      -2.189442887732e-19 
 2694       7.719348509374e-12       2.048604831906e-13      -5.039993078080e-13       0.000000000000e+00       1.062327202326e-16       2.368046211490e-17      -1.941254524192e-19 
 2695       7.706102006399e-12       2.033614342585e-13      -4.983602175793e-13       0.000000000000e+00       1.060689350590e-16       2.358815972535e-17      -1.703386863733e-19 
 2696       7.692557954243e-12       2.018888914858e-13      -4.926953610889e-13       0.000000000000e+00       1.059054633875e-16       2.349444262189e-17      -1.475488026559e-19 
 2697       7.678718320144e-12       2.004429465179e-13      -4.870066148865e-13       0.000000000000e+00       1.057423043321e-16       2.339932869995e-17      -1.257205036358e-19 
 2698       7.664585078568e-12       1.990236911328e-13      -4.812958611872e-13       0.000000000000e+00       1.055794570017e-16       2.330283591452e-17      -1.048183819278e-19 
 2699       7.650160211212e-12       1.976312172415e-13      -4.755649878765e-13       0.000000000000e+00       1.054169204999e-16       2.320498228025e-17      -8.480692028832e-20 
 2700       7.635445707016e-12       1.962656168880e-13      -4.698158885154e-13       0.000000000000e+00       1.052546939250e-16       2.310578587148e-17      -6.565049151306e-20 
 2701       7.620443562165e-12       1.949269822492e-13      -4.640504623460e-13       0.000000000000e+00       1.050927763702e-16       2.300526482230e-17      -4.731335833318e-20 
 2702       7.605155780099e-12       1.936154056353e-13      -4.582706142965e-13       0.000000000000e+00       1.049311669234e-16       2.290343732660e-17      -2.975967331221e-20 
 2703       7.589584371521e-12       1.923309794895e-13      -4.524782549869e-13       0.000000000000e+00       1.047698646671e-16       2.280032163815e-17      -1.295347874273e-20 
 2704       7.573731354402e-12       1.910737963883e-13      -4.466753007335e-13       0.000000000000e+00       1.046088686787e-16       2.269593607063e-17       3.141293456878e-21 
 2705       7.557598753989e-12       1.898439490418e-13      -4.408636735552e-13       0.000000000000e+00       1.044481780304e-16       2.259029899773e-17       1.856082184575e-20 
 2706       7.541188602810e-12       1.886415302931e-13      -4.350453011779e-13       0.000000000000e+00       1.042877917889e-16       2.248342885314e-17       3.334139556379e-20 
 2707       7.524502940687e-12       1.874666331193e-13      -4.292221170401e-13       0.000000000000e+00       1.041277090159e-16       2.237534413066e-17       4.751941443494e-20 
 2708       7.507543814735e-12       1.863193506306e-13      -4.233960602984e-13       0.000000000000e+00       1.039679287675e-16       2.226606338426e-17       6.113138907050e-20 
 2709       7.490313279377e-12       1.851997760713e-13      -4.175690758324e-13       0.000000000000e+00       1.038084500947e-16       2.215560522809e-17       7.421394097237e-20 
 2710       7.472813396346e-12       1.841080028191e-13      -4.117431142501e-13       0.000000000000e+00       1.036492720433e-16       2.204398833658e-17       8.680380263633e-20 
 2711       7.455046234691e-12       1.830441243857e-13      -4.059201318933e-13       0.000000000000e+00       1.034903936537e-16       2.193123144450e-17       9.893781765535e-20 
 2712       7.437013870791e-12       1.820082344168e-13      -4.001020908429e-13       0.000000000000e+00       1.033318139608e-16       2.181735334697e-17       1.106529408228e-19 
 2713       7.418718388355e-12       1.810004266918e-13      -3.942909589237e-13       0.000000000000e+00       1.031735319945e-16       2.170237289956e-17       1.219862382359e-19 
 2714       7.400161878433e-12       1.800207951244e-13      -3.884887097105e-13       0.000000000000e+00       1.030155467793e-16       2.158630901835e-17       1.329748873987e-19 
 2715       7.381346439422e-12       1.790694337623e-13      -3.826973225326e-13       0.000000000000e+00       1.028578573342e-16       2.146918067994e-17       1.436561773256e-19 
 2716       7.362274177071e-12       1.781464367876e-13      -3.769187824795e-13       0.000000000000e+00       1.027004626731e-16       2.135100692158e-17       1.540675086446e-19 
 2717       7.342947204493e-12       1.772518985165e-13      -3.711550804059e-13       0.000000000000e+00       1.025433618045e-16       2.123180684115e-17       1.642463937006e-19 
 2718       7.323367642168e-12       1.763859133997e-13      -3.654082129375e-13       0.000000000000e+00       1.023865537314e-16       2.111159959727e-17       1.742304566584e-19 
 2719       7.303537617951e-12       1.755485760222e-13      -3.596801824754e-13       0.000000000000e+00       1.022300374516e-16       2.099040440935e-17       1.840574336064e-19 
 2720       7.283459267082e-12       1.747399811038e-13      -3.539729972025e-13       0.000000000000e+00       1.020738119576e-16       2.086824055761e-17       1.937651726597e-19 
 2721       7.263134732186e-12       1.739602234986e-13      -3.482886710876e-13       0.000000000000e+00       1.019178762365e-16       2.074512738319e-17       2.033916340631e-19 
 2722       7.242566163290e-12       1.732093981956e-13      -3.426292238916e-13       0.000000000000e+00       1.017622292699e-16       2.062108428817e-17       2.129748902950e-19 
 2723       7.221755717821e-12       1.724876003186e-13      -3.369966811723e-13       0.000000000000e+00       1.016068700342e-16       2.049613073565e-17       2.225531261699e-19 
 2724       7.200705560619e-12       1.717949251261e-13      -3.313930742897e-13       0.000000000000e+00       1.014517975003e-16       2.037028624978e-17       2.321646389424e-19 
 2725       7.179417863942e-12       1.711314680116e-13      -3.258204404115e-13       0.000000000000e+00       1.012970106338e-16       2.024357041585e-17       2.418478384101e-19 
 2726       7.157894807471e-12       1.704973245036e-13      -3.202808225183e-13       0.000000000000e+00       1.011425083950e-16       2.011600288032e-17       2.516412470168e-19 
 2727       7.136138578322e-12       1.698925902657e-13      -3.147762694086e-13       0.000000000000e+00       1.009882897385e-16       1.998760335088e-17       2.615834999562e-19 
 2728       7.114151798316e-12       1.693172977330e-13      -3.093086700468e-13       0.000000000000e+00       1.008343537248e-16       1.985839646583e-17       2.717073533179e-19 
 2729       7.091938808293e-12       1.687712256498e-13      -3.038792556239e-13       0.000000000000e+00       1.006806998528e-16       1.972842643052e-17       2.820216731771e-19 
 2730       7.069504390710e-12       1.682540885095e-13      -2.984890948342e-13       0.000000000000e+00       1.005273277289e-16       1.959774245958e-17       2.925293500238e-19 
 2731       7.046853343009e-12       1.677655998246e-13      -2.931392592924e-13       0.000000000000e+00       1.003742369560e-16       1.946639391488e-17       3.032332819451e-19 
 2732       7.023990477637e-12       1.673054721257e-13      -2.878308235367e-13       0.000000000000e+00       1.002214271333e-16       1.933443030570e-17       3.141363746321e-19 
 2733       7.000920622055e-12       1.668734169608e-13      -2.825648650313e-13       0.000000000000e+00       1.000688978570e-16       1.920190128883e-17       3.252415413865e-19 
 2734       6.977648618756e-12       1.664691448938e-13      -2.773424641686e-13       0.000000000000e+00       9.991664871935e-17       1.906885666873e-17       3.365517031272e-19 
 2735       6.954179325278e-12       1.660923655041e-13      -2.721647042724e-13       0.000000000000e+00       9.976467930939e-17       1.893534639763e-17       3.480697883971e-19 
 2736       6.930517614215e-12       1.657427873854e-13      -2.670326716000e-13       0.000000000000e+00       9.961298921260e-17       1.880142057572e-17       3.597987333698e-19 
 2737       6.906668373234e-12       1.654201181450e-13      -2.619474553450e-13       0.000000000000e+00       9.946157801097e-17       1.866712945124e-17       3.717414818563e-19 
 2738       6.882636505089e-12       1.651240644023e-13      -2.569101476403e-13       0.000000000000e+00       9.931044528303e-17       1.853252342064e-17       3.839009853117e-19 
 2739       6.858426927634e-12       1.648543317886e-13      -2.519218435597e-13       0.000000000000e+00       9.915959060377e-17       1.839765302870e-17       3.962802028416e-19 
 2740       6.834044573837e-12       1.646106249456e-13      -2.469836411217e-13       0.000000000000e+00       9.900901354472e-17       1.826256896868e-17       4.088821012095e-19 
 2741       6.809494391794e-12       1.643926475247e-13      -2.420966412912e-13       0.000000000000e+00       9.885871367389e-17       1.812732208245e-17       4.217096548426e-19 
 2742       6.784781344745e-12       1.642001021858e-13      -2.372619479825e-13       0.000000000000e+00       9.870869055578e-17       1.799196336063e-17       4.347658458392e-19 
 2743       6.759910411084e-12       1.640326905969e-13      -2.324806680620e-13       0.000000000000e+00       9.855894375139e-17       1.785654394269e-17       4.480536639752e-19 
 2744       6.734886584376e-12       1.638901134327e-13      -2.277539113504e-13       0.000000000000e+00       9.840947281820e-17       1.772111511714e-17       4.615761067106e-19 
 2745       6.709714873371e-12       1.637720703735e-13      -2.230827906258e-13       0.000000000000e+00       9.826027731016e-17       1.758572832166e-17       4.753361791963e-19 
 2746       6.684400302017e-12       1.636782601050e-13      -2.184684216259e-13       0.000000000000e+00       9.811135677770e-17       1.745043514318e-17       4.893368942809e-19 
 2747       6.658947909473e-12       1.636083803165e-13      -2.139119230508e-13       0.000000000000e+00       9.796271076775e-17       1.731528731806e-17       5.035812725174e-19 
 2748       6.633362750126e-12       1.635621277006e-13      -2.094144165656e-13       0.000000000000e+00       9.781433882367e-17       1.718033673224e-17       5.180723421698e-19 
 2749       6.607649893602e-12       1.635391979518e-13      -2.049770268030e-13       0.000000000000e+00       9.766624048530e-17       1.704563542134e-17       5.328131392196e-19 
 2750       6.581814424782e-12       1.635392857659e-13      -2.006008813658e-13       0.000000000000e+00       9.751841528896e-17       1.691123557081e-17       5.478067073730e-19 
 2751       6.555861443815e-12       1.635620848389e-13      -1.962871108297e-13       0.000000000000e+00       9.737086276739e-17       1.677718951606e-17       5.630560980671e-19 
 2752       6.529796066132e-12       1.636072878660e-13      -1.920368487456e-13       0.000000000000e+00       9.722358244981e-17       1.664354974261e-17       5.785643704770e-19 
 2753       6.503623422461e-12       1.636745865408e-13      -1.878512316426e-13       0.000000000000e+00       9.707657386187e-17       1.651036888620e-17       5.943345915220e-19 
 2754       6.477348658840e-12       1.637636715544e-13      -1.837313990303e-13       0.000000000000e+00       9.692983652569e-17       1.637769973297e-17       6.103698358729e-19 
 2755       6.450976936629e-12       1.638742325941e-13      -1.796784934016e-13       0.000000000000e+00       9.678336995980e-17       1.624559521955e-17       6.266731859582e-19 
 2756       6.424513432531e-12       1.640059583429e-13      -1.756936602350e-13       0.000000000000e+00       9.663717367918e-17       1.611410843320e-17       6.432477319711e-19 
 2757       6.397963338596e-12       1.641585364783e-13      -1.717780479976e-13       0.000000000000e+00       9.649124719526e-17       1.598329261199e-17       6.600965718760e-19 
 2758       6.371331862244e-12       1.643316536715e-13      -1.679328081475e-13       0.000000000000e+00       9.634559001586e-17       1.585320114489e-17       6.772228114153e-19 
 2759       6.344624226273e-12       1.645249955861e-13      -1.641590951365e-13       0.000000000000e+00       9.620020164526e-17       1.572388757190e-17       6.946295641160e-19 
 2760       6.317845668877e-12       1.647382468779e-13      -1.604580664124e-13       0.000000000000e+00       9.605508158414e-17       1.559540558424e-17       7.123199512966e-19 
 2761       6.291001443657e-12       1.649710911930e-13      -1.568308824220e-13       0.000000000000e+00       9.591022932959e-17       1.546780902443e-17       7.302971020735e-19 
 2762       6.264096819637e-12       1.652232111678e-13      -1.532787066135e-13       0.000000000000e+00       9.576564437515e-17       1.534115188645e-17       7.485641533681e-19 
 2763       6.237137081276e-12       1.654942884272e-13      -1.498027054393e-13       0.000000000000e+00       9.562132621071e-17       1.521548831588e-17       7.671242499129e-19 
 2764       6.210127528485e-12       1.657840035845e-13      -1.464040483581e-13       0.000000000000e+00       9.547727432262e-17       1.509087261002e-17       7.859805442588e-19 
 2765       6.183073476637e-12       1.660920362396e-13      -1.430839078383e-13       0.000000000000e+00       9.533348819359e-17       1.496735921804e-17       8.051361967816e-19 
 2766       6.155980256586e-12       1.664180649787e-13      -1.398434593598e-13       0.000000000000e+00       9.518996730275e-17       1.484500274110e-17       8.245943756884e-19 
 2767       6.128853097857e-12       1.667617476530e-13      -1.366836670604e-13       0.000000000000e+00       9.504671113467e-17       1.472385175383e-17       8.443515960089e-19 
 2768       6.101696777541e-12       1.671226621031e-13      -1.336046394281e-13       0.000000000000e+00       9.490371920654e-17       1.460393023272e-17       8.643776980382e-19 
 2769       6.074515969568e-12       1.675003651191e-13      -1.306062702036e-13       0.000000000000e+00       9.476099104116e-17       1.448525602969e-17       8.846357629389e-19 
 2770       6.047315361377e-12       1.678944121305e-13      -1.276884524269e-13       0.000000000000e+00       9.461852615785e-17       1.436784704188e-17       9.050887640349e-19 
 2771       6.020099653922e-12       1.683043572059e-13      -1.248510784360e-13       0.000000000000e+00       9.447632407247e-17       1.425172121171e-17       9.256995667143e-19 
 2772       5.992873561688e-12       1.687297530507e-13      -1.220940398666e-13       0.000000000000e+00       9.433438429741e-17       1.413689652689e-17       9.464309283309e-19 
 2773       5.965641812701e-12       1.691701510067e-13      -1.194172276514e-13       0.000000000000e+00       9.419270634158e-17       1.402339102045e-17       9.672454981076e-19 
 2774       5.938409148541e-12       1.696251010501e-13      -1.168205320189e-13       0.000000000000e+00       9.405128971041e-17       1.391122277084e-17       9.881058170377e-19 
 2775       5.911180324355e-12       1.700941517910e-13      -1.143038424930e-13       0.000000000000e+00       9.391013390586e-17       1.380040990189e-17       1.008974317788e-18 
 2776       5.883960108865e-12       1.705768504716e-13      -1.118670478920e-13       0.000000000000e+00       9.376923842638e-17       1.369097058290e-17       1.029813324600e-18 
 2777       5.856753284388e-12       1.710727429651e-13      -1.095100363283e-13       0.000000000000e+00       9.362860276695e-17       1.358292302867e-17       1.050585053195e-18 
 2778       5.829564646839e-12       1.715813737745e-13      -1.072326952071e-13       0.000000000000e+00       9.348822641906e-17       1.347628549952e-17       1.071251610672e-18 
 2779       5.802399005752e-12       1.721022860314e-13      -1.050349112260e-13       0.000000000000e+00       9.334810887067e-17       1.337107630136e-17       1.091774995414e-18 
 2780       5.775261184283e-12       1.726350214947e-13      -1.029165703740e-13       0.000000000000e+00       9.320824960629e-17       1.326731378569e-17       1.112117096989e-18 
 2781       5.748156019232e-12       1.731791205490e-13      -1.008775579310e-13       0.000000000000e+00       9.306864810687e-17       1.316501634969e-17       1.132239696051e-18 
 2782       5.721088361047e-12       1.737341222042e-13      -9.891775846694e-14       0.000000000000e+00       9.292930384988e-17       1.306420243619e-17       1.152104464245e-18 
 2783       5.694063073839e-12       1.742995640932e-13      -9.703705584101e-14       0.000000000000e+00       9.279021630927e-17       1.296489053378e-17       1.171672964107e-18 
 2784       5.667085035398e-12       1.748749824716e-13      -9.523533320089e-14       0.000000000000e+00       9.265138495548e-17       1.286709917680e-17       1.190906648967e-18 
 2785       5.640159137198e-12       1.754599122156e-13      -9.351247298205e-14       0.000000000000e+00       9.251280925542e-17       1.277084694541e-17       1.209766862851e-18 
 2786       5.613290284414e-12       1.760538868216e-13      -9.186835690697e-14       0.000000000000e+00       9.237448867247e-17       1.267615246559e-17       1.228214840386e-18 
 2787       5.586483395934e-12       1.766564384041e-13      -9.030286598440e-14       0.000000000000e+00       9.223642266648e-17       1.258303440922e-17       1.246211706697e-18 
 2788       5.559743404369e-12       1.772670976952e-13      -8.881588050860e-14       0.000000000000e+00       9.209861069379e-17       1.249151149410e-17       1.263718477317e-18 
 2789       5.533075256068e-12       1.778853940428e-13      -8.740728005857e-14       0.000000000000e+00       9.196105220718e-17       1.240160248399e-17       1.280696058079e-18 
 2790       5.506483911127e-12       1.785108554096e-13      -8.607694349732e-14       0.000000000000e+00       9.182374665590e-17       1.231332618864e-17       1.297105245030e-18 
 2791       5.479974343402e-12       1.791430083718e-13      -8.482474897112e-14       0.000000000000e+00       9.168669348564e-17       1.222670146387e-17       1.312906724322e-18 
 2792       5.453551540525e-12       1.797813781180e-13      -8.365057390873e-14       0.000000000000e+00       9.154989213856e-17       1.214174721152e-17       1.328061072125e-18 
 2793       5.427220503909e-12       1.804254884477e-13      -8.255429502063e-14       0.000000000000e+00       9.141334205325e-17       1.205848237961e-17       1.342528754521e-18 
 2794       5.400986248767e-12       1.810748617700e-13      -8.153578829831e-14       0.000000000000e+00       9.127704266477e-17       1.197692596226e-17       1.356270127411e-18 
 2795       5.374853804121e-12       1.817290191027e-13      -8.059492901350e-14       0.000000000000e+00       9.114099340458e-17       1.189709699982e-17       1.369245436413e-18 
 2796       5.348828212814e-12       1.823874800708e-13      -7.973159171740e-14       0.000000000000e+00       9.100519370061e-17       1.181901457885e-17       1.381414816771e-18 
 2797       5.322914531523e-12       1.830497629053e-13      -7.894565023994e-14       0.000000000000e+00       9.086964297722e-17       1.174269783220e-17       1.392738293251e-18 
 2798       5.297117830770e-12       1.837153844420e-13      -7.823697768902e-14       0.000000000000e+00       9.073434065517e-17       1.166816593902e-17       1.403175780048e-18 
 2799       5.271443194937e-12       1.843838601200e-13      -7.760544644977e-14       0.000000000000e+00       9.059928615167e-17       1.159543812480e-17       1.412687080683e-18 
 2800       5.245895722274e-12       1.850547039809e-13      -7.705092818379e-14       0.000000000000e+00       9.046447888033e-17       1.152453366143e-17       1.421231887911e-18 
 2801       5.220480524914e-12       1.857274286671e-13      -7.657329382838e-14       0.000000000000e+00       9.032991825121e-17       1.145547186723e-17       1.428769783620e-18 
 2802       5.195202728887e-12       1.864015454208e-13      -7.617241359583e-14       0.000000000000e+00       9.019560367074e-17       1.138827210696e-17       1.435260238734e-18 
 2803       5.170067474125e-12       1.870765640828e-13      -7.584815697261e-14       0.000000000000e+00       9.006153454178e-17       1.132295379192e-17       1.440662613116e-18 
 2804       5.145079914484e-12       1.877519930909e-13      -7.560039271866e-14       0.000000000000e+00       8.992771026361e-17       1.125953637992e-17       1.444936155470e-18 
 2805       5.120245217746e-12       1.884273394792e-13      -7.542898886661e-14       0.000000000000e+00       8.979413023187e-17       1.119803937538e-17       1.448040003242e-18 
 2806       5.095568063142e-12       1.891021340458e-13      -7.533366785649e-14       0.000000000000e+00       8.966079384842e-17       1.113846791633e-17       1.449949785189e-18 
 2807       5.071051130994e-12       1.897760070045e-13      -7.531357111520e-14       0.000000000000e+00       8.952770055064e-17       1.108076945339e-17       1.450707523946e-18 
 2808       5.046696605210e-12       1.904486127256e-13      -7.536769220296e-14       0.000000000000e+00       8.939484978228e-17       1.102487684478e-17       1.450371993718e-18 
 2809       5.022506675072e-12       1.911196046018e-13      -7.549502146848e-14       0.000000000000e+00       8.926224098359e-17       1.097072274860e-17       1.449002141425e-18 
 2810       4.998483535238e-12       1.917886350465e-13      -7.569454604606e-14       0.000000000000e+00       8.912987359141e-17       1.091823962264e-17       1.446657086857e-18 
 2811       4.974629385750e-12       1.924553554940e-13      -7.596524985257e-14       0.000000000000e+00       8.899774703911e-17       1.086735972424e-17       1.443396122830e-18 
 2812       4.950946432037e-12       1.931194163976e-13      -7.630611358453e-14       0.000000000000e+00       8.886586075660e-17       1.081801511002e-17       1.439278715341e-18 
 2813       4.927436884916e-12       1.937804672294e-13      -7.671611471512e-14       0.000000000000e+00       8.873421417033e-17       1.077013763581e-17       1.434364503724e-18 
 2814       4.904102960603e-12       1.944381564793e-13      -7.719422749124e-14       0.000000000000e+00       8.860280670327e-17       1.072365895637e-17       1.428713300802e-18 
 2815       4.880946880713e-12       1.950921316539e-13      -7.773942293056e-14       0.000000000000e+00       8.847163777494e-17       1.067851052528e-17       1.422385093048e-18 
 2816       4.857970872267e-12       1.957420392761e-13      -7.835066881851e-14       0.000000000000e+00       8.834070680139e-17       1.063462359473e-17       1.415440040736e-18 
 2817       4.835177167692e-12       1.963875248835e-13      -7.902692970539e-14       0.000000000000e+00       8.821001319516e-17       1.059192921534e-17       1.407938478096e-18 
 2818       4.812568004832e-12       1.970282330282e-13      -7.976716690334e-14       0.000000000000e+00       8.807955636535e-17       1.055035823597e-17       1.399940913472e-18 
 2819       4.790145626948e-12       1.976638072758e-13      -8.057033848343e-14       0.000000000000e+00       8.794933571754e-17       1.050984130356e-17       1.391508029475e-18 
 2820       4.767912282725e-12       1.982938902043e-13      -8.143539927267e-14       0.000000000000e+00       8.781935065384e-17       1.047030886295e-17       1.382700683141e-18 
 2821       4.745870226272e-12       1.989181234032e-13      -8.236130085108e-14       0.000000000000e+00       8.768960057286e-17       1.043169115666e-17       1.373579906083e-18 
 2822       4.724021717133e-12       1.995361474731e-13      -8.334699154870e-14       0.000000000000e+00       8.756008486973e-17       1.039391822476e-17       1.364206904648e-18 
 2823       4.702369020288e-12       2.001476020243e-13      -8.439141644263e-14       0.000000000000e+00       8.743080293605e-17       1.035691990467e-17       1.354643060071e-18 
 2824       4.680914406157e-12       2.007521256763e-13      -8.549351735410e-14       0.000000000000e+00       8.730175415995e-17       1.032062583097e-17       1.344949928634e-18 
 2825       4.659660150605e-12       2.013493560567e-13      -8.665223284548e-14       0.000000000000e+00       8.717293792603e-17       1.028496543521e-17       1.335189241816e-18 
 2826       4.638608534948e-12       2.019389298004e-13      -8.786649821731e-14       0.000000000000e+00       8.704435361538e-17       1.024986794578e-17       1.325422906452e-18 
 2827       4.617761845956e-12       2.025204825487e-13      -8.913524550540e-14       0.000000000000e+00       8.691600060558e-17       1.021526238765e-17       1.315713004888e-18 
 2828       4.597122375856e-12       2.030936489487e-13      -9.045740347780e-14       0.000000000000e+00       8.678787827070e-17       1.018107758228e-17       1.306121795133e-18 
 2829       4.576692422342e-12       2.036580626521e-13      -9.183189763186e-14       0.000000000000e+00       8.665998598127e-17       1.014724214736e-17       1.296711711019e-18 
 2830       4.556474288573e-12       2.042133563143e-13      -9.325765019131e-14       0.000000000000e+00       8.653232310430e-17       1.011368449667e-17       1.287545362353e-18 
 2831       4.536470283181e-12       2.047591615939e-13      -9.473358010324e-14       0.000000000000e+00       8.640488900328e-17       1.008033283989e-17       1.278685535074e-18 
 2832       4.516682720276e-12       2.052951091514e-13      -9.625860303518e-14       0.000000000000e+00       8.627768303816e-17       1.004711518243e-17       1.270195191406e-18 
 2833       4.497113919449e-12       2.058208286488e-13      -9.783163137212e-14       0.000000000000e+00       8.615070456534e-17       1.001395932523e-17       1.262137470017e-18 
 2834       4.477766205776e-12       2.063359487483e-13      -9.945157421356e-14       0.000000000000e+00       8.602395293770e-17       9.980792864589e-18       1.254575686170e-18 
 2835       4.458641909824e-12       2.068400971116e-13      -1.011173373705e-13       0.000000000000e+00       8.589742750456e-17       9.947543191988e-18       1.247573331882e-18 
 2836       4.439743367656e-12       2.073329003990e-13      -1.028278233627e-13       0.000000000000e+00       8.577112761170e-17       9.914137493903e-18       1.241194076076e-18 
 2837       4.421072920834e-12       2.078139842688e-13      -1.045819314153e-13       0.000000000000e+00       8.564505260134e-17       9.880502751627e-18       1.235501764740e-18 
 2838       4.402632916422e-12       2.082829733759e-13      -1.063785574562e-13       0.000000000000e+00       8.551920181215e-17       9.846565741088e-18       1.230560421079e-18 
 2839       4.384425706995e-12       2.087394913715e-13      -1.082165941131e-13       0.000000000000e+00       8.539357457924e-17       9.812253032669e-18       1.226434245672e-18 
 2840       4.366453650641e-12       2.091831609018e-13      -1.100949307103e-13       0.000000000000e+00       8.526817023415e-17       9.777490991028e-18       1.223187616626e-18 
 2841       4.348719110964e-12       2.096136036073e-13      -1.120124532660e-13       0.000000000000e+00       8.514298810485e-17       9.742205774916e-18       1.220885089732e-18 
 2842       4.331224457090e-12       2.100304401221e-13      -1.139680444892e-13       0.000000000000e+00       8.501802751575e-17       9.706323336996e-18       1.219591398621e-18 
 2843       4.313972063674e-12       2.104332900727e-13      -1.159605837766e-13       0.000000000000e+00       8.489328778769e-17       9.669769423662e-18       1.219371454920e-18 
 2844       4.296964310899e-12       2.108217720772e-13      -1.179889472101e-13       0.000000000000e+00       8.476876823791e-17       9.632469574862e-18       1.220290348402e-18 
 2845       4.280203023071e-12       2.111955542375e-13      -1.200519973519e-13       0.000000000000e+00       8.464446825896e-17       9.594363478868e-18       1.222391524350e-18 
 2846       4.263687781217e-12       2.115545059000e-13      -1.221485525807e-13       0.000000000000e+00       8.452038755574e-17       9.555448117703e-18       1.225631192573e-18 
 2847       4.247417601809e-12       2.118985466741e-13      -1.242774175920e-13       0.000000000000e+00       8.439652590967e-17       9.515734843461e-18       1.229943581048e-18 
 2848       4.231391497382e-12       2.122275960106e-13      -1.264373935818e-13       0.000000000000e+00       8.427288309989e-17       9.475235043554e-18       1.235262727880e-18 
 2849       4.215608476535e-12       2.125415732011e-13      -1.286272782441e-13       0.000000000000e+00       8.414945890329e-17       9.433960140744e-18       1.241522481137e-18 
 2850       4.200067543924e-12       2.128403973781e-13      -1.308458657672e-13       0.000000000000e+00       8.402625309449e-17       9.391921593177e-18       1.248656498683e-18 
 2851       4.184767700258e-12       2.131239875153e-13      -1.330919468307e-13       0.000000000000e+00       8.390326544584e-17       9.349130894411e-18       1.256598248004e-18 
 2852       4.169707942297e-12       2.133922624265e-13      -1.353643086026e-13       0.000000000000e+00       8.378049572743e-17       9.305599573453e-18       1.265281006047e-18 
 2853       4.154887262849e-12       2.136451407666e-13      -1.376617347363e-13       0.000000000000e+00       8.365794370705e-17       9.261339194785e-18       1.274637859048e-18 
 2854       4.140304650762e-12       2.138825410307e-13      -1.399830053669e-13       0.000000000000e+00       8.353560915023e-17       9.216361358401e-18       1.284601702363e-18 
 2855       4.125959090924e-12       2.141043815542e-13      -1.423268971085e-13       0.000000000000e+00       8.341349182023e-17       9.170677699839e-18       1.295105240304e-18 
 2856       4.111849564258e-12       2.143105805128e-13      -1.446921830514e-13       0.000000000000e+00       8.329159147800e-17       9.124299890207e-18       1.306080985966e-18 
 2857       4.097975047717e-12       2.145010559222e-13      -1.470776327582e-13       0.000000000000e+00       8.316990788224e-17       9.077239636223e-18       1.317461261061e-18 
 2858       4.084334514284e-12       2.146757256383e-13      -1.494820122614e-13       0.000000000000e+00       8.304844078933e-17       9.029508680242e-18       1.329178195752e-18 
 2859       4.070926932964e-12       2.148345073566e-13      -1.519040840598e-13       0.000000000000e+00       8.292718995339e-17       8.981118800288e-18       1.341163728481e-18 
 2860       4.057751268780e-12       2.149773186123e-13      -1.543426071158e-13       0.000000000000e+00       8.280615512622e-17       8.932081810087e-18       1.353349605803e-18 
 2861       4.044806482774e-12       2.151040767805e-13      -1.567963368520e-13       0.000000000000e+00       8.268533605735e-17       8.882409559101e-18       1.365667382217e-18 
 2862       4.032091531999e-12       2.152146990756e-13      -1.592640251480e-13       0.000000000000e+00       8.256473249399e-17       8.832113932557e-18       1.378048420000e-18 
 2863       4.019605369515e-12       2.153091025514e-13      -1.617444203378e-13       0.000000000000e+00       8.244434418107e-17       8.781206851479e-18       1.390423889034e-18 
 2864       4.007346944388e-12       2.153872041008e-13      -1.642362672060e-13       0.000000000000e+00       8.232417086121e-17       8.729700272723e-18       1.402724766646e-18 
 2865       3.995315201684e-12       2.154489204562e-13      -1.667383069854e-13       0.000000000000e+00       8.220421227471e-17       8.677606189006e-18       1.414881837429e-18 
 2866       3.983509082467e-12       2.154941681886e-13      -1.692492773532e-13       0.000000000000e+00       8.208446815959e-17       8.624936628938e-18       1.426825693085e-18 
 2867       3.971927523793e-12       2.155228637082e-13      -1.717679124284e-13       0.000000000000e+00       8.196493825154e-17       8.571703657056e-18       1.438486732248e-18 
 2868       3.960569458707e-12       2.155349232639e-13      -1.742929427684e-13       0.000000000000e+00       8.184562228394e-17       8.517919373854e-18       1.449795160322e-18 
 2869       3.949433816241e-12       2.155302629432e-13      -1.768230953661e-13       0.000000000000e+00       8.172651998786e-17       8.463595915818e-18       1.460680989307e-18 
 2870       3.938519521407e-12       2.155087986720e-13      -1.793570936465e-13       0.000000000000e+00       8.160763109206e-17       8.408745455454e-18       1.471074037638e-18 
 2871       3.927825495196e-12       2.154704462150e-13      -1.818936574641e-13       0.000000000000e+00       8.148895532295e-17       8.353380201321e-18       1.480903930010e-18 
 2872       3.917350654572e-12       2.154151211749e-13      -1.844315030991e-13       0.000000000000e+00       8.137049240464e-17       8.297512398066e-18       1.490100097215e-18 
 2873       3.907093912470e-12       2.153427389925e-13      -1.869693432548e-13       0.000000000000e+00       8.125224205892e-17       8.241154326453e-18       1.498591775970e-18 
 2874       3.897054177792e-12       2.152532149470e-13      -1.895058870544e-13       0.000000000000e+00       8.113420400523e-17       8.184318303395e-18       1.506308008752e-18 
 2875       3.887230355401e-12       2.151464641552e-13      -1.920398400377e-13       0.000000000000e+00       8.101637796069e-17       8.127016681988e-18       1.513177643628e-18 
 2876       3.877621346120e-12       2.150224015719e-13      -1.945699041582e-13       0.000000000000e+00       8.089876364010e-17       8.069261851539e-18       1.519129334085e-18 
 2877       3.868226046727e-12       2.148809419895e-13      -1.970947777798e-13       0.000000000000e+00       8.078136075590e-17       8.011066237605e-18       1.524091538869e-18 
 2878       3.859043349950e-12       2.147220000382e-13      -1.996131556738e-13       0.000000000000e+00       8.066416901820e-17       7.952442302017e-18       1.527992521807e-18 
 2879       3.850072144466e-12       2.145454901853e-13      -2.021237290159e-13       0.000000000000e+00       8.054718813478e-17       7.893402542917e-18       1.530760351647e-18 
 2880       3.841311314895e-12       2.143513267357e-13      -2.046251853829e-13       0.000000000000e+00       8.043041781106e-17       7.833959494788e-18       1.532322901885e-18 
 2881       3.832759741796e-12       2.141394238315e-13      -2.071162087496e-13       0.000000000000e+00       8.031385775012e-17       7.774125728489e-18       1.532607850600e-18 
 2882       3.824416301665e-12       2.139096954518e-13      -2.095954794858e-13       0.000000000000e+00       8.019750765270e-17       7.713913851281e-18       1.531542680283e-18 
 2883       3.816279866930e-12       2.136620554126e-13      -2.120616743531e-13       0.000000000000e+00       8.008136721717e-17       7.653336506864e-18       1.529054677671e-18 
 2884       3.808349036372e-12       2.133964549839e-13      -2.145135537112e-13       0.000000000000e+00       7.996543610625e-17       7.592412304126e-18       1.525092664064e-18 
 2885       3.800621324905e-12       2.131129959479e-13      -2.169502236265e-13       0.000000000000e+00       7.984971384688e-17       7.531183636214e-18       1.519692307177e-18 
 2886       3.793093969674e-12       2.128118181148e-13      -2.193708750884e-13       0.000000000000e+00       7.973419992982e-17       7.469698952017e-18       1.512911140626e-18 
 2887       3.785764199250e-12       2.124930617578e-13      -2.217746969190e-13       0.000000000000e+00       7.961889384291e-17       7.408006835784e-18       1.504806863711e-18 
 2888       3.778629233618e-12       2.121568676140e-13      -2.241608757711e-13       0.000000000000e+00       7.950379507108e-17       7.346156007241e-18       1.495437341560e-18 
 2889       3.771686284177e-12       2.118033768847e-13      -2.265285961262e-13       0.000000000000e+00       7.938890309632e-17       7.284195321711e-18       1.484860605277e-18 
 2890       3.764932553723e-12       2.114327312357e-13      -2.288770402933e-13       0.000000000000e+00       7.927421739771e-17       7.222173770226e-18       1.473134852086e-18 
 2891       3.758365236451e-12       2.110450727979e-13      -2.312053884062e-13       0.000000000000e+00       7.915973745139e-17       7.160140479652e-18       1.460318445473e-18 
 2892       3.751981517937e-12       2.106405441678e-13      -2.335128184221e-13       0.000000000000e+00       7.904546273059e-17       7.098144712798e-18       1.446469915337e-18 
 2893       3.745778575140e-12       2.102192884074e-13      -2.357985061200e-13       0.000000000000e+00       7.893139270556e-17       7.036235868542e-18       1.431647958133e-18 
 2894       3.739753576387e-12       2.097814490455e-13      -2.380616250982e-13       0.000000000000e+00       7.881752684367e-17       6.974463481942e-18       1.415911437013e-18 
 2895       3.733903681371e-12       2.093271700771e-13      -2.403013467730e-13       0.000000000000e+00       7.870386460929e-17       6.912877224358e-18       1.399319381979e-18 
 2896       3.728226041137e-12       2.088565959647e-13      -2.425168403765e-13       0.000000000000e+00       7.859040546389e-17       6.851526903564e-18       1.381930990022e-18 
 2897       3.722717798082e-12       2.083698716382e-13      -2.447072729549e-13       0.000000000000e+00       7.847714886597e-17       6.790462463873e-18       1.363805625269e-18 
 2898       3.717376085938e-12       2.078671424956e-13      -2.468718093667e-13       0.000000000000e+00       7.836409427109e-17       6.729733986247e-18       1.345002819132e-18 
 2899       3.712198029775e-12       2.073485544033e-13      -2.490096122806e-13       0.000000000000e+00       7.825124113184e-17       6.669391688420e-18       1.325582270446e-18 
 2900       3.707180745984e-12       2.068142536964e-13      -2.511198421742e-13       0.000000000000e+00       7.813858889788e-17       6.609485925012e-18       1.305603845621e-18 
 2901       3.702321342275e-12       2.062643871794e-13      -2.532016573312e-13       0.000000000000e+00       7.802613701588e-17       6.550067187648e-18       1.285127578784e-18 
 2902       3.697616917665e-12       2.056991021264e-13      -2.552542138406e-13       0.000000000000e+00       7.791388492957e-17       6.491186105075e-18       1.264213671923e-18 
 2903       3.693064562476e-12       2.051185462816e-13      -2.572766655942e-13       0.000000000000e+00       7.780183207971e-17       6.432893443283e-18       1.242922495036e-18 
 2904       3.688661358320e-12       2.045228678598e-13      -2.592681642848e-13       0.000000000000e+00       7.768997790409e-17       6.375240105614e-18       1.221314586275e-18 
 2905       3.684404378099e-12       2.039122155468e-13      -2.612278594045e-13       0.000000000000e+00       7.757832183751e-17       6.318277132888e-18       1.199450652088e-18 
 2906       3.680290685992e-12       2.032867384995e-13      -2.631548982428e-13       0.000000000000e+00       7.746686331182e-17       6.262055703517e-18       1.177391567369e-18 
 2907       3.676317337449e-12       2.026465863469e-13      -2.650484258848e-13       0.000000000000e+00       7.735560175588e-17       6.206627133622e-18       1.155198375600e-18 
 2908       3.672481379182e-12       2.019919091901e-13      -2.669075852093e-13       0.000000000000e+00       7.724453659558e-17       6.152042877152e-18       1.132932288998e-18 
 2909       3.668779849159e-12       2.013228576028e-13      -2.687315168868e-13       0.000000000000e+00       7.713366725380e-17       6.098354526000e-18       1.110654688659e-18 
 2910       3.665209776599e-12       2.006395826317e-13      -2.705193593779e-13       0.000000000000e+00       7.702299315047e-17       6.045613810120e-18       1.088427124705e-18 
 2911       3.661768181956e-12       1.999422357973e-13      -2.722702489312e-13       0.000000000000e+00       7.691251370249e-17       5.993872597648e-18       1.066311316426e-18 
 2912       3.658452076919e-12       1.992309690936e-13      -2.739833195817e-13       0.000000000000e+00       7.680222832379e-17       5.943182895016e-18       1.044369152430e-18 
 2913       3.655258464403e-12       1.985059349892e-13      -2.756577031488e-13       0.000000000000e+00       7.669213642531e-17       5.893596847071e-18       1.022662690785e-18 
 2914       3.652184338537e-12       1.977672864273e-13      -2.772925292344e-13       0.000000000000e+00       7.658223741497e-17       5.845166737191e-18       1.001254159162e-18 
 2915       3.649226684661e-12       1.970151768265e-13      -2.788869252212e-13       0.000000000000e+00       7.647253069771e-17       5.797944987405e-18       9.802059549880e-19 
 2916       3.646382479317e-12       1.962497600808e-13      -2.804400162707e-13       0.000000000000e+00       7.636301567543e-17       5.751984158507e-18       9.595806455830e-19 
 2917       3.643648690240e-12       1.954711905602e-13      -2.819509253213e-13       0.000000000000e+00       7.625369174706e-17       5.707336950178e-18       9.394409683100e-19 
 2918       3.641022276352e-12       1.946796231113e-13      -2.834187730867e-13       0.000000000000e+00       7.614455830849e-17       5.664056201100e-18       9.198498307186e-19 
 2919       3.638500187752e-12       1.938752130575e-13      -2.848426780539e-13       0.000000000000e+00       7.603561475262e-17       5.622194889074e-18       9.008703106909e-19 
 2920       3.636079365711e-12       1.930581161995e-13      -2.862217564813e-13       0.000000000000e+00       7.592686046930e-17       5.581806131138e-18       8.825656565864e-19 
 2921       3.633756742664e-12       1.922284888157e-13      -2.875551223968e-13       0.000000000000e+00       7.581829484539e-17       5.542943183686e-18       8.649992873872e-19 
 2922       3.631529242200e-12       1.913864876626e-13      -2.888418875961e-13       0.000000000000e+00       7.570991726471e-17       5.505659442581e-18       8.482347928437e-19 
 2923       3.629393666355e-12       1.905323062376e-13      -2.900813422024e-13       0.000000000000e+00       7.560172713273e-17       5.469996850794e-18       8.323209103319e-19 
 2924       3.627346356892e-12       1.896662837648e-13      -2.912734973373e-13       0.000000000000e+00       7.549372395072e-17       5.435951057601e-18       8.172463729012e-19 
 2925       3.625383532308e-12       1.887887967559e-13      -2.924185451654e-13       0.000000000000e+00       7.538590724194e-17       5.403506085047e-18       8.029848352765e-19 
 2926       3.623501400369e-12       1.879002227987e-13      -2.935166785801e-13       0.000000000000e+00       7.527827652703e-17       5.372645904521e-18       7.895098765318e-19 
 2927       3.621696158109e-12       1.870009405581e-13      -2.945680912044e-13       0.000000000000e+00       7.517083132402e-17       5.343354436718e-18       7.767950000242e-19 
 2928       3.619963991810e-12       1.860913297767e-13      -2.955729773919e-13       0.000000000000e+00       7.506357114826e-17       5.315615551587e-18       7.648136333290e-19 
 2929       3.618301077000e-12       1.851717712759e-13      -2.965315322270e-13       0.000000000000e+00       7.495649551251e-17       5.289413068293e-18       7.535391281731e-19 
 2930       3.616703578443e-12       1.842426469571e-13      -2.974439515257e-13       0.000000000000e+00       7.484960392684e-17       5.264730755167e-18       7.429447603703e-19 
 2931       3.615167650125e-12       1.833043398021e-13      -2.983104318365e-13       0.000000000000e+00       7.474289589871e-17       5.241552329660e-18       7.330037297546e-19 
 2932       3.613689435252e-12       1.823572338745e-13      -2.991311704409e-13       0.000000000000e+00       7.463637093293e-17       5.219861458302e-18       7.236891601153e-19 
 2933       3.612265066233e-12       1.814017143203e-13      -2.999063653542e-13       0.000000000000e+00       7.453002853164e-17       5.199641756653e-18       7.149740991313e-19 
 2934       3.610890664677e-12       1.804381673691e-13      -3.006362153260e-13       0.000000000000e+00       7.442386819434e-17       5.180876789259e-18       7.068315183048e-19 
 2935       3.609562341380e-12       1.794669803349e-13      -3.013209198409e-13       0.000000000000e+00       7.431788941788e-17       5.163550069606e-18       6.992343128964e-19 
 2936       3.608276196318e-12       1.784885416169e-13      -3.019606791196e-13       0.000000000000e+00       7.421209169646e-17       5.147645060077e-18       6.921553018587e-19 
 2937       3.607028318636e-12       1.775032407008e-13      -3.025556941190e-13       0.000000000000e+00       7.410647452158e-17       5.133145171904e-18       6.855672277715e-19 
 2938       3.605814786640e-12       1.765114681593e-13      -3.031061665331e-13       0.000000000000e+00       7.400103738213e-17       5.120033765125e-18       6.794427567751e-19 
 2939       3.604631667785e-12       1.755136156535e-13      -3.036122987938e-13       0.000000000000e+00       7.389577976429e-17       5.108294148535e-18       6.737544785056e-19 
 2940       3.603475018671e-12       1.745100759332e-13      -3.040742940716e-13       0.000000000000e+00       7.379070115160e-17       5.097909579647e-18       6.684749060286e-19 
 2941       3.602340885028e-12       1.735012428385e-13      -3.044923562759e-13       0.000000000000e+00       7.368580102492e-17       5.088863264639e-18       6.635764757737e-19 
 2942       3.601225301710e-12       1.724875113003e-13      -3.048666900563e-13       0.000000000000e+00       7.358107886243e-17       5.081138358316e-18       6.590315474690e-19 
 2943       3.600124292686e-12       1.714692773414e-13      -3.051975008026e-13       0.000000000000e+00       7.347653413963e-17       5.074717964060e-18       6.548124040750e-19 
 2944       3.599033871028e-12       1.704469380774e-13      -3.054849946460e-13       0.000000000000e+00       7.337216632936e-17       5.069585133786e-18       6.508912517196e-19 
 2945       3.597950038905e-12       1.694208917177e-13      -3.057293784597e-13       0.000000000000e+00       7.326797490176e-17       5.065722867898e-18       6.472402196318e-19 
 2946       3.596868787572e-12       1.683915375663e-13      -3.059308598593e-13       0.000000000000e+00       7.316395932429e-17       5.063114115241e-18       6.438313600763e-19 
 2947       3.595786097360e-12       1.673592760227e-13      -3.060896472036e-13       0.000000000000e+00       7.306011906173e-17       5.061741773058e-18       6.406366482879e-19 
 2948       3.594697937667e-12       1.663245085830e-13      -3.062059495957e-13       0.000000000000e+00       7.295645357616e-17       5.061588686945e-18       6.376279824057e-19 
 2949       3.593600266951e-12       1.652876378409e-13      -3.062799768829e-13       0.000000000000e+00       7.285296232697e-17       5.062637650804e-18       6.347771834073e-19 
 2950       3.592489032719e-12       1.642490674883e-13      -3.063119396581e-13       0.000000000000e+00       7.274964477085e-17       5.064871406799e-18       6.320559950436e-19 
 2951       3.591360171517e-12       1.632092023164e-13      -3.063020492601e-13       0.000000000000e+00       7.264650036181e-17       5.068272645308e-18       6.294360837726e-19 
 2952       3.590209608920e-12       1.621684482169e-13      -3.062505177743e-13       0.000000000000e+00       7.254352855113e-17       5.072824004883e-18       6.268890386941e-19 
 2953       3.589033259527e-12       1.611272121825e-13      -3.061575580335e-13       0.000000000000e+00       7.244072878740e-17       5.078508072201e-18       6.243863714837e-19 
 2954       3.587827026948e-12       1.600859023079e-13      -3.060233836187e-13       0.000000000000e+00       7.233810051652e-17       5.085307382017e-18       6.218995163275e-19 
 2955       3.586586803795e-12       1.590449277912e-13      -3.058482088593e-13       0.000000000000e+00       7.223564318165e-17       5.093204417124e-18       6.193998298562e-19 
 2956       3.585308471674e-12       1.580046989341e-13      -3.056322488343e-13       0.000000000000e+00       7.213335622326e-17       5.102181608303e-18       6.168585910795e-19 
 2957       3.583987901174e-12       1.569656271435e-13      -3.053757193728e-13       0.000000000000e+00       7.203123907910e-17       5.112221334281e-18       6.142470013203e-19 
 2958       3.582620951861e-12       1.559281249320e-13      -3.050788370546e-13       0.000000000000e+00       7.192929118420e-17       5.123305921683e-18       6.115361841493e-19 
 2959       3.581203472264e-12       1.548926059191e-13      -3.047418192108e-13       0.000000000000e+00       7.182751197087e-17       5.135417644988e-18       6.086971853190e-19 
 2960       3.579731299869e-12       1.538594848319e-13      -3.043648839249e-13       0.000000000000e+00       7.172590086870e-17       5.148538726485e-18       6.057009726983e-19 
 2961       3.578200261111e-12       1.528291775061e-13      -3.039482500330e-13       0.000000000000e+00       7.162445730455e-17       5.162651336226e-18       6.025184362067e-19 
 2962       3.576607076179e-12       1.518020100029e-13      -3.034920706855e-13       0.000000000000e+00       7.152318096711e-17       5.177742007360e-18       5.991267915834e-19 
 2963       3.574952078351e-12       1.507779454666e-13      -3.029962336712e-13       0.000000000000e+00       7.142207260200e-17       5.193814906083e-18       5.955288264178e-19 
 2964       3.573236508093e-12       1.497568559182e-13      -3.024605601073e-13       0.000000000000e+00       7.132113322059e-17       5.210878627213e-18       5.917337491548e-19 
 2965       3.571461609456e-12       1.487386130163e-13      -3.018848707884e-13       0.000000000000e+00       7.122036383582e-17       5.228941784791e-18       5.877507939257e-19 
 2966       3.569628630088e-12       1.477230880571e-13      -3.012689861867e-13       0.000000000000e+00       7.111976546215e-17       5.248013012088e-18       5.835892205700e-19 
 2967       3.567738821231e-12       1.467101519743e-13      -3.006127264513e-13       0.000000000000e+00       7.101933911565e-17       5.268100961628e-18       5.792583146577e-19 
 2968       3.565793437728e-12       1.456996753380e-13      -2.999159114083e-13       0.000000000000e+00       7.091908581391e-17       5.289214305199e-18       5.747673875103e-19 
 2969       3.563793738022e-12       1.446915283554e-13      -2.991783605605e-13       0.000000000000e+00       7.081900657609e-17       5.311361733866e-18       5.701257762238e-19 
 2970       3.561740984164e-12       1.436855808695e-13      -2.983998930872e-13       0.000000000000e+00       7.071910242290e-17       5.334551957992e-18       5.653428436897e-19 
 2971       3.559636441812e-12       1.426817023596e-13      -2.975803278438e-13       0.000000000000e+00       7.061937437665e-17       5.358793707247e-18       5.604279786172e-19 
 2972       3.557481380236e-12       1.416797619405e-13      -2.967194833618e-13       0.000000000000e+00       7.051982346116e-17       5.384095730629e-18       5.553905955554e-19 
 2973       3.555277072321e-12       1.406796283624e-13      -2.958171778485e-13       0.000000000000e+00       7.042045070185e-17       5.410466796473e-18       5.502401349147e-19 
 2974       3.553024794570e-12       1.396811700106e-13      -2.948732291866e-13       0.000000000000e+00       7.032125712568e-17       5.437915692471e-18       5.449860629888e-19 
 2975       3.550725827106e-12       1.386842549049e-13      -2.938874549343e-13       0.000000000000e+00       7.022224376120e-17       5.466451225684e-18       5.396378719769e-19 
 2976       3.548381453677e-12       1.376887506998e-13      -2.928596723247e-13       0.000000000000e+00       7.012341163851e-17       5.496082222560e-18       5.342050800053e-19 
 2977       3.545992961658e-12       1.366945246837e-13      -2.917896982660e-13       0.000000000000e+00       7.002476178928e-17       5.526817528945e-18       5.286972311492e-19 
 2978       3.543561642054e-12       1.357014437788e-13      -2.906773493408e-13       0.000000000000e+00       6.992629524674e-17       5.558666010101e-18       5.231238954550e-19 
 2979       3.541088789502e-12       1.347093745408e-13      -2.895224418062e-13       0.000000000000e+00       6.982801304570e-17       5.591636550723e-18       5.174946689618e-19 
 2980       3.538575702278e-12       1.337181831587e-13      -2.883247915937e-13       0.000000000000e+00       6.972991622253e-17       5.625738054950e-18       5.118191737235e-19 
 2981       3.536023682296e-12       1.327277354542e-13      -2.870842143083e-13       0.000000000000e+00       6.963200581518e-17       5.660979446379e-18       5.061070578306e-19 
 2982       3.533434035113e-12       1.317378968816e-13      -2.858005252292e-13       0.000000000000e+00       6.953428286317e-17       5.697369668088e-18       5.003679954320e-19 
 2983       3.530808069931e-12       1.307485325275e-13      -2.844735393087e-13       0.000000000000e+00       6.943674840758e-17       5.734917682643e-18       4.946116867572e-19 
 2984       3.528147099601e-12       1.297595071103e-13      -2.831030711728e-13       0.000000000000e+00       6.933940349107e-17       5.773632472115e-18       4.888478581379e-19 
 2985       3.525452440626e-12       1.287706849800e-13      -2.816889351201e-13       0.000000000000e+00       6.924224915789e-17       5.813523038099e-18       4.830862620299e-19 
 2986       3.522725413164e-12       1.277819301181e-13      -2.802309451223e-13       0.000000000000e+00       6.914528645384e-17       5.854598401724e-18       4.773366770352e-19 
 2987       3.519967341032e-12       1.267931061370e-13      -2.787289148237e-13       0.000000000000e+00       6.904851642631e-17       5.896867603671e-18       4.716089079238e-19 
 2988       3.517179551707e-12       1.258040762797e-13      -2.771826575409e-13       0.000000000000e+00       6.895194012426e-17       5.940339704187e-18       4.659127856553e-19 
 2989       3.514363376329e-12       1.248147034197e-13      -2.755919862625e-13       0.000000000000e+00       6.885555859822e-17       5.985023783102e-18       4.602581674014e-19 
 2990       3.511520149709e-12       1.238248500604e-13      -2.739567136493e-13       0.000000000000e+00       6.875937290033e-17       6.030928939840e-18       4.546549365670e-19 
 2991       3.508651210324e-12       1.228343783351e-13      -2.722766520335e-13       0.000000000000e+00       6.866338408428e-17       6.078064293440e-18       4.491130028130e-19 
 2992       3.505757900328e-12       1.218431500065e-13      -2.705516134190e-13       0.000000000000e+00       6.856759320535e-17       6.126438982564e-18       4.436423020774e-19 
 2993       3.502841565550e-12       1.208510264664e-13      -2.687814094809e-13       0.000000000000e+00       6.847200132039e-17       6.176062165519e-18       4.382527965975e-19 
 2994       3.499903555500e-12       1.198578687355e-13      -2.669658515650e-13       0.000000000000e+00       6.837660948785e-17       6.226943020267e-18       4.329544749320e-19 
 2995       3.496945223368e-12       1.188635374629e-13      -2.651047506883e-13       0.000000000000e+00       6.828141876775e-17       6.279090744443e-18       4.277573519825e-19 
 2996       3.493967926033e-12       1.178678929259e-13      -2.631979175381e-13       0.000000000000e+00       6.818643022171e-17       6.332514555368e-18       4.226714690155e-19 
 2997       3.490973024061e-12       1.168707950299e-13      -2.612451624720e-13       0.000000000000e+00       6.809164491291e-17       6.387223690068e-18       4.177068936847e-19 
 2998       3.487961881711e-12       1.158721033076e-13      -2.592462955179e-13       0.000000000000e+00       6.799706390614e-17       6.443227405283e-18       4.128737200522e-19 
 2999       3.484935866936e-12       1.148716769190e-13      -2.572011263734e-13       0.000000000000e+00       6.790268826775e-17       6.500534977487e-18       4.081820686109e-19 
 3000       3.481896351390e-12       1.138693746513e-13      -2.551094644058e-13       0.000000000000e+00       6.780851906572e-17       6.559155702902e-18       4.036420863062e-19 
