# dimensionless total [l(l+1)/2pi] C_l's
# for l=2 to 3000, i.e. number of multipoles equal to 2999
#
# -> if you prefer output in CAMB/HealPix/LensPix units/order, set 'format' to 'camb' in input file
# -> if you don't want to see such a header, set 'headers' to 'no' in input file
# -> for CMB lensing (phi), these are C_l^phi-phi for the lensing potential.
#    Remember the conversion factors:
#    C_l^dd (deflection) = l(l+1) C_l^phi-phi
#    C_l^gg (shear/convergence) = 1/4 (l(l+1))^2 C_l^phi-phi
#
# 1:l     2:TT                     3:EE                     4:TE                     5:BB                     6:phiphi                 7:TPhi                   8:Ephi               
    2       1.377221723836e-10       3.918549516562e-15       3.441173990805e-13       0.000000000000e+00       8.326926084293e-09       4.502074895885e-10      -1.785814755308e-12 
    3       1.304699199468e-10       4.840817997098e-15       3.805565934931e-13       0.000000000000e+00       5.083185970392e-09       3.184676956387e-10      -1.323294054376e-12 
    4       1.236016776062e-10       4.027929549466e-15       3.513415605547e-13       0.000000000000e+00       3.518219600243e-09       2.406374500126e-10      -8.396644975106e-13 
    5       1.184843291757e-10       2.583643912745e-15       2.957919024347e-13       0.000000000000e+00       2.617214079560e-09       1.897467586121e-10      -4.432375365840e-13 
    6       1.150023648095e-10       1.404265208923e-15       2.359072425918e-13       0.000000000000e+00       2.038620631616e-09       1.541557206008e-10      -1.611640421308e-13 
    7       1.127526782106e-10       7.642843825362e-16       1.841376885050e-13       0.000000000000e+00       1.640407686941e-09       1.280714593223e-10       9.456335349305e-15 
    8       1.114644650659e-10       5.115010931333e-16       1.455466727365e-13       0.000000000000e+00       1.352197221637e-09       1.083281720257e-10       8.782283858887e-14 
    9       1.108972130811e-10       4.146338631164e-16       1.207663217495e-13       0.000000000000e+00       1.135807306761e-09       9.305034610694e-11       1.005731897858e-13 
   10       1.108113997029e-10       3.481942459048e-16       1.080083415235e-13       0.000000000000e+00       9.688364521580e-10       8.097212356031e-11       7.534395092852e-14 
   11       1.111667068746e-10       2.923843025955e-16       1.043827257531e-13       0.000000000000e+00       8.293820219243e-10       7.195277447885e-11       3.643544062459e-14 
   12       1.118018904587e-10       2.617920203835e-16       1.068339555174e-13       0.000000000000e+00       7.245354350631e-10       6.359382399635e-11      -1.395665867040e-16 
   13       1.126726490770e-10       2.593083797485e-16       1.128286897371e-13       0.000000000000e+00       6.384770785214e-10       5.680805606474e-11      -2.443227582695e-14 
   14       1.137459390062e-10       2.749952532516e-16       1.205730111936e-13       0.000000000000e+00       5.668891705502e-10       5.092181155113e-11      -3.448819506751e-14 
   15       1.149982156705e-10       3.015851911015e-16       1.289707872374e-13       0.000000000000e+00       5.066450192052e-10       4.595942380449e-11      -3.244369927396e-14 
   16       1.163506815985e-10       3.407880368402e-16       1.375375490491e-13       0.000000000000e+00       4.554317052800e-10       4.167915937772e-11      -2.330732141241e-14 
   17       1.178403633194e-10       3.978297100191e-16       1.462534619182e-13       0.000000000000e+00       4.115059645145e-10       3.794538050824e-11      -1.245226736125e-14 
   18       1.194033458824e-10       4.749409099618e-16       1.552980691215e-13       0.000000000000e+00       3.733909983630e-10       3.470640640663e-11      -4.142367192587e-15 
   19       1.210522818328e-10       5.714206986181e-16       1.648160484781e-13       0.000000000000e+00       3.404679610764e-10       3.190909867007e-11       2.278187299790e-17 
   20       1.227822572172e-10       6.853069909815e-16       1.748826338366e-13       0.000000000000e+00       3.114787576168e-10       2.942377045282e-11      -3.851986960451e-16 
   21       1.245910779640e-10       8.166672012367e-16       1.853774179964e-13       0.000000000000e+00       2.859652573497e-10       2.720033493874e-11      -4.046611429310e-15 
   22       1.264477763270e-10       9.659520926042e-16       1.960361128557e-13       0.000000000000e+00       2.633110830173e-10       2.518354281228e-11      -8.706979659693e-15 
   23       1.283619147322e-10       1.133192904719e-15       2.064883508424e-13       0.000000000000e+00       2.432115384479e-10       2.337262004493e-11      -1.277120715214e-14 
   24       1.303330231690e-10       1.318294391531e-15       2.163063493018e-13       0.000000000000e+00       2.252062909149e-10       2.175981746513e-11      -1.489036465154e-14 
   25       1.323547796990e-10       1.522236587905e-15       2.252701962217e-13       0.000000000000e+00       2.090500862337e-10       2.031840151126e-11      -1.494088872131e-14 
   26       1.344064028336e-10       1.746427754380e-15       2.332432733927e-13       0.000000000000e+00       1.944257255193e-10       1.900367100020e-11      -1.334000711743e-14 
   27       1.364973505139e-10       1.992445187791e-15       2.402087607514e-13       0.000000000000e+00       1.812567631353e-10       1.780777200157e-11      -1.078455211028e-14 
   28       1.386311392490e-10       2.262040256065e-15       2.462161436056e-13       0.000000000000e+00       1.693829562362e-10       1.672084303542e-11      -8.266034435672e-15 
   29       1.407975202546e-10       2.556955385891e-15       2.513400725587e-13       0.000000000000e+00       1.585151535032e-10       1.572207538797e-11      -6.806007861344e-15 
   30       1.430025871593e-10       2.878251834799e-15       2.556103731730e-13       0.000000000000e+00       1.485930188248e-10       1.480895765184e-11      -6.464024003326e-15 
   31       1.452469373753e-10       3.226704761179e-15       2.590574180943e-13       0.000000000000e+00       1.395425275023e-10       1.397728978866e-11      -6.932309276276e-15 
   32       1.475214215311e-10       3.603042396455e-15       2.616930697160e-13       0.000000000000e+00       1.312200267176e-10       1.321596861589e-11      -7.819580874103e-15 
   33       1.498258510559e-10       4.008227188669e-15       2.633772126648e-13       0.000000000000e+00       1.235799180122e-10       1.251878840232e-11      -8.799530515338e-15 
   34       1.521547378799e-10       4.443269051484e-15       2.638989096346e-13       0.000000000000e+00       1.165542731137e-10       1.187557137293e-11      -9.504550280943e-15 
   35       1.544977455780e-10       4.909125810013e-15       2.630502208893e-13       0.000000000000e+00       1.100382026386e-10       1.127278151723e-11      -9.592951211644e-15 
   36       1.568625052042e-10       5.406622281253e-15       2.607717284696e-13       0.000000000000e+00       1.040146379365e-10       1.070879834327e-11      -9.135967558010e-15 
   37       1.592582323513e-10       5.936495694152e-15       2.570567409606e-13       0.000000000000e+00       9.846456686721e-11       1.018315659987e-11      -8.366059752051e-15 
   38       1.616888529887e-10       6.499410462397e-15       2.519140371561e-13       0.000000000000e+00       9.332931383240e-11       9.692101294172e-12      -7.580152549004e-15 
   39       1.641537799051e-10       7.095999358889e-15       2.453618859633e-13       0.000000000000e+00       8.853166840548e-11       9.230334590333e-12      -7.067897752987e-15 
   40       1.666521438329e-10       7.727016623208e-15       2.374051964581e-13       0.000000000000e+00       8.405683571670e-11       8.797734223117e-12      -6.856084557099e-15 
   41       1.691789152569e-10       8.393228324246e-15       2.280522672196e-13       0.000000000000e+00       7.989296481535e-11       8.394402073748e-12      -6.884614020479e-15 
   42       1.717230659544e-10       9.095368810936e-15       2.173215752750e-13       0.000000000000e+00       7.600699732329e-11       8.018648055063e-12      -7.073922402813e-15 
   43       1.742725491504e-10       9.834124293522e-15       2.052241907600e-13       0.000000000000e+00       7.235687246409e-11       7.667752992830e-12      -7.339867153892e-15 
   44       1.768323897139e-10       1.061008149518e-14       1.917033372583e-13       0.000000000000e+00       6.893691022019e-11       7.340913754295e-12      -7.647068592047e-15 
   45       1.794113137589e-10       1.142376012548e-14       1.766767910538e-13       0.000000000000e+00       6.574357585394e-11       7.036951566874e-12      -7.969968211539e-15 
   46       1.820165223616e-10       1.227562365509e-14       1.600526587580e-13       0.000000000000e+00       6.276185508396e-11       6.753375975274e-12      -8.277776130010e-15 
   47       1.846534954690e-10       1.316607668837e-14       1.417287121711e-13       0.000000000000e+00       5.996435937211e-11       6.486286104701e-12      -8.534173593037e-15 
   48       1.873256355737e-10       1.409545918130e-14       1.216114054277e-13       0.000000000000e+00       5.731974651044e-11       6.231513033883e-12      -8.708889734749e-15 
   49       1.900335375148e-10       1.506403329853e-14       9.968081747607e-14       0.000000000000e+00       5.482287690811e-11       5.988658090986e-12      -8.816984935944e-15 
   50       1.927751759346e-10       1.607198833731e-14       7.594287330410e-14       0.000000000000e+00       5.247162077510e-11       5.758023262979e-12      -8.890129833034e-15 
   51       1.955458482996e-10       1.711944083888e-14       5.041159069331e-14       0.000000000000e+00       5.025787589101e-11       5.539434930680e-12      -8.965998625781e-15 
   52       1.983379706334e-10       1.820643180007e-14       2.310941927738e-14       0.000000000000e+00       4.816714816252e-11       5.332208453891e-12      -9.088577411239e-15 
   53       2.011439196390e-10       1.933297590871e-14      -5.942597630219e-15       0.000000000000e+00       4.618309640682e-11       5.135440437392e-12      -9.295688287081e-15 
   54       2.039658872660e-10       2.049923053152e-14      -3.675808804261e-14       0.000000000000e+00       4.430350422178e-11       4.949055281170e-12      -9.577085603313e-15 
   55       2.068082041661e-10       2.170536532051e-14      -6.936004922097e-14       0.000000000000e+00       4.252768413959e-11       4.772966020057e-12      -9.906121843013e-15 
   56       2.096744402973e-10       2.295151339940e-14      -1.037715048600e-13       0.000000000000e+00       4.085166635295e-11       4.606749010926e-12      -1.025136611417e-14 
   57       2.125673283876e-10       2.423777075652e-14      -1.400155927474e-13       0.000000000000e+00       3.926798741621e-11       4.449622257067e-12      -1.057637645721e-14 
   58       2.154886873989e-10       2.556419563777e-14      -1.781156524236e-13       0.000000000000e+00       3.776547894630e-11       4.300423732560e-12      -1.083947215245e-14 
   59       2.184396914803e-10       2.693070738237e-14      -2.180887169310e-13       0.000000000000e+00       3.633233841817e-11       4.157928051924e-12      -1.100386946014e-14 
   60       2.214219235914e-10       2.833675687490e-14      -2.599240240219e-13       0.000000000000e+00       3.496665420833e-11       4.021931584947e-12      -1.107135464783e-14 
   61       2.244364317302e-10       2.978157835345e-14      -3.035996606700e-13       0.000000000000e+00       3.366795568278e-11       3.892381477089e-12      -1.105604232578e-14 
   62       2.274833414562e-10       3.126427930395e-14      -3.490885870500e-13       0.000000000000e+00       3.243404801310e-11       3.769049463125e-12      -1.097482066521e-14 
   63       2.305617910663e-10       3.278383644434e-14      -3.963585006059e-13       0.000000000000e+00       3.126091213495e-11       3.651521660847e-12      -1.084747500857e-14 
   64       2.336698667700e-10       3.433909170878e-14      -4.453717001214e-13       0.000000000000e+00       3.014260470650e-11       3.539188364776e-12      -1.069681147989e-14 
   65       2.368055268555e-10       3.592889999313e-14      -4.960923610575e-13       0.000000000000e+00       2.907289610728e-11       3.431415991316e-12      -1.054399759514e-14 
   66       2.399697472804e-10       3.755261777979e-14      -5.485104577424e-13       0.000000000000e+00       2.805081234310e-11       3.328128164083e-12      -1.039315951911e-14 
   67       2.431639283509e-10       3.920971112225e-14      -6.026226794686e-13       0.000000000000e+00       2.707609145511e-11       3.229329811327e-12      -1.024373410053e-14 
   68       2.463889280491e-10       4.089961324001e-14      -6.584255363140e-13       0.000000000000e+00       2.614749857994e-11       3.134930857899e-12      -1.009495404314e-14 
   69       2.496450248719e-10       4.262172474782e-14      -7.159154305197e-13       0.000000000000e+00       2.526277452465e-11       3.044741114106e-12      -9.945837725793e-15 
   70       2.529318806709e-10       4.437541388494e-14      -7.750887278674e-13       0.000000000000e+00       2.441858434172e-11       2.958465164563e-12      -9.795179022484e-15 
   71       2.562485034918e-10       4.616001674443e-14      -8.359418290573e-13       0.000000000000e+00       2.361046590404e-11       2.875697257050e-12      -9.641537122499e-15 
   72       2.595938614653e-10       4.797476371844e-14      -8.984662112198e-13       0.000000000000e+00       2.283397667613e-11       2.796029286820e-12      -9.483910326750e-15 
   73       2.629689434789e-10       4.981854197931e-14      -9.626322919486e-13       0.000000000000e+00       2.208850314379e-11       2.719410104158e-12      -9.323929791409e-15 
   74       2.663750287380e-10       5.169008760875e-14      -1.028402582539e-12       0.000000000000e+00       2.137409307572e-11       2.645846260361e-12      -9.164070437113e-15 
   75       2.698130488440e-10       5.358805391168e-14      -1.095736400701e-12       0.000000000000e+00       2.069029845695e-11       2.575292537201e-12      -9.007009626564e-15 
   76       2.732835654984e-10       5.551100996088e-14      -1.164589827095e-12       0.000000000000e+00       2.003615141990e-11       2.507649417863e-12      -8.855632600525e-15 
   77       2.767867482063e-10       5.745743914168e-14      -1.234915661879e-12       0.000000000000e+00       1.941014017542e-11       2.442760557889e-12      -8.713037913797e-15 
   78       2.803223519801e-10       5.942573769672e-14      -1.306663381244e-12       0.000000000000e+00       1.881018494388e-11       2.380410256119e-12      -8.582542871215e-15 
   79       2.838896950435e-10       6.141421327059e-14      -1.379779093955e-12       0.000000000000e+00       1.823361388620e-11       2.320320925632e-12      -8.467688963629e-15 
   80       2.874880728340e-10       6.342115462971e-14      -1.454208679905e-12       0.000000000000e+00       1.767782624576e-11       2.262223562003e-12      -8.371316356093e-15 
   81       2.911181318653e-10       6.544505796736e-14      -1.529907929089e-12       0.000000000000e+00       1.714246735427e-11       2.206088805648e-12      -8.292590290888e-15 
   82       2.947806948730e-10       6.748443742745e-14      -1.606834092331e-12       0.000000000000e+00       1.662758918075e-11       2.151931578194e-12      -8.229465777285e-15 
   83       2.984763317098e-10       6.953775728506e-14      -1.684942870894e-12       0.000000000000e+00       1.613298550209e-11       2.099740490187e-12      -8.179561050156e-15 
   84       3.022053451283e-10       7.160343180915e-14      -1.764188431951e-12       0.000000000000e+00       1.565818056026e-11       2.049476663834e-12      -8.140145766187e-15 
   85       3.059677565652e-10       7.367982512533e-14      -1.844523424046e-12       0.000000000000e+00       1.520241771946e-11       2.001072555747e-12      -8.108129200096e-15 
   86       3.097632919236e-10       7.576525107863e-14      -1.925898992563e-12       0.000000000000e+00       1.476464812334e-11       1.954430779685e-12      -8.080048440841e-15 
   87       3.135913673571e-10       7.785797309626e-14      -2.008264795194e-12       0.000000000000e+00       1.434351935215e-11       1.909422929303e-12      -8.052056587833e-15 
   88       3.174510750526e-10       7.995620405036e-14      -2.091569017404e-12       0.000000000000e+00       1.393736407994e-11       1.865888400890e-12      -8.019910947154e-15 
   89       3.213415159302e-10       8.205812735529e-14      -2.175758046515e-12       0.000000000000e+00       1.354459693472e-11       1.823673788811e-12      -7.979907619575e-15 
   90       3.252628885425e-10       8.416196435142e-14      -2.260775401656e-12       0.000000000000e+00       1.316500114939e-11       1.782760720300e-12      -7.931879010046e-15 
   91       3.292155455894e-10       8.626591728799e-14      -2.346562663672e-12       0.000000000000e+00       1.279862378532e-11       1.743155998090e-12      -7.876646969899e-15 
   92       3.331996533150e-10       8.836814920789e-14      -2.433059811772e-12       0.000000000000e+00       1.244538034239e-11       1.704852251389e-12      -7.815120604962e-15 
   93       3.372151824876e-10       9.046678412858e-14      -2.520205233880e-12       0.000000000000e+00       1.210504953157e-11       1.667827366458e-12      -7.748298649929e-15 
   94       3.412618993805e-10       9.255990722295e-14      -2.607935736989e-12       0.000000000000e+00       1.177726804751e-11       1.632043917183e-12      -7.677271842724e-15 
   95       3.453393567526e-10       9.464556500018e-14      -2.696186557511e-12       0.000000000000e+00       1.146152534112e-11       1.597448595652e-12      -7.603225298870e-15 
   96       3.494468848288e-10       9.672176548665e-14      -2.784891371634e-12       0.000000000000e+00       1.115715839215e-11       1.563971642726e-12      -7.527440885859e-15 
   97       3.535835822806e-10       9.878647840682e-14      -2.873982305667e-12       0.000000000000e+00       1.086334648179e-11       1.531526278616e-12      -7.451299597516e-15 
   98       3.577483072069e-10       1.008376353641e-13      -2.963389946399e-12       0.000000000000e+00       1.057910596522e-11       1.500008133455e-12      -7.376283928370e-15 
   99       3.619399629091e-10       1.028731770888e-13      -3.053044317722e-12       0.000000000000e+00       1.030351562235e-11       1.469320243111e-12      -7.303680927474e-15 
  100       3.661584208999e-10       1.048912024273e-13      -3.142877945976e-12       0.000000000000e+00       1.003644042983e-11       1.439453307219e-12      -7.233638236111e-15 
  101       3.704037124838e-10       1.068898408900e-13      -3.232823250035e-12       0.000000000000e+00       9.777901071029e-12       1.410415794067e-12      -7.165978134812e-15 
  102       3.746757402480e-10       1.088672082091e-13      -3.322811635554e-12       0.000000000000e+00       9.527850101972e-12       1.382209133267e-12      -7.100483697795e-15 
  103       3.789742726167e-10       1.108214070897e-13      -3.412773517035e-12       0.000000000000e+00       9.286169518774e-12       1.354827456204e-12      -7.036897539195e-15 
  104       3.832989384042e-10       1.127505279611e-13      -3.502638339887e-12       0.000000000000e+00       9.052668325130e-12       1.328257336499e-12      -6.974920559310e-15 
  105       3.876492213697e-10       1.146526497287e-13      -3.592334602497e-12       0.000000000000e+00       8.827080099781e-12       1.302477530462e-12      -6.914210690842e-15 
  106       3.920244547701e-10       1.165258405249e-13      -3.681789878290e-12       0.000000000000e+00       8.609060563980e-12       1.277458717547e-12      -6.854381645131e-15 
  107       3.964238159146e-10       1.183681584606e-13      -3.770930837795e-12       0.000000000000e+00       8.398185148969e-12       1.253163240807e-12      -6.795001658399e-15 
  108       4.008463207184e-10       1.201776523767e-13      -3.859683270711e-12       0.000000000000e+00       8.193946563446e-12       1.229544847357e-12      -6.735592237989e-15 
  109       4.052908182562e-10       1.219523625955e-13      -3.947972107970e-12       0.000000000000e+00       7.995752361034e-12       1.206548428821e-12      -6.675626908605e-15 
  110       4.097561845826e-10       1.236903704435e-13      -4.035722110125e-12       0.000000000000e+00       7.803058466906e-12       1.184122763100e-12      -6.614635622139e-15 
  111       4.142419440693e-10       1.253899524110e-13      -4.122859985291e-12       0.000000000000e+00       7.615794398601e-12       1.162261149849e-12      -6.552535863922e-15 
  112       4.187477177631e-10       1.270494472200e-13      -4.209312584810e-12       0.000000000000e+00       7.433988165103e-12       1.140965513934e-12      -6.489341771694e-15 
  113       4.232730277803e-10       1.286672100321e-13      -4.295006289444e-12       0.000000000000e+00       7.257634088525e-12       1.120233738740e-12      -6.425062047112e-15 
  114       4.278172938189e-10       1.302416136800e-13      -4.379867037983e-12       0.000000000000e+00       7.086691707789e-12       1.100059534413e-12      -6.359699740449e-15 
  115       4.323798296707e-10       1.317710498978e-13      -4.463820355865e-12       0.000000000000e+00       6.921084682301e-12       1.080432306083e-12      -6.293252035300e-15 
  116       4.369598397333e-10       1.332539305517e-13      -4.546791383787e-12       0.000000000000e+00       6.760699695630e-12       1.061337022104e-12      -6.225710033282e-15 
  117       4.415564155228e-10       1.346886888709e-13      -4.628704906317e-12       0.000000000000e+00       6.605385359189e-12       1.042754082285e-12      -6.157058538738e-15 
  118       4.461685321859e-10       1.360737806783e-13      -4.709485380510e-12       0.000000000000e+00       6.454951115907e-12       1.024659186122e-12      -6.087275843438e-15 
  119       4.507950450117e-10       1.374076856210e-13      -4.789056964516e-12       0.000000000000e+00       6.309166143913e-12       1.007023201032e-12      -6.016333511284e-15 
  120       4.554346859445e-10       1.386889084013e-13      -4.867343546202e-12       0.000000000000e+00       6.167758260211e-12       9.898120305845e-13      -5.944196163010e-15 
  121       4.600860600956e-10       1.399159800073e-13      -4.944268771757e-12       0.000000000000e+00       6.030412824360e-12       9.729864827381e-13      -5.870821260887e-15 
  122       4.647476422560e-10       1.410874589434e-13      -5.019756074309e-12       0.000000000000e+00       5.896771642150e-12       9.565021380696e-13      -5.796158893424e-15 
  123       4.694179601989e-10       1.422019802367e-13      -5.093729610986e-12       0.000000000000e+00       5.766510260513e-12       9.403198874973e-13      -5.720195924425e-15 
  124       4.740961758639e-10       1.432584062086e-13      -5.166117135038e-12       0.000000000000e+00       5.639582242130e-12       9.244391968809e-13      -5.643094641726e-15 
  125       4.787815646783e-10       1.442556954237e-13      -5.236847509129e-12       0.000000000000e+00       5.516001018119e-12       9.088684333902e-13      -5.565069705114e-15 
  126       4.834733327493e-10       1.451928580564e-13      -5.305849861838e-12       0.000000000000e+00       5.395763535715e-12       8.936144909737e-13      -5.486345341012e-15 
  127       4.881706148460e-10       1.460689574975e-13      -5.373053623419e-12       0.000000000000e+00       5.278849778724e-12       8.786827425371e-13      -5.407155476236e-15 
  128       4.928724723807e-10       1.468831119603e-13      -5.438388561560e-12       0.000000000000e+00       5.165222287960e-12       8.640769921220e-13      -5.327743871747e-15 
  129       4.975778913915e-10       1.476344960881e-13      -5.501784817148e-12       0.000000000000e+00       5.054825681697e-12       8.497994270842e-13      -5.248364256406e-15 
  130       5.022857805237e-10       1.483223425597e-13      -5.563172940026e-12       0.000000000000e+00       4.947586176117e-12       8.358505702728e-13      -5.169280460724e-15 
  131       5.069949690116e-10       1.489459436971e-13      -5.622483924756e-12       0.000000000000e+00       4.843411105748e-12       8.222292322085e-13      -5.090766550619e-15 
  132       5.117042046607e-10       1.495046530713e-13      -5.679649246377e-12       0.000000000000e+00       4.742188443920e-12       8.089324632624e-13      -5.013106961169e-15 
  133       5.164121518293e-10       1.499978871091e-13      -5.734600896171e-12       0.000000000000e+00       4.643786323204e-12       7.959555058346e-13      -4.936596630360e-15 
  134       5.211173894106e-10       1.504251267001e-13      -5.787271417418e-12       0.000000000000e+00       4.548052555863e-12       7.832917465327e-13      -4.861541132849e-15 
  135       5.258184088141e-10       1.507859188028e-13      -5.837593941161e-12       0.000000000000e+00       4.454814154293e-12       7.709326683508e-13      -4.788256813709e-15 
  136       5.305136119482e-10       1.510798780515e-13      -5.885502221965e-12       0.000000000000e+00       4.363876851476e-12       7.588678028476e-13      -4.717070922184e-15 
  137       5.352014486355e-10       1.513067163641e-13      -5.930931309619e-12       0.000000000000e+00       4.275066327689e-12       7.470868721850e-13      -4.648244252665e-15 
  138       5.398808491818e-10       1.514663318231e-13      -5.973819566997e-12       0.000000000000e+00       4.188357720563e-12       7.355865666359e-13      -4.581729749832e-15 
  139       5.445508329512e-10       1.515587320810e-13      -6.014106929780e-12       0.000000000000e+00       4.103758669754e-12       7.243643810004e-13      -4.517389061486e-15 
  140       5.492103718258e-10       1.515840089522e-13      -6.051734328677e-12       0.000000000000e+00       4.021268600306e-12       7.134164540680e-13      -4.455067435251e-15 
  141       5.538583890720e-10       1.515423401967e-13      -6.086643729224e-12       0.000000000000e+00       3.940878507816e-12       7.027375346945e-13      -4.394593360466e-15 
  142       5.584937582081e-10       1.514339913051e-13      -6.118778171579e-12       0.000000000000e+00       3.862570743592e-12       6.923209478809e-13      -4.335778210079e-15 
  143       5.631153018707e-10       1.512593172825e-13      -6.148081810319e-12       0.000000000000e+00       3.786318799826e-12       6.821585608512e-13      -4.278415882534e-15 
  144       5.677217906815e-10       1.510187644330e-13      -6.174499954242e-12       0.000000000000e+00       3.712087094748e-12       6.722407491306e-13      -4.222282443668e-15 
  145       5.723119421148e-10       1.507128721442e-13      -6.197979106156e-12       0.000000000000e+00       3.639830757799e-12       6.625563626232e-13      -4.167135768602e-15 
  146       5.768844193637e-10       1.503422746709e-13      -6.218467002686e-12       0.000000000000e+00       3.569495414788e-12       6.530926916907e-13      -4.112715183628e-15 
  147       5.814378302073e-10       1.499077029205e-13      -6.235912654061e-12       0.000000000000e+00       3.501016973060e-12       6.438354332301e-13      -4.058741108109e-15 
  148       5.859707258776e-10       1.494099862363e-13      -6.250266383922e-12       0.000000000000e+00       3.434321406659e-12       6.347686567520e-13      -4.004914696363e-15 
  149       5.904815999261e-10       1.488500541823e-13      -6.261479869108e-12       0.000000000000e+00       3.369324541489e-12       6.258747704583e-13      -3.950917479559e-15 
  150       5.949688870911e-10       1.482289383277e-13      -6.269506179465e-12       0.000000000000e+00       3.305931840483e-12       6.171344873209e-13      -3.896411007609e-15 
  151       5.994309621642e-10       1.475477740308e-13      -6.274299817632e-12       0.000000000000e+00       3.244038188764e-12       6.085267911592e-13      -3.841036491059e-15 
  152       6.038661388576e-10       1.468078022237e-13      -6.275816758847e-12       0.000000000000e+00       3.183527678807e-12       6.000289027186e-13      -3.784414442979e-15 
  153       6.082727934751e-10       1.460103553392e-13      -6.274014733499e-12       0.000000000000e+00       3.124297580617e-12       5.916214732332e-13      -3.726233710393e-15 
  154       6.126497512454e-10       1.451568098649e-13      -6.268854020592e-12       0.000000000000e+00       3.066333211064e-12       5.833047796232e-13      -3.666528632700e-15 
  155       6.169959339005e-10       1.442486327611e-13      -6.260296804247e-12       0.000000000000e+00       3.009639645467e-12       5.750839767631e-13      -3.605427078693e-15 
  156       6.213102376045e-10       1.432873986113e-13      -6.248306978261e-12       0.000000000000e+00       2.954218067052e-12       5.669639980336e-13      -3.543063468394e-15 
  157       6.255915324562e-10       1.422747913257e-13      -6.232850187139e-12       0.000000000000e+00       2.900065675285e-12       5.589495480227e-13      -3.479578870200e-15 
  158       6.298386619914e-10       1.412126058447e-13      -6.213893867129e-12       0.000000000000e+00       2.847175594214e-12       5.510450952273e-13      -3.415121098030e-15 
  159       6.340504426859e-10       1.401027498424e-13      -6.191407287254e-12       0.000000000000e+00       2.795536780802e-12       5.432548647546e-13      -3.349844808476e-15 
  160       6.382256634575e-10       1.389472454304e-13      -6.165361590350e-12       0.000000000000e+00       2.745133933264e-12       5.355828310233e-13      -3.283911597948e-15 
  161       6.423630851684e-10       1.377482308614e-13      -6.135729834092e-12       0.000000000000e+00       2.695947399406e-12       5.280327104651e-13      -3.217490099825e-15 
  162       6.464614401285e-10       1.365079622325e-13      -6.102487032037e-12       0.000000000000e+00       2.647953084962e-12       5.206079542264e-13      -3.150756081598e-15 
  163       6.505194315971e-10       1.352288151889e-13      -6.065610194649e-12       0.000000000000e+00       2.601122361928e-12       5.133117408690e-13      -3.083892542024e-15 
  164       6.545357332855e-10       1.339132866276e-13      -6.025078370338e-12       0.000000000000e+00       2.555421976901e-12       5.061469690722e-13      -3.017089808269e-15 
  165       6.585089888600e-10       1.325639964007e-13      -5.980872686492e-12       0.000000000000e+00       2.510813959415e-12       4.991162503336e-13      -2.950545633060e-15 
  166       6.624378114439e-10       1.311836890193e-13      -5.932976390509e-12       0.000000000000e+00       2.467255530278e-12       4.922219016711e-13      -2.884465291828e-15 
  167       6.663207831203e-10       1.297752353570e-13      -5.881374890834e-12       0.000000000000e+00       2.424699009911e-12       4.854659383237e-13      -2.819061679862e-15 
  168       6.701564544344e-10       1.283416343531e-13      -5.826055797991e-12       0.000000000000e+00       2.383091726681e-12       4.788500664533e-13      -2.754555409452e-15 
  169       6.739433438961e-10       1.268860147167e-13      -5.767008965615e-12       0.000000000000e+00       2.342375925240e-12       4.723756758459e-13      -2.691174907038e-15 
  170       6.776799374826e-10       1.254116366299e-13      -5.704226531488e-12       0.000000000000e+00       2.302488674862e-12       4.660438326129e-13      -2.629156510362e-15 
  171       6.813647869435e-10       1.239217951002e-13      -5.637702220615e-12       0.000000000000e+00       2.263374607097e-12       4.598549452994e-13      -2.568694525185e-15 
  172       6.849968149573e-10       1.224195174062e-13      -5.567429103342e-12       0.000000000000e+00       2.225025512458e-12       4.538077472464e-13      -2.509786519026e-15 
  173       6.885750345843e-10       1.209078435717e-13      -5.493401728067e-12       0.000000000000e+00       2.187443885073e-12       4.479002149956e-13      -2.452375253950e-15 
  174       6.920984526607e-10       1.193899237385e-13      -5.415616880108e-12       0.000000000000e+00       2.150630351533e-12       4.421298786791e-13      -2.396397459648e-15 
  175       6.955660697040e-10       1.178690194691e-13      -5.334073619725e-12       0.000000000000e+00       2.114583631567e-12       4.364938133882e-13      -2.341783726426e-15 
  176       6.989768798185e-10       1.163485050485e-13      -5.248773320144e-12       0.000000000000e+00       2.079300498726e-12       4.309886305420e-13      -2.288458398184e-15 
  177       7.023298706012e-10       1.148318687872e-13      -5.159719705579e-12       0.000000000000e+00       2.044775741065e-12       4.256104692569e-13      -2.236339465404e-15 
  178       7.056240230473e-10       1.133227143227e-13      -5.066918889256e-12       0.000000000000e+00       2.011002121818e-12       4.203549877150e-13      -2.185338458132e-15 
  179       7.088583114556e-10       1.118247619226e-13      -4.970379411432e-12       0.000000000000e+00       1.977970340080e-12       4.152173545330e-13      -2.135360338969e-15 
  180       7.120317033344e-10       1.103418497862e-13      -4.870112277423e-12       0.000000000000e+00       1.945668991490e-12       4.101922401315e-13      -2.086303396045e-15 
  181       7.151431593073e-10       1.088779353473e-13      -4.766130995623e-12       0.000000000000e+00       1.914084528906e-12       4.052738081034e-13      -2.038059136016e-15 
  182       7.181916330181e-10       1.074370965763e-13      -4.658451615530e-12       0.000000000000e+00       1.883201223088e-12       4.004557065834e-13      -1.990512177037e-15 
  183       7.211760710371e-10       1.060235332826e-13      -4.547092765764e-12       0.000000000000e+00       1.853001123380e-12       3.957310596163e-13      -1.943540141757e-15 
  184       7.240954127664e-10       1.046415684166e-13      -4.432075692095e-12       0.000000000000e+00       1.823464018385e-12       3.910924585262e-13      -1.897013550294e-15 
  185       7.269485903456e-10       1.032956493725e-13      -4.313424295462e-12       0.000000000000e+00       1.794567396649e-12       3.865319532854e-13      -1.850795713229e-15 
  186       7.297345285573e-10       1.019903492902e-13      -4.191165169999e-12       0.000000000000e+00       1.766286407339e-12       3.820410438831e-13      -1.804742624582e-15 
  187       7.324521447331e-10       1.007303683576e-13      -4.065327641053e-12       0.000000000000e+00       1.738593820926e-12       3.776106716948e-13      -1.758702854803e-15 
  188       7.351003486586e-10       9.952053511344e-14      -3.935943803213e-12       0.000000000000e+00       1.711459989859e-12       3.732312108505e-13      -1.712517443755e-15 
  189       7.376780424796e-10       9.836580774883e-14      -3.803048558327e-12       0.000000000000e+00       1.684852809254e-12       3.688924596041e-13      -1.666019793695e-15 
  190       7.401841206071e-10       9.727127541011e-14      -3.666679653530e-12       0.000000000000e+00       1.658737677564e-12       3.645836317023e-13      -1.619035562266e-15 
  191       7.426175439408e-10       9.624194923931e-14      -3.526875510761e-12       0.000000000000e+00       1.633084340764e-12       3.602955902660e-13      -1.571421074305e-15 
  192       7.449775689513e-10       9.528211527808e-14      -3.383668454278e-12       0.000000000000e+00       1.607888080150e-12       3.560277545528e-13      -1.523181998035e-15 
  193       7.472635356381e-10       9.439593542158e-14      -3.237091047176e-12       0.000000000000e+00       1.583150041758e-12       3.517816958344e-13      -1.474363385014e-15 
  194       7.494747949059e-10       9.358765392535e-14      -3.087178284791e-12       0.000000000000e+00       1.558870479105e-12       3.475589401877e-13      -1.425011970705e-15 
  195       7.516107087134e-10       9.286159801963e-14      -2.933967625495e-12       0.000000000000e+00       1.535048736396e-12       3.433609672014e-13      -1.375176193506e-15 
  196       7.536706502216e-10       9.222217852360e-14      -2.777499021498e-12       0.000000000000e+00       1.511683231723e-12       3.391892086831e-13      -1.324906213776e-15 
  197       7.556540039433e-10       9.167389045967e-14      -2.617814949637e-12       0.000000000000e+00       1.488771440274e-12       3.350450473664e-13      -1.274253932865e-15 
  198       7.575601658913e-10       9.122131366778e-14      -2.454960442175e-12       0.000000000000e+00       1.466309877535e-12       3.309298156178e-13      -1.223273012141e-15 
  199       7.593885437274e-10       9.086911341961e-14      -2.288983117600e-12       0.000000000000e+00       1.444294082496e-12       3.268447941435e-13      -1.172018892016e-15 
  200       7.611385569115e-10       9.062204103291e-14      -2.119933211415e-12       0.000000000000e+00       1.422718600856e-12       3.227912106967e-13      -1.120548810978e-15 
  201       7.628096368498e-10       9.048493448576e-14      -1.947863606938e-12       0.000000000000e+00       1.401576968226e-12       3.187702387842e-13      -1.068921824616e-15 
  202       7.644012270442e-10       9.046271903083e-14      -1.772829866097e-12       0.000000000000e+00       1.380861693335e-12       3.147829963735e-13      -1.017198824647e-15 
  203       7.659127832406e-10       9.056040780967e-14      -1.594890260228e-12       0.000000000000e+00       1.360564241233e-12       3.108305445999e-13      -9.654425579486e-16 
  204       7.673437735782e-10       9.078310246698e-14      -1.414105800866e-12       0.000000000000e+00       1.340675016496e-12       3.069138864734e-13      -9.137176455818e-16 
  205       7.686936787379e-10       9.113599376490e-14      -1.230540270547e-12       0.000000000000e+00       1.321183346434e-12       3.030339655856e-13      -8.620906018220e-16 
  206       7.699619920911e-10       9.162436219723e-14      -1.044260253600e-12       0.000000000000e+00       1.302077464291e-12       2.991916648165e-13      -8.106298531860e-16 
  207       7.711482198489e-10       9.225357860378e-14      -8.553351669429e-13       0.000000000000e+00       1.283344492450e-12       2.953878050420e-13      -7.594057574600e-16 
  208       7.722518812104e-10       9.302910478458e-14      -6.638372908817e-13       0.000000000000e+00       1.264970425641e-12       2.916231438403e-13      -7.084906227278e-16 
  209       7.732725085118e-10       9.395649411421e-14      -4.698417999040e-13       0.000000000000e+00       1.246940114142e-12       2.878983741991e-13      -6.579587263981e-16 
  210       7.742096473752e-10       9.504139215601e-14      -2.734267934754e-13       0.000000000000e+00       1.229237246985e-12       2.842141232227e-13      -6.078863342335e-16 
  211       7.750628568573e-10       9.628953727641e-14      -7.467332683606e-14       0.000000000000e+00       1.211844335163e-12       2.805709508386e-13      -5.583517193774e-16 
  212       7.758317095982e-10       9.770676125919e-14       1.263345582039e-13       0.000000000000e+00       1.194742694830e-12       2.769693485051e-13      -5.094351813826e-16 
  213       7.765158313303e-10       9.929865670195e-14       3.295141283194e-13       0.000000000000e+00       1.177916097293e-12       2.734097980446e-13      -4.612045943993e-16 
  214       7.771150220648e-10       1.010695529466e-13       5.347972303758e-13       0.000000000000e+00       1.161362028014e-12       2.698929552500e-13      -4.136709266717e-16 
  215       7.776291433800e-10       1.030234721488e-13       7.421178568591e-13       0.000000000000e+00       1.145081155816e-12       2.664194761845e-13      -3.668297526725e-16 
  216       7.780580800480e-10       1.051644560193e-13       9.514078812850e-13       0.000000000000e+00       1.129073727341e-12       2.629899570410e-13      -3.206754350264e-16 
  217       7.784017402868e-10       1.074965655610e-13       1.162597038790e-12       0.000000000000e+00       1.113339559898e-12       2.596049330072e-13      -2.752011054421e-16 
  218       7.786600560128e-10       1.100238808056e-13       1.375612906725e-12       0.000000000000e+00       1.097878034328e-12       2.562648771313e-13      -2.303986456435e-16 
  219       7.788329830934e-10       1.127505005510e-13       1.590380885246e-12       0.000000000000e+00       1.082688087859e-12       2.529701991867e-13      -1.862586683019e-16 
  220       7.789205015993e-10       1.156805420983e-13       1.806824177909e-12       0.000000000000e+00       1.067768206964e-12       2.497212445375e-13      -1.427704979677e-16 
  221       7.789226160566e-10       1.188181409887e-13       2.024863772257e-12       0.000000000000e+00       1.053116420219e-12       2.465182930040e-13      -9.992215200202e-17 
  222       7.788393556999e-10       1.221674507407e-13       2.244418420421e-12       0.000000000000e+00       1.038730291162e-12       2.433615577275e-13      -5.770032150862e-17 
  223       7.786707747241e-10       1.257326425869e-13       2.465404619703e-12       0.000000000000e+00       1.024606911148e-12       2.402511840358e-13      -1.609035226548e-17 
  224       7.784169525372e-10       1.295179052113e-13       2.687736593175e-12       0.000000000000e+00       1.010742892210e-12       2.371872483087e-13       2.492377434333e-17 
  225       7.780779940124e-10       1.335274444862e-13       2.911326270268e-12       0.000000000000e+00       9.971343599150e-13       2.341697568426e-13       6.535946039589e-17 
  226       7.776540297409e-10       1.377654832093e-13       3.136083267363e-12       0.000000000000e+00       9.837769462215e-13       2.311986447165e-13       1.052355105007e-16 
  227       7.771452162839e-10       1.422362608407e-13       3.361914868390e-12       0.000000000000e+00       9.706657823387e-13       2.282737746568e-13       1.445721508651e-16 
  228       7.765517364254e-10       1.469440332399e-13       3.588726005412e-12       0.000000000000e+00       9.577954915839e-13       2.253949359026e-13       1.833910483630e-16 
  229       7.758737994245e-10       1.518930724029e-13       3.816419239222e-12       0.000000000000e+00       9.451601822396e-13       2.225618430712e-13       2.217153296037e-16 
  230       7.751116412677e-10       1.570876661994e-13       4.044894739935e-12       0.000000000000e+00       9.327534404122e-13       2.197741350230e-13       2.595695999999e-16 
  231       7.742655249212e-10       1.625321181094e-13       4.274050267578e-12       0.000000000000e+00       9.205683228893e-13       2.170313737272e-13       2.969799628358e-16 
  232       7.733357405839e-10       1.682307469606e-13       4.503781152687e-12       0.000000000000e+00       9.085973499976e-13       2.143330431265e-13       3.339740383357e-16 
  233       7.723226059391e-10       1.741878866654e-13       4.733980276893e-12       0.000000000000e+00       8.968324984611e-13       2.116785480029e-13       3.705809827318e-16 
  234       7.712264664075e-10       1.804078859579e-13       4.964538053519e-12       0.000000000000e+00       8.852651942585e-13       2.090672128427e-13       4.068315073328e-16 
  235       7.700476953993e-10       1.868951081309e-13       5.195342408170e-12       0.000000000000e+00       8.738863054813e-13       2.064982807017e-13       4.427578975920e-16 
  236       7.687866945666e-10       1.936539307728e-13       5.426278759328e-12       0.000000000000e+00       8.626861351912e-13       2.039709120705e-13       4.783940321755e-16 
  237       7.674438940559e-10       2.006887455049e-13       5.657229998941e-12       0.000000000000e+00       8.516544142787e-13       2.014841837401e-13       5.137754020306e-16 
  238       7.660197478932e-10       2.080035610500e-13       5.888083162845e-12       0.000000000000e+00       8.407822797784e-13       1.990372201715e-13       5.489311655873e-16 
  239       7.645147193057e-10       2.156007862965e-13       6.118749930581e-12       0.000000000000e+00       8.300683575789e-13       1.966295987837e-13       5.838597408413e-16 
  240       7.629292950004e-10       2.234823729978e-13       6.349147329887e-12       0.000000000000e+00       8.195130343729e-13       1.942609670193e-13       6.185517715359e-16 
  241       7.612639901920e-10       2.316502047167e-13       6.579191153307e-12       0.000000000000e+00       8.091165024057e-13       1.919309111969e-13       6.529979602892e-16 
  242       7.595193488457e-10       2.401060957247e-13       6.808795952893e-12       0.000000000000e+00       7.988787565211e-13       1.896389556560e-13       6.871890708618e-16 
  243       7.576959439189e-10       2.488517899033e-13       7.037875034914e-12       0.000000000000e+00       7.887995912081e-13       1.873845619019e-13       7.211159304241e-16 
  244       7.557943776033e-10       2.578889596433e-13       7.266340454556e-12       0.000000000000e+00       7.788785976470e-13       1.851671277505e-13       7.547694318239e-16 
  245       7.538152815675e-10       2.672192047455e-13       7.494103010632e-12       0.000000000000e+00       7.691151607563e-13       1.829859864730e-13       7.881405358536e-16 
  246       7.517593171987e-10       2.768440513209e-13       7.721072240288e-12       0.000000000000e+00       7.595084562385e-13       1.808404059407e-13       8.212202735176e-16 
  247       7.496271758449e-10       2.867649506906e-13       7.947156413704e-12       0.000000000000e+00       7.500574476271e-13       1.787295877699e-13       8.539997483001e-16 
  248       7.474195790575e-10       2.969832782863e-13       8.172262528801e-12       0.000000000000e+00       7.407608833325e-13       1.766526664667e-13       8.864701384321e-16 
  249       7.451372788328e-10       3.075003325506e-13       8.396296305950e-12       0.000000000000e+00       7.316172936889e-13       1.746087085715e-13       9.186226991591e-16 
  250       7.427810578547e-10       3.183173338368e-13       8.619162182670e-12       0.000000000000e+00       7.226249880003e-13       1.725967118042e-13       9.504487650084e-16 
  251       7.403517297365e-10       3.294354233096e-13       8.840763308343e-12       0.000000000000e+00       7.137820515871e-13       1.706156042087e-13       9.819397520565e-16 
  252       7.378501392631e-10       3.408556618449e-13       9.061001538910e-12       0.000000000000e+00       7.050863428326e-13       1.686642432978e-13       1.013087160197e-15 
  253       7.352771626336e-10       3.525790289304e-13       9.279777431582e-12       0.000000000000e+00       6.965354902291e-13       1.667414151982e-13       1.043882575407e-15 
  254       7.326337077025e-10       3.646064215655e-13       9.496990239544e-12       0.000000000000e+00       6.881268894249e-13       1.648458337949e-13       1.074317672015e-15 
  255       7.299207142230e-10       3.769386531615e-13       9.712537906661e-12       0.000000000000e+00       6.798577002699e-13       1.629761398762e-13       1.104384214970e-15 
  256       7.271391540881e-10       3.895764524423e-13       9.926317062180e-12       0.000000000000e+00       6.717248438626e-13       1.611309002786e-13       1.134074062105e-15 
  257       7.242900315735e-10       4.025204623438e-13       1.013822301544e-11       0.000000000000e+00       6.637249995966e-13       1.593086070313e-13       1.163379166409e-15 
  258       7.213743835795e-10       4.157712389150e-13       1.034814975058e-11       0.000000000000e+00       6.558546022065e-13       1.575076765013e-13       1.192291578291e-15 
  259       7.183932798730e-10       4.293292502176e-13       1.055598992123e-11       0.000000000000e+00       6.481098388145e-13       1.557264485381e-13       1.220803447850e-15 
  260       7.153478233298e-10       4.431948752264e-13       1.076163484522e-11       0.000000000000e+00       6.404866459772e-13       1.539631856184e-13       1.248907027140e-15 
  261       7.122391501768e-10       4.573684027295e-13       1.096497449933e-11       0.000000000000e+00       6.329807067316e-13       1.522160719909e-13       1.276594672437e-15 
  262       7.090684302341e-10       4.718500302287e-13       1.116589751390e-11       0.000000000000e+00       6.255874476414e-13       1.504832128212e-13       1.303858846512e-15 
  263       7.058368671570e-10       4.866398628393e-13       1.136429116764e-11       0.000000000000e+00       6.183020358440e-13       1.487626333367e-13       1.330692120891e-15 
  264       7.025456986784e-10       5.017379121908e-13       1.156004138226e-11       0.000000000000e+00       6.111193760964e-13       1.470522779711e-13       1.357087178128e-15 
  265       6.991961968509e-10       5.171440953268e-13       1.175303271722e-11       0.000000000000e+00       6.040341078215e-13       1.453500095092e-13       1.383036814068e-15 
  266       6.957896088769e-10       5.328579708008e-13       1.194315634401e-11       0.000000000000e+00       5.970416230084e-13       1.436540602230e-13       1.408535211430e-15 
  267       6.923269755427e-10       5.488779333556e-13       1.213033445970e-11       0.000000000000e+00       5.901411872223e-13       1.419644141766e-13       1.433581832484e-15 
  268       6.888093033962e-10       5.652019733732e-13       1.231449718881e-11       0.000000000000e+00       5.833329823263e-13       1.402814983197e-13       1.458177742161e-15 
  269       6.852376234122e-10       5.818279342055e-13       1.249557473122e-11       0.000000000000e+00       5.766170996641e-13       1.386057371639e-13       1.482324360178e-15 
  270       6.816129911338e-10       5.987535106307e-13       1.267349737037e-11       0.000000000000e+00       5.699935388313e-13       1.369375526912e-13       1.506023465443e-15 
  271       6.779364868147e-10       6.159762473094e-13       1.284819548142e-11       0.000000000000e+00       5.634622064470e-13       1.352773642622e-13       1.529277200478e-15 
  272       6.742092155606e-10       6.334935372408e-13       1.301959953946e-11       0.000000000000e+00       5.570229149245e-13       1.336255885252e-13       1.552088075829e-15 
  273       6.704323074711e-10       6.513026202187e-13       1.318764012770e-11       0.000000000000e+00       5.506753812431e-13       1.319826393240e-13       1.574458974486e-15 
  274       6.666069177814e-10       6.694005812881e-13       1.335224794563e-11       0.000000000000e+00       5.444192257190e-13       1.303489276068e-13       1.596393156294e-15 
  275       6.627342270041e-10       6.877843492006e-13       1.351335381723e-11       0.000000000000e+00       5.382539707767e-13       1.287248613347e-13       1.617894262372e-15 
  276       6.588154410711e-10       7.064506948717e-13       1.367088869917e-11       0.000000000000e+00       5.321790397205e-13       1.271108453898e-13       1.638966319528e-15 
  277       6.548517914750e-10       7.253962298357e-13       1.382478368897e-11       0.000000000000e+00       5.261937555051e-13       1.255072814842e-13       1.659613744672e-15 
  278       6.508445354113e-10       7.446174047031e-13       1.397497003321e-11       0.000000000000e+00       5.202973395076e-13       1.239145680682e-13       1.679841349234e-15 
  279       6.467949559200e-10       7.641105076158e-13       1.412137913569e-11       0.000000000000e+00       5.144889102983e-13       1.223331002386e-13       1.699654343578e-15 
  280       6.427043620272e-10       7.838716627038e-13       1.426394256566e-11       0.000000000000e+00       5.087674824123e-13       1.207632696478e-13       1.719058341420e-15 
  281       6.385740888872e-10       8.038968285414e-13       1.440259206595e-11       0.000000000000e+00       5.031319651205e-13       1.192054644116e-13       1.738059364239e-15 
  282       6.344054979238e-10       8.241817966029e-13       1.453725956124e-11       0.000000000000e+00       4.975811612007e-13       1.176600690181e-13       1.756663845696e-15 
  283       6.301999769726e-10       8.447221897194e-13       1.466787716615e-11       0.000000000000e+00       4.921137657094e-13       1.161274642360e-13       1.774878636048e-15 
  284       6.259589404224e-10       8.655134605345e-13       1.479437719351e-11       0.000000000000e+00       4.867283647528e-13       1.146080270233e-13       1.792711006566e-15 
  285       6.216838293572e-10       8.865508899608e-13       1.491669216251e-11       0.000000000000e+00       4.814234342578e-13       1.131021304355e-13       1.810168653945e-15 
  286       6.173761116978e-10       9.078295856358e-13       1.503475480688e-11       0.000000000000e+00       4.761973387436e-13       1.116101435343e-13       1.827259704725e-15 
  287       6.130372823435e-10       9.293444803783e-13       1.514849808310e-11       0.000000000000e+00       4.710483300930e-13       1.101324312961e-13       1.843992719703e-15 
  288       6.086688633141e-10       9.510903306444e-13       1.525785517857e-11       0.000000000000e+00       4.659745463233e-13       1.086693545202e-13       1.860376698352e-15 
  289       6.042724038916e-10       9.730617149838e-13       1.536275951983e-11       0.000000000000e+00       4.609740103580e-13       1.072212697377e-13       1.876421083231e-15 
  290       5.998494807618e-10       9.952530324960e-13       1.546314478071e-11       0.000000000000e+00       4.560446287977e-13       1.057885291196e-13       1.892135764406e-15 
  291       5.954016981563e-10       1.017658501286e-12       1.555894489051e-11       0.000000000000e+00       4.511841906916e-13       1.043714803857e-13       1.907531083863e-15 
  292       5.909306879942e-10       1.040272156922e-12       1.565009404226e-11       0.000000000000e+00       4.463903663087e-13       1.029704667126e-13       1.922617839921e-15 
  293       5.864381100236e-10       1.063087850889e-12       1.573652670081e-11       0.000000000000e+00       4.416607059089e-13       1.015858266426e-13       1.937407291654e-15 
  294       5.819256519638e-10       1.086099249048e-12       1.581817761108e-11       0.000000000000e+00       4.369926385146e-13       1.002178939919e-13       1.951911163300e-15 
  295       5.773950296469e-10       1.109299830089e-12       1.589498180626e-11       0.000000000000e+00       4.323834706817e-13       9.886699775942e-14       1.966141648679e-15 
  296       5.728479871594e-10       1.132682883989e-12       1.596687461595e-11       0.000000000000e+00       4.278303852710e-13       9.753346203482e-14       1.980111415608e-15 
  297       5.682861915081e-10       1.156241686350e-12       1.603379828259e-11       0.000000000000e+00       4.233309720605e-13       9.621754812272e-14       1.993830824947e-15 
  298       5.637109106513e-10       1.179970033969e-12       1.609572215040e-11       0.000000000000e+00       4.188848506927e-13       9.491927798401e-14       2.007299428842e-15 
  299       5.591233200609e-10       1.203861732341e-12       1.615262347586e-11       0.000000000000e+00       4.144921243856e-13       9.363860201540e-14       2.020514066964e-15 
  300       5.545246067833e-10       1.227910420834e-12       1.620448092517e-11       0.000000000000e+00       4.101528547108e-13       9.237545588994e-14       2.033471615195e-15 
  301       5.499159694386e-10       1.252109571380e-12       1.625127459140e-11       0.000000000000e+00       4.058670610859e-13       9.112976038713e-14       2.046168986269e-15 
  302       5.452986182190e-10       1.276452487169e-12       1.629298601163e-11       0.000000000000e+00       4.016347202668e-13       8.990142122305e-14       2.058603130405e-15 
  303       5.406737748879e-10       1.300932301348e-12       1.632959818414e-11       0.000000000000e+00       3.974557658401e-13       8.869032888054e-14       2.070771035953e-15 
  304       5.360426727785e-10       1.325541975712e-12       1.636109558548e-11       0.000000000000e+00       3.933300877152e-13       8.749635843933e-14       2.082669730029e-15 
  305       5.314065567922e-10       1.350274299400e-12       1.638746418770e-11       0.000000000000e+00       3.892575316171e-13       8.631936940614e-14       2.094296279153e-15 
  306       5.267666833983e-10       1.375121887589e-12       1.640869147545e-11       0.000000000000e+00       3.852378985783e-13       8.515920554488e-14       2.105647789894e-15 
  307       5.221243206317e-10       1.400077180188e-12       1.642476646312e-11       0.000000000000e+00       3.812709444316e-13       8.401569470672e-14       2.116721409499e-15 
  308       5.174807480923e-10       1.425132440535e-12       1.643567971202e-11       0.000000000000e+00       3.773563793021e-13       8.288864866030e-14       2.127514326541e-15 
  309       5.128372569436e-10       1.450279754091e-12       1.644142334753e-11       0.000000000000e+00       3.734938670996e-13       8.177786292183e-14       2.138023771555e-15 
  310       5.081951499114e-10       1.475511027131e-12       1.644199107619e-11       0.000000000000e+00       3.696830250111e-13       8.068311658523e-14       2.148247017673e-15 
  311       5.035557412827e-10       1.500817985445e-12       1.643737820292e-11       0.000000000000e+00       3.659234229933e-13       7.960417215228e-14       2.158181381271e-15 
  312       4.989203569042e-10       1.526192173026e-12       1.642758164812e-11       0.000000000000e+00       3.622145832644e-13       7.854077536276e-14       2.167824222599e-15 
  313       4.942903341814e-10       1.551624950770e-12       1.641259996484e-11       0.000000000000e+00       3.585559797971e-13       7.749265502458e-14       2.177172946426e-15 
  314       4.896670220772e-10       1.577107495167e-12       1.639243335592e-11       0.000000000000e+00       3.549470378104e-13       7.645952284393e-14       2.186225002679e-15 
  315       4.850517811103e-10       1.602630796999e-12       1.636708369113e-11       0.000000000000e+00       3.513871332625e-13       7.544107325541e-14       2.194977887077e-15 
  316       4.804459833549e-10       1.628185660030e-12       1.633655452434e-11       0.000000000000e+00       3.478755923427e-13       7.443698325218e-14       2.203429141775e-15 
  317       4.758510124383e-10       1.653762699706e-12       1.630085111065e-11       0.000000000000e+00       3.444116909640e-13       7.344691221611e-14       2.211576356001e-15 
  318       4.712682635405e-10       1.679352341846e-12       1.625998042352e-11       0.000000000000e+00       3.409946542553e-13       7.247050174787e-14       2.219417166693e-15 
  319       4.666991433926e-10       1.704944821338e-12       1.621395117197e-11       0.000000000000e+00       3.376236560538e-13       7.150737549713e-14       2.226949259142e-15 
  320       4.621450702758e-10       1.730530180831e-12       1.616277381767e-11       0.000000000000e+00       3.342978183977e-13       7.055713899266e-14       2.234170367628e-15 
  321       4.576074740197e-10       1.756098269436e-12       1.610646059214e-11       0.000000000000e+00       3.310162110179e-13       6.961937947250e-14       2.241078276061e-15 
  322       4.530877960017e-10       1.781638741413e-12       1.604502551383e-11       0.000000000000e+00       3.277778508309e-13       6.869366571407e-14       2.247670818616e-15 
  323       4.485874891452e-10       1.807141054872e-12       1.597848440536e-11       0.000000000000e+00       3.245817014309e-13       6.777954786432e-14       2.253945880377e-15 
  324       4.441080179186e-10       1.832594470462e-12       1.590685491057e-11       0.000000000000e+00       3.214266725823e-13       6.687655726988e-14       2.259901397973e-15 
  325       4.396508583341e-10       1.857988050072e-12       1.583015651175e-11       0.000000000000e+00       3.183116197118e-13       6.598420630720e-14       2.265535360216e-15 
  326       4.352174979463e-10       1.883310655518e-12       1.574841054673e-11       0.000000000000e+00       3.152353434012e-13       6.510198821265e-14       2.270845808745e-15 
  327       4.308094358512e-10       1.908550947246e-12       1.566164022604e-11       0.000000000000e+00       3.121965888793e-13       6.422937691274e-14       2.275830838658e-15 
  328       4.264281826848e-10       1.933697383020e-12       1.556987065011e-11       0.000000000000e+00       3.091940455144e-13       6.336582685416e-14       2.280488599156e-15 
  329       4.220752606217e-10       1.958738216619e-12       1.547312882632e-11       0.000000000000e+00       3.062263463069e-13       6.251077283401e-14       2.284817294180e-15 
  330       4.177522033741e-10       1.983661496533e-12       1.537144368624e-11       0.000000000000e+00       3.032920673813e-13       6.166362982988e-14       2.288815183050e-15 
  331       4.134605561907e-10       2.008455064655e-12       1.526484610272e-11       0.000000000000e+00       3.003897274787e-13       6.082379283002e-14       2.292480581103e-15 
  332       4.092017565670e-10       2.033107441969e-12       1.515336931494e-11       0.000000000000e+00       2.975180650473e-13       5.999075613141e-14       2.295812430060e-15 
  333       4.049767706315e-10       2.057610530964e-12       1.503705018880e-11       0.000000000000e+00       2.946768839067e-13       5.916447733124e-14       2.298812035287e-15 
  334       4.007864408896e-10       2.081957028595e-12       1.491592804507e-11       0.000000000000e+00       2.918662434937e-13       5.834502888720e-14       2.301481405594e-15 
  335       3.966316039507e-10       2.106139549585e-12       1.479004427400e-11       0.000000000000e+00       2.890861843878e-13       5.753248004217e-14       2.303822691600e-15 
  336       3.925130903965e-10       2.130150626089e-12       1.465944235291e-11       0.000000000000e+00       2.863367281047e-13       5.672689678411e-14       2.305838186990e-15 
  337       3.884317246514e-10       2.153982707343e-12       1.452416786377e-11       0.000000000000e+00       2.836178768899e-13       5.592834180579e-14       2.307530329774e-15 
  338       3.843883248508e-10       2.177628159330e-12       1.438426851081e-11       0.000000000000e+00       2.809296135123e-13       5.513687446466e-14       2.308901703543e-15 
  339       3.803837027113e-10       2.201079264428e-12       1.423979413810e-11       0.000000000000e+00       2.782719010581e-13       5.435255074267e-14       2.309955038727e-15 
  340       3.764186633990e-10       2.224328221078e-12       1.409079674713e-11       0.000000000000e+00       2.756446827245e-13       5.357542320602e-14       2.310693213852e-15 
  341       3.724940053997e-10       2.247367143432e-12       1.393733051443e-11       0.000000000000e+00       2.730478816130e-13       5.280554096505e-14       2.311119256797e-15 
  342       3.686105203876e-10       2.270188061016e-12       1.377945180911e-11       0.000000000000e+00       2.704814005233e-13       5.204294963398e-14       2.311236346051e-15 
  343       3.647689930946e-10       2.292782918385e-12       1.361721921050e-11       0.000000000000e+00       2.679451217471e-13       5.128769129079e-14       2.311047811973e-15 
  344       3.609702011801e-10       2.315143574781e-12       1.345069352572e-11       0.000000000000e+00       2.654389068615e-13       5.053980443699e-14       2.310557138047e-15 
  345       3.572149150995e-10       2.337261803792e-12       1.327993780727e-11       0.000000000000e+00       2.629625965229e-13       4.979932395745e-14       2.309767962137e-15 
  346       3.535038979742e-10       2.359129293005e-12       1.310501737063e-11       0.000000000000e+00       2.605160102604e-13       4.906628108019e-14       2.308684077750e-15 
  347       3.498379054604e-10       2.380737643670e-12       1.292599981182e-11       0.000000000000e+00       2.580989462698e-13       4.834070333622e-14       2.307309435291e-15 
  348       3.462176856188e-10       2.402078370351e-12       1.274295502503e-11       0.000000000000e+00       2.557111812069e-13       4.762261451936e-14       2.305648143315e-15 
  349       3.426439787833e-10       2.423142900586e-12       1.255595522019e-11       0.000000000000e+00       2.533524699816e-13       4.691203464602e-14       2.303704469795e-15 
  350       3.391175174308e-10       2.443922574547e-12       1.236507494056e-11       0.000000000000e+00       2.510225455512e-13       4.620897991502e-14       2.301482843368e-15 
  351       3.356390260504e-10       2.464408644693e-12       1.217039108032e-11       0.000000000000e+00       2.487211187140e-13       4.551346266743e-14       2.298987854602e-15 
  352       3.322092210123e-10       2.484592275429e-12       1.197198290217e-11       0.000000000000e+00       2.464478779036e-13       4.482549134635e-14       2.296224257247e-15 
  353       3.288288104377e-10       2.504464542765e-12       1.176993205490e-11       0.000000000000e+00       2.442024889817e-13       4.414507045676e-14       2.293196969494e-15 
  354       3.254984940676e-10       2.524016433972e-12       1.156432259102e-11       0.000000000000e+00       2.419845950324e-13       4.347220052529e-14       2.289911075233e-15 
  355       3.222189631320e-10       2.543238847238e-12       1.135524098430e-11       0.000000000000e+00       2.397938161556e-13       4.280687806006e-14       2.286371825311e-15 
  356       3.189909002198e-10       2.562122591329e-12       1.114277614739e-11       0.000000000000e+00       2.376297492609e-13       4.214909551049e-14       2.282584638788e-15 
  357       3.158149791475e-10       2.580658385243e-12       1.092701944941e-11       0.000000000000e+00       2.354919678608e-13       4.149884122709e-14       2.278555104193e-15 
  358       3.126918648285e-10       2.598836857869e-12       1.070806473354e-11       0.000000000000e+00       2.333800218649e-13       4.085609942133e-14       2.274288980784e-15 
  359       3.096222131430e-10       2.616648547645e-12       1.048600833458e-11       0.000000000000e+00       2.312934373731e-13       4.022085012538e-14       2.269792199807e-15 
  360       3.066066708063e-10       2.634083902212e-12       1.026094909660e-11       0.000000000000e+00       2.292317164699e-13       3.959306915198e-14       2.265070865746e-15 
  361       3.036458752390e-10       2.651133278078e-12       1.003298839046e-11       0.000000000000e+00       2.271943370171e-13       3.897272805421e-14       2.260131257588e-15 
  362       3.007404544358e-10       2.667786940268e-12       9.802230131478e-12       0.000000000000e+00       2.251807524486e-13       3.835979408535e-14       2.254979830077e-15 
  363       2.978910268349e-10       2.684035061986e-12       9.568780796939e-12       0.000000000000e+00       2.231903915631e-13       3.775423015864e-14       2.249623214972e-15 
  364       2.950982011870e-10       2.699867724270e-12       9.332749443744e-12       0.000000000000e+00       2.212226583183e-13       3.715599480714e-14       2.244068222301e-15 
  365       2.923625764252e-10       2.715274915653e-12       9.094247725979e-12       0.000000000000e+00       2.192769316244e-13       3.656504214352e-14       2.238321841626e-15 
  366       2.896847415337e-10       2.730246531817e-12       8.853389912505e-12       0.000000000000e+00       2.173525651379e-13       3.598132181986e-14       2.232391243293e-15 
  367       2.870652754175e-10       2.744772375249e-12       8.610292904552e-12       0.000000000000e+00       2.154488870550e-13       3.540477898749e-14       2.226283779691e-15 
  368       2.845047467712e-10       2.758842154904e-12       8.365076253307e-12       0.000000000000e+00       2.135651999056e-13       3.483535425679e-14       2.220006986513e-15 
  369       2.820037139487e-10       2.772445485857e-12       8.117862177506e-12       0.000000000000e+00       2.117007803467e-13       3.427298365701e-14       2.213568584008e-15 
  370       2.795627248326e-10       2.785571888964e-12       7.868775581021e-12       0.000000000000e+00       2.098548789562e-13       3.371759859607e-14       2.206976478244e-15 
  371       2.771822559328e-10       2.798212087290e-12       7.617935139412e-12       0.000000000000e+00       2.080268566365e-13       3.316913916682e-14       2.200237562948e-15 
  372       2.748625273256e-10       2.810361952008e-12       7.365426139215e-12       0.000000000000e+00       2.062166001296e-13       3.262759472173e-14       2.193354070809e-15 
  373       2.726036802228e-10       2.822018710122e-12       7.111326611131e-12       0.000000000000e+00       2.044241223443e-13       3.209296480595e-14       2.186327081975e-15 
  374       2.704058369052e-10       2.833179662395e-12       6.855716174991e-12       0.000000000000e+00       2.026494271263e-13       3.156524592554e-14       2.179157710797e-15 
  375       2.682691005391e-10       2.843842184142e-12       6.598676049578e-12       0.000000000000e+00       2.008925091696e-13       3.104443151891e-14       2.171847106049e-15 
  376       2.661935549931e-10       2.854003726013e-12       6.340289062454e-12       0.000000000000e+00       1.991533539300e-13       3.053051192826e-14       2.164396451138e-15 
  377       2.641792646541e-10       2.863661814775e-12       6.080639659784e-12       0.000000000000e+00       1.974319375369e-13       3.002347437098e-14       2.156806964320e-15 
  378       2.622262742441e-10       2.872814054100e-12       5.819813916163e-12       0.000000000000e+00       1.957282267059e-13       2.952330291105e-14       2.149079898913e-15 
  379       2.603346086364e-10       2.881458125347e-12       5.557899544438e-12       0.000000000000e+00       1.940421786513e-13       2.902997843050e-14       2.141216543515e-15 
  380       2.585042726721e-10       2.889591788352e-12       5.294985905533e-12       0.000000000000e+00       1.923737409984e-13       2.854347860078e-14       2.133218222215e-15 
  381       2.567352509766e-10       2.897212882207e-12       5.031164018277e-12       0.000000000000e+00       1.907228516964e-13       2.806377785421e-14       2.125086294808e-15 
  382       2.550275077760e-10       2.904319326050e-12       4.766526569223e-12       0.000000000000e+00       1.890894389301e-13       2.759084735539e-14       2.116822157011e-15 
  383       2.533809867137e-10       2.910909119845e-12       4.501167922481e-12       0.000000000000e+00       1.874734210331e-13       2.712465497261e-14       2.108427240676e-15 
  384       2.517956106665e-10       2.916980345172e-12       4.235184129535e-12       0.000000000000e+00       1.858747063997e-13       2.666516524928e-14       2.099903014004e-15 
  385       2.502712815614e-10       2.922531166007e-12       3.968672939072e-12       0.000000000000e+00       1.842931933977e-13       2.621233937532e-14       2.091250981764e-15 
  386       2.488078801916e-10       2.927559829512e-12       3.701733806806e-12       0.000000000000e+00       1.827287702806e-13       2.576613515863e-14       2.082472685500e-15 
  387       2.474052660335e-10       2.932064666816e-12       3.434467905302e-12       0.000000000000e+00       1.811813151003e-13       2.532650699644e-14       2.073569703750e-15 
  388       2.460632770628e-10       2.936044093800e-12       3.166978133803e-12       0.000000000000e+00       1.796506956192e-13       2.489340584680e-14       2.064543652262e-15 
  389       2.447817295711e-10       2.939496611886e-12       2.899369128052e-12       0.000000000000e+00       1.781367692230e-13       2.446677919992e-14       2.055396184205e-15 
  390       2.435604179820e-10       2.942420808818e-12       2.631747270120e-12       0.000000000000e+00       1.766393828330e-13       2.404657104966e-14       2.046128990384e-15 
  391       2.423991146679e-10       2.944815359446e-12       2.364220698226e-12       0.000000000000e+00       1.751583728185e-13       2.363272186489e-14       2.036743799455e-15 
  392       2.412975697666e-10       2.946679026516e-12       2.096899316568e-12       0.000000000000e+00       1.736935649093e-13       2.322516856096e-14       2.027242378142e-15 
  393       2.402555109970e-10       2.948010661450e-12       1.829894805144e-12       0.000000000000e+00       1.722447741081e-13       2.282384447106e-14       2.017626531446e-15 
  394       2.392726434764e-10       2.948809205134e-12       1.563320629576e-12       0.000000000000e+00       1.708118046032e-13       2.242867931770e-14       2.007898102865e-15 
  395       2.383486495365e-10       2.949073688701e-12       1.297292050938e-12       0.000000000000e+00       1.693944496804e-13       2.203959918405e-14       1.998058974605e-15 
  396       2.374831885397e-10       2.948803234318e-12       1.031926135578e-12       0.000000000000e+00       1.679924916361e-13       2.165652648545e-14       1.988111067795e-15 
  397       2.366758966959e-10       2.947997055967e-12       7.673417649465e-13       0.000000000000e+00       1.666057016893e-13       2.127937994075e-14       1.978056342702e-15 
  398       2.359263868790e-10       2.946654460236e-12       5.036596454158e-13       0.000000000000e+00       1.652338398942e-13       2.090807454377e-14       1.967896798947e-15 
  399       2.352342484427e-10       2.944774847097e-12       2.410023181095e-13       0.000000000000e+00       1.638766550526e-13       2.054252153469e-14       1.957634475715e-15 
  400       2.345990470376e-10       2.942357710699e-12      -2.050583127437e-14       0.000000000000e+00       1.625338846265e-13       2.018262837151e-14       1.947271451975e-15 
  401       2.340203244275e-10       2.939402640143e-12      -2.807385626385e-13       0.000000000000e+00       1.612052546502e-13       1.982829870141e-14       1.936809846691e-15 
  402       2.334975983057e-10       2.935909320276e-12      -5.395677716614e-13       0.000000000000e+00       1.598904796432e-13       1.947943233222e-14       1.926251819035e-15 
  403       2.330303621114e-10       2.931877532471e-12      -7.968634799725e-13       0.000000000000e+00       1.585892625223e-13       1.913592520379e-14       1.915599568607e-15 
  404       2.326180848464e-10       2.927307155414e-12      -1.052493825327e-12       0.000000000000e+00       1.573012945143e-13       1.879766935946e-14       1.904855335643e-15 
  405       2.322602108911e-10       2.922198165887e-12      -1.306325051783e-12       0.000000000000e+00       1.560262550681e-13       1.846455291744e-14       1.894021401236e-15 
  406       2.319561598217e-10       2.916550639555e-12      -1.558221499872e-12       0.000000000000e+00       1.547638117677e-13       1.813646004222e-14       1.883100087544e-15 
  407       2.317053262258e-10       2.910364751750e-12      -1.808045596780e-12       0.000000000000e+00       1.535136202440e-13       1.781327091602e-14       1.872093758008e-15 
  408       2.315070795194e-10       2.903640778254e-12      -2.055657846519e-12       0.000000000000e+00       1.522753240876e-13       1.749486171020e-14       1.861004817567e-15 
  409       2.313607637629e-10       2.896379096089e-12      -2.300916820102e-12       0.000000000000e+00       1.510485547615e-13       1.718110455666e-14       1.849835712871e-15 
  410       2.312657401654e-10       2.888580901473e-12      -2.543693541466e-12       0.000000000000e+00       1.498329964252e-13       1.687188727524e-14       1.838588658058e-15 
  411       2.312215166283e-10       2.880250390130e-12      -2.783915226668e-12       0.000000000000e+00       1.486285831179e-13       1.656717338408e-14       1.827264800943e-15 
  412       2.312276224289e-10       2.871392655746e-12      -3.021523074561e-12       0.000000000000e+00       1.474353083872e-13       1.626694415860e-14       1.815865027717e-15 
  413       2.312835657950e-10       2.862012981063e-12      -3.256458011409e-12       0.000000000000e+00       1.462531609671e-13       1.597117905302e-14       1.804390234741e-15 
  414       2.313888337520e-10       2.852116839169e-12      -3.488660691312e-12       0.000000000000e+00       1.450821247363e-13       1.567985568586e-14       1.792841328556e-15 
  415       2.315428919693e-10       2.841709894802e-12      -3.718071496635e-12       0.000000000000e+00       1.439221786768e-13       1.539294982541e-14       1.781219225912e-15 
  416       2.317451846073e-10       2.830798005636e-12      -3.944630538432e-12       0.000000000000e+00       1.427732968331e-13       1.511043537525e-14       1.769524853779e-15 
  417       2.319951341645e-10       2.819387223584e-12      -4.168277656876e-12       0.000000000000e+00       1.416354482701e-13       1.483228435971e-14       1.757759149371e-15 
  418       2.322921413239e-10       2.807483796091e-12      -4.388952421684e-12       0.000000000000e+00       1.405085970324e-13       1.455846690936e-14       1.745923060164e-15 
  419       2.326355848001e-10       2.795094167429e-12      -4.606594132542e-12       0.000000000000e+00       1.393927021028e-13       1.428895124651e-14       1.734017543912e-15 
  420       2.330248211863e-10       2.782224979994e-12      -4.821141819536e-12       0.000000000000e+00       1.382877173606e-13       1.402370367066e-14       1.722043568671e-15 
  421       2.334591848008e-10       2.768883075600e-12      -5.032534243573e-12       0.000000000000e+00       1.371935915411e-13       1.376268854403e-14       1.710002112814e-15 
  422       2.339379875339e-10       2.755075496776e-12      -5.240709896814e-12       0.000000000000e+00       1.361102681933e-13       1.350586827703e-14       1.697894165051e-15 
  423       2.344605186950e-10       2.740809488063e-12      -5.445607003096e-12       0.000000000000e+00       1.350376856393e-13       1.325320331373e-14       1.685720724450e-15 
  424       2.350260448592e-10       2.726092497306e-12      -5.647163518362e-12       0.000000000000e+00       1.339757769326e-13       1.300465211737e-14       1.673482800454e-15 
  425       2.356338097141e-10       2.710932176951e-12      -5.845317131083e-12       0.000000000000e+00       1.329244698171e-13       1.276017115582e-14       1.661181412899e-15 
  426       2.362830339070e-10       2.695336385345e-12      -6.040005262691e-12       0.000000000000e+00       1.318836866853e-13       1.251971488711e-14       1.648817592036e-15 
  427       2.369729148912e-10       2.679313188023e-12      -6.231165068000e-12       0.000000000000e+00       1.308533445374e-13       1.228323574486e-14       1.636392378549e-15 
  428       2.377026267735e-10       2.662870859013e-12      -6.418733435638e-12       0.000000000000e+00       1.298333549398e-13       1.205068412381e-14       1.623906823573e-15 
  429       2.384713201603e-10       2.646017882124e-12      -6.602646988469e-12       0.000000000000e+00       1.288236239837e-13       1.182200836528e-14       1.611361988713e-15 
  430       2.392781220050e-10       2.628762952246e-12      -6.782842084022e-12       0.000000000000e+00       1.278240522439e-13       1.159715474268e-14       1.598758946064e-15 
  431       2.401221354546e-10       2.611114976646e-12      -6.959254814918e-12       0.000000000000e+00       1.268345347376e-13       1.137606744698e-14       1.586098778230e-15 
  432       2.410024396968e-10       2.593083076260e-12      -7.131821009295e-12       0.000000000000e+00       1.258549608827e-13       1.115868857219e-14       1.573382578343e-15 
  433       2.419180898063e-10       2.574676586991e-12      -7.300476231238e-12       0.000000000000e+00       1.248852144566e-13       1.094495810086e-14       1.560611450080e-15 
  434       2.428681165922e-10       2.555905061007e-12      -7.465155781202e-12       0.000000000000e+00       1.239251735553e-13       1.073481388955e-14       1.547786507686e-15 
  435       2.438515264447e-10       2.536778268031e-12      -7.625794696440e-12       0.000000000000e+00       1.229747105514e-13       1.052819165436e-14       1.534908875989e-15 
  436       2.448673011815e-10       2.517306196642e-12      -7.782327751431e-12       0.000000000000e+00       1.220336920533e-13       1.032502495635e-14       1.521979690422e-15 
  437       2.459143978955e-10       2.497499055567e-12      -7.934689458305e-12       0.000000000000e+00       1.211019788636e-13       1.012524518708e-14       1.509000097040e-15 
  438       2.469917488007e-10       2.477367274979e-12      -8.082814067273e-12       0.000000000000e+00       1.201794259379e-13       9.928781554064e-15       1.495971252540e-15 
  439       2.480982610797e-10       2.456921507791e-12      -8.226635567047e-12       0.000000000000e+00       1.192658823432e-13       9.735561066275e-15       1.482894324279e-15 
  440       2.492328167304e-10       2.436172630953e-12      -8.366087685275e-12       0.000000000000e+00       1.183611912171e-13       9.545508519624e-15       1.469770490295e-15 
  441       2.503942724126e-10       2.415131746747e-12      -8.501103888960e-12       0.000000000000e+00       1.174651897261e-13       9.358546482446e-15       1.456600939325e-15 
  442       2.515814592951e-10       2.393810184083e-12      -8.631617384893e-12       0.000000000000e+00       1.165777090242e-13       9.174595280986e-15       1.443386870824e-15 
  443       2.527931829024e-10       2.372219499794e-12      -8.757561120077e-12       0.000000000000e+00       1.156985742119e-13       8.993572984888e-15       1.430129494982e-15 
  444       2.540282229616e-10       2.350371479931e-12      -8.878867782153e-12       0.000000000000e+00       1.148276042944e-13       8.815395392679e-15       1.416830032748e-15 
  445       2.552853332493e-10       2.328278141061e-12      -8.995469799827e-12       0.000000000000e+00       1.139646121410e-13       8.639976017254e-15       1.403489715842e-15 
  446       2.565632414383e-10       2.305951731561e-12      -9.107299343299e-12       0.000000000000e+00       1.131094044430e-13       8.467226071365e-15       1.390109786782e-15 
  447       2.578606489446e-10       2.283404732915e-12      -9.214288324686e-12       0.000000000000e+00       1.122617816728e-13       8.297054453105e-15       1.376691498897e-15 
  448       2.591762307740e-10       2.260649861006e-12      -9.316368398453e-12       0.000000000000e+00       1.114215380425e-13       8.129367731398e-15       1.363236116348e-15 
  449       2.605087592362e-10       2.237699582620e-12      -9.413482831751e-12       0.000000000000e+00       1.105884966481e-13       7.964087710561e-15       1.349744889353e-15 
  450       2.618574798062e-10       2.214564645074e-12      -9.505622537570e-12       0.000000000000e+00       1.097626162387e-13       7.801204779476e-15       1.336218978946e-15 
  451       2.632217471280e-10       2.191255501541e-12      -9.592791208813e-12       0.000000000000e+00       1.089438878221e-13       7.640726260765e-15       1.322659529816e-15 
  452       2.646009021678e-10       2.167782792548e-12      -9.674993561249e-12       0.000000000000e+00       1.081322997713e-13       7.482658983716e-15       1.309067694892e-15 
  453       2.659942721345e-10       2.144157346982e-12      -9.752235340990e-12       0.000000000000e+00       1.073278378037e-13       7.327009280213e-15       1.295444635343e-15 
  454       2.674011703998e-10       2.120390183103e-12      -9.824523331968e-12       0.000000000000e+00       1.065304849613e-13       7.173782980660e-15       1.281791520584e-15 
  455       2.688208964191e-10       2.096492509546e-12      -9.891865363408e-12       0.000000000000e+00       1.057402215898e-13       7.022985409911e-15       1.268109528280e-15 
  456       2.702527356516e-10       2.072475726333e-12      -9.954270317309e-12       0.000000000000e+00       1.049570253183e-13       6.874621383191e-15       1.254399844350e-15 
  457       2.716959594805e-10       2.048351425878e-12      -1.001174813592e-11       0.000000000000e+00       1.041808710388e-13       6.728695202030e-15       1.240663662971e-15 
  458       2.731498251339e-10       2.024131393995e-12      -1.006430982921e-11       0.000000000000e+00       1.034117308860e-13       6.585210650183e-15       1.226902186583e-15 
  459       2.746135756049e-10       1.999827610908e-12      -1.011196748235e-11       0.000000000000e+00       1.026495742166e-13       6.444170989560e-15       1.213116625894e-15 
  460       2.760864395721e-10       1.975452252257e-12      -1.015473426319e-11       0.000000000000e+00       1.018943675889e-13       6.305578956151e-15       1.199308199882e-15 
  461       2.775676313199e-10       1.951017690105e-12      -1.019262442974e-11       0.000000000000e+00       1.011460747428e-13       6.169436755955e-15       1.185478135802e-15 
  462       2.790563506590e-10       1.926536493947e-12      -1.022565333763e-11       0.000000000000e+00       1.004046565787e-13       6.035746060905e-15       1.171627669187e-15 
  463       2.805517828469e-10       1.902021431716e-12      -1.025383744761e-11       0.000000000000e+00       9.967007113744e-14       5.904508004794e-15       1.157758043856e-15 
  464       2.820530985081e-10       1.877485470795e-12      -1.027719433300e-11       0.000000000000e+00       9.894227357998e-14       5.775723179203e-15       1.143870511917e-15 
  465       2.835594535546e-10       1.852941779019e-12      -1.029574268718e-11       0.000000000000e+00       9.822121616670e-14       5.649391629426e-15       1.129966333768e-15 
  466       2.850699891064e-10       1.828403725687e-12      -1.030950233107e-11       0.000000000000e+00       9.750684823714e-14       5.525512850400e-15       1.116046778107e-15 
  467       2.865838314117e-10       1.803884882567e-12      -1.031849422061e-11       0.000000000000e+00       9.679911618949e-14       5.404085782627e-15       1.102113121932e-15 
  468       2.881000917675e-10       1.779399024907e-12      -1.032274045423e-11       0.000000000000e+00       9.609796346022e-14       5.285108808103e-15       1.088166650548e-15 
  469       2.896178664399e-10       1.754960132439e-12      -1.032226428030e-11       0.000000000000e+00       9.540333050360e-14       5.168579746246e-15       1.074208657568e-15 
  470       2.911362365846e-10       1.730582390388e-12      -1.031709010466e-11       0.000000000000e+00       9.471515477132e-14       5.054495849821e-15       1.060240444921e-15 
  471       2.926542681672e-10       1.706280190482e-12      -1.030724349805e-11       0.000000000000e+00       9.403337069201e-14       4.942853800866e-15       1.046263322854e-15 
  472       2.941710118838e-10       1.682068131955e-12      -1.029275120362e-11       0.000000000000e+00       9.335790965085e-14       4.833649706619e-15       1.032278609937e-15 
  473       2.956855030809e-10       1.657961022562e-12      -1.027364114438e-11       0.000000000000e+00       9.268869996912e-14       4.726879095446e-15       1.018287633068e-15 
  474       2.971967616766e-10       1.633973879577e-12      -1.024994243069e-11       0.000000000000e+00       9.202566688377e-14       4.622536912767e-15       1.004291727475e-15 
  475       2.987037920803e-10       1.610121930811e-12      -1.022168536773e-11       0.000000000000e+00       9.136873252702e-14       4.520617516981e-15       9.902922367222e-16 
  476       3.002055831135e-10       1.586420615610e-12      -1.018890146300e-11       0.000000000000e+00       9.071781590589e-14       4.421114675395e-15       9.762905127150e-16 
  477       3.017011079301e-10       1.562885585872e-12      -1.015162343374e-11       0.000000000000e+00       9.007283288179e-14       4.324021560150e-15       9.622879157023e-16 
  478       3.031893239367e-10       1.539532707047e-12      -1.010988521448e-11       0.000000000000e+00       8.943369615009e-14       4.229330744145e-15       9.482858142817e-16 
  479       3.046691727132e-10       1.516378059149e-12      -1.006372196446e-11       0.000000000000e+00       8.880031521969e-14       4.137034196969e-15       9.342855854041e-16 
  480       3.061395799331e-10       1.493437937762e-12      -1.001317007512e-11       0.000000000000e+00       8.817259639261e-14       4.047123280821e-15       9.202886143777e-16 
  481       3.075994552838e-10       1.470728855050e-12      -9.958267177609e-12       0.000000000000e+00       8.755044274351e-14       3.959588746442e-15       9.062962948719e-16 
  482       3.090476923874e-10       1.448267540763e-12      -9.899052150204e-12       0.000000000000e+00       8.693375409932e-14       3.874420729040e-15       8.923100289224e-16 
  483       3.104831687206e-10       1.426070943241e-12      -9.835565125835e-12       0.000000000000e+00       8.632242701877e-14       3.791608744216e-15       8.783312269350e-16 
  484       3.119047455354e-10       1.404156230431e-12      -9.767847499539e-12       0.000000000000e+00       8.571635477198e-14       3.711141683890e-15       8.643613076899e-16 
  485       3.133112677795e-10       1.382540790886e-12      -9.695941935941e-12       0.000000000000e+00       8.511542732002e-14       3.633007812230e-15       8.504016983460e-16 
  486       3.147015640166e-10       1.361242234777e-12      -9.619892376730e-12       0.000000000000e+00       8.451953129448e-14       3.557194761575e-15       8.364538344455e-16 
  487       3.160744463469e-10       1.340278394899e-12      -9.539744048137e-12       0.000000000000e+00       8.392854997705e-14       3.483689528367e-15       8.225191599178e-16 
  488       3.174288556239e-10       1.319665677262e-12      -9.455545831006e-12       0.000000000000e+00       8.334238249993e-14       3.412476708991e-15       8.085990522000e-16 
  489       3.187643020281e-10       1.299414056730e-12      -9.367357433520e-12       0.000000000000e+00       8.276100211798e-14       3.343533157748e-15       7.946945951333e-16 
  490       3.200804374675e-10       1.279531934216e-12      -9.275242446986e-12       0.000000000000e+00       8.218439963308e-14       3.276833161646e-15       7.808067993063e-16 
  491       3.213769114622e-10       1.260027773790e-12      -9.179266011207e-12       0.000000000000e+00       8.161256431960e-14       3.212350181136e-15       7.669366762938e-16 
  492       3.226533711372e-10       1.240910102857e-12      -9.079494823145e-12       0.000000000000e+00       8.104548391360e-14       3.150056845155e-15       7.530852386235e-16 
  493       3.239094612165e-10       1.222187512337e-12      -8.975997145589e-12       0.000000000000e+00       8.048314460213e-14       3.089924946167e-15       7.392534997424e-16 
  494       3.251448240164e-10       1.203868656837e-12      -8.868842815816e-12       0.000000000000e+00       7.992553101242e-14       3.031925435206e-15       7.254424739837e-16 
  495       3.263590994388e-10       1.185962254837e-12      -8.758103254260e-12       0.000000000000e+00       7.937262620112e-14       2.976028416915e-15       7.116531765335e-16 
  496       3.275519249649e-10       1.168477088860e-12      -8.643851473171e-12       0.000000000000e+00       7.882441164354e-14       2.922203144592e-15       6.978866233970e-16 
  497       3.287229356486e-10       1.151422005655e-12      -8.526162085283e-12       0.000000000000e+00       7.828086722292e-14       2.870418015225e-15       6.841438313657e-16 
  498       3.298717641098e-10       1.134805916371e-12      -8.405111312478e-12       0.000000000000e+00       7.774197121960e-14       2.820640564540e-15       6.704258179837e-16 
  499       3.309980405281e-10       1.118637796741e-12      -8.280776994448e-12       0.000000000000e+00       7.720770030032e-14       2.772837462038e-15       6.567336015143e-16 
  500       3.321013926362e-10       1.102926687250e-12      -8.153238597365e-12       0.000000000000e+00       7.667802950742e-14       2.726974506039e-15       6.430682009069e-16 
  501       3.331814457133e-10       1.087681693323e-12      -8.022577222540e-12       0.000000000000e+00       7.615293224809e-14       2.683016618724e-15       6.294306357633e-16 
  502       3.342378225788e-10       1.072911985495e-12      -7.888875615090e-12       0.000000000000e+00       7.563238028359e-14       2.640927841172e-15       6.158219263049e-16 
  503       3.352701435852e-10       1.058626799594e-12      -7.752218172600e-12       0.000000000000e+00       7.511634371851e-14       2.600671328409e-15       6.022430933386e-16 
  504       3.362780266125e-10       1.044835436916e-12      -7.612690953794e-12       0.000000000000e+00       7.460479098999e-14       2.562209344443e-15       5.886951582240e-16 
  505       3.372610870608e-10       1.031547264402e-12      -7.470381687191e-12       0.000000000000e+00       7.409768885696e-14       2.525503257307e-15       5.751791428398e-16 
  506       3.382189378443e-10       1.018771714820e-12      -7.325379779775e-12       0.000000000000e+00       7.359500238937e-14       2.490513534105e-15       5.616960695506e-16 
  507       3.391511893843e-10       1.006518286938e-12      -7.177776325658e-12       0.000000000000e+00       7.309669495746e-14       2.457199736046e-15       5.482469611732e-16 
  508       3.400574496033e-10       9.947965457047e-13      -7.027664114744e-12       0.000000000000e+00       7.260272822093e-14       2.425520513493e-15       5.348328409438e-16 
  509       3.409373239179e-10       9.836161224258e-13      -6.875137641395e-12       0.000000000000e+00       7.211306211825e-14       2.395433600999e-15       5.214547324840e-16 
  510       3.417904152328e-10       9.729867149429e-13      -6.720293113092e-12       0.000000000000e+00       7.162765485585e-14       2.366895812351e-15       5.081136597680e-16 
  511       3.426163239335e-10       9.629180878107e-13      -6.563228459105e-12       0.000000000000e+00       7.114646289735e-14       2.339863035612e-15       4.948106470889e-16 
  512       3.434146478808e-10       9.534200724749e-13      -6.404043339152e-12       0.000000000000e+00       7.066944095283e-14       2.314290228161e-15       4.815467190254e-16 
  513       3.441849824032e-10       9.445025674499e-13      -6.242839152067e-12       0.000000000000e+00       7.019654196807e-14       2.290131411737e-15       4.683229004086e-16 
  514       3.449269202913e-10       9.361755384966e-13      -6.079719044463e-12       0.000000000000e+00       6.972771711373e-14       2.267339667475e-15       4.551402162883e-16 
  515       3.456400517907e-10       9.284490188003e-13      -5.914787919397e-12       0.000000000000e+00       6.926291577465e-14       2.245867130955e-15       4.419996919002e-16 
  516       3.463239645955e-10       9.213331091485e-13      -5.748152445034e-12       0.000000000000e+00       6.880208553905e-14       2.225664987239e-15       4.289023526319e-16 
  517       3.469782438422e-10       9.148379781083e-13      -5.579921063311e-12       0.000000000000e+00       6.834517218776e-14       2.206683465913e-15       4.158492239899e-16 
  518       3.476024721027e-10       9.089738622049e-13      -5.410203998605e-12       0.000000000000e+00       6.789211968350e-14       2.188871836128e-15       4.028413315663e-16 
  519       3.481962293780e-10       9.037510660985e-13      -5.239113266392e-12       0.000000000000e+00       6.744287016008e-14       2.172178401646e-15       3.898797010053e-16 
  520       3.487590930915e-10       8.991799627631e-13      -5.066762681915e-12       0.000000000000e+00       6.699736391162e-14       2.156550495873e-15       3.769653579696e-16 
  521       3.492906380828e-10       8.952709936633e-13      -4.893267868848e-12       0.000000000000e+00       6.655553938185e-14       2.141934476910e-15       3.640993281077e-16 
  522       3.497904366008e-10       8.920346689326e-13      -4.718746267961e-12       0.000000000000e+00       6.611733315327e-14       2.128275722588e-15       3.512826370199e-16 
  523       3.502580582975e-10       8.894815675514e-13      -4.543317145782e-12       0.000000000000e+00       6.568267993644e-14       2.115518625513e-15       3.385163102253e-16 
  524       3.506930702212e-10       8.876223375242e-13      -4.367101603264e-12       0.000000000000e+00       6.525151255921e-14       2.103606588104e-15       3.258013731281e-16 
  525       3.510950368101e-10       8.864676960577e-13      -4.190222584449e-12       0.000000000000e+00       6.482376195593e-14       2.092482017639e-15       3.131388509847e-16 
  526       3.514635198857e-10       8.860284297388e-13      -4.012804885132e-12       0.000000000000e+00       6.439935715669e-14       2.082086321294e-15       3.005297688700e-16 
  527       3.517981757938e-10       8.863135241042e-13      -3.834966522952e-12       0.000000000000e+00       6.397823656561e-14       2.072370186086e-15       2.879751617078e-16 
  528       3.520990497897e-10       8.873244952031e-13      -3.656792568073e-12       0.000000000000e+00       6.356038215980e-14       2.063324740880e-15       2.754761047329e-16 
  529       3.523662897694e-10       8.890609018476e-13      -3.478360606908e-12       0.000000000000e+00       6.314578621355e-14       2.054951245167e-15       2.630336838047e-16 
  530       3.526000498936e-10       8.915222014334e-13      -3.299749320251e-12       0.000000000000e+00       6.273444008892e-14       2.047250881473e-15       2.506489853902e-16 
  531       3.528004906220e-10       8.947077493112e-13      -3.121038488216e-12       0.000000000000e+00       6.232633422978e-14       2.040224754843e-15       2.383230965352e-16 
  532       3.529677787499e-10       8.986167981576e-13      -2.942308995176e-12       0.000000000000e+00       6.192145815595e-14       2.033873892315e-15       2.260571048354e-16 
  533       3.531020874425e-10       9.032484973462e-13      -2.763642834700e-12       0.000000000000e+00       6.151980045731e-14       2.028199242398e-15       2.138520984074e-16 
  534       3.532035962709e-10       9.086018923186e-13      -2.585123114495e-12       0.000000000000e+00       6.112134878786e-14       2.023201674546e-15       2.017091658593e-16 
  535       3.532724912472e-10       9.146759239557e-13      -2.406834061343e-12       0.000000000000e+00       6.072608985990e-14       2.018881978640e-15       1.896293962620e-16 
  536       3.533089648599e-10       9.214694279485e-13      -2.228861026041e-12       0.000000000000e+00       6.033400943806e-14       2.015240864460e-15       1.776138791202e-16 
  537       3.533132161095e-10       9.289811341692e-13      -2.051290488341e-12       0.000000000000e+00       5.994509233345e-14       2.012278961168e-15       1.656637043434e-16 
  538       3.532854505435e-10       9.372096660426e-13      -1.874210061885e-12       0.000000000000e+00       5.955932239775e-14       2.009996816776e-15       1.537799622165e-16 
  539       3.532258802921e-10       9.461535399168e-13      -1.697708499150e-12       0.000000000000e+00       5.917668251731e-14       2.008394897633e-15       1.419637433714e-16 
  540       3.531347241031e-10       9.558111644342e-13      -1.521875696380e-12       0.000000000000e+00       5.879715460727e-14       2.007473587895e-15       1.302161387573e-16 
  541       3.530122073780e-10       9.661808399032e-13      -1.346802698534e-12       0.000000000000e+00       5.842071960565e-14       2.007233189004e-15       1.185382396122e-16 
  542       3.528585622067e-10       9.772607576684e-13      -1.172581704215e-12       0.000000000000e+00       5.804735746745e-14       2.007673919166e-15       1.069311374338e-16 
  543       3.526740274030e-10       9.890489994824e-13      -9.993060706162e-13       0.000000000000e+00       5.767704715878e-14       2.008795912827e-15       9.539592395012e-17 
  544       3.524588485404e-10       1.001543536877e-12      -8.270703184585e-13       0.000000000000e+00       5.730976665095e-14       2.010599220150e-15       8.393369109101e-17 
  545       3.522132779869e-10       1.014742230532e-12      -6.559701369276e-13       0.000000000000e+00       5.694549291457e-14       2.013083806493e-15       7.254553095870e-17 
  546       3.519375749408e-10       1.028642829651e-12      -4.861023886147e-13       0.000000000000e+00       5.658420191365e-14       2.016249551884e-15       6.123253579900e-17 
  547       3.516320054656e-10       1.043242971327e-12      -3.175651144550e-13       0.000000000000e+00       5.622586859972e-14       2.020096250500e-15       4.999579797220e-17 
  548       3.512968425260e-10       1.058540179918e-12      -1.504575386669e-13       0.000000000000e+00       5.587046690593e-14       2.024623610141e-15       3.883640992411e-17 
  549       3.509323660227e-10       1.074531866415e-12       1.511992630917e-14       0.000000000000e+00       5.551796974116e-14       2.029831251713e-15       2.775546415697e-17 
  550       3.505388628281e-10       1.091215327815e-12       1.790656748714e-13       0.000000000000e+00       5.516834898411e-14       2.035718708698e-15       1.675405320047e-17 
  551       3.501166268214e-10       1.108587746490e-12       3.412769033179e-13       0.000000000000e+00       5.482157547741e-14       2.042285426635e-15       5.833269582750e-18 
  552       3.496659589242e-10       1.126646189560e-12       5.016496049075e-13       0.000000000000e+00       5.447761902172e-14       2.049530762595e-15      -5.005794198678e-18 
  553       3.491871671359e-10       1.145387608265e-12       6.600785649205e-13       0.000000000000e+00       5.413644836986e-14       2.057453984661e-15      -1.576204570590e-17 
  554       3.486805665688e-10       1.164808837331e-12       8.164573557203e-13       0.000000000000e+00       5.379803122089e-14       2.066054271401e-15      -2.643439258962e-17 
  555       3.481464794837e-10       1.184906594349e-12       9.706783318135e-13       0.000000000000e+00       5.346233421422e-14       2.075330711349e-15      -3.702174261824e-17 
  556       3.475852353252e-10       1.205677479138e-12       1.122632624912e-12       0.000000000000e+00       5.312932292371e-14       2.085282302479e-15      -4.752300370679e-17 
  557       3.469971707570e-10       1.227117973122e-12       1.272210138992e-12       0.000000000000e+00       5.279896185179e-14       2.095907951681e-15      -5.793708394602e-17 
  558       3.463826296973e-10       1.249224438696e-12       1.419299545357e-12       0.000000000000e+00       5.247121442354e-14       2.107206474244e-15      -6.826289163138e-17 
  559       3.457419633544e-10       1.271993118604e-12       1.563788277699e-12       0.000000000000e+00       5.214604298085e-14       2.119176593325e-15      -7.849933529206e-17 
  560       3.450755302616e-10       1.295420135302e-12       1.705562527156e-12       0.000000000000e+00       5.182340877643e-14       2.131816939433e-15      -8.864532372000e-17 
  561       3.443836963129e-10       1.319501490335e-12       1.844507237378e-12       0.000000000000e+00       5.150327196800e-14       2.145126049901e-15      -9.869976599891e-17 
  562       3.436668347984e-10       1.344233063706e-12       1.980506099585e-12       0.000000000000e+00       5.118559161237e-14       2.159102368364e-15      -1.086615715333e-16 
  563       3.429253264395e-10       1.369610613247e-12       2.113441547626e-12       0.000000000000e+00       5.087032565953e-14       2.173744244240e-15      -1.185296500775e-16 
  564       3.421595594243e-10       1.395629773990e-12       2.243194753044e-12       0.000000000000e+00       5.055743094675e-14       2.189049932200e-15      -1.283029117646e-16 
  565       3.413699294431e-10       1.422286057538e-12       2.369645620137e-12       0.000000000000e+00       5.024686319272e-14       2.205017591653e-15      -1.379802671357e-16 
  566       3.405568510011e-10       1.449573989795e-12       2.492687197075e-12       0.000000000000e+00       4.993858377729e-14       2.221643296854e-15      -1.475608507692e-16 
  567       3.397207916058e-10       1.477484501050e-12       2.612269326665e-12       0.000000000000e+00       4.963258028437e-14       2.238915012072e-15      -1.570446984330e-16 
  568       3.388622385291e-10       1.506007467507e-12       2.728356108820e-12       0.000000000000e+00       4.932884647590e-14       2.256818460392e-15      -1.664320874103e-16 
  569       3.379816876486e-10       1.535132565902e-12       2.840911586559e-12       0.000000000000e+00       4.902737555068e-14       2.275339097793e-15      -1.757233145880e-16 
  570       3.370796434876e-10       1.564849272554e-12       2.949899746463e-12       0.000000000000e+00       4.872816014093e-14       2.294462111877e-15      -1.849186965693e-16 
  571       3.361566192543e-10       1.595146862410e-12       3.055284519119e-12       0.000000000000e+00       4.843119230903e-14       2.314172420604e-15      -1.940185697862e-16 
  572       3.352131368816e-10       1.626014408096e-12       3.157029779578e-12       0.000000000000e+00       4.813646354409e-14       2.334454671025e-15      -2.030232906119e-16 
  573       3.342497270666e-10       1.657440778967e-12       3.255099347803e-12       0.000000000000e+00       4.784396475865e-14       2.355293238014e-15      -2.119332354742e-16 
  574       3.332669293101e-10       1.689414640155e-12       3.349456989123e-12       0.000000000000e+00       4.755368628527e-14       2.376672223002e-15      -2.207488009671e-16 
  575       3.322652919564e-10       1.721924451616e-12       3.440066414681e-12       0.000000000000e+00       4.726561787318e-14       2.398575452710e-15      -2.294704039644e-16 
  576       3.312453722328e-10       1.754958467183e-12       3.526891281890e-12       0.000000000000e+00       4.697974868498e-14       2.420986477883e-15      -2.380984817315e-16 
  577       3.302077362891e-10       1.788504733610e-12       3.609895194879e-12       0.000000000000e+00       4.669606729320e-14       2.443888572022e-15      -2.466334920387e-16 
  578       3.291529592371e-10       1.822551089624e-12       3.689041704950e-12       0.000000000000e+00       4.641456167700e-14       2.467264730117e-15      -2.550759132735e-16 
  579       3.280816251905e-10       1.857085164975e-12       3.764294311025e-12       0.000000000000e+00       4.613521921878e-14       2.491097667379e-15      -2.634262445531e-16 
  580       3.269943273044e-10       1.892094379481e-12       3.835616460100e-12       0.000000000000e+00       4.585802670084e-14       2.515369817977e-15      -2.716850058374e-16 
  581       3.258916678144e-10       1.927565942080e-12       3.902971547696e-12       0.000000000000e+00       4.558297030201e-14       2.540063333768e-15      -2.798527380412e-16 
  582       3.247742580770e-10       1.963486849877e-12       3.966322918310e-12       0.000000000000e+00       4.531003559432e-14       2.565160083030e-15      -2.879300031474e-16 
  583       3.236427186084e-10       1.999843887194e-12       4.025633865866e-12       0.000000000000e+00       4.503920753959e-14       2.590641649196e-15      -2.959173843189e-16 
  584       3.224976791248e-10       2.036623624620e-12       4.080867634168e-12       0.000000000000e+00       4.477047048611e-14       2.616489329589e-15      -3.038154860119e-16 
  585       3.213397785814e-10       2.073812418057e-12       4.131987417351e-12       0.000000000000e+00       4.450380816530e-14       2.642684134150e-15      -3.116249340882e-16 
  586       3.201696652122e-10       2.111396407770e-12       4.178956360331e-12       0.000000000000e+00       4.423920368830e-14       2.669206784176e-15      -3.193463759277e-16 
  587       3.189879965697e-10       2.149361517437e-12       4.221737559257e-12       0.000000000000e+00       4.397663954264e-14       2.696037711053e-15      -3.269804805415e-16 
  588       3.177954395643e-10       2.187693453199e-12       4.260294061964e-12       0.000000000000e+00       4.371609758889e-14       2.723157054984e-15      -3.345279386838e-16 
  589       3.165926705040e-10       2.226377702703e-12       4.294588868424e-12       0.000000000000e+00       4.345755905729e-14       2.750544663728e-15      -3.419894629655e-16 
  590       3.153803751339e-10       2.265399534159e-12       4.324584931196e-12       0.000000000000e+00       4.320100454438e-14       2.778180091330e-15      -3.493657879658e-16 
  591       3.141592486760e-10       2.304743995383e-12       4.350245155877e-12       0.000000000000e+00       4.294641400968e-14       2.806042596855e-15      -3.566576703457e-16 
  592       3.129299958685e-10       2.344395912846e-12       4.371532401558e-12       0.000000000000e+00       4.269376677230e-14       2.834111143121e-15      -3.638658889600e-16 
  593       3.116933310054e-10       2.384339890728e-12       4.388409481269e-12       0.000000000000e+00       4.244304150758e-14       2.862364395432e-15      -3.709912449702e-16 
  594       3.104499779763e-10       2.424560309960e-12       4.400839162435e-12       0.000000000000e+00       4.219421624375e-14       2.890780720311e-15      -3.780345619574e-16 
  595       3.092006703059e-10       2.465041327281e-12       4.408784167327e-12       0.000000000000e+00       4.194726835858e-14       2.919338184234e-15      -3.849966860341e-16 
  596       3.079461511935e-10       2.505766874276e-12       4.412207173512e-12       0.000000000000e+00       4.170217457597e-14       2.948014552362e-15      -3.918784859579e-16 
  597       3.066871735527e-10       2.546720656437e-12       4.411070814305e-12       0.000000000000e+00       4.145891096265e-14       2.976787287274e-15      -3.986808532433e-16 
  598       3.054245000508e-10       2.587886152202e-12       4.405337679219e-12       0.000000000000e+00       4.121745292482e-14       3.005633547701e-15      -4.054047022746e-16 
  599       3.041589031487e-10       2.629246612011e-12       4.394970314421e-12       0.000000000000e+00       4.097777520474e-14       3.034530187259e-15      -4.120509704188e-16 
  600       3.028911651400e-10       2.670785057348e-12       4.379931223178e-12       0.000000000000e+00       4.073985187742e-14       3.063453753182e-15      -4.186206181377e-16 
  601       3.016220781913e-10       2.712484279797e-12       4.360182866313e-12       0.000000000000e+00       4.050365634725e-14       3.092380485055e-15      -4.251146291010e-16 
  602       3.003524443809e-10       2.754326840086e-12       4.335687662651e-12       0.000000000000e+00       4.026916134462e-14       3.121286313546e-15      -4.315340102987e-16 
  603       2.990830757393e-10       2.796295067138e-12       4.306407989478e-12       0.000000000000e+00       4.003633892260e-14       3.150146859143e-15      -4.378797921537e-16 
  604       2.978147942878e-10       2.838371057120e-12       4.272306182986e-12       0.000000000000e+00       3.980516045356e-14       3.178937430880e-15      -4.441530286345e-16 
  605       2.965483681003e-10       2.880537503845e-12       4.233356008527e-12       0.000000000000e+00       3.957560087222e-14       3.207637456410e-15      -4.503544541544e-16 
  606       2.952843177130e-10       2.922780213886e-12       4.189577373810e-12       0.000000000000e+00       3.934765152382e-14       3.236243891919e-15      -4.564834449671e-16 
  607       2.940231051311e-10       2.965085650147e-12       4.141002452462e-12       0.000000000000e+00       3.912130761871e-14       3.264758132604e-15      -4.625390329845e-16 
  608       2.927651974042e-10       3.007440105308e-12       4.087664294081e-12       0.000000000000e+00       3.889656401194e-14       3.293181610755e-15      -4.685202467273e-16 
  609       2.915110666447e-10       3.049829701153e-12       4.029596828443e-12       0.000000000000e+00       3.867341520133e-14       3.321515795932e-15      -4.744261113253e-16 
  610       2.902611900467e-10       3.092240387884e-12       3.966834869704e-12       0.000000000000e+00       3.845185532548e-14       3.349762195157e-15      -4.802556485175e-16 
  611       2.890160499045e-10       3.134657943445e-12       3.899414120608e-12       0.000000000000e+00       3.823187816180e-14       3.377922353087e-15      -4.860078766523e-16 
  612       2.877761336315e-10       3.177067972842e-12       3.827371176694e-12       0.000000000000e+00       3.801347712457e-14       3.405997852207e-15      -4.916818106883e-16 
  613       2.865419337784e-10       3.219455907467e-12       3.750743530497e-12       0.000000000000e+00       3.779664526294e-14       3.433990313009e-15      -4.972764621938e-16 
  614       2.853139480524e-10       3.261807004414e-12       3.669569575757e-12       0.000000000000e+00       3.758137525896e-14       3.461901394175e-15      -5.027908393480e-16 
  615       2.840926793353e-10       3.304106345804e-12       3.583888611624e-12       0.000000000000e+00       3.736765942564e-14       3.489732792762e-15      -5.082239469405e-16 
  616       2.828786357024e-10       3.346338838106e-12       3.493740846864e-12       0.000000000000e+00       3.715548970497e-14       3.517486244386e-15      -5.135747863722e-16 
  617       2.816723304413e-10       3.388489211453e-12       3.399167404062e-12       0.000000000000e+00       3.694485766594e-14       3.545163523405e-15      -5.188423556550e-16 
  618       2.804742820703e-10       3.430542018970e-12       3.300210323833e-12       0.000000000000e+00       3.673575450259e-14       3.572766443100e-15      -5.240256494128e-16 
  619       2.792850143570e-10       3.472481636091e-12       3.196912569020e-12       0.000000000000e+00       3.652817103201e-14       3.600296855862e-15      -5.291236588812e-16 
  620       2.781050563372e-10       3.514292259878e-12       3.089318028907e-12       0.000000000000e+00       3.632209769242e-14       3.627756653377e-15      -5.341353719079e-16 
  621       2.769349423333e-10       3.555957908348e-12       2.977471523420e-12       0.000000000000e+00       3.611752454118e-14       3.655147766801e-15      -5.390597729533e-16 
  622       2.757752119733e-10       3.597462419789e-12       2.861418807334e-12       0.000000000000e+00       3.591444125279e-14       3.682472166955e-15      -5.438958430906e-16 
  623       2.746264102088e-10       3.638789452082e-12       2.741206574479e-12       0.000000000000e+00       3.571283711697e-14       3.709731864498e-15      -5.486425600058e-16 
  624       2.734890873344e-10       3.679922482025e-12       2.616882461943e-12       0.000000000000e+00       3.551270103667e-14       3.736928910119e-15      -5.532988979987e-16 
  625       2.723637990058e-10       3.720844804648e-12       2.488495054283e-12       0.000000000000e+00       3.531402152610e-14       3.764065394716e-15      -5.578638279825e-16 
  626       2.712511062586e-10       3.761539532541e-12       2.356093887726e-12       0.000000000000e+00       3.511678670877e-14       3.791143449578e-15      -5.623363174844e-16 
  627       2.701515755270e-10       3.801989595170e-12       2.219729454373e-12       0.000000000000e+00       3.492098431551e-14       3.818165246573e-15      -5.667153306458e-16 
  628       2.690657786626e-10       3.842177738198e-12       2.079453206412e-12       0.000000000000e+00       3.472660168253e-14       3.845132998330e-15      -5.709998282229e-16 
  629       2.679942929525e-10       3.882086522810e-12       1.935317560316e-12       0.000000000000e+00       3.453362574941e-14       3.872048958419e-15      -5.751887675865e-16 
  630       2.669377011386e-10       3.921698325032e-12       1.787375901053e-12       0.000000000000e+00       3.434204305716e-14       3.898915421541e-15      -5.792811027226e-16 
  631       2.658965914359e-10       3.960995335048e-12       1.635682586289e-12       0.000000000000e+00       3.415183974624e-14       3.925734723705e-15      -5.832757842327e-16 
  632       2.648715575509e-10       3.999959556527e-12       1.480292950596e-12       0.000000000000e+00       3.396300155462e-14       3.952509242415e-15      -5.871717593340e-16 
  633       2.638631987010e-10       4.038572805943e-12       1.321263309655e-12       0.000000000000e+00       3.377551381576e-14       3.979241396855e-15      -5.909679718596e-16 
  634       2.628721196323e-10       4.076816711890e-12       1.158650964465e-12       0.000000000000e+00       3.358936145669e-14       4.005933648067e-15      -5.946633622592e-16 
  635       2.618989306388e-10       4.114672714413e-12       9.925142055435e-13       0.000000000000e+00       3.340452899602e-14       4.032588499142e-15      -5.982568675988e-16 
  636       2.609442475809e-10       4.152122064318e-12       8.229123171382e-13       0.000000000000e+00       3.322100054197e-14       4.059208495395e-15      -6.017474215614e-16 
  637       2.600086919037e-10       4.189145822503e-12       6.499055814280e-13       0.000000000000e+00       3.303875979040e-14       4.085796224557e-15      -6.051339544473e-16 
  638       2.590928906563e-10       4.225724859272e-12       4.735552827300e-13       0.000000000000e+00       3.285779002287e-14       4.112354316952e-15      -6.084153931741e-16 
  639       2.581974765100e-10       4.261839853658e-12       2.939237117058e-13       0.000000000000e+00       3.267807410463e-14       4.138885445684e-15      -6.115906612774e-16 
  640       2.573230877770e-10       4.297471292747e-12       1.110741695658e-13       0.000000000000e+00       3.249959448268e-14       4.165392326820e-15      -6.146586789108e-16 
  641       2.564703684290e-10       4.332599470995e-12      -7.492902772393e-14       0.000000000000e+00       3.232233318381e-14       4.191877719571e-15      -6.176183628461e-16 
  642       2.556399681161e-10       4.367204489548e-12      -2.640205452371e-13       0.000000000000e+00       3.214627181259e-14       4.218344426480e-15      -6.204686264739e-16 
  643       2.548325421852e-10       4.401266255570e-12      -4.561340248811e-13       0.000000000000e+00       3.197139154944e-14       4.244795293601e-15      -6.232083798039e-16 
  644       2.540486619788e-10       4.434766605981e-12      -6.512003495296e-13       0.000000000000e+00       3.179767583861e-14       4.271231420541e-15      -6.258368858989e-16 
  645       2.532885434657e-10       4.467695732832e-12      -8.491424008101e-13       0.000000000000e+00       3.162511852292e-14       4.297646745728e-15      -6.283548390339e-16 
  646       2.525523125060e-10       4.500045901998e-12      -1.049880174367e-12       0.000000000000e+00       3.145371588922e-14       4.324033338967e-15      -6.307633109366e-16 
  647       2.518400940077e-10       4.531809341854e-12      -1.253332496090e-12       0.000000000000e+00       3.128346399391e-14       4.350383180160e-15      -6.330633966659e-16 
  648       2.511520119199e-10       4.562978243208e-12      -1.459417017404e-12       0.000000000000e+00       3.111435866174e-14       4.376688158970e-15      -6.352562147145e-16 
  649       2.504881892245e-10       4.593544759234e-12      -1.668050210565e-12       0.000000000000e+00       3.094639548464e-14       4.402940074491e-15      -6.373429071124e-16 
  650       2.498487479301e-10       4.623501005413e-12      -1.879147363957e-12       0.000000000000e+00       3.077956982049e-14       4.429130634909e-15      -6.393246395304e-16 
  651       2.492338090638e-10       4.652839059459e-12      -2.092622577381e-12       0.000000000000e+00       3.061387679198e-14       4.455251457176e-15      -6.412026013831e-16 
  652       2.486434926644e-10       4.681550961263e-12      -2.308388757353e-12       0.000000000000e+00       3.044931128538e-14       4.481294066667e-15      -6.429780059321e-16 
  653       2.480779177752e-10       4.709628712819e-12      -2.526357612398e-12       0.000000000000e+00       3.028586794936e-14       4.507249896855e-15      -6.446520903897e-16 
  654       2.475372024363e-10       4.737064278166e-12      -2.746439648342e-12       0.000000000000e+00       3.012354119380e-14       4.533110288971e-15      -6.462261160215e-16 
  655       2.470214636776e-10       4.763849583317e-12      -2.968544163608e-12       0.000000000000e+00       2.996232518860e-14       4.558866491676e-15      -6.477013682502e-16 
  656       2.465308175116e-10       4.789976516198e-12      -3.192579244508e-12       0.000000000000e+00       2.980221386250e-14       4.584509660721e-15      -6.490791567589e-16 
  657       2.460653789259e-10       4.815436926581e-12      -3.418451760540e-12       0.000000000000e+00       2.964320090186e-14       4.610030858618e-15      -6.503608155937e-16 
  658       2.456252618761e-10       4.840222626017e-12      -3.646067359681e-12       0.000000000000e+00       2.948527974950e-14       4.635421054305e-15      -6.515477032679e-16 
  659       2.452105792785e-10       4.864325387774e-12      -3.875330463679e-12       0.000000000000e+00       2.932844360350e-14       4.660671122814e-15      -6.526412028644e-16 
  660       2.448214430027e-10       4.887736946770e-12      -4.106144263352e-12       0.000000000000e+00       2.917268541598e-14       4.685771844932e-15      -6.536427221395e-16 
  661       2.444579638645e-10       4.910448999507e-12      -4.338410713876e-12       0.000000000000e+00       2.901799789196e-14       4.710713906875e-15      -6.545536936262e-16 
  662       2.441202516184e-10       4.932453204007e-12      -4.572030530086e-12       0.000000000000e+00       2.886437348813e-14       4.735487899949e-15      -6.553755747369e-16 
  663       2.438084149505e-10       4.953741179747e-12      -4.806903181762e-12       0.000000000000e+00       2.871180441168e-14       4.760084320216e-15      -6.561098478673e-16 
  664       2.435225614714e-10       4.974304507592e-12      -5.042926888932e-12       0.000000000000e+00       2.856028261908e-14       4.784493568164e-15      -6.567580204994e-16 
  665       2.432627977085e-10       4.994134729731e-12      -5.279998617159e-12       0.000000000000e+00       2.840979981493e-14       4.808705948372e-15      -6.573216253047e-16 
  666       2.430292290989e-10       5.013223349612e-12      -5.518014072839e-12       0.000000000000e+00       2.826034745075e-14       4.832711669175e-15      -6.578022202476e-16 
  667       2.428219599823e-10       5.031561831875e-12      -5.756867698495e-12       0.000000000000e+00       2.811191672377e-14       4.856500842331e-15      -6.582013886885e-16 
  668       2.426410935934e-10       5.049141602290e-12      -5.996452668068e-12       0.000000000000e+00       2.796449857578e-14       4.880063482687e-15      -6.585207394872e-16 
  669       2.424867320551e-10       5.065954047687e-12      -6.236660882215e-12       0.000000000000e+00       2.781808369189e-14       4.903389507848e-15      -6.587619071062e-16 
  670       2.423589763706e-10       5.081990515896e-12      -6.477382963602e-12       0.000000000000e+00       2.767266249938e-14       4.926468737839e-15      -6.589265517139e-16 
  671       2.422579264166e-10       5.097242315677e-12      -6.718508252196e-12       0.000000000000e+00       2.752822516650e-14       4.949290894776e-15      -6.590163592877e-16 
  672       2.421836809360e-10       5.111700716657e-12      -6.959924800562e-12       0.000000000000e+00       2.738476160126e-14       4.971845602528e-15      -6.590330417176e-16 
  673       2.421363375304e-10       5.125356949266e-12      -7.201519369157e-12       0.000000000000e+00       2.724226145025e-14       4.994122386385e-15      -6.589783369093e-16 
  674       2.421159926528e-10       5.138202204669e-12      -7.443177421621e-12       0.000000000000e+00       2.710071409747e-14       5.016110672728e-15      -6.588540088872e-16 
  675       2.421227416007e-10       5.150227634703e-12      -7.684783120075e-12       0.000000000000e+00       2.696010866309e-14       5.037799788687e-15      -6.586618478981e-16 
  676       2.421566785083e-10       5.161424351808e-12      -7.926219320411e-12       0.000000000000e+00       2.682043400231e-14       5.059178961818e-15      -6.584036705144e-16 
  677       2.422178963398e-10       5.171783428968e-12      -8.167367567593e-12       0.000000000000e+00       2.668167870415e-14       5.080237319759e-15      -6.580813197371e-16 
  678       2.423064868816e-10       5.181295899640e-12      -8.408108090943e-12       0.000000000000e+00       2.654383109024e-14       5.100963889904e-15      -6.576966650991e-16 
  679       2.424225407354e-10       5.189952757690e-12      -8.648319799440e-12       0.000000000000e+00       2.640687921366e-14       5.121347599065e-15      -6.572516027688e-16 
  680       2.425661473106e-10       5.197744957332e-12      -8.887880277013e-12       0.000000000000e+00       2.627081085773e-14       5.141377273141e-15      -6.567480556530e-16 
  681       2.427373948174e-10       5.204663413056e-12      -9.126665777836e-12       0.000000000000e+00       2.613561353483e-14       5.161041636782e-15      -6.561879735004e-16 
  682       2.429363702592e-10       5.210698999566e-12      -9.364551221620e-12       0.000000000000e+00       2.600127448518e-14       5.180329313058e-15      -6.555733330046e-16 
  683       2.431631005647e-10       5.215844690083e-12      -9.601419033782e-12       0.000000000000e+00       2.586778245805e-14       5.199230817651e-15      -6.549057523242e-16 
  684       2.434173746191e-10       5.220102021461e-12      -9.837185882550e-12       0.000000000000e+00       2.573513309936e-14       5.217744588836e-15      -6.541853254028e-16 
  685       2.436989174195e-10       5.223474766944e-12      -1.007177650327e-11       0.000000000000e+00       2.560332367667e-14       5.235871085553e-15      -6.534117629708e-16 
  686       2.440074485697e-10       5.225966810777e-12      -1.030511490279e-11       0.000000000000e+00       2.547235130658e-14       5.253610804718e-15      -6.525847758800e-16 
  687       2.443426822572e-10       5.227582148690e-12      -1.053712435700e-11       0.000000000000e+00       2.534221295393e-14       5.270964281398e-15      -6.517040751077e-16 
  688       2.447043272314e-10       5.228324888387e-12      -1.076772740845e-11       0.000000000000e+00       2.521290543111e-14       5.287932088988e-15      -6.507693717613e-16 
  689       2.450920867808e-10       5.228199250023e-12      -1.099684586387e-11       0.000000000000e+00       2.508442539730e-14       5.304514839396e-15      -6.497803770817e-16 
  690       2.455056587107e-10       5.227209566692e-12      -1.122440079174e-11       0.000000000000e+00       2.495676935775e-14       5.320713183215e-15      -6.487368024486e-16 
  691       2.459447353209e-10       5.225360284910e-12      -1.145031251989e-11       0.000000000000e+00       2.482993366304e-14       5.336527809906e-15      -6.476383593838e-16 
  692       2.464090033834e-10       5.222655965102e-12      -1.167450063304e-11       0.000000000000e+00       2.470391450837e-14       5.351959447974e-15      -6.464847595559e-16 
  693       2.468981441196e-10       5.219101282078e-12      -1.189688397035e-11       0.000000000000e+00       2.457870793278e-14       5.367008865149e-15      -6.452757147845e-16 
  694       2.474118331784e-10       5.214701025527e-12      -1.211738062302e-11       0.000000000000e+00       2.445430981847e-14       5.381676868562e-15      -6.440109370441e-16 
  695       2.479497406133e-10       5.209460100493e-12      -1.233590793184e-11       0.000000000000e+00       2.433071589004e-14       5.395964304928e-15      -6.426901384688e-16 
  696       2.485115308606e-10       5.203383527865e-12      -1.255238248478e-11       0.000000000000e+00       2.420792171373e-14       5.409872060718e-15      -6.413130313561e-16 
  697       2.490968627164e-10       5.196476444855e-12      -1.276672011448e-11       0.000000000000e+00       2.408592269674e-14       5.423401062345e-15      -6.398793281715e-16 
  698       2.497053893146e-10       5.188744105489e-12      -1.297883589593e-11       0.000000000000e+00       2.396471408648e-14       5.436552276338e-15      -6.383887415522e-16 
  699       2.503367581045e-10       5.180191881083e-12      -1.318864414394e-11       0.000000000000e+00       2.384429096981e-14       5.449326709520e-15      -6.368409843120e-16 
  700       2.509906108280e-10       5.170825260734e-12      -1.339605841076e-11       0.000000000000e+00       2.372464827233e-14       5.461725409192e-15      -6.352357694450e-16 
  701       2.516665834979e-10       5.160649851800e-12      -1.360099148360e-11       0.000000000000e+00       2.360578075765e-14       5.473749463307e-15      -6.335728101298e-16 
  702       2.523643063746e-10       5.149671380385e-12      -1.380335538227e-11       0.000000000000e+00       2.348768302664e-14       5.485400000649e-15      -6.318518197342e-16 
  703       2.530834039448e-10       5.137895691825e-12      -1.400306135666e-11       0.000000000000e+00       2.337034951672e-14       5.496678191012e-15      -6.300725118190e-16 
  704       2.538234948980e-10       5.125328751168e-12      -1.420001988437e-11       0.000000000000e+00       2.325377450109e-14       5.507585245383e-15      -6.282346001424e-16 
  705       2.545841921050e-10       5.111976643660e-12      -1.439414066824e-11       0.000000000000e+00       2.313795208805e-14       5.518122416113e-15      -6.263377986640e-16 
  706       2.553651025948e-10       5.097845575231e-12      -1.458533263394e-11       0.000000000000e+00       2.302287622021e-14       5.528290997103e-15      -6.243818215495e-16 
  707       2.561658275327e-10       5.082941872975e-12      -1.477350392751e-11       0.000000000000e+00       2.290854067380e-14       5.538092323975e-15      -6.223663831742e-16 
  708       2.569859621978e-10       5.067271985638e-12      -1.495856191296e-11       0.000000000000e+00       2.279493905791e-14       5.547527774260e-15      -6.202911981281e-16 
  709       2.578250959605e-10       5.050842484099e-12      -1.514041316981e-11       0.000000000000e+00       2.268206481378e-14       5.556598767568e-15      -6.181559812193e-16 
  710       2.586828122600e-10       5.033660061854e-12      -1.531896349065e-11       0.000000000000e+00       2.256991121404e-14       5.565306765773e-15      -6.159604474787e-16 
  711       2.595586885822e-10       5.015731535504e-12      -1.549411787874e-11       0.000000000000e+00       2.245847136200e-14       5.573653273186e-15      -6.137043121641e-16 
  712       2.604522964371e-10       4.997063845234e-12      -1.566578054554e-11       0.000000000000e+00       2.234773819092e-14       5.581639836741e-15      -6.113872907645e-16 
  713       2.613632013366e-10       4.977664055298e-12      -1.583385490829e-11       0.000000000000e+00       2.223770446323e-14       5.589268046166e-15      -6.090090990041e-16 
  714       2.622909627717e-10       4.957539354507e-12      -1.599824358760e-11       0.000000000000e+00       2.212836276985e-14       5.596539534166e-15      -6.065694528467e-16 
  715       2.632351341906e-10       4.936697056707e-12      -1.615884840497e-11       0.000000000000e+00       2.201970552946e-14       5.603455976602e-15      -6.040680685000e-16 
  716       2.641952629760e-10       4.915144601269e-12      -1.631557038039e-11       0.000000000000e+00       2.191172498771e-14       5.610019092666e-15      -6.015046624196e-16 
  717       2.651708904227e-10       4.892889553567e-12      -1.646830972989e-11       0.000000000000e+00       2.180441321655e-14       5.616230645064e-15      -5.988789513134e-16 
  718       2.661615517154e-10       4.869939605468e-12      -1.661696586313e-11       0.000000000000e+00       2.169776211344e-14       5.622092440193e-15      -5.961906521457e-16 
  719       2.671667759062e-10       4.846302575810e-12      -1.676143738091e-11       0.000000000000e+00       2.159176340067e-14       5.627606328320e-15      -5.934394821413e-16 
  720       2.681860858921e-10       4.821986410891e-12      -1.690162207282e-11       0.000000000000e+00       2.148640862459e-14       5.632774203757e-15      -5.906251587904e-16 
  721       2.692189983928e-10       4.796999184951e-12      -1.703741691472e-11       0.000000000000e+00       2.138168915490e-14       5.637598005046e-15      -5.877473998517e-16 
  722       2.702650274364e-10       4.771349904398e-12      -1.716873181251e-11       0.000000000000e+00       2.127759735074e-14       5.642079664214e-15      -5.848061328658e-16 
  723       2.713236949397e-10       4.745050937336e-12      -1.729553114269e-11       0.000000000000e+00       2.117413008640e-14       5.646220953069e-15      -5.818021283256e-16 
  724       2.723945202973e-10       4.718115634073e-12      -1.741779304602e-11       0.000000000000e+00       2.107128529540e-14       5.650023634151e-15      -5.787363793034e-16 
  725       2.734770168712e-10       4.690557528485e-12      -1.753549575815e-11       0.000000000000e+00       2.096906080958e-14       5.653489511543e-15      -5.756098931534e-16 
  726       2.745706919692e-10       4.662390338689e-12      -1.764861761031e-11       0.000000000000e+00       2.086745435870e-14       5.656620431034e-15      -5.724236915643e-16 
  727       2.756750468233e-10       4.633627967713e-12      -1.775713703006e-11       0.000000000000e+00       2.076646356995e-14       5.659418280286e-15      -5.691788106113e-16 
  728       2.767895765682e-10       4.604284504158e-12      -1.786103254202e-11       0.000000000000e+00       2.066608596747e-14       5.661884989003e-15      -5.658763008088e-16 
  729       2.779137702195e-10       4.574374222874e-12      -1.796028276855e-11       0.000000000000e+00       2.056631897190e-14       5.664022529097e-15      -5.625172271627e-16 
  730       2.790471106524e-10       4.543911585626e-12      -1.805486643053e-11       0.000000000000e+00       2.046715989992e-14       5.665832914854e-15      -5.591026692227e-16 
  731       2.801890745798e-10       4.512911241761e-12      -1.814476234807e-11       0.000000000000e+00       2.036860596375e-14       5.667318203102e-15      -5.556337211347e-16 
  732       2.813391325311e-10       4.481388028881e-12      -1.822994944123e-11       0.000000000000e+00       2.027065427075e-14       5.668480493379e-15      -5.521114916933e-16 
  733       2.824967488300e-10       4.449356973505e-12      -1.831040673074e-11       0.000000000000e+00       2.017330182288e-14       5.669321928097e-15      -5.485371043943e-16 
  734       2.836613815737e-10       4.416833291746e-12      -1.838611333872e-11       0.000000000000e+00       2.007654551631e-14       5.669844692713e-15      -5.449116974865e-16 
  735       2.848324826107e-10       4.383832389973e-12      -1.845704848946e-11       0.000000000000e+00       1.998038214089e-14       5.670051015891e-15      -5.412364240248e-16 
  736       2.860094975195e-10       4.350369865484e-12      -1.852319151007e-11       0.000000000000e+00       1.988480837972e-14       5.669943169673e-15      -5.375124519222e-16 
  737       2.871918655868e-10       4.316461507173e-12      -1.858452183126e-11       0.000000000000e+00       1.978982080869e-14       5.669523469646e-15      -5.337409640022e-16 
  738       2.883790197861e-10       4.282123296198e-12      -1.864101898803e-11       0.000000000000e+00       1.969541589597e-14       5.668794275106e-15      -5.299231580511e-16 
  739       2.895703867561e-10       4.247371406651e-12      -1.869266262043e-11       0.000000000000e+00       1.960159000161e-14       5.667757989227e-15      -5.260602468708e-16 
  740       2.907653867791e-10       4.212222206227e-12      -1.873943247428e-11       0.000000000000e+00       1.950833937703e-14       5.666417059227e-15      -5.221534583308e-16 
  741       2.919634337592e-10       4.176692256892e-12      -1.878130840186e-11       0.000000000000e+00       1.941566016456e-14       5.664773976537e-15      -5.182040354206e-16 
  742       2.931639352011e-10       4.140798315552e-12      -1.881827036268e-11       0.000000000000e+00       1.932354839701e-14       5.662831276966e-15      -5.142132363021e-16 
  743       2.943662921881e-10       4.104557334721e-12      -1.885029842418e-11       0.000000000000e+00       1.923199999715e-14       5.660591540868e-15      -5.101823343624e-16 
  744       2.955698993608e-10       4.067986463192e-12      -1.887737276246e-11       0.000000000000e+00       1.914101077727e-14       5.658057393309e-15      -5.061126182655e-16 
  745       2.967741448956e-10       4.031103046702e-12      -1.889947366304e-11       0.000000000000e+00       1.905057643875e-14       5.655231504237e-15      -5.020053920052e-16 
  746       2.979784104826e-10       3.993924628606e-12      -1.891658152151e-11       0.000000000000e+00       1.896069257153e-14       5.652116588644e-15      -4.978619749571e-16 
  747       2.991820713045e-10       3.956468950540e-12      -1.892867684435e-11       0.000000000000e+00       1.887135465370e-14       5.648715406736e-15      -4.936837019314e-16 
  748       3.003844960149e-10       3.918753953094e-12      -1.893574024957e-11       0.000000000000e+00       1.878255805100e-14       5.645030764099e-15      -4.894719232250e-16 
  749       3.015850467166e-10       3.880797776479e-12      -1.893775246751e-11       0.000000000000e+00       1.869429801638e-14       5.641065511869e-15      -4.852280046741e-16 
  750       3.027830789402e-10       3.842618761195e-12      -1.893469434149e-11       0.000000000000e+00       1.860656968950e-14       5.636822546892e-15      -4.809533277060e-16 
  751       3.039779416222e-10       3.804235448703e-12      -1.892654682861e-11       0.000000000000e+00       1.851936809632e-14       5.632304811898e-15      -4.766492893925e-16 
  752       3.051689770838e-10       3.765666582090e-12      -1.891329100043e-11       0.000000000000e+00       1.843268814858e-14       5.627515295667e-15      -4.723173025013e-16 
  753       3.063555210089e-10       3.726931106739e-12      -1.889490804372e-11       0.000000000000e+00       1.834652464337e-14       5.622457033190e-15      -4.679587955490e-16 
  754       3.075369024229e-10       3.688048170999e-12      -1.887137926116e-11       0.000000000000e+00       1.826087226264e-14       5.617133105843e-15      -4.635752128530e-16 
  755       3.087124436709e-10       3.649037126852e-12      -1.884268607210e-11       0.000000000000e+00       1.817572557278e-14       5.611546641550e-15      -4.591680145846e-16 
  756       3.098814603961e-10       3.609917530584e-12      -1.880881001323e-11       0.000000000000e+00       1.809107902409e-14       5.605700814954e-15      -4.547386768207e-16 
  757       3.110432615183e-10       3.570709143451e-12      -1.876973273940e-11       0.000000000000e+00       1.800692695036e-14       5.599598847577e-15      -4.502886915962e-16 
  758       3.121971492123e-10       3.531431932349e-12      -1.872543602424e-11       0.000000000000e+00       1.792326356839e-14       5.593244007993e-15      -4.458195669570e-16 
  759       3.133424188862e-10       3.492106070484e-12      -1.867590176095e-11       0.000000000000e+00       1.784008297755e-14       5.586639611995e-15      -4.413328270119e-16 
  760       3.144783591600e-10       3.452751938039e-12      -1.862111196304e-11       0.000000000000e+00       1.775737915927e-14       5.579789022757e-15      -4.368300119849e-16 
  761       3.156043104299e-10       3.413389049246e-12      -1.856105910987e-11       0.000000000000e+00       1.767514677132e-14       5.572694885424e-15      -4.323124362788e-16 
  762       3.167198418372e-10       3.374032809696e-12      -1.849577739960e-11       0.000000000000e+00       1.759338354820e-14       5.565356814438e-15      -4.277804574723e-16 
  763       3.178245776492e-10       3.334697698193e-12      -1.842531209683e-11       0.000000000000e+00       1.751208794585e-14       5.557773662207e-15      -4.232341934135e-16 
  764       3.189181389709e-10       3.295398335164e-12      -1.834970924484e-11       0.000000000000e+00       1.743125835077e-14       5.549944280682e-15      -4.186737629419e-16 
  765       3.200001437354e-10       3.256149483109e-12      -1.826901566845e-11       0.000000000000e+00       1.735089307975e-14       5.541867521363e-15      -4.140992858906e-16 
  766       3.210702066948e-10       3.216966047047e-12      -1.818327897692e-11       0.000000000000e+00       1.727099037956e-14       5.533542235308e-15      -4.095108830887e-16 
  767       3.221279394106e-10       3.177863074957e-12      -1.809254756679e-11       0.000000000000e+00       1.719154842666e-14       5.524967273141e-15      -4.049086763636e-16 
  768       3.231729502439e-10       3.138855758234e-12      -1.799687062474e-11       0.000000000000e+00       1.711256532688e-14       5.516141485064e-15      -4.002927885434e-16 
  769       3.242048443465e-10       3.099959432127e-12      -1.789629813049e-11       0.000000000000e+00       1.703403911512e-14       5.507063720860e-15      -3.956633434590e-16 
  770       3.252232236510e-10       3.061189576191e-12      -1.779088085963e-11       0.000000000000e+00       1.695596775507e-14       5.497732829907e-15      -3.910204659465e-16 
  771       3.262276868613e-10       3.022561814730e-12      -1.768067038652e-11       0.000000000000e+00       1.687834913889e-14       5.488147661182e-15      -3.863642818494e-16 
  772       3.272178294438e-10       2.984091917248e-12      -1.756571908712e-11       0.000000000000e+00       1.680118108693e-14       5.478307063272e-15      -3.816949180214e-16 
  773       3.281932436169e-10       2.945795798891e-12      -1.744608014190e-11       0.000000000000e+00       1.672446134741e-14       5.468209884384e-15      -3.770125023279e-16 
  774       3.291535183424e-10       2.907689520896e-12      -1.732180753867e-11       0.000000000000e+00       1.664818759612e-14       5.457854972350e-15      -3.723171636491e-16 
  775       3.300982393157e-10       2.869789291037e-12      -1.719295607545e-11       0.000000000000e+00       1.657235743613e-14       5.447241174637e-15      -3.676090318816e-16 
  776       3.310269889563e-10       2.832111464072e-12      -1.705958136338e-11       0.000000000000e+00       1.649696839749e-14       5.436367338357e-15      -3.628882379413e-16 
  777       3.319393463983e-10       2.794672542188e-12      -1.692173982953e-11       0.000000000000e+00       1.642201793693e-14       5.425232310272e-15      -3.581549137655e-16 
  778       3.328348874813e-10       2.757489175452e-12      -1.677948871980e-11       0.000000000000e+00       1.634750343752e-14       5.413834936808e-15      -3.534091923148e-16 
  779       3.337131847404e-10       2.720578162250e-12      -1.663288610177e-11       0.000000000000e+00       1.627342220846e-14       5.402174064058e-15      -3.486512075763e-16 
  780       3.345738073971e-10       2.683956449742e-12      -1.648199086758e-11       0.000000000000e+00       1.619977148468e-14       5.390248537793e-15      -3.438810945650e-16 
  781       3.354163213497e-10       2.647641134303e-12      -1.632686273681e-11       0.000000000000e+00       1.612654842659e-14       5.378057203473e-15      -3.390989893265e-16 
  782       3.362402891638e-10       2.611649461970e-12      -1.616756225929e-11       0.000000000000e+00       1.605375011979e-14       5.365598906251e-15      -3.343050289395e-16 
  783       3.370452700631e-10       2.575998828893e-12      -1.600415081805e-11       0.000000000000e+00       1.598137357473e-14       5.352872490982e-15      -3.294993515177e-16 
  784       3.378308199197e-10       2.540706781775e-12      -1.583669063210e-11       0.000000000000e+00       1.590941572646e-14       5.339876802237e-15      -3.246820962125e-16 
  785       3.385964912444e-10       2.505791018325e-12      -1.566524475937e-11       0.000000000000e+00       1.583787343427e-14       5.326610684305e-15      -3.198534032149e-16 
  786       3.393418331778e-10       2.471269387699e-12      -1.548987709954e-11       0.000000000000e+00       1.576674348143e-14       5.313072981205e-15      -3.150134137582e-16 
  787       3.400663914805e-10       2.437159890952e-12      -1.531065239691e-11       0.000000000000e+00       1.569602257490e-14       5.299262536693e-15      -3.101622701200e-16 
  788       3.407697085235e-10       2.403480681477e-12      -1.512763624325e-11       0.000000000000e+00       1.562570734499e-14       5.285178194273e-15      -3.053001156248e-16 
  789       3.414513232792e-10       2.370250065463e-12      -1.494089508073e-11       0.000000000000e+00       1.555579434508e-14       5.270818797202e-15      -3.004270946460e-16 
  790       3.421107713114e-10       2.337486502329e-12      -1.475049620470e-11       0.000000000000e+00       1.548628005132e-14       5.256183188502e-15      -2.955433526083e-16 
  791       3.427475847662e-10       2.305208605180e-12      -1.455650776664e-11       0.000000000000e+00       1.541716086233e-14       5.241270210965e-15      -2.906490359902e-16 
  792       3.433612923625e-10       2.273435141248e-12      -1.435899877694e-11       0.000000000000e+00       1.534843309890e-14       5.226078707165e-15      -2.857442923262e-16 
  793       3.439514193822e-10       2.242185032344e-12      -1.415803910787e-11       0.000000000000e+00       1.528009300370e-14       5.210607519466e-15      -2.808292702088e-16 
  794       3.445174876612e-10       2.211477355297e-12      -1.395369949634e-11       0.000000000000e+00       1.521213674093e-14       5.194855490027e-15      -2.759041192914e-16 
  795       3.450590155798e-10       2.181331342408e-12      -1.374605154685e-11       0.000000000000e+00       1.514456039609e-14       5.178821460814e-15      -2.709689902901e-16 
  796       3.455755180529e-10       2.151766381891e-12      -1.353516773431e-11       0.000000000000e+00       1.507735997564e-14       5.162504273610e-15      -2.660240349862e-16 
  797       3.460665065209e-10       2.122802018326e-12      -1.332112140693e-11       0.000000000000e+00       1.501053140669e-14       5.145902770017e-15      -2.610694062285e-16 
  798       3.465314889404e-10       2.094457953098e-12      -1.310398678907e-11       0.000000000000e+00       1.494407053673e-14       5.129015791473e-15      -2.561052579357e-16 
  799       3.469699697740e-10       2.066754044848e-12      -1.288383898412e-11       0.000000000000e+00       1.487797313331e-14       5.111842179253e-15      -2.511317450986e-16 
  800       3.473815248763e-10       2.039707989443e-12      -1.266075492366e-11       0.000000000000e+00       1.481223542451e-14       5.094382048270e-15      -2.461491770276e-16 
  801       3.477660276651e-10       2.013328312582e-12      -1.243481622815e-11       0.000000000000e+00       1.474685573181e-14       5.076640633917e-15      -2.411584801567e-16 
  802       3.481234270566e-10       1.987621250260e-12      -1.220610640410e-11       0.000000000000e+00       1.468183286640e-14       5.058624515405e-15      -2.361607436855e-16 
  803       3.484536729488e-10       1.962593057677e-12      -1.197470990554e-11       0.000000000000e+00       1.461716559092e-14       5.040340348583e-15      -2.311570671298e-16 
  804       3.487567162264e-10       1.938250009249e-12      -1.174071213706e-11       0.000000000000e+00       1.455285261928e-14       5.021794866180e-15      -2.261485603528e-16 
  805       3.490325087647e-10       1.914598398621e-12      -1.150419945686e-11       0.000000000000e+00       1.448889261641e-14       5.002994878056e-15      -2.211363435960e-16 
  806       3.492810034350e-10       1.891644538680e-12      -1.126525917979e-11       0.000000000000e+00       1.442528419812e-14       4.983947271448e-15      -2.161215475100e-16 
  807       3.495021541086e-10       1.869394761564e-12      -1.102397958040e-11       0.000000000000e+00       1.436202593087e-14       4.964659011216e-15      -2.111053131857e-16 
  808       3.496959156616e-10       1.847855418677e-12      -1.078044989596e-11       0.000000000000e+00       1.429911633157e-14       4.945137140094e-15      -2.060887921853e-16 
  809       3.498622439792e-10       1.827032880700e-12      -1.053476032954e-11       0.000000000000e+00       1.423655386738e-14       4.925388778930e-15      -2.010731465731e-16 
  810       3.500010959606e-10       1.806933537602e-12      -1.028700205303e-11       0.000000000000e+00       1.417433695553e-14       4.905421126940e-15      -1.960595489471e-16 
  811       3.501124295233e-10       1.787563798654e-12      -1.003726721019e-11       0.000000000000e+00       1.411246396310e-14       4.885241461953e-15      -1.910491824691e-16 
  812       3.501962036080e-10       1.768930092439e-12      -9.785648919713e-12       0.000000000000e+00       1.405093320682e-14       4.864857140654e-15      -1.860432408964e-16 
  813       3.502523781826e-10       1.751038866865e-12      -9.532241278221e-12       0.000000000000e+00       1.398974295289e-14       4.844275598837e-15      -1.810429286126e-16 
  814       3.502809142473e-10       1.733896589180e-12      -9.277139363356e-12       0.000000000000e+00       1.392889141677e-14       4.823504351650e-15      -1.760494606585e-16 
  815       3.502817738389e-10       1.717509745977e-12      -9.020439236807e-12       0.000000000000e+00       1.386837676298e-14       4.802550993841e-15      -1.710640627634e-16 
  816       3.502549200353e-10       1.701884843213e-12      -8.762237947350e-12       0.000000000000e+00       1.380819710489e-14       4.781423200004e-15      -1.660879713756e-16 
  817       3.502003169603e-10       1.687028406216e-12      -8.502633533897e-12       0.000000000000e+00       1.374835050453e-14       4.760128724831e-15      -1.611224336940e-16 
  818       3.501179297880e-10       1.672946979703e-12      -8.241725028541e-12       0.000000000000e+00       1.368883497243e-14       4.738675403353e-15      -1.561687076986e-16 
  819       3.500077247474e-10       1.659647127784e-12      -7.979612459597e-12       0.000000000000e+00       1.362964846733e-14       4.717071151191e-15      -1.512280621818e-16 
  820       3.498696691268e-10       1.647135433982e-12      -7.716396854646e-12       0.000000000000e+00       1.357078889607e-14       4.695323964804e-15      -1.463017767793e-16 
  821       3.497037312786e-10       1.635418501238e-12      -7.452180243583e-12       0.000000000000e+00       1.351225411334e-14       4.673441921731e-15      -1.413911420011e-16 
  822       3.495098806240e-10       1.624502951930e-12      -7.187065661656e-12       0.000000000000e+00       1.345404192152e-14       4.651433180843e-15      -1.364974592626e-16 
  823       3.492880876569e-10       1.614395427878e-12      -6.921157152513e-12       0.000000000000e+00       1.339615007041e-14       4.629305982589e-15      -1.316220409156e-16 
  824       3.490383239492e-10       1.605102590363e-12      -6.654559771246e-12       0.000000000000e+00       1.333857625713e-14       4.607068649239e-15      -1.267662102789e-16 
  825       3.487605621549e-10       1.596631120133e-12      -6.387379587435e-12       0.000000000000e+00       1.328131812582e-14       4.584729585140e-15      -1.219313016701e-16 
  826       3.484547760149e-10       1.588987717419e-12      -6.119723688189e-12       0.000000000000e+00       1.322437326753e-14       4.562297276952e-15      -1.171186604358e-16 
  827       3.481209403615e-10       1.582179101945e-12      -5.851700181196e-12       0.000000000000e+00       1.316773921996e-14       4.539780293903e-15      -1.123296429832e-16 
  828       3.477590311229e-10       1.576212012941e-12      -5.583418197761e-12       0.000000000000e+00       1.311141346728e-14       4.517187288036e-15      -1.075656168105e-16 
  829       3.473690253276e-10       1.571093209155e-12      -5.314987895853e-12       0.000000000000e+00       1.305539343993e-14       4.494526994450e-15      -1.028279605387e-16 
  830       3.469509011094e-10       1.566829468864e-12      -5.046520463150e-12       0.000000000000e+00       1.299967651444e-14       4.471808231553e-15      -9.811806394192e-17 
  831       3.465046377117e-10       1.563427589887e-12      -4.778128120081e-12       0.000000000000e+00       1.294426001319e-14       4.449039901306e-15      -9.343732797864e-17 
  832       3.460302154920e-10       1.560894389599e-12      -4.509924122871e-12       0.000000000000e+00       1.288914120424e-14       4.426230989472e-15      -8.878716482278e-17 
  833       3.455276159264e-10       1.559236704938e-12      -4.242022766584e-12       0.000000000000e+00       1.283431730113e-14       4.403390565862e-15      -8.416899789463e-17 
  834       3.449968216145e-10       1.558461392422e-12      -3.974539388169e-12       0.000000000000e+00       1.277978546268e-14       4.380527784581e-15      -7.958426189187e-17 
  835       3.444378162838e-10       1.558575328157e-12      -3.707590369503e-12       0.000000000000e+00       1.272554279277e-14       4.357651884277e-15      -7.503440282054e-17 
  836       3.438505847940e-10       1.559585407853e-12      -3.441293140433e-12       0.000000000000e+00       1.267158634018e-14       4.334772188390e-15      -7.052087802610e-17 
  837       3.432351131419e-10       1.561498546833e-12      -3.175766181825e-12       0.000000000000e+00       1.261791309834e-14       4.311898105391e-15      -6.604515622440e-17 
  838       3.425913884659e-10       1.564321680048e-12      -2.911129028603e-12       0.000000000000e+00       1.256452000519e-14       4.289039129040e-15      -6.160871753268e-17 
  839       3.419194469634e-10       1.568059601679e-12      -2.647493692424e-12       0.000000000000e+00       1.251140432703e-14       4.266202792905e-15      -5.721269766416e-17 
  840       3.412195185485e-10       1.572708442738e-12      -2.384938759972e-12       0.000000000000e+00       1.245856481805e-14       4.243388494445e-15      -5.285681366373e-17 
  841       3.404918847201e-10       1.578262080028e-12      -2.123534850113e-12       0.000000000000e+00       1.240600058059e-14       4.220593563983e-15      -4.854041954573e-17 
  842       3.397368308893e-10       1.584714285913e-12      -1.863353155007e-12       0.000000000000e+00       1.235371068277e-14       4.197815300588e-15      -4.426286040733e-17 
  843       3.389546463923e-10       1.592058727963e-12      -1.604465441703e-12       0.000000000000e+00       1.230169415829e-14       4.175050971977e-15      -4.002347239899e-17 
  844       3.381456245032e-10       1.600288968594e-12      -1.346944053711e-12       0.000000000000e+00       1.224995000634e-14       4.152297814409e-15      -3.582158269483e-17 
  845       3.373100624465e-10       1.609398464717e-12      -1.090861912592e-12       0.000000000000e+00       1.219847719148e-14       4.129553032586e-15      -3.165650946309e-17 
  846       3.364482614098e-10       1.619380567380e-12      -8.362925195368e-13       0.000000000000e+00       1.214727464346e-14       4.106813799551e-15      -2.752756183650e-17 
  847       3.355605265570e-10       1.630228521412e-12      -5.833099569532e-13       0.000000000000e+00       1.209634125711e-14       4.084077256591e-15      -2.343403988274e-17 
  848       3.346471670405e-10       1.641935465068e-12      -3.319888900455e-13       0.000000000000e+00       1.204567589222e-14       4.061340513128e-15      -1.937523457483e-17 
  849       3.337084960139e-10       1.654494429672e-12      -8.240456839936e-14       0.000000000000e+00       1.199527737338e-14       4.038600646624e-15      -1.535042776156e-17 
  850       3.327448306451e-10       1.667898339263e-12       1.653671724357e-13       0.000000000000e+00       1.194514448988e-14       4.015854702478e-15      -1.135889213788e-17 
  851       3.317564921288e-10       1.682140010238e-12       4.112499093631e-13       0.000000000000e+00       1.189527599551e-14       3.993099693923e-15      -7.399891215363e-18 
  852       3.307438056993e-10       1.697212150996e-12       6.551666301561e-13       0.000000000000e+00       1.184567060852e-14       3.970332601928e-15      -3.472679292569e-18 
  853       3.297071006430e-10       1.713107361581e-12       8.970397318748e-13       0.000000000000e+00       1.179632701141e-14       3.947550375094e-15       4.234985745036e-19 
  854       3.286467103113e-10       1.729818133331e-12       1.136791019283e-12       0.000000000000e+00       1.174724385083e-14       3.924749929553e-15       4.289406602016e-18 
  855       3.275629721336e-10       1.747336848517e-12       1.374341703266e-12       0.000000000000e+00       1.169841973744e-14       3.901928148870e-15       8.125818307868e-18 
  856       3.264562276292e-10       1.765655779989e-12       1.609612399245e-12       0.000000000000e+00       1.164985324577e-14       3.879081883936e-15       1.193351654129e-17 
  857       3.253268224210e-10       1.784767090820e-12       1.842523125597e-12       0.000000000000e+00       1.160154291409e-14       3.856207952873e-15       1.571329351240e-17 
  858       3.241751062476e-10       1.804662833952e-12       2.072993302071e-12       0.000000000000e+00       1.155348724430e-14       3.833303140927e-15       1.946595082185e-17 
  859       3.230014329759e-10       1.825334951837e-12       2.300941748203e-12       0.000000000000e+00       1.150568470175e-14       3.810364200372e-15       2.319229949032e-17 
  860       3.218061606146e-10       1.846775276084e-12       2.526286681736e-12       0.000000000000e+00       1.145813371514e-14       3.787387850406e-15       2.689315998818e-17 
  861       3.205896513260e-10       1.868975527102e-12       2.748945717035e-12       0.000000000000e+00       1.141083267637e-14       3.764370777048e-15       3.056936226504e-17 
  862       3.193522714393e-10       1.891927313744e-12       2.968835863502e-12       0.000000000000e+00       1.136377994043e-14       3.741309633040e-15       3.422174577934e-17 
  863       3.180943914632e-10       1.915622132950e-12       3.185873523999e-12       0.000000000000e+00       1.131697382522e-14       3.718201037746e-15       3.785115952791e-17 
  864       3.168163860984e-10       1.940051369396e-12       3.399974493259e-12       0.000000000000e+00       1.127041261147e-14       3.695041577046e-15       4.145846207560e-17 
  865       3.155186342505e-10       1.965206295131e-12       3.611053956305e-12       0.000000000000e+00       1.122409454258e-14       3.671827803242e-15       4.504452158484e-17 
  866       3.142015190430e-10       1.991078069228e-12       3.819026486867e-12       0.000000000000e+00       1.117801782448e-14       3.648556234950e-15       4.861021584521e-17 
  867       3.128654278293e-10       2.017657737423e-12       4.023806045800e-12       0.000000000000e+00       1.113218062550e-14       3.625223357002e-15       5.215643230305e-17 
  868       3.115107522061e-10       2.044936231763e-12       4.225305979500e-12       0.000000000000e+00       1.108658107624e-14       3.601825620345e-15       5.568406809101e-17 
  869       3.101378880259e-10       2.072904370248e-12       4.423439018319e-12       0.000000000000e+00       1.104121726945e-14       3.578359441940e-15       5.919403005768e-17 
  870       3.087472354094e-10       2.101552856475e-12       4.618117274986e-12       0.000000000000e+00       1.099608725987e-14       3.554821204657e-15       6.268723479714e-17 
  871       3.073391987589e-10       2.130872279285e-12       4.809252243020e-12       0.000000000000e+00       1.095118906411e-14       3.531207257179e-15       6.616460867856e-17 
  872       3.059141867702e-10       2.160853112402e-12       4.996754795150e-12       0.000000000000e+00       1.090652066052e-14       3.507513913899e-15       6.962708787576e-17 
  873       3.044726124460e-10       2.191485714083e-12       5.180535181729e-12       0.000000000000e+00       1.086207998905e-14       3.483737454815e-15       7.307561839682e-17 
  874       3.030148931083e-10       2.222760326759e-12       5.360503029156e-12       0.000000000000e+00       1.081786495110e-14       3.459874125434e-15       7.651115611366e-17 
  875       3.015414504112e-10       2.254667076678e-12       5.536567338285e-12       0.000000000000e+00       1.077387340944e-14       3.435920136669e-15       7.993466679162e-17 
  876       3.000527103535e-10       2.287195973554e-12       5.708636482850e-12       0.000000000000e+00       1.073010318800e-14       3.411871664736e-15       8.334712611903e-17 
  877       2.985491032915e-10       2.320336910205e-12       5.876618207877e-12       0.000000000000e+00       1.068655207181e-14       3.387724851056e-15       8.674951973682e-17 
  878       2.970310613648e-10       2.354078967167e-12       6.040432323955e-12       0.000000000000e+00       1.064321807339e-14       3.363477141734e-15       9.014249187050e-17 
  879       2.954990107003e-10       2.388408314565e-12       6.200049024577e-12       0.000000000000e+00       1.060010023730e-14       3.339131330629e-15       9.352528476340e-17 
  880       2.939533791035e-10       2.423310274649e-12       6.355451202762e-12       0.000000000000e+00       1.055719784874e-14       3.314691583307e-15       9.689678166811e-17 
  881       2.923945986465e-10       2.458770013206e-12       6.506621813331e-12       0.000000000000e+00       1.051451016806e-14       3.290162103661e-15       1.002558566209e-16 
  882       2.908231056799e-10       2.494772539091e-12       6.653543873298e-12       0.000000000000e+00       1.047203643069e-14       3.265547134014e-15       1.036013744164e-16 
  883       2.892393408455e-10       2.531302703770e-12       6.796200462266e-12       0.000000000000e+00       1.042977584703e-14       3.240850955228e-15       1.069321905831e-16 
  884       2.876437490883e-10       2.568345200849e-12       6.934574722812e-12       0.000000000000e+00       1.038772760237e-14       3.216077886810e-15       1.102471513578e-16 
  885       2.860367796690e-10       2.605884565617e-12       7.068649860880e-12       0.000000000000e+00       1.034589085679e-14       3.191232287020e-15       1.135450936605e-16 
  886       2.844188861764e-10       2.643905174577e-12       7.198409146173e-12       0.000000000000e+00       1.030426474509e-14       3.166318552979e-15       1.168248450699e-16 
  887       2.827905265394e-10       2.682391244983e-12       7.323835912545e-12       0.000000000000e+00       1.026284837664e-14       3.141341120773e-15       1.200852237978e-16 
  888       2.811521630395e-10       2.721326834380e-12       7.444913558388e-12       0.000000000000e+00       1.022164083537e-14       3.116304465563e-15       1.233250386642e-16 
  889       2.795042623233e-10       2.760695840133e-12       7.561625547027e-12       0.000000000000e+00       1.018064117961e-14       3.091213101689e-15       1.265430890726e-16 
  890       2.778472954144e-10       2.800481998972e-12       7.673955407108e-12       0.000000000000e+00       1.013984844202e-14       3.066071582782e-15       1.297381649841e-16 
  891       2.761817377261e-10       2.840668886520e-12       7.781886732991e-12       0.000000000000e+00       1.009926162951e-14       3.040884501865e-15       1.329090468935e-16 
  892       2.745080690735e-10       2.881239916833e-12       7.885403185142e-12       0.000000000000e+00       1.005887972313e-14       3.015656491464e-15       1.360545058032e-16 
  893       2.728267736861e-10       2.922178341936e-12       7.984488490519e-12       0.000000000000e+00       1.001870167799e-14       2.990392223714e-15       1.391733031988e-16 
  894       2.711383402195e-10       2.963467251360e-12       8.079126442969e-12       0.000000000000e+00       9.978726423159e-15       2.965096410468e-15       1.422641910235e-16 
  895       2.694432617685e-10       3.005089571675e-12       8.169300903615e-12       0.000000000000e+00       9.938952861579e-15       2.939773803398e-15       1.453259116539e-16 
  896       2.677420358788e-10       3.047028066028e-12       8.254995801250e-12       0.000000000000e+00       9.899379869966e-15       2.914429194111e-15       1.483571978739e-16 
  897       2.660351645596e-10       3.089265333681e-12       8.336195132724e-12       0.000000000000e+00       9.860006298723e-15       2.889067414247e-15       1.513567728504e-16 
  898       2.643231542959e-10       3.131783809543e-12       8.412882963340e-12       0.000000000000e+00       9.820830971848e-15       2.863693335592e-15       1.543233501081e-16 
  899       2.626065160608e-10       3.174565763710e-12       8.485043427240e-12       0.000000000000e+00       9.781852686836e-15       2.838311870184e-15       1.572556335040e-16 
  900       2.608857653277e-10       3.217593300999e-12       8.552660727800e-12       0.000000000000e+00       9.743070214593e-15       2.812927970419e-15       1.601523172031e-16 
  901       2.591614220830e-10       3.260848360483e-12       8.615719138018e-12       0.000000000000e+00       9.704482299339e-15       2.787546629157e-15       1.630120856527e-16 
  902       2.574340108376e-10       3.304312715032e-12       8.674203000907e-12       0.000000000000e+00       9.666087658521e-15       2.762172879833e-15       1.658336135577e-16 
  903       2.557040606403e-10       3.347967970842e-12       8.728096729887e-12       0.000000000000e+00       9.627884982714e-15       2.736811796558e-15       1.686155658552e-16 
  904       2.539721050893e-10       3.391795566978e-12       8.777384809170e-12       0.000000000000e+00       9.589872935532e-15       2.711468494234e-15       1.713565976900e-16 
  905       2.522386823447e-10       3.435776774906e-12       8.822051794160e-12       0.000000000000e+00       9.552050153537e-15       2.686148128653e-15       1.740553543891e-16 
  906       2.505043351412e-10       3.479892698029e-12       8.862082311836e-12       0.000000000000e+00       9.514415246145e-15       2.660855896609e-15       1.767104714366e-16 
  907       2.487696107997e-10       3.524124271226e-12       8.897461061150e-12       0.000000000000e+00       9.476966795533e-15       2.635597036003e-15       1.793205744490e-16 
  908       2.470350612405e-10       3.568452260386e-12       8.928172813409e-12       0.000000000000e+00       9.439703356548e-15       2.610376825952e-15       1.818842791501e-16 
  909       2.453012429947e-10       3.612857261944e-12       8.954202412677e-12       0.000000000000e+00       9.402623456615e-15       2.585200586893e-15       1.844001913454e-16 
  910       2.435687172173e-10       3.657319702418e-12       8.975534776156e-12       0.000000000000e+00       9.365725595642e-15       2.560073680694e-15       1.868669068978e-16 
  911       2.418380496990e-10       3.701819837945e-12       8.992154894583e-12       0.000000000000e+00       9.329008245931e-15       2.535001510757e-15       1.892830117020e-16 
  912       2.401098108788e-10       3.746337753815e-12       9.004047832620e-12       0.000000000000e+00       9.292469852083e-15       2.509989522128e-15       1.916470816598e-16 
  913       2.383845758561e-10       3.790853364013e-12       9.011198729244e-12       0.000000000000e+00       9.256108830907e-15       2.485043201602e-15       1.939576826547e-16 
  914       2.366629244033e-10       3.835346410747e-12       9.013592798136e-12       0.000000000000e+00       9.219923571328e-15       2.460168077833e-15       1.962133705273e-16 
  915       2.349454409777e-10       3.879796463991e-12       9.011215328079e-12       0.000000000000e+00       9.183912434294e-15       2.435369721435e-15       1.984126910497e-16 
  916       2.332327147343e-10       3.924182921017e-12       9.004051683339e-12       0.000000000000e+00       9.148073752682e-15       2.410653745099e-15       2.005541799008e-16 
  917       2.315252934944e-10       3.968486166888e-12       8.992096681438e-12       0.000000000000e+00       9.112406035079e-15       2.386025251358e-15       2.026367909842e-16 
  918       2.298235448241e-10       4.012691077115e-12       8.975382889274e-12       0.000000000000e+00       9.076908580850e-15       2.361487166076e-15       2.046611889050e-16 
  919       2.281277927685e-10       4.056783569851e-12       8.953952778331e-12       0.000000000000e+00       9.041580874679e-15       2.337041878641e-15       2.066284770231e-16 
  920       2.264383637000e-10       4.100749449696e-12       8.927849389873e-12       0.000000000000e+00       9.006422383523e-15       2.312691791917e-15       2.085397710119e-16 
  921       2.247555863241e-10       4.144574407395e-12       8.897116336669e-12       0.000000000000e+00       8.971432556550e-15       2.288439322275e-15       2.103961988942e-16 
  922       2.230797916854e-10       4.188244019542e-12       8.861797804723e-12       0.000000000000e+00       8.936610825072e-15       2.264286899621e-15       2.121989010784e-16 
  923       2.214113131730e-10       4.231743748282e-12       8.821938554999e-12       0.000000000000e+00       8.901956602489e-15       2.240236967422e-15       2.139490303942e-16 
  924       2.197504865265e-10       4.275058941012e-12       8.777583925153e-12       0.000000000000e+00       8.867469284218e-15       2.216291982736e-15       2.156477521286e-16 
  925       2.180976498418e-10       4.318174830080e-12       8.728779831256e-12       0.000000000000e+00       8.833148247633e-15       2.192454416240e-15       2.172962440624e-16 
  926       2.164531435764e-10       4.361076532491e-12       8.675572769526e-12       0.000000000000e+00       8.798992852003e-15       2.168726752260e-15       2.188956965057e-16 
  927       2.148173105558e-10       4.403749049606e-12       8.618009818052e-12       0.000000000000e+00       8.765002438428e-15       2.145111488795e-15       2.204473123339e-16 
  928       2.131904959789e-10       4.446177266845e-12       8.556138638526e-12       0.000000000000e+00       8.731176329772e-15       2.121611137551e-15       2.219523070243e-16 
  929       2.115730474237e-10       4.488345953386e-12       8.490007477965e-12       0.000000000000e+00       8.697513830605e-15       2.098228223965e-15       2.234119086912e-16 
  930       2.099653148531e-10       4.530239761869e-12       8.419665170446e-12       0.000000000000e+00       8.664014227139e-15       2.074965287234e-15       2.248273581227e-16 
  931       2.083676506208e-10       4.571843228099e-12       8.345161138826e-12       0.000000000000e+00       8.630676787159e-15       2.051824880345e-15       2.261999088164e-16 
  932       2.067804094770e-10       4.613140770743e-12       8.266545396476e-12       0.000000000000e+00       8.597500759969e-15       2.028809570101e-15       2.275308270152e-16 
  933       2.052039485739e-10       4.654116691035e-12       8.183868549005e-12       0.000000000000e+00       8.564485376318e-15       2.005921937152e-15       2.288213917436e-16 
  934       2.036386274719e-10       4.694755172479e-12       8.097181795990e-12       0.000000000000e+00       8.531629848347e-15       1.983164576022e-15       2.300728948438e-16 
  935       2.020848081450e-10       4.735040280544e-12       8.006536932703e-12       0.000000000000e+00       8.498933369520e-15       1.960540095136e-15       2.312866410113e-16 
  936       2.005428549865e-10       4.774955962375e-12       7.911986351837e-12       0.000000000000e+00       8.466395114559e-15       1.938051116850e-15       2.324639478311e-16 
  937       1.990131348152e-10       4.814486046487e-12       7.813583045236e-12       0.000000000000e+00       8.434014239387e-15       1.915700277479e-15       2.336061458139e-16 
  938       1.974960168807e-10       4.853614242470e-12       7.711380605622e-12       0.000000000000e+00       8.401789881060e-15       1.893490227326e-15       2.347145784318e-16 
  939       1.959918728694e-10       4.892324140689e-12       7.605433228325e-12       0.000000000000e+00       8.369721157704e-15       1.871423630708e-15       2.357906021547e-16 
  940       1.945010769101e-10       4.930599211987e-12       7.495795713004e-12       0.000000000000e+00       8.337807168453e-15       1.849503165986e-15       2.368355864856e-16 
  941       1.930240055798e-10       4.968422807388e-12       7.382523465383e-12       0.000000000000e+00       8.306046993385e-15       1.827731525594e-15       2.378509139975e-16 
  942       1.915610379097e-10       5.005778157795e-12       7.265672498975e-12       0.000000000000e+00       8.274439693461e-15       1.806111416066e-15       2.388379803688e-16 
  943       1.901125553905e-10       5.042648373693e-12       7.145299436806e-12       0.000000000000e+00       8.242984310458e-15       1.784645558064e-15       2.397981944194e-16 
  944       1.886789419784e-10       5.079016444851e-12       7.021461513151e-12       0.000000000000e+00       8.211679866906e-15       1.763336686408e-15       2.407329781467e-16 
  945       1.872605841010e-10       5.114865240027e-12       6.894216575256e-12       0.000000000000e+00       8.180525366030e-15       1.742187550103e-15       2.416437667621e-16 
  946       1.858578706627e-10       5.150177506661e-12       6.763623085064e-12       0.000000000000e+00       8.149519791679e-15       1.721200912367e-15       2.425320087261e-16 
  947       1.844711930509e-10       5.184935870585e-12       6.629740120950e-12       0.000000000000e+00       8.118662108269e-15       1.700379550661e-15       2.433991657850e-16 
  948       1.831009451412e-10       5.219122835722e-12       6.492627379443e-12       0.000000000000e+00       8.087951260717e-15       1.679726256716e-15       2.442467130069e-16 
  949       1.817475233036e-10       5.252720783785e-12       6.352345176954e-12       0.000000000000e+00       8.057386174376e-15       1.659243836562e-15       2.450761388171e-16 
  950       1.804113264081e-10       5.285711973982e-12       6.208954451506e-12       0.000000000000e+00       8.026965754976e-15       1.638935110554e-15       2.458889450349e-16 
  951       1.790927558306e-10       5.318078542717e-12       6.062516764461e-12       0.000000000000e+00       7.996688888557e-15       1.618802913404e-15       2.466866469089e-16 
  952       1.777922154581e-10       5.349802503288e-12       5.913094302247e-12       0.000000000000e+00       7.966554441409e-15       1.598850094207e-15       2.474707731536e-16 
  953       1.765101116954e-10       5.380865745595e-12       5.760749878087e-12       0.000000000000e+00       7.936561260004e-15       1.579079516469e-15       2.482428659850e-16 
  954       1.752468534699e-10       5.411250035836e-12       5.605546933725e-12       0.000000000000e+00       7.906708170938e-15       1.559494058139e-15       2.490044811567e-16 
  955       1.740028522379e-10       5.440937016211e-12       5.447549541156e-12       0.000000000000e+00       7.876993980863e-15       1.540096611630e-15       2.497571879960e-16 
  956       1.727784625628e-10       5.469910488640e-12       5.286823494565e-12       0.000000000000e+00       7.847417605885e-15       1.520889127497e-15       2.505021509170e-16 
  957       1.715738028442e-10       5.498163304728e-12       5.123439600946e-12       0.000000000000e+00       7.817978462034e-15       1.501869729377e-15       2.512388668835e-16 
  958       1.703889318613e-10       5.525690580460e-12       4.957470443182e-12       0.000000000000e+00       7.788676080629e-15       1.483035555030e-15       2.519664087307e-16 
  959       1.692239079508e-10       5.552487421727e-12       4.788989296256e-12       0.000000000000e+00       7.759509979320e-15       1.464383708601e-15       2.526838419211e-16 
  960       1.680787890041e-10       5.578548924326e-12       4.618070129120e-12       0.000000000000e+00       7.730479662039e-15       1.445911260531e-15       2.533902245253e-16 
  961       1.669536324657e-10       5.603870173964e-12       4.444787606568e-12       0.000000000000e+00       7.701584618953e-15       1.427615247450e-15       2.540846072032e-16 
  962       1.658484953311e-10       5.628446246259e-12       4.269217091106e-12       0.000000000000e+00       7.672824326421e-15       1.409492672087e-15       2.547660331853e-16 
  963       1.647634341445e-10       5.652272206736e-12       4.091434644824e-12       0.000000000000e+00       7.644198246944e-15       1.391540503171e-15       2.554335382537e-16 
  964       1.636985049971e-10       5.675343110836e-12       3.911517031262e-12       0.000000000000e+00       7.615705829120e-15       1.373755675332e-15       2.560861507229e-16 
  965       1.626537635249e-10       5.697654003910e-12       3.729541717288e-12       0.000000000000e+00       7.587346507599e-15       1.356135089006e-15       2.567228914214e-16 
  966       1.616292649068e-10       5.719199921228e-12       3.545586874962e-12       0.000000000000e+00       7.559119703034e-15       1.338675610337e-15       2.573427736725e-16 
  967       1.606250638622e-10       5.739975887971e-12       3.359731383412e-12       0.000000000000e+00       7.531024822037e-15       1.321374071080e-15       2.579448032758e-16 
  968       1.596412146493e-10       5.759976919240e-12       3.172054830701e-12       0.000000000000e+00       7.503061257133e-15       1.304227268505e-15       2.585279784875e-16 
  969       1.586777710629e-10       5.779198020053e-12       2.982637515700e-12       0.000000000000e+00       7.475228386712e-15       1.287231965297e-15       2.590912900025e-16 
  970       1.577347864325e-10       5.797634185346e-12       2.791560449956e-12       0.000000000000e+00       7.447525574983e-15       1.270384889462e-15       2.596337209348e-16 
  971       1.568123136201e-10       5.815280399979e-12       2.598905359566e-12       0.000000000000e+00       7.419952171927e-15       1.253682734228e-15       2.601542467990e-16 
  972       1.559104050183e-10       5.832131638731e-12       2.404754687048e-12       0.000000000000e+00       7.392507513255e-15       1.237122157948e-15       2.606518354911e-16 
  973       1.550291125480e-10       5.848182866304e-12       2.209191593208e-12       0.000000000000e+00       7.365190920354e-15       1.220699784004e-15       2.611254472700e-16 
  974       1.541684876568e-10       5.863429037325e-12       2.012299959013e-12       0.000000000000e+00       7.338001700249e-15       1.204412200709e-15       2.615740347381e-16 
  975       1.533285813164e-10       5.877865096345e-12       1.814164387462e-12       0.000000000000e+00       7.310939145550e-15       1.188255961210e-15       2.619965428229e-16 
  976       1.525094440212e-10       5.891485977843e-12       1.614870205456e-12       0.000000000000e+00       7.284002534411e-15       1.172227583391e-15       2.623919087579e-16 
  977       1.517111257855e-10       5.904286606225e-12       1.414503465671e-12       0.000000000000e+00       7.257191130479e-15       1.156323549775e-15       2.627590620638e-16 
  978       1.509336761423e-10       5.916261895826e-12       1.213150948423e-12       0.000000000000e+00       7.230504182851e-15       1.140540307428e-15       2.630969245293e-16 
  979       1.501771441405e-10       5.927406750910e-12       1.010900163548e-12       0.000000000000e+00       7.203940926026e-15       1.124874267862e-15       2.634044101927e-16 
  980       1.494415783434e-10       5.937716065674e-12       8.078393522613e-13       0.000000000000e+00       7.177500579860e-15       1.109321806938e-15       2.636804253226e-16 
  981       1.487270268264e-10       5.947184724246e-12       6.040574890389e-13       0.000000000000e+00       7.151182349517e-15       1.093879264766e-15       2.639238683991e-16 
  982       1.480335371748e-10       5.955807600689e-12       3.996442834816e-13       0.000000000000e+00       7.124985425427e-15       1.078542945613e-15       2.641336300954e-16 
  983       1.473611564823e-10       5.963579558998e-12       1.946901821882e-13       0.000000000000e+00       7.098908983237e-15       1.063309117800e-15       2.643085932579e-16 
  984       1.467099313485e-10       5.970495453108e-12      -1.071362937448e-14       0.000000000000e+00       7.072952183763e-15       1.048174013610e-15       2.644476328884e-16 
  985       1.460799078768e-10       5.976550126887e-12      -2.164752250001e-13       0.000000000000e+00       7.047114172947e-15       1.033133829188e-15       2.645496161244e-16 
  986       1.454711316727e-10       5.981738414146e-12      -4.225019358730e-13       0.000000000000e+00       7.021394081811e-15       1.018184724445e-15       2.646134022207e-16 
  987       1.448836478417e-10       5.986055138631e-12      -6.287003486965e-13       0.000000000000e+00       6.995791026405e-15       1.003322822960e-15       2.646378425304e-16 
  988       1.443175009870e-10       5.989495114032e-12      -8.349763038230e-13       0.000000000000e+00       6.970304107769e-15       9.885442118835e-16       2.646217804856e-16 
  989       1.437727352075e-10       5.992053143980e-12      -1.041234893383e-12       0.000000000000e+00       6.944932411879e-15       9.738449418407e-16       2.645640515793e-16 
  990       1.432493940962e-10       5.993724022048e-12      -1.247380459413e-12       0.000000000000e+00       6.919675009608e-15       9.592210268332e-16       2.644634833459e-16 
  991       1.427475207376e-10       5.994502531755e-12      -1.453316591988e-12       0.000000000000e+00       6.894530956671e-15       9.446684441431e-16       2.643188953424e-16 
  992       1.422671577059e-10       5.994383446565e-12      -1.658946127348e-12       0.000000000000e+00       6.869499293588e-15       9.301831342350e-16       2.641290991296e-16 
  993       1.418083470631e-10       5.993361529889e-12      -1.864171146027e-12       0.000000000000e+00       6.844579045630e-15       9.157610006595e-16       2.638928982534e-16 
  994       1.413711303566e-10       5.991431535084e-12      -2.068892970983e-12       0.000000000000e+00       6.819769222777e-15       9.013979099556e-16       2.636090882255e-16 
  995       1.409555094677e-10       5.988590218608e-12      -2.273019223949e-12       0.000000000000e+00       6.795068940876e-15       8.870905773797e-16       2.632768304758e-16 
  996       1.405613285308e-10       5.984842411833e-12      -2.476485111710e-12       0.000000000000e+00       6.770477787157e-15       8.728392385291e-16       2.628967802595e-16 
  997       1.401883902766e-10       5.980195038368e-12      -2.679232448590e-12       0.000000000000e+00       6.745995459987e-15       8.586450167450e-16       2.624699752699e-16 
  998       1.398364950180e-10       5.974655109229e-12      -2.881202625547e-12       0.000000000000e+00       6.721621648128e-15       8.445090408518e-16       2.619974631949e-16 
  999       1.395054406432e-10       5.968229723090e-12      -3.082336609159e-12       0.000000000000e+00       6.697356030696e-15       8.304324451676e-16       2.614803017434e-16 
 1000       1.391950226093e-10       5.960926066524e-12      -3.282574940605e-12       0.000000000000e+00       6.673198277137e-15       8.164163695144e-16       2.609195586720e-16 
 1001       1.389050339347e-10       5.952751414252e-12      -3.481857734651e-12       0.000000000000e+00       6.649148047192e-15       8.024619592283e-16       2.603163118110e-16 
 1002       1.386352651934e-10       5.943713129383e-12      -3.680124678635e-12       0.000000000000e+00       6.625204990864e-15       7.885703651691e-16       2.596716490909e-16 
 1003       1.383855045072e-10       5.933818663663e-12      -3.877315031447e-12       0.000000000000e+00       6.601368748390e-15       7.747427437312e-16       2.589866685689e-16 
 1004       1.381555375398e-10       5.923075557717e-12      -4.073367622516e-12       0.000000000000e+00       6.577638950206e-15       7.609802568533e-16       2.582624784553e-16 
 1005       1.379451474892e-10       5.911491441298e-12      -4.268220850794e-12       0.000000000000e+00       6.554015216918e-15       7.472840720283e-16       2.575001971397e-16 
 1006       1.377541150816e-10       5.899074033527e-12      -4.461812683739e-12       0.000000000000e+00       6.530497159269e-15       7.336553623142e-16       2.567009532177e-16 
 1007       1.375822185642e-10       5.885831143141e-12      -4.654080656299e-12       0.000000000000e+00       6.507084378106e-15       7.200953063433e-16       2.558658855170e-16 
 1008       1.374292336985e-10       5.871770668737e-12      -4.844961869894e-12       0.000000000000e+00       6.483776464352e-15       7.066050883330e-16       2.549961431238e-16 
 1009       1.372949337538e-10       5.856900599018e-12      -5.034392991405e-12       0.000000000000e+00       6.460572998971e-15       6.931858980959e-16       2.540928854096e-16 
 1010       1.371790894999e-10       5.841229013037e-12      -5.222310252153e-12       0.000000000000e+00       6.437473552938e-15       6.798389310496e-16       2.531572820572e-16 
 1011       1.370814692008e-10       5.824764080442e-12      -5.408649446884e-12       0.000000000000e+00       6.414477687207e-15       6.665653882269e-16       2.521905130870e-16 
 1012       1.370018386076e-10       5.807514061721e-12      -5.593345932756e-12       0.000000000000e+00       6.391584952679e-15       6.533664762862e-16       2.511937688839e-16 
 1013       1.369399609519e-10       5.789487308448e-12      -5.776334628318e-12       0.000000000000e+00       6.368794890172e-15       6.402434075214e-16       2.501682502232e-16 
 1014       1.368955969389e-10       5.770692263524e-12      -5.957550012498e-12       0.000000000000e+00       6.346107030386e-15       6.271973998721e-16       2.491151682972e-16 
 1015       1.368685047408e-10       5.751137461430e-12      -6.136926123585e-12       0.000000000000e+00       6.323520893876e-15       6.142296769339e-16       2.480357447416e-16 
 1016       1.368584399898e-10       5.730831528463e-12      -6.314396558213e-12       0.000000000000e+00       6.301035991015e-15       6.013414679681e-16       2.469312116620e-16 
 1017       1.368651557713e-10       5.709783182985e-12      -6.489894470346e-12       0.000000000000e+00       6.278651821967e-15       5.885340079124e-16       2.458028116599e-16 
 1018       1.368884026175e-10       5.688001235671e-12      -6.663352570260e-12       0.000000000000e+00       6.256367876654e-15       5.758085373905e-16       2.446517978597e-16 
 1019       1.369279285001e-10       5.665494589748e-12      -6.834703123529e-12       0.000000000000e+00       6.234183634722e-15       5.631663027225e-16       2.434794339344e-16 
 1020       1.369834788238e-10       5.642272241244e-12      -7.003877950008e-12       0.000000000000e+00       6.212098565514e-15       5.506085559353e-16       2.422869941327e-16 
 1021       1.370547964197e-10       5.618343279231e-12      -7.170808422815e-12       0.000000000000e+00       6.190112128033e-15       5.381365547721e-16       2.410757633047e-16 
 1022       1.371416215379e-10       5.593716886072e-12      -7.335425467319e-12       0.000000000000e+00       6.168223770914e-15       5.257515627030e-16       2.398470369290e-16 
 1023       1.372436918415e-10       5.568402337663e-12      -7.497659560122e-12       0.000000000000e+00       6.146432932392e-15       5.134548489352e-16       2.386021211384e-16 
 1024       1.373607423992e-10       5.542409003681e-12      -7.657440728040e-12       0.000000000000e+00       6.124739040269e-15       5.012476884227e-16       2.373423327469e-16 
 1025       1.374925056789e-10       5.515746347826e-12      -7.814698547091e-12       0.000000000000e+00       6.103141511883e-15       4.891313618767e-16       2.360689992757e-16 
 1026       1.376387115406e-10       5.488423928071e-12      -7.969362141479e-12       0.000000000000e+00       6.081639754077e-15       4.771071557760e-16       2.347834589796e-16 
 1027       1.377990872299e-10       5.460451396899e-12      -8.121360182574e-12       0.000000000000e+00       6.060233163168e-15       4.651763623766e-16       2.334870608739e-16 
 1028       1.379733573711e-10       5.431838501555e-12      -8.270620887900e-12       0.000000000000e+00       6.038921124911e-15       4.533402797221e-16       2.321811647600e-16 
 1029       1.381612439605e-10       5.402595084289e-12      -8.417072020116e-12       0.000000000000e+00       6.017703014474e-15       4.416002116539e-16       2.308671412524e-16 
 1030       1.383624663593e-10       5.372731082600e-12      -8.560640886001e-12       0.000000000000e+00       5.996578196400e-15       4.299574678213e-16       2.295463718048e-16 
 1031       1.385767412872e-10       5.342256529479e-12      -8.701254335440e-12       0.000000000000e+00       5.975546024581e-15       4.184133636915e-16       2.282202487368e-16 
 1032       1.388037828156e-10       5.311181553659e-12      -8.838838760403e-12       0.000000000000e+00       5.954605842222e-15       4.069692205599e-16       2.268901752599e-16 
 1033       1.390433023604e-10       5.279516379857e-12      -8.973320093935e-12       0.000000000000e+00       5.933756981811e-15       3.956263655601e-16       2.255575655041e-16 
 1034       1.392950075175e-10       5.247271924555e-12      -9.104634279967e-12       0.000000000000e+00       5.912998830208e-15       3.843862668074e-16       2.242235578902e-16 
 1035       1.395585985624e-10       5.214461592076e-12      -9.232758846823e-12       0.000000000000e+00       5.892331024974e-15       3.732509408989e-16       2.228881507578e-16 
 1036       1.398337718876e-10       5.181099504368e-12      -9.357681777779e-12       0.000000000000e+00       5.871753260752e-15       3.622225511912e-16       2.215510545776e-16 
 1037       1.401202211492e-10       5.147199908086e-12      -9.479391080836e-12       0.000000000000e+00       5.851265224375e-15       3.513032732137e-16       2.202119774925e-16 
 1038       1.404176372599e-10       5.112777174898e-12      -9.597874788877e-12       0.000000000000e+00       5.830866594841e-15       3.404952946941e-16       2.188706253115e-16 
 1039       1.407257083827e-10       5.077845801799e-12      -9.713120959826e-12       0.000000000000e+00       5.810557043289e-15       3.298008155842e-16       2.175267015044e-16 
 1040       1.410441199233e-10       5.042420411423e-12      -9.825117676805e-12       0.000000000000e+00       5.790336232975e-15       3.192220480843e-16       2.161799071957e-16 
 1041       1.413725545234e-10       5.006515752356e-12      -9.933853048296e-12       0.000000000000e+00       5.770203819247e-15       3.087612166695e-16       2.148299411592e-16 
 1042       1.417106920540e-10       4.970146699442e-12      -1.003931520829e-11       0.000000000000e+00       5.750159449521e-15       2.984205581139e-16       2.134764998119e-16 
 1043       1.420582096083e-10       4.933328254104e-12      -1.014149231646e-11       0.000000000000e+00       5.730202763257e-15       2.882023215169e-16       2.121192772085e-16 
 1044       1.424147814949e-10       4.896075544647e-12      -1.024037255829e-11       0.000000000000e+00       5.710333391934e-15       2.781087683278e-16       2.107579650355e-16 
 1045       1.427800792307e-10       4.858403826574e-12      -1.033594414529e-11       0.000000000000e+00       5.690550959025e-15       2.681421723714e-16       2.093922526056e-16 
 1046       1.431537715341e-10       4.820328482898e-12      -1.042819531507e-11       0.000000000000e+00       5.670855079977e-15       2.583048198731e-16       2.080218268518e-16 
 1047       1.435355243181e-10       4.781865024453e-12      -1.051711433158e-11       0.000000000000e+00       5.651245362178e-15       2.485990094845e-16       2.066463723217e-16 
 1048       1.439250006834e-10       4.743029090203e-12      -1.060268948522e-11       0.000000000000e+00       5.631721404944e-15       2.390270523083e-16       2.052655711719e-16 
 1049       1.443218609115e-10       4.703836447559e-12      -1.068490909301e-11       0.000000000000e+00       5.612282799484e-15       2.295912719237e-16       2.038791031620e-16 
 1050       1.447257624577e-10       4.664302992687e-12      -1.076376149876e-11       0.000000000000e+00       5.592929128882e-15       2.202940044121e-16       2.024866456491e-16 
 1051       1.451363599442e-10       4.624444750821e-12      -1.083923507319e-11       0.000000000000e+00       5.573659968072e-15       2.111375983817e-16       2.010878735817e-16 
 1052       1.455533051534e-10       4.584277876574e-12      -1.091131821415e-11       0.000000000000e+00       5.554474883811e-15       2.021244149932e-16       1.996824594945e-16 
 1053       1.459762470206e-10       4.543818654251e-12      -1.097999934671e-11       0.000000000000e+00       5.535373434658e-15       1.932568279852e-16       1.982700735021e-16 
 1054       1.464048316274e-10       4.503083498159e-12      -1.104526692338e-11       0.000000000000e+00       5.516355170946e-15       1.845372236990e-16       1.968503832935e-16 
 1055       1.468387021947e-10       4.462088952920e-12      -1.110710942421e-11       0.000000000000e+00       5.497419634760e-15       1.759680011045e-16       1.954230541265e-16 
 1056       1.472774990758e-10       4.420851693784e-12      -1.116551535701e-11       0.000000000000e+00       5.478566359915e-15       1.675515718249e-16       1.939877488217e-16 
 1057       1.477208597494e-10       4.379388526937e-12      -1.122047325744e-11       0.000000000000e+00       5.459794871927e-15       1.592903601626e-16       1.925441277568e-16 
 1058       1.481684188128e-10       4.337716389815e-12      -1.127197168924e-11       0.000000000000e+00       5.441104687989e-15       1.511868031238e-16       1.910918488610e-16 
 1059       1.486198079749e-10       4.295852351417e-12      -1.131999924430e-11       0.000000000000e+00       5.422495316951e-15       1.432433504443e-16       1.896305676089e-16 
 1060       1.490746560494e-10       4.253813612615e-12      -1.136454454293e-11       0.000000000000e+00       5.403966259293e-15       1.354624646146e-16       1.881599370154e-16 
 1061       1.495325889477e-10       4.211617506466e-12      -1.140559623391e-11       0.000000000000e+00       5.385517007098e-15       1.278466209054e-16       1.866796076292e-16 
 1062       1.499932296723e-10       4.169281498524e-12      -1.144314299471e-11       0.000000000000e+00       5.367147044033e-15       1.203983073923e-16       1.851892275276e-16 
 1063       1.504561983096e-10       4.126823187150e-12      -1.147717353165e-11       0.000000000000e+00       5.348855845322e-15       1.131200249818e-16       1.836884423105e-16 
 1064       1.509211120229e-10       4.084260303827e-12      -1.150767658000e-11       0.000000000000e+00       5.330642877719e-15       1.060142874363e-16       1.821768950947e-16 
 1065       1.513875850460e-10       4.041610713471e-12      -1.153464090423e-11       0.000000000000e+00       5.312507599490e-15       9.908362139908e-17       1.806542265082e-16 
 1066       1.518552286756e-10       3.998892414740e-12      -1.155805529808e-11       0.000000000000e+00       5.294449460382e-15       9.233056642014e-17       1.791200746844e-16 
 1067       1.523236512651e-10       3.956123540347e-12      -1.157790858476e-11       0.000000000000e+00       5.276467901602e-15       8.575767498110e-17       1.775740752563e-16 
 1068       1.527924582172e-10       3.913322357375e-12      -1.159418961712e-11       0.000000000000e+00       5.258562355796e-15       7.936751252061e-17       1.760158613508e-16 
 1069       1.532612519769e-10       3.870507267583e-12      -1.160688727777e-11       0.000000000000e+00       5.240732247015e-15       7.316265745963e-17       1.744450635833e-16 
 1070       1.537296320251e-10       3.827696807723e-12      -1.161599047927e-11       0.000000000000e+00       5.222976990702e-15       6.714570122674e-17       1.728613100511e-16 
 1071       1.541971948713e-10       3.784909649848e-12      -1.162148816429e-11       0.000000000000e+00       5.205295993660e-15       6.131924828338e-17       1.712642263286e-16 
 1072       1.546635340468e-10       3.742164601626e-12      -1.162336930573e-11       0.000000000000e+00       5.187688654029e-15       5.568591614916e-17       1.696534354610e-16 
 1073       1.551282719690e-10       3.699479515800e-12      -1.162163062428e-11       0.000000000000e+00       5.170154434980e-15       5.024739030908e-17       1.680286727239e-16 
 1074       1.555911560231e-10       3.656868001677e-12      -1.161629985578e-11       0.000000000000e+00       5.152693086931e-15       4.500157479138e-17       1.663901316253e-16 
 1075       1.560519637754e-10       3.614342669478e-12      -1.160741280099e-11       0.000000000000e+00       5.135304428306e-15       3.994540283994e-17       1.647381226038e-16 
 1076       1.565104712164e-10       3.571916217330e-12      -1.159500563790e-11       0.000000000000e+00       5.117988272078e-15       3.507577844093e-17       1.630729586965e-16 
 1077       1.569664527576e-10       3.529601431459e-12      -1.157911492273e-11       0.000000000000e+00       5.100744425754e-15       3.038957624961e-17       1.613949555454e-16 
 1078       1.574196812279e-10       3.487411186393e-12      -1.155977759083e-11       0.000000000000e+00       5.083572691354e-15       2.588364151727e-17       1.597044314036e-16 
 1079       1.578699278699e-10       3.445358445157e-12      -1.153703095773e-11       0.000000000000e+00       5.066472865399e-15       2.155479001804e-17       1.580017071412e-16 
 1080       1.583169623364e-10       3.403456259471e-12      -1.151091272000e-11       0.000000000000e+00       5.049444738892e-15       1.739980797583e-17       1.562871062521e-16 
 1081       1.587605526867e-10       3.361717769953e-12      -1.148146095629e-11       0.000000000000e+00       5.032488097302e-15       1.341545199113e-17       1.545609548595e-16 
 1082       1.592004653829e-10       3.320156206310e-12      -1.144871412827e-11       0.000000000000e+00       5.015602720546e-15       9.598448967946e-18       1.528235817225e-16 
 1083       1.596364652869e-10       3.278784887539e-12      -1.141271108157e-11       0.000000000000e+00       4.998788382975e-15       5.945496040615e-18       1.510753182426e-16 
 1084       1.600683156559e-10       3.237617222130e-12      -1.137349104675e-11       0.000000000000e+00       4.982044853354e-15       2.453260500721e-18       1.493164984690e-16 
 1085       1.604957781396e-10       3.196666708256e-12      -1.133109364028e-11       0.000000000000e+00       4.965371894848e-15      -8.816202760566e-19       1.475474591057e-16 
 1086       1.609186127762e-10       3.155946933976e-12      -1.128555886550e-11       0.000000000000e+00       4.948769265005e-15      -4.062538903064e-18       1.457685395174e-16 
 1087       1.613365779888e-10       3.115471577433e-12      -1.123692711356e-11       0.000000000000e+00       4.932236715739e-15      -7.092918055804e-18       1.439800817354e-16 
 1088       1.617494305820e-10       3.075254407050e-12      -1.118523916439e-11       0.000000000000e+00       4.915773993310e-15      -9.976210545062e-18       1.421824304643e-16 
 1089       1.621569257382e-10       3.035309281731e-12      -1.113053618767e-11       0.000000000000e+00       4.899380838316e-15      -1.271589939004e-17       1.403759330878e-16 
 1090       1.625588170139e-10       2.995650151057e-12      -1.107285974379e-11       0.000000000000e+00       4.883056985665e-15      -1.531549789147e-17       1.385609396751e-16 
 1091       1.629548563365e-10       2.956291055484e-12      -1.101225178480e-11       0.000000000000e+00       4.866802164569e-15      -1.777854970477e-17       1.367378029872e-16 
 1092       1.633447940001e-10       2.917246126543e-12      -1.094875465539e-11       0.000000000000e+00       4.850616098519e-15      -2.010862891314e-17       1.349068784827e-16 
 1093       1.637283786624e-10       2.878529587036e-12      -1.088241109383e-11       0.000000000000e+00       4.834498505275e-15      -2.230934010071e-17       1.330685243246e-16 
 1094       1.641053573410e-10       2.840155751237e-12      -1.081326423296e-11       0.000000000000e+00       4.818449096843e-15      -2.438431842568e-17       1.312231013860e-16 
 1095       1.644754754096e-10       2.802139025086e-12      -1.074135760112e-11       0.000000000000e+00       4.802467579463e-15      -2.633722969340e-17       1.293709732564e-16 
 1096       1.648384765946e-10       2.764493906390e-12      -1.066673512312e-11       0.000000000000e+00       4.786553653591e-15      -2.817177042955e-17       1.275125062481e-16 
 1097       1.651941029715e-10       2.727234985023e-12      -1.058944112124e-11       0.000000000000e+00       4.770707013884e-15      -2.989166795326e-17       1.256480694024e-16 
 1098       1.655420949613e-10       2.690376943119e-12      -1.050952031612e-11       0.000000000000e+00       4.754927349178e-15      -3.150068045022e-17       1.237780344954e-16 
 1099       1.658821913268e-10       2.653934555275e-12      -1.042701782778e-11       0.000000000000e+00       4.739214342477e-15      -3.300259704579e-17       1.219027760447e-16 
 1100       1.662141291691e-10       2.617922688744e-12      -1.034197917658e-11       0.000000000000e+00       4.723567670934e-15      -3.440123787820e-17       1.200226713153e-16 
 1101       1.665376439239e-10       2.582356303640e-12      -1.025445028413e-11       0.000000000000e+00       4.707987005835e-15      -3.570045417159e-17       1.181381003260e-16 
 1102       1.668524693583e-10       2.547250453130e-12      -1.016447747431e-11       0.000000000000e+00       4.692472012580e-15      -3.690412830921e-17       1.162494458554e-16 
 1103       1.671583375665e-10       2.512620283635e-12      -1.007210747420e-11       0.000000000000e+00       4.677022350672e-15      -3.801617390652e-17       1.143570934483e-16 
 1104       1.674549789668e-10       2.478481035028e-12      -9.977387415048e-12       0.000000000000e+00       4.661637673694e-15      -3.904053588429e-17       1.124614314216e-16 
 1105       1.677421222979e-10       2.444848040832e-12      -9.880364833242e-12       0.000000000000e+00       4.646317629294e-15      -3.998119054178e-17       1.105628508710e-16 
 1106       1.680194946151e-10       2.411736728417e-12      -9.781087671252e-12       0.000000000000e+00       4.631061859173e-15      -4.084214562984e-17       1.086617456767e-16 
 1107       1.682868212868e-10       2.379162619200e-12      -9.679604278608e-12       0.000000000000e+00       4.615869999060e-15      -4.162744042404e-17       1.067585125098e-16 
 1108       1.685438259910e-10       2.347141328842e-12      -9.575963412852e-12       0.000000000000e+00       4.600741678704e-15      -4.234114579780e-17       1.048535508386e-16 
 1109       1.687902307117e-10       2.315688567446e-12      -9.470214240507e-12       0.000000000000e+00       4.585676521851e-15      -4.298736429553e-17       1.029472629349e-16 
 1110       1.690257557351e-10       2.284820139756e-12      -9.362406338033e-12       0.000000000000e+00       4.570674146231e-15      -4.357023020573e-17       1.010400538796e-16 
 1111       1.692501196462e-10       2.254551945355e-12      -9.252589692793e-12       0.000000000000e+00       4.555734163540e-15      -4.409390963416e-17       9.913233156960e-17 
 1112       1.694630817216e-10       2.224897942020e-12      -9.140815706088e-12       0.000000000000e+00       4.540856209503e-15      -4.456202446467e-17       9.722448995905e-17 
 1113       1.696645697242e-10       2.195864006098e-12      -9.027140214780e-12       0.000000000000e+00       4.526040034532e-15      -4.497591580625e-17       9.531685853006e-17 
 1114       1.698545537807e-10       2.167453991841e-12      -8.911620511287e-12       0.000000000000e+00       4.511285414230e-15      -4.533635787130e-17       9.340975217031e-17 
 1115       1.700330041381e-10       2.139671760938e-12      -8.794314346167e-12       0.000000000000e+00       4.496592119399e-15      -4.564413203562e-17       9.150348788211e-17 
 1116       1.701998911638e-10       2.112521182510e-12      -8.675279929175e-12       0.000000000000e+00       4.481959916031e-15      -4.590002685568e-17       8.959838478692e-17 
 1117       1.703551853468e-10       2.086006133113e-12      -8.554575930322e-12       0.000000000000e+00       4.467388565291e-15      -4.610483808586e-17       8.769476412998e-17 
 1118       1.704988572976e-10       2.060130496741e-12      -8.432261480933e-12       0.000000000000e+00       4.452877823507e-15      -4.625936869578e-17       8.579294928485e-17 
 1119       1.706308777489e-10       2.034898164821e-12      -8.308396174709e-12       0.000000000000e+00       4.438427442150e-15      -4.636442888751e-17       8.389326575803e-17 
 1120       1.707512175564e-10       2.010313036219e-12      -8.183040068780e-12       0.000000000000e+00       4.424037167829e-15      -4.642083611286e-17       8.199604119347e-17 
 1121       1.708598476990e-10       1.986379017238e-12      -8.056253684768e-12       0.000000000000e+00       4.409706742269e-15      -4.642941509066e-17       8.010160537722e-17 
 1122       1.709567392793e-10       1.963100021619e-12      -7.928098009848e-12       0.000000000000e+00       4.395435902302e-15      -4.639099782404e-17       7.821029024196e-17 
 1123       1.710418635243e-10       1.940479970543e-12      -7.798634497798e-12       0.000000000000e+00       4.381224379853e-15      -4.630642361765e-17       7.632242987160e-17 
 1124       1.711151917860e-10       1.918522792629e-12      -7.667925070070e-12       0.000000000000e+00       4.367071901923e-15      -4.617653909499e-17       7.443836050584e-17 
 1125       1.711766955414e-10       1.897232423937e-12      -7.536032116836e-12       0.000000000000e+00       4.352978190580e-15      -4.600219821565e-17       7.255842054476e-17 
 1126       1.712263463938e-10       1.876612807968e-12      -7.403018498057e-12       0.000000000000e+00       4.338942962941e-15      -4.578426229257e-17       7.068295055340e-17 
 1127       1.712641160726e-10       1.856667895664e-12      -7.268947544537e-12       0.000000000000e+00       4.324965931160e-15      -4.552360000932e-17       6.881229326632e-17 
 1128       1.712899764342e-10       1.837401645409e-12      -7.133883058982e-12       0.000000000000e+00       4.311046802417e-15      -4.522108743741e-17       6.694679359221e-17 
 1129       1.713038994625e-10       1.818818023031e-12      -6.997889317059e-12       0.000000000000e+00       4.297185278897e-15      -4.487760805348e-17       6.508679861843e-17 
 1130       1.713058572692e-10       1.800921001801e-12      -6.861031068456e-12       0.000000000000e+00       4.283381057785e-15      -4.449405275664e-17       6.323265761559e-17 
 1131       1.712958220947e-10       1.783714562434e-12      -6.723373537939e-12       0.000000000000e+00       4.269633831246e-15      -4.407131988569e-17       6.138472204217e-17 
 1132       1.712737663081e-10       1.767202693088e-12      -6.584982426414e-12       0.000000000000e+00       4.255943286415e-15      -4.361031523645e-17       5.954334554905e-17 
 1133       1.712396624082e-10       1.751389389371e-12      -6.445923911980e-12       0.000000000000e+00       4.242309105379e-15      -4.311195207895e-17       5.770888398411e-17 
 1134       1.711934830237e-10       1.736278654332e-12      -6.306264650993e-12       0.000000000000e+00       4.228730965168e-15      -4.257715117478e-17       5.588169539681e-17 
 1135       1.711352009139e-10       1.721874498471e-12      -6.166071779123e-12       0.000000000000e+00       4.215208537738e-15      -4.200684079430e-17       5.406214004274e-17 
 1136       1.710647889691e-10       1.708180939733e-12      -6.025412912414e-12       0.000000000000e+00       4.201741489959e-15      -4.140195673394e-17       5.225058038824e-17 
 1137       1.709822202114e-10       1.695202003511e-12      -5.884356148339e-12       0.000000000000e+00       4.188329483602e-15      -4.076344233346e-17       5.044738111494e-17 
 1138       1.708874677946e-10       1.682941722649e-12      -5.742970066863e-12       0.000000000000e+00       4.174972175320e-15      -4.009224849323e-17       4.865290912436e-17 
 1139       1.707805050053e-10       1.671404137438e-12      -5.601323731500e-12       0.000000000000e+00       4.161669216643e-15      -3.938933369149e-17       4.686753354248e-17 
 1140       1.706613052633e-10       1.660593295620e-12      -5.459486690371e-12       0.000000000000e+00       4.148420253956e-15      -3.865566400163e-17       4.509162572430e-17 
 1141       1.705298421219e-10       1.650513252388e-12      -5.317528977266e-12       0.000000000000e+00       4.135224928489e-15      -3.789221310943e-17       4.332555925846e-17 
 1142       1.703860892686e-10       1.641168070387e-12      -5.175521112697e-12       0.000000000000e+00       4.122082876305e-15      -3.709996233038e-17       4.156970997178e-17 
 1143       1.702300205257e-10       1.632561819712e-12      -5.033534104963e-12       0.000000000000e+00       4.108993728283e-15      -3.627990062691e-17       3.982445593383e-17 
 1144       1.700616098504e-10       1.624698577914e-12      -4.891639451206e-12       0.000000000000e+00       4.095957110104e-15      -3.543302462568e-17       3.809017746157e-17 
 1145       1.698808313360e-10       1.617582429993e-12      -4.749909138467e-12       0.000000000000e+00       4.082972642242e-15      -3.456033863482e-17       3.636725712383e-17 
 1146       1.696876592115e-10       1.611217468408e-12      -4.608415644752e-12       0.000000000000e+00       4.070039939944e-15      -3.366285466126e-17       3.465607974599e-17 
 1147       1.694820678432e-10       1.605607793068e-12      -4.467231940082e-12       0.000000000000e+00       4.057158613221e-15      -3.274159242794e-17       3.295703241447e-17 
 1148       1.692640317343e-10       1.600757511341e-12      -4.326431487558e-12       0.000000000000e+00       4.044328266831e-15      -3.179757939110e-17       3.127050448138e-17 
 1149       1.690335255259e-10       1.596670738049e-12      -4.186088244420e-12       0.000000000000e+00       4.031548500269e-15      -3.083185075756e-17       2.959688756902e-17 
 1150       1.687905239973e-10       1.593351595471e-12      -4.046276663100e-12       0.000000000000e+00       4.018818907749e-15      -2.984544950199e-17       2.793657557454e-17 
 1151       1.685350305845e-10       1.590802461230e-12      -3.907066266586e-12       0.000000000000e+00       4.006139127652e-15      -2.883881209634e-17       2.628987216032e-17 
 1152       1.682671633299e-10       1.589018687586e-12      -3.768505296958e-12       0.000000000000e+00       3.993508991577e-15      -2.780991712452e-17       2.465671193011e-17 
 1153       1.679870700249e-10       1.587993815095e-12      -3.630636861334e-12       0.000000000000e+00       3.980928377154e-15      -2.675611319448e-17       2.303693572172e-17 
 1154       1.676948997940e-10       1.587721318481e-12      -3.493504339307e-12       0.000000000000e+00       3.968397158748e-15      -2.567473105572e-17       2.143038279623e-17 
 1155       1.673908030983e-10       1.588194606479e-12      -3.357151383517e-12       0.000000000000e+00       3.955915207450e-15      -2.456308356091e-17       1.983689083422e-17 
 1156       1.670749317380e-10       1.589407021678e-12      -3.221621920214e-12       0.000000000000e+00       3.943482391068e-15      -2.341846562763e-17       1.825629593200e-17 
 1157       1.667474388561e-10       1.591351840362e-12      -3.086960149825e-12       0.000000000000e+00       3.931098574114e-15      -2.223815420001e-17       1.668843259775e-17 
 1158       1.664084789411e-10       1.594022272352e-12      -2.953210547529e-12       0.000000000000e+00       3.918763617803e-15      -2.101940821042e-17       1.513313374778e-17 
 1159       1.660582078304e-10       1.597411460848e-12      -2.820417863815e-12       0.000000000000e+00       3.906477380034e-15      -1.975946854112e-17       1.359023070271e-17 
 1160       1.656967827131e-10       1.601512482274e-12      -2.688627125058e-12       0.000000000000e+00       3.894239715387e-15      -1.845555798597e-17       1.205955318370e-17 
 1161       1.653243621332e-10       1.606318346116e-12      -2.557883634083e-12       0.000000000000e+00       3.882050475113e-15      -1.710488121210e-17       1.054092930861e-17 
 1162       1.649411059928e-10       1.611821994766e-12      -2.428232970731e-12       0.000000000000e+00       3.869909507124e-15      -1.570462472157e-17       9.034185588245e-18 
 1163       1.645471755552e-10       1.618016303363e-12      -2.299720992431e-12       0.000000000000e+00       3.857816655980e-15      -1.425195681306e-17       7.539146922542e-18 
 1164       1.641427334478e-10       1.624894079639e-12      -2.172393834764e-12       0.000000000000e+00       3.845771762888e-15      -1.274402754352e-17       6.055636596779e-18 
 1165       1.637279436653e-10       1.632448063754e-12      -2.046297912034e-12       0.000000000000e+00       3.833774665686e-15      -1.117796868991e-17       4.583476277777e-18 
 1166       1.633029715730e-10       1.640670928146e-12      -1.921479917833e-12       0.000000000000e+00       3.821825198834e-15      -9.550893710798e-18       3.122486010107e-18 
 1167       1.628679839095e-10       1.649555277367e-12      -1.797986825611e-12       0.000000000000e+00       3.809923193409e-15      -7.859897708087e-18       1.672484212295e-18 
 1168       1.624231487903e-10       1.659093647929e-12      -1.675865889240e-12       0.000000000000e+00       3.798068477093e-15      -6.102057388677e-18       2.332876730237e-19 
 1169       1.619686357103e-10       1.669278508141e-12      -1.555164643588e-12       0.000000000000e+00       3.786260874163e-15      -4.274431026139e-18      -1.195288452658e-18 
 1170       1.615046155474e-10       1.680102257960e-12      -1.435930905080e-12       0.000000000000e+00       3.774500205483e-15      -2.374058422395e-18      -2.613430647135e-18 
 1171       1.610312605655e-10       1.691557228822e-12      -1.318212772271e-12       0.000000000000e+00       3.762786288494e-15      -3.979608693922e-19      -4.021327034018e-18 
 1172       1.605487444173e-10       1.703635683494e-12      -1.202058626410e-12       0.000000000000e+00       3.751118937206e-15       1.656858889220e-18      -5.419167381941e-18 
 1173       1.600572421477e-10       1.716329815910e-12      -1.087517132010e-12       0.000000000000e+00       3.739497962188e-15       3.793416696415e-18      -6.807143108356e-18 
 1174       1.595569301968e-10       1.729631751015e-12      -9.746372374150e-13       0.000000000000e+00       3.727923170558e-15       6.014747020108e-18      -8.185447283326e-18 
 1175       1.590479864031e-10       1.743533544606e-12      -8.634681753686e-13       0.000000000000e+00       3.716394365975e-15       8.323902991485e-18      -9.554274633325e-18 
 1176       1.585305900064e-10       1.758027183179e-12      -7.540594635801e-13       0.000000000000e+00       3.704911348628e-15       1.072395644333e-17      -1.091382154503e-17 
 1177       1.580049216509e-10       1.773104583762e-12      -6.464609052934e-13       0.000000000000e+00       3.693473915229e-15       1.321799794833e-17      -1.226428606911e-17 
 1178       1.574711633887e-10       1.788757593765e-12      -5.407225898544e-13       0.000000000000e+00       3.682081859003e-15       1.580913685742e-17      -1.360586792404e-17 
 1179       1.569294986824e-10       1.804977990821e-12      -4.368948932790e-13       0.000000000000e+00       3.670734969676e-15       1.850050133810e-17      -1.493876849988e-17 
 1180       1.563801124084e-10       1.821757482622e-12      -3.350284788205e-13       0.000000000000e+00       3.659433033471e-15       2.129523841276e-17      -1.626319086206e-17 
 1181       1.558231908599e-10       1.839087706770e-12      -2.351742975377e-13       0.000000000000e+00       3.648175833093e-15       2.419651399699e-17      -1.757933975522e-17 
 1182       1.552589217505e-10       1.856960230612e-12      -1.373835888624e-13       0.000000000000e+00       3.636963147725e-15       2.720751293793e-17      -1.888742160696e-17 
 1183       1.546874942163e-10       1.875366551086e-12      -4.170788116717e-14       0.000000000000e+00       3.625794753015e-15       3.033143905256e-17      -2.018764453163e-17 
 1184       1.541090988201e-10       1.894298094561e-12       5.180100766667e-14       0.000000000000e+00       3.614670421068e-15       3.357151516606e-17      -2.148021833417e-17 
 1185       1.535239275537e-10       1.913746216680e-12       1.430909696816e-13       0.000000000000e+00       3.603589920437e-15       3.693098315010e-17      -2.276535451389e-17 
 1186       1.529321738414e-10       1.933702202203e-12       2.321096062761e-13       0.000000000000e+00       3.592553016113e-15       4.041310396120e-17      -2.404326626824e-17 
 1187       1.523340325429e-10       1.954157264847e-12       3.188042276367e-13       0.000000000000e+00       3.581559469518e-15       4.402115767900e-17      -2.531416849661e-17 
 1188       1.517296999566e-10       1.975102547129e-12       4.031218521704e-13       0.000000000000e+00       3.570609038491e-15       4.775844354465e-17      -2.657827780416e-17 
 1189       1.511193738225e-10       1.996529120210e-12       4.850092059369e-13       0.000000000000e+00       3.559701477285e-15       5.162827999908e-17      -2.783581250558e-17 
 1190       1.505032548242e-10       2.018427482936e-12       5.644207797157e-13       0.000000000000e+00       3.548836554863e-15       5.563241906178e-17      -2.908693498013e-17 
 1191       1.498815511086e-10       2.040786052559e-12       6.413431096815e-13       0.000000000000e+00       3.538014110074e-15       5.976626807053e-17      -3.033157795393e-17 
 1192       1.492544738280e-10       2.063592655165e-12       7.157707938295e-13       0.000000000000e+00       3.527233997138e-15       6.402360932848e-17      -3.156961609152e-17 
 1193       1.486222356492e-10       2.086835024592e-12       7.876984615057e-13       0.000000000000e+00       3.516496067391e-15       6.839818034452e-17      -3.280092344999e-17 
 1194       1.479850507570e-10       2.110500802228e-12       8.571207735212e-13       0.000000000000e+00       3.505800169274e-15       7.288367373737e-17      -3.402537347791e-17 
 1195       1.473431348575e-10       2.134577536813e-12       9.240324222667e-13       0.000000000000e+00       3.495146148329e-15       7.747373713966e-17      -3.524283901424e-17 
 1196       1.466967051809e-10       2.159052684235e-12       9.884281318270e-13       0.000000000000e+00       3.484533847187e-15       8.216197310196e-17      -3.645319228723e-17 
 1197       1.460459804854e-10       2.183913607333e-12       1.050302658096e-12       0.000000000000e+00       3.473963105565e-15       8.694193899690e-17      -3.765630491337e-17 
 1198       1.453911810596e-10       2.209147575695e-12       1.109650788889e-12       0.000000000000e+00       3.463433760253e-15       9.180714692319e-17      -3.885204789626e-17 
 1199       1.447325287266e-10       2.234741765460e-12       1.166467344061e-12       0.000000000000e+00       3.452945645111e-15       9.675106360970e-17      -4.004029162557e-17 
 1200       1.440702468463e-10       2.260683259113e-12       1.220747175618e-12       0.000000000000e+00       3.442498591060e-15       1.017671103196e-16      -4.122090587592e-17 
 1201       1.434045603195e-10       2.286959045289e-12       1.272485167832e-12       0.000000000000e+00       3.432092426071e-15       1.068486627542e-16      -4.239375980579e-17 
 1202       1.427356955905e-10       2.313556018571e-12       1.321676237357e-12       0.000000000000e+00       3.421726975164e-15       1.119890509574e-16      -4.355872195646e-17 
 1203       1.420638806508e-10       2.340460979292e-12       1.368315333342e-12       0.000000000000e+00       3.411402060392e-15       1.171815592193e-16      -4.471566025094e-17 
 1204       1.413893450417e-10       2.367660633329e-12       1.412397437546e-12       0.000000000000e+00       3.401117500841e-15       1.224194259808e-16      -4.586444199280e-17 
 1205       1.407123198584e-10       2.395141591909e-12       1.453917564453e-12       0.000000000000e+00       3.390873112618e-15       1.276958437372e-16      -4.700493386521e-17 
 1206       1.400330377523e-10       2.422890371406e-12       1.492870761383e-12       0.000000000000e+00       3.380668708841e-15       1.330039589423e-16      -4.813700192973e-17 
 1207       1.393517329349e-10       2.450893393138e-12       1.529252108614e-12       0.000000000000e+00       3.370504099640e-15       1.383368719129e-16      -4.926051162530e-17 
 1208       1.386686411807e-10       2.479136983172e-12       1.563056719489e-12       0.000000000000e+00       3.360379092139e-15       1.436876367325e-16      -5.037532776715e-17 
 1209       1.379839998305e-10       2.507607372122e-12       1.594279740534e-12       0.000000000000e+00       3.350293490455e-15       1.490492611553e-16      -5.148131454568e-17 
 1210       1.372980477946e-10       2.536290694944e-12       1.622916351571e-12       0.000000000000e+00       3.340247095689e-15       1.544147065106e-16      -5.257833552539e-17 
 1211       1.366110255562e-10       2.565172990744e-12       1.648961765834e-12       0.000000000000e+00       3.330239705915e-15       1.597768876065e-16      -5.366625364382e-17 
 1212       1.359231751744e-10       2.594240202568e-12       1.672411230084e-12       0.000000000000e+00       3.320271116178e-15       1.651286726343e-16      -5.474493121043e-17 
 1213       1.352347402875e-10       2.623478177212e-12       1.693260024721e-12       0.000000000000e+00       3.310341118481e-15       1.704628830724e-16      -5.581422990551e-17 
 1214       1.345459661162e-10       2.652872665013e-12       1.711503463899e-12       0.000000000000e+00       3.300449501781e-15       1.757722935903e-16      -5.687401077913e-17 
 1215       1.338570994669e-10       2.682409319655e-12       1.727136895642e-12       0.000000000000e+00       3.290596051977e-15       1.810496319529e-16      -5.792413425003e-17 
 1216       1.331683887348e-10       2.712073697962e-12       1.740155701960e-12       0.000000000000e+00       3.280780551908e-15       1.862875789243e-16      -5.896446010453e-17 
 1217       1.324800839075e-10       2.741851259706e-12       1.750555298956e-12       0.000000000000e+00       3.271002781340e-15       1.914787681721e-16      -5.999484749547e-17 
 1218       1.317924365675e-10       2.771727367399e-12       1.758331136951e-12       0.000000000000e+00       3.261262516963e-15       1.966157861712e-16      -6.101515494110e-17 
 1219       1.311056998962e-10       2.801687286098e-12       1.763478700590e-12       0.000000000000e+00       3.251559532379e-15       2.016911721082e-16      -6.202524032398e-17 
 1220       1.304201286766e-10       2.831716183202e-12       1.765993508961e-12       0.000000000000e+00       3.241893598097e-15       2.066974177852e-16      -6.302496088996e-17 
 1221       1.297359792968e-10       2.861799128252e-12       1.765871115707e-12       0.000000000000e+00       3.232264481524e-15       2.116269675240e-16      -6.401417324700e-17 
 1222       1.290535097531e-10       2.891921092731e-12       1.763107109143e-12       0.000000000000e+00       3.222671946957e-15       2.164722180701e-16      -6.499273336417e-17 
 1223       1.283729796533e-10       2.922066949864e-12       1.757697112368e-12       0.000000000000e+00       3.213115755577e-15       2.212255184968e-16      -6.596049657052e-17 
 1224       1.276946502198e-10       2.952221474418e-12       1.749636783380e-12       0.000000000000e+00       3.203595665442e-15       2.258791701093e-16      -6.691731755399e-17 
 1225       1.270187842929e-10       2.982369342501e-12       1.738921815194e-12       0.000000000000e+00       3.194111431473e-15       2.304254263489e-16      -6.786305036036e-17 
 1226       1.263456463342e-10       3.012495131361e-12       1.725547935950e-12       0.000000000000e+00       3.184662805456e-15       2.348564926965e-16      -6.879754839211e-17 
 1227       1.256755024296e-10       3.042583319187e-12       1.709510909033e-12       0.000000000000e+00       3.175249536025e-15       2.391645265774e-16      -6.972066440740e-17 
 1228       1.250086202923e-10       3.072618284908e-12       1.690806533185e-12       0.000000000000e+00       3.165871368661e-15       2.433416372650e-16      -7.063225051891e-17 
 1229       1.243452476001e-10       3.102585229757e-12       1.669436457148e-12       0.000000000000e+00       3.156528072405e-15       2.473821630276e-16      -7.153217076030e-17 
 1230       1.236855467158e-10       3.132472954367e-12       1.645425699060e-12       0.000000000000e+00       3.147219520370e-15       2.512895324080e-16      -7.242033895101e-17 
 1231       1.230296591967e-10       3.162271114308e-12       1.618805335663e-12       0.000000000000e+00       3.137945610172e-15       2.550694843622e-16      -7.329668127965e-17 
 1232       1.223777273917e-10       3.191969301189e-12       1.589606707255e-12       0.000000000000e+00       3.128706237289e-15       2.587277985039e-16      -7.416112377725e-17 
 1233       1.217298944430e-10       3.221557042539e-12       1.557861418264e-12       0.000000000000e+00       3.119501295050e-15       2.622702951895e-16      -7.501359231723e-17 
 1234       1.210863042880e-10       3.251023801670e-12       1.523601337826e-12       0.000000000000e+00       3.110330674637e-15       2.657028356029e-16      -7.585401261527e-17 
 1235       1.204471016602e-10       3.280358977557e-12       1.486858600359e-12       0.000000000000e+00       3.101194265074e-15       2.690313218403e-16      -7.668231022925e-17 
 1236       1.198124320911e-10       3.309551904707e-12       1.447665606138e-12       0.000000000000e+00       3.092091953222e-15       2.722616969952e-16      -7.749841055912e-17 
 1237       1.191824419114e-10       3.338591853036e-12       1.406055021876e-12       0.000000000000e+00       3.083023623775e-15       2.753999452431e-16      -7.830223884686e-17 
 1238       1.185572782530e-10       3.367468027735e-12       1.362059781296e-12       0.000000000000e+00       3.073989159254e-15       2.784520919262e-16      -7.909372017637e-17 
 1239       1.179370890500e-10       3.396169569150e-12       1.315713085706e-12       0.000000000000e+00       3.064988440002e-15       2.814242036385e-16      -7.987277947336e-17 
 1240       1.173220230404e-10       3.424685552652e-12       1.267048404579e-12       0.000000000000e+00       3.056021344176e-15       2.843223883107e-16      -8.063934150533e-17 
 1241       1.167122297677e-10       3.453004988507e-12       1.216099476128e-12       0.000000000000e+00       3.047087747742e-15       2.871527952947e-16      -8.139333088139e-17 
 1242       1.161078595822e-10       3.481116821755e-12       1.162900307879e-12       0.000000000000e+00       3.038187524475e-15       2.899216154486e-16      -8.213467205225e-17 
 1243       1.155090636427e-10       3.509009932076e-12       1.107485177251e-12       0.000000000000e+00       3.029320545943e-15       2.926350812218e-16      -8.286328931008e-17 
 1244       1.149159939179e-10       3.536673133669e-12       1.049888632128e-12       0.000000000000e+00       3.020486681511e-15       2.952994667394e-16      -8.357910678846e-17 
 1245       1.143288031879e-10       3.564095175121e-12       9.901454914400e-13       0.000000000000e+00       3.011685798330e-15       2.979210878872e-16      -8.428204846226e-17 
 1246       1.137476450458e-10       3.591264739282e-12       9.282908457346e-13       0.000000000000e+00       3.002917761334e-15       3.005063023970e-16      -8.497203814757e-17 
 1247       1.131726738990e-10       3.618170443134e-12       8.643600577554e-13       0.000000000000e+00       2.994182433232e-15       3.030615099305e-16      -8.564899950161e-17 
 1248       1.126040449710e-10       3.644800837671e-12       7.983887630176e-13       0.000000000000e+00       2.985479674506e-15       3.055931521650e-16      -8.631285602264e-17 
 1249       1.120419143026e-10       3.671144407764e-12       7.304128703837e-13       0.000000000000e+00       2.976809343401e-15       3.081077128778e-16      -8.696353104987e-17 
 1250       1.114864387537e-10       3.697189572039e-12       6.604685626399e-13       0.000000000000e+00       2.968171295923e-15       3.106117180313e-16      -8.760094776337e-17 
 1251       1.109377760046e-10       3.722924682749e-12       5.885922970720e-13       0.000000000000e+00       2.959565385830e-15       3.131117358576e-16      -8.822502918400e-17 
 1252       1.103960845575e-10       3.748338025645e-12       5.148208060415e-13       0.000000000000e+00       2.950991464633e-15       3.156143769433e-16      -8.883569817329e-17 
 1253       1.098615237381e-10       3.773417819850e-12       4.391910975616e-13       0.000000000000e+00       2.942449381580e-15       3.181262943146e-16      -8.943287743339e-17 
 1254       1.093342536971e-10       3.798152217732e-12       3.617404558734e-13       0.000000000000e+00       2.933938983661e-15       3.206541835222e-16      -9.001648950692e-17 
 1255       1.088144354118e-10       3.822529304777e-12       2.825064420218e-13       0.000000000000e+00       2.925460115594e-15       3.232047827258e-16      -9.058645677698e-17 
 1256       1.083022306872e-10       3.846537099463e-12       2.015268944315e-13       0.000000000000e+00       2.917012619827e-15       3.257848727789e-16      -9.114270146696e-17 
 1257       1.077978021579e-10       3.870163553129e-12       1.188399294833e-13       0.000000000000e+00       2.908596336525e-15       3.284012773142e-16      -9.168514564051e-17 
 1258       1.073013132897e-10       3.893396549852e-12       3.448394208988e-14       0.000000000000e+00       2.900211103570e-15       3.310608628280e-16      -9.221371120145e-17 
 1259       1.068129283805e-10       3.916223906318e-12      -5.150239372796e-14       0.000000000000e+00       2.891856756552e-15       3.337705387649e-16      -9.272831989366e-17 
 1260       1.063328125627e-10       3.938633371694e-12      -1.390801242653e-13       0.000000000000e+00       2.883533128765e-15       3.365372576032e-16      -9.322889330100e-17 
 1261       1.058611318037e-10       3.960612627503e-12      -2.282100155572e-13       0.000000000000e+00       2.875240051203e-15       3.393680149391e-16      -9.371535284723e-17 
 1262       1.053980529083e-10       3.982149287495e-12      -3.188525528022e-13       0.000000000000e+00       2.866977352549e-15       3.422698495720e-16      -9.418761979591e-17 
 1263       1.049437435196e-10       4.003230897523e-12      -4.109679397870e-13       0.000000000000e+00       2.858744859176e-15       3.452498435893e-16      -9.464561525034e-17 
 1264       1.044983721209e-10       4.023844935409e-12      -5.045160983095e-13       0.000000000000e+00       2.850542395137e-15       3.483151224510e-16      -9.508926015341e-17 
 1265       1.040621080368e-10       4.043978810827e-12      -5.994566676038e-13       0.000000000000e+00       2.842369782160e-15       3.514728550745e-16      -9.551847528759e-17 
 1266       1.036351214350e-10       4.063619865165e-12      -6.957490037630e-13       0.000000000000e+00       2.834226839646e-15       3.547302539201e-16      -9.593318127478e-17 
 1267       1.032175833280e-10       4.082755371406e-12      -7.933521791642e-13       0.000000000000e+00       2.826113384657e-15       3.580945750748e-16      -9.633329857626e-17 
 1268       1.028096366610e-10       4.101374221415e-12      -8.922243485882e-13       0.000000000000e+00       2.818029247529e-15       3.615708805973e-16      -9.671876783397e-17 
 1269       1.024113092101e-10       4.119472009359e-12      -9.923208407422e-13       0.000000000000e+00       2.809974318894e-15       3.651552971438e-16      -9.708961115129e-17 
 1270       1.020225996834e-10       4.137046006642e-12      -1.093596043588e-12       0.000000000000e+00       2.801948503190e-15       3.688416797859e-16      -9.744587151863e-17 
 1271       1.016435065416e-10       4.154093479807e-12      -1.196004035028e-12       0.000000000000e+00       2.793951703086e-15       3.726238426188e-16      -9.778759253754e-17 
 1272       1.012740279982e-10       4.170611690531e-12      -1.299498582279e-12       0.000000000000e+00       2.785983819485e-15       3.764955586793e-16      -9.811481842220e-17 
 1273       1.009141620182e-10       4.186597895625e-12      -1.404033141252e-12       0.000000000000e+00       2.778044751513e-15       3.804505598638e-16      -9.842759400075e-17 
 1274       1.005639063179e-10       4.202049347034e-12      -1.509560855928e-12       0.000000000000e+00       2.770134396518e-15       3.844825368458e-16      -9.872596471682e-17 
 1275       1.002232583638e-10       4.216963291834e-12      -1.616034557734e-12       0.000000000000e+00       2.762252650068e-15       3.885851389945e-16      -9.900997663089e-17 
 1276       9.989221537235e-11       4.231336972231e-12      -1.723406764919e-12       0.000000000000e+00       2.754399405939e-15       3.927519742922e-16      -9.927967642175e-17 
 1277       9.957077430908e-11       4.245167625559e-12      -1.831629681935e-12       0.000000000000e+00       2.746574556119e-15       3.969766092528e-16      -9.953511138792e-17 
 1278       9.925893188800e-11       4.258452484282e-12      -1.940655198807e-12       0.000000000000e+00       2.738777990798e-15       4.012525688391e-16      -9.977632944909e-17 
 1279       9.895668457098e-11       4.271188775989e-12      -2.050434890516e-12       0.000000000000e+00       2.731009598367e-15       4.055733363815e-16      -1.000033791475e-16 
 1280       9.866402856704e-11       4.283373723393e-12      -2.160920016371e-12       0.000000000000e+00       2.723269265410e-15       4.099323534953e-16      -1.002163096495e-16 
 1281       9.838095983176e-11       4.295004544333e-12      -2.272061519390e-12       0.000000000000e+00       2.715556876702e-15       4.143230199991e-16      -1.004151707467e-16 
 1282       9.810747406658e-11       4.306078451769e-12      -2.383810025672e-12       0.000000000000e+00       2.707872315206e-15       4.187386938326e-16      -1.006000128579e-16 
 1283       9.784356671818e-11       4.316592653783e-12      -2.496115843778e-12       0.000000000000e+00       2.700215462064e-15       4.231726909745e-16      -1.007708870298e-16 
 1284       9.758923297781e-11       4.326544353576e-12      -2.608928964106e-12       0.000000000000e+00       2.692586196598e-15       4.276182853605e-16      -1.009278449392e-16 
 1285       9.734446778065e-11       4.335930749467e-12      -2.722199058265e-12       0.000000000000e+00       2.684984396299e-15       4.320687088014e-16      -1.010709388939e-16 
 1286       9.710926580516e-11       4.344749034894e-12      -2.835875478458e-12       0.000000000000e+00       2.677409936831e-15       4.365171509007e-16      -1.012002218342e-16 
 1287       9.688362147241e-11       4.352996398411e-12      -2.949907256853e-12       0.000000000000e+00       2.669862692018e-15       4.409567589732e-16      -1.013157473347e-16 
 1288       9.666752894547e-11       4.360670023685e-12      -3.064243104961e-12       0.000000000000e+00       2.662342533847e-15       4.453806379622e-16      -1.014175696050e-16 
 1289       9.646098212870e-11       4.367767089496e-12      -3.178831413016e-12       0.000000000000e+00       2.654849332457e-15       4.497818503579e-16      -1.015057434921e-16 
 1290       9.626397466716e-11       4.374284769740e-12      -3.293620249347e-12       0.000000000000e+00       2.647382956140e-15       4.541534161153e-16      -1.015803244810e-16 
 1291       9.607649994590e-11       4.380220233419e-12      -3.408557359759e-12       0.000000000000e+00       2.639943271333e-15       4.584883125723e-16      -1.016413686964e-16 
 1292       9.589855108937e-11       4.385570644647e-12      -3.523590166905e-12       0.000000000000e+00       2.632530142615e-15       4.627794743671e-16      -1.016889329042e-16 
 1293       9.573012096071e-11       4.390333162646e-12      -3.638665769667e-12       0.000000000000e+00       2.625143432702e-15       4.670197933569e-16      -1.017230745132e-16 
 1294       9.557120216114e-11       4.394504941745e-12      -3.753730942531e-12       0.000000000000e+00       2.617783002445e-15       4.712021185355e-16      -1.017438515757e-16 
 1295       9.542178702931e-11       4.398083131377e-12      -3.868732134965e-12       0.000000000000e+00       2.610448710822e-15       4.753192559509e-16      -1.017513227899e-16 
 1296       9.528186764060e-11       4.401064876082e-12      -3.983615470791e-12       0.000000000000e+00       2.603140414934e-15       4.793639686241e-16      -1.017455475007e-16 
 1297       9.515143580653e-11       4.403447315501e-12      -4.098326747570e-12       0.000000000000e+00       2.595857970004e-15       4.833289764663e-16      -1.017265857012e-16 
 1298       9.503048307407e-11       4.405227584376e-12      -4.212811435969e-12       0.000000000000e+00       2.588601229369e-15       4.872069561972e-16      -1.016944980344e-16 
 1299       9.491900072500e-11       4.406402812553e-12      -4.327014679147e-12       0.000000000000e+00       2.581370044477e-15       4.909905412629e-16      -1.016493457943e-16 
 1300       9.481697977527e-11       4.406970124972e-12      -4.440881292124e-12       0.000000000000e+00       2.574164264883e-15       4.946723217540e-16      -1.015911909278e-16 
 1301       9.472441097434e-11       4.406926641675e-12      -4.554355761164e-12       0.000000000000e+00       2.566983738242e-15       4.982448443232e-16      -1.015200960356e-16 
 1302       9.464128480450e-11       4.406269477800e-12      -4.667382243147e-12       0.000000000000e+00       2.559828310309e-15       5.017006121036e-16      -1.014361243738e-16 
 1303       9.456759148027e-11       4.404995743577e-12      -4.779904564948e-12       0.000000000000e+00       2.552697824932e-15       5.050320846265e-16      -1.013393398555e-16 
 1304       9.450332094774e-11       4.403102544333e-12      -4.891866222814e-12       0.000000000000e+00       2.545592124045e-15       5.082316777395e-16      -1.012298070520e-16 
 1305       9.444846288386e-11       4.400586980488e-12      -5.003210381738e-12       0.000000000000e+00       2.538511047670e-15       5.112917635242e-16      -1.011075911946e-16 
 1306       9.440300669588e-11       4.397446147550e-12      -5.113879874840e-12       0.000000000000e+00       2.531454433906e-15       5.142046702144e-16      -1.009727581754e-16 
 1307       9.436692275514e-11       4.393678568257e-12      -5.223821490518e-12       0.000000000000e+00       2.524422136439e-15       5.169647969517e-16      -1.008253839978e-16 
 1308       9.434010587034e-11       4.389288506513e-12      -5.332998887646e-12       0.000000000000e+00       2.517414077288e-15       5.195749841055e-16      -1.006655832379e-16 
 1309       9.432243118068e-11       4.384281701705e-12      -5.441379823614e-12       0.000000000000e+00       2.510430194639e-15       5.220402140516e-16      -1.004934809042e-16 
 1310       9.431377286199e-11       4.378663941040e-12      -5.548931879335e-12       0.000000000000e+00       2.503470425383e-15       5.243655028655e-16      -1.003092030201e-16 
 1311       9.431400412476e-11       4.372441059651e-12      -5.655622458922e-12       0.000000000000e+00       2.496534705118e-15       5.265559003891e-16      -1.001128766256e-16 
 1312       9.432299721219e-11       4.365618940687e-12      -5.761418789366e-12       0.000000000000e+00       2.489622968140e-15       5.286164902970e-16      -9.990462977982e-17 
 1313       9.434062339821e-11       4.358203515422e-12      -5.866287920217e-12       0.000000000000e+00       2.482735147444e-15       5.305523901629e-16      -9.968459156309e-17 
 1314       9.436675298552e-11       4.350200763347e-12      -5.970196723254e-12       0.000000000000e+00       2.475871174718e-15       5.323687515258e-16      -9.945289207876e-17 
 1315       9.440125530359e-11       4.341616712271e-12      -6.073111892172e-12       0.000000000000e+00       2.469030980343e-15       5.340707599570e-16      -9.920966245551e-17 
 1316       9.444399870674e-11       4.332457438423e-12      -6.174999942252e-12       0.000000000000e+00       2.462214493384e-15       5.356636351258e-16      -9.895503484935e-17 
 1317       9.449485057214e-11       4.322729066547e-12      -6.275827210042e-12       0.000000000000e+00       2.455421641595e-15       5.371526308663e-16      -9.868914244576e-17 
 1318       9.455367729785e-11       4.312437770006e-12      -6.375559853038e-12       0.000000000000e+00       2.448652351408e-15       5.385430352438e-16      -9.841211946175e-17 
 1319       9.462034430084e-11       4.301589770876e-12      -6.474163849353e-12       0.000000000000e+00       2.441906547935e-15       5.398401706211e-16      -9.812410114799e-17 
 1320       9.469471601506e-11       4.290191340049e-12      -6.571604997404e-12       0.000000000000e+00       2.435184154962e-15       5.410493937250e-16      -9.782522379083e-17 
 1321       9.477665588942e-11       4.278248797331e-12      -6.667848915584e-12       0.000000000000e+00       2.428485094947e-15       5.421760957127e-16      -9.751562471449e-17 
 1322       9.486602638584e-11       4.265768511542e-12      -6.762861041941e-12       0.000000000000e+00       2.421809289018e-15       5.432257022378e-16      -9.719544228306e-17 
 1323       9.496268897732e-11       4.252756900613e-12      -6.856606633856e-12       0.000000000000e+00       2.415156656966e-15       5.442036735176e-16      -9.686481590267e-17 
 1324       9.506650414592e-11       4.239220431688e-12      -6.949050767722e-12       0.000000000000e+00       2.408527117245e-15       5.451155043987e-16      -9.652388602350e-17 
 1325       9.517733138080e-11       4.225165621222e-12      -7.040158338619e-12       0.000000000000e+00       2.401920586970e-15       5.459667244236e-16      -9.617279414197e-17 
 1326       9.529502917627e-11       4.210599035079e-12      -7.129894059994e-12       0.000000000000e+00       2.395336981909e-15       5.467628978974e-16      -9.581168280273e-17 
 1327       9.541945502984e-11       4.195527288634e-12      -7.218222463336e-12       0.000000000000e+00       2.388776216484e-15       5.475096239538e-16      -9.544069560082e-17 
 1328       9.555046544019e-11       4.179957046870e-12      -7.305107897858e-12       0.000000000000e+00       2.382238203766e-15       5.482125366218e-16      -9.505997718377e-17 
 1329       9.568791590525e-11       4.163895024477e-12      -7.390514530170e-12       0.000000000000e+00       2.375722855472e-15       5.488773048922e-16      -9.466967325362e-17 
 1330       9.583166092023e-11       4.147347985953e-12      -7.474406343960e-12       0.000000000000e+00       2.369230081963e-15       5.495096327834e-16      -9.426993056909e-17 
 1331       9.598155397562e-11       4.130322745703e-12      -7.556747139670e-12       0.000000000000e+00       2.362759792239e-15       5.501152594086e-16      -9.386089694762e-17 
 1332       9.613744755527e-11       4.112826168137e-12      -7.637500534174e-12       0.000000000000e+00       2.356311893935e-15       5.506999590417e-16      -9.344272126749e-17 
 1333       9.629919313438e-11       4.094865167769e-12      -7.716629960458e-12       0.000000000000e+00       2.349886293324e-15       5.512695411837e-16      -9.301555346991e-17 
 1334       9.646664117753e-11       4.076446709319e-12      -7.794098667292e-12       0.000000000000e+00       2.343482895304e-15       5.518298506296e-16      -9.257954456110e-17 
 1335       9.663964113675e-11       4.057577807808e-12      -7.869869718914e-12       0.000000000000e+00       2.337101603403e-15       5.523867675340e-16      -9.213484661438e-17 
 1336       9.681804144952e-11       4.038265528661e-12      -7.943905994704e-12       0.000000000000e+00       2.330742319772e-15       5.529462074784e-16      -9.168161277228e-17 
 1337       9.700168953682e-11       4.018516987805e-12      -8.016170188864e-12       0.000000000000e+00       2.324404945183e-15       5.535141215368e-16      -9.121999724862e-17 
 1338       9.719043180114e-11       3.998339351766e-12      -8.086624810092e-12       0.000000000000e+00       2.318089379025e-15       5.540964963428e-16      -9.075015533061e-17 
 1339       9.738411362453e-11       3.977739837772e-12      -8.155232181264e-12       0.000000000000e+00       2.311795519301e-15       5.546993541554e-16      -9.027224338092e-17 
 1340       9.758257936662e-11       3.956725713851e-12      -8.221954439108e-12       0.000000000000e+00       2.305523262625e-15       5.553287529258e-16      -8.978641883980e-17 
 1341       9.778567236268e-11       3.935304298927e-12      -8.286753533886e-12       0.000000000000e+00       2.299272504220e-15       5.559907863639e-16      -8.929284022716e-17 
 1342       9.799323492159e-11       3.913482962924e-12      -8.349591229068e-12       0.000000000000e+00       2.293043137913e-15       5.566915840041e-16      -8.879166714467e-17 
 1343       9.820510832395e-11       3.891269126863e-12      -8.410429101009e-12       0.000000000000e+00       2.286835056130e-15       5.574373112724e-16      -8.828306027781e-17 
 1344       9.842113282005e-11       3.868670262961e-12      -8.469228538632e-12       0.000000000000e+00       2.280648149899e-15       5.582341695524e-16      -8.776718139805e-17 
 1345       9.864114762792e-11       3.845693894731e-12      -8.525950743099e-12       0.000000000000e+00       2.274482308842e-15       5.590883962520e-16      -8.724419336484e-17 
 1346       9.886499134711e-11       3.822347994397e-12      -8.580562900251e-12       0.000000000000e+00       2.268337430746e-15       5.600045266029e-16      -8.671424913381e-17 
 1347       9.909250320875e-11       3.798642179680e-12      -8.633056771933e-12       0.000000000000e+00       2.262213450407e-15       5.609801582654e-16      -8.617745864623e-17 
 1348       9.932352183515e-11       3.774586530210e-12      -8.683430305991e-12       0.000000000000e+00       2.256110311094e-15       5.620111299818e-16      -8.563392158399e-17 
 1349       9.955788482336e-11       3.750191191516e-12      -8.731681481923e-12       0.000000000000e+00       2.250027955001e-15       5.630932546344e-16      -8.508373833230e-17 
 1350       9.979542874320e-11       3.725466375150e-12      -8.777808310966e-12       0.000000000000e+00       2.243966323243e-15       5.642223191969e-16      -8.452700998106e-17 
 1351       1.000359891353e-10       3.700422358814e-12      -8.821808836186e-12       0.000000000000e+00       2.237925355856e-15       5.653940846856e-16      -8.396383832621e-17 
 1352       1.002794005094e-10       3.675069486486e-12      -8.863681132555e-12       0.000000000000e+00       2.231904991792e-15       5.666042861110e-16      -8.339432587111e-17 
 1353       1.005254963420e-10       3.649418168541e-12      -8.903423307049e-12       0.000000000000e+00       2.225905168918e-15       5.678486324289e-16      -8.281857582789e-17 
 1354       1.007741090746e-10       3.623478881883e-12      -8.941033498724e-12       0.000000000000e+00       2.219925824012e-15       5.691228064919e-16      -8.223669211884e-17 
 1355       1.010250701120e-10       3.597262170065e-12      -8.976509878807e-12       0.000000000000e+00       2.213966892761e-15       5.704224650007e-16      -8.164877937773e-17 
 1356       1.012782098200e-10       3.570778643419e-12      -9.009850650785e-12       0.000000000000e+00       2.208028309760e-15       5.717432384557e-16      -8.105494295123e-17 
 1357       1.015333575236e-10       3.544038979178e-12      -9.041054050484e-12       0.000000000000e+00       2.202110008506e-15       5.730807311077e-16      -8.045528890021e-17 
 1358       1.017903415052e-10       3.517053921603e-12      -9.070118346162e-12       0.000000000000e+00       2.196211921400e-15       5.744305209102e-16      -7.984992400118e-17 
 1359       1.020489890024e-10       3.489834282108e-12      -9.097041838590e-12       0.000000000000e+00       2.190333979739e-15       5.757881594699e-16      -7.923895574758e-17 
 1360       1.023091262061e-10       3.462390939389e-12      -9.121822861144e-12       0.000000000000e+00       2.184476113720e-15       5.771491719986e-16      -7.862249235120e-17 
 1361       1.025705782590e-10       3.434734839542e-12      -9.144459779885e-12       0.000000000000e+00       2.178638252431e-15       5.785090572643e-16      -7.800064274351e-17 
 1362       1.028331692529e-10       3.406876996196e-12      -9.164950993650e-12       0.000000000000e+00       2.172820323852e-15       5.798632875427e-16      -7.737351657705e-17 
 1363       1.030967222273e-10       3.378828490634e-12      -9.183294934135e-12       0.000000000000e+00       2.167022254852e-15       5.812073085684e-16      -7.674122422678e-17 
 1364       1.033610591675e-10       3.350600471922e-12      -9.199490065985e-12       0.000000000000e+00       2.161243971185e-15       5.825365394864e-16      -7.610387679143e-17 
 1365       1.036260010022e-10       3.322204157031e-12      -9.213534886875e-12       0.000000000000e+00       2.155485397491e-15       5.838463728034e-16      -7.546158609490e-17 
 1366       1.038913676021e-10       3.293650830964e-12      -9.225427927603e-12       0.000000000000e+00       2.149746457288e-15       5.851321743391e-16      -7.481446468760e-17 
 1367       1.041569777774e-10       3.264951846884e-12      -9.235167752168e-12       0.000000000000e+00       2.144027072974e-15       5.863892831777e-16      -7.416262584781e-17 
 1368       1.044226492765e-10       3.236118626233e-12      -9.242752957864e-12       0.000000000000e+00       2.138327165824e-15       5.876130116192e-16      -7.350618358307e-17 
 1369       1.046881987835e-10       3.207162658865e-12      -9.248182175362e-12       0.000000000000e+00       2.132646655984e-15       5.887986451307e-16      -7.284525263152e-17 
 1370       1.049534419165e-10       3.178095503168e-12      -9.251454068797e-12       0.000000000000e+00       2.126985462471e-15       5.899414422977e-16      -7.217994846327e-17 
 1371       1.052181932256e-10       3.148928786189e-12      -9.252567335854e-12       0.000000000000e+00       2.121343503172e-15       5.910366347757e-16      -7.151038728177e-17 
 1372       1.054822661912e-10       3.119674203760e-12      -9.251520707856e-12       0.000000000000e+00       2.115720694838e-15       5.920794272413e-16      -7.083668602517e-17 
 1373       1.057454732216e-10       3.090343520624e-12      -9.248312949848e-12       0.000000000000e+00       2.110116953084e-15       5.930649973436e-16      -7.015896236770e-17 
 1374       1.060076256514e-10       3.060948570561e-12      -9.242942860685e-12       0.000000000000e+00       2.104532192385e-15       5.939884956559e-16      -6.947733472100e-17 
 1375       1.062685337397e-10       3.031501256513e-12      -9.235409273116e-12       0.000000000000e+00       2.098966326073e-15       5.948450456265e-16      -6.879192223553e-17 
 1376       1.065280066675e-10       3.002013550707e-12      -9.225711053872e-12       0.000000000000e+00       2.093419266337e-15       5.956297435304e-16      -6.810284480187e-17 
 1377       1.067858525365e-10       2.972497494787e-12      -9.213847103753e-12       0.000000000000e+00       2.087890924217e-15       5.963376584207e-16      -6.741022305217e-17 
 1378       1.070418783667e-10       2.942965199932e-12      -9.199816357713e-12       0.000000000000e+00       2.082381209606e-15       5.969638320798e-16      -6.671417836143e-17 
 1379       1.072958900948e-10       2.913428846986e-12      -9.183617784946e-12       0.000000000000e+00       2.076890031242e-15       5.975032789707e-16      -6.601483284893e-17 
 1380       1.075476925720e-10       2.883900686583e-12      -9.165250388971e-12       0.000000000000e+00       2.071417296708e-15       5.979509861887e-16      -6.531230937956e-17 
 1381       1.077970895619e-10       2.854393039272e-12      -9.144713207724e-12       0.000000000000e+00       2.065962912431e-15       5.983019134122e-16      -6.460673156518e-17 
 1382       1.080438837390e-10       2.824918295642e-12      -9.122005313635e-12       0.000000000000e+00       2.060526783678e-15       5.985509928546e-16      -6.389822376602e-17 
 1383       1.082878766866e-10       2.795488916449e-12      -9.097125813725e-12       0.000000000000e+00       2.055108814552e-15       5.986931292156e-16      -6.318691109198e-17 
 1384       1.085288688946e-10       2.766117432739e-12      -9.070073849681e-12       0.000000000000e+00       2.049708907993e-15       5.987231996319e-16      -6.247291940408e-17 
 1385       1.087666763420e-10       2.736815702903e-12      -9.040853010549e-12       0.000000000000e+00       2.044326973268e-15       5.986375289689e-16      -6.175636721092e-17 
 1386       1.090011804382e-10       2.707592675003e-12      -9.009484621584e-12       0.000000000000e+00       2.038962948556e-15       5.984383328328e-16      -6.103734126191e-17 
 1387       1.092322786051e-10       2.678456601067e-12      -8.975994595872e-12       0.000000000000e+00       2.033616778600e-15       5.981293213724e-16      -6.031592069909e-17 
 1388       1.094598677399e-10       2.649415778098e-12      -8.940409034835e-12       0.000000000000e+00       2.028288407225e-15       5.977142282393e-16      -5.959218513942e-17 
 1389       1.096838442138e-10       2.620478548157e-12      -8.902754228584e-12       0.000000000000e+00       2.022977777343e-15       5.971968106317e-16      -5.886621467566e-17 
 1390       1.099041038718e-10       2.591653298436e-12      -8.863056656286e-12       0.000000000000e+00       2.017684830944e-15       5.965808493379e-16      -5.813808987722e-17 
 1391       1.101205420313e-10       2.562948461344e-12      -8.821342986522e-12       0.000000000000e+00       2.012409509097e-15       5.958701487798e-16      -5.740789179102e-17 
 1392       1.103330534812e-10       2.534372514579e-12      -8.777640077656e-12       0.000000000000e+00       2.007151751949e-15       5.950685370567e-16      -5.667570194234e-17 
 1393       1.105415324814e-10       2.505933981210e-12      -8.731974978189e-12       0.000000000000e+00       2.001911498722e-15       5.941798659887e-16      -5.594160233569e-17 
 1394       1.107458727615e-10       2.477641429760e-12      -8.684374927127e-12       0.000000000000e+00       1.996688687708e-15       5.932080111604e-16      -5.520567545563e-17 
 1395       1.109459675198e-10       2.449503474279e-12      -8.634867354341e-12       0.000000000000e+00       1.991483256271e-15       5.921568719644e-16      -5.446800426770e-17 
 1396       1.111417094229e-10       2.421528774425e-12      -8.583479880927e-12       0.000000000000e+00       1.986295140844e-15       5.910303716448e-16      -5.372867221922e-17 
 1397       1.113329906045e-10       2.393726035546e-12      -8.530240319573e-12       0.000000000000e+00       1.981124276925e-15       5.898324573412e-16      -5.298776324014e-17 
 1398       1.115197026644e-10       2.366104008754e-12      -8.475176674917e-12       0.000000000000e+00       1.975970599076e-15       5.885671001317e-16      -5.224536174397e-17 
 1399       1.117017366676e-10       2.338671491009e-12      -8.418317143909e-12       0.000000000000e+00       1.970834040922e-15       5.872382950768e-16      -5.150155262854e-17 
 1400       1.118789831437e-10       2.311437325195e-12      -8.359690116177e-12       0.000000000000e+00       1.965714535148e-15       5.858500612632e-16      -5.075642127693e-17 
 1401       1.120513320857e-10       2.284410400201e-12      -8.299324174384e-12       0.000000000000e+00       1.960612013496e-15       5.844064418469e-16      -5.001005355832e-17 
 1402       1.122186729492e-10       2.257599650996e-12      -8.237248094595e-12       0.000000000000e+00       1.955526406764e-15       5.829115040972e-16      -4.926253582880e-17 
 1403       1.123808946514e-10       2.231014058715e-12      -8.173490846634e-12       0.000000000000e+00       1.950457644803e-15       5.813693394398e-16      -4.851395493228e-17 
 1404       1.125378855706e-10       2.204662650731e-12      -8.108081594451e-12       0.000000000000e+00       1.945405656518e-15       5.797840635011e-16      -4.776439820133e-17 
 1405       1.126895335445e-10       2.178554500740e-12      -8.041049696482e-12       0.000000000000e+00       1.940370369859e-15       5.781598161512e-16      -4.701395345802e-17 
 1406       1.128357258701e-10       2.152698728836e-12      -7.972424706009e-12       0.000000000000e+00       1.935351711828e-15       5.765007615475e-16      -4.626270901482e-17 
 1407       1.129763493024e-10       2.127104501590e-12      -7.902236371526e-12       0.000000000000e+00       1.930349608470e-15       5.748110881788e-16      -4.551075367539e-17 
 1408       1.131112900536e-10       2.101781032133e-12      -7.830514637098e-12       0.000000000000e+00       1.925363984874e-15       5.730950089083e-16      -4.475817673552e-17 
 1409       1.132404337920e-10       2.076737580231e-12      -7.757289642724e-12       0.000000000000e+00       1.920394765168e-15       5.713567610174e-16      -4.400506798393e-17 
 1410       1.133636656413e-10       2.051983452367e-12      -7.682591724700e-12       0.000000000000e+00       1.915441872521e-15       5.696006062494e-16      -4.325151770315e-17 
 1411       1.134808701799e-10       2.027528001816e-12      -7.606451415982e-12       0.000000000000e+00       1.910505229139e-15       5.678308308531e-16      -4.249761667036e-17 
 1412       1.135919314395e-10       2.003380628731e-12      -7.528899446542e-12       0.000000000000e+00       1.905584756261e-15       5.660517456260e-16      -4.174345615827e-17 
 1413       1.136967329044e-10       1.979550780213e-12      -7.449966743740e-12       0.000000000000e+00       1.900680374161e-15       5.642676859585e-16      -4.098912793596e-17 
 1414       1.137951575109e-10       1.956047950399e-12      -7.369684432676e-12       0.000000000000e+00       1.895792002141e-15       5.624830118767e-16      -4.023472426977e-17 
 1415       1.138870876458e-10       1.932881680535e-12      -7.288083836560e-12       0.000000000000e+00       1.890919558534e-15       5.607021080869e-16      -3.948033792410e-17 
 1416       1.139724051462e-10       1.910061559058e-12      -7.205196477069e-12       0.000000000000e+00       1.886062960699e-15       5.589293840184e-16      -3.872606216233e-17 
 1417       1.140509912979e-10       1.887597221673e-12      -7.121054074712e-12       0.000000000000e+00       1.881222125016e-15       5.571692738675e-16      -3.797199074763e-17 
 1418       1.141227268350e-10       1.865498351434e-12      -7.035688549191e-12       0.000000000000e+00       1.876396966891e-15       5.554262366411e-16      -3.721821794384e-17 
 1419       1.141874919388e-10       1.843774678822e-12      -6.949132019763e-12       0.000000000000e+00       1.871587400750e-15       5.537047562000e-16      -3.646483851633e-17 
 1420       1.142451662368e-10       1.822435981825e-12      -6.861416805601e-12       0.000000000000e+00       1.866793340034e-15       5.520093413027e-16      -3.571194773286e-17 
 1421       1.142956288022e-10       1.801492086016e-12      -6.772575426158e-12       0.000000000000e+00       1.862014697203e-15       5.503445256490e-16      -3.495964136441e-17 
 1422       1.143387581523e-10       1.780952864633e-12      -6.682640601530e-12       0.000000000000e+00       1.857251383729e-15       5.487148679235e-16      -3.420801568607e-17 
 1423       1.143744322483e-10       1.760828238656e-12      -6.591645252815e-12       0.000000000000e+00       1.852503310096e-15       5.471249518391e-16      -3.345716747789e-17 
 1424       1.144025498689e-10       1.741126833528e-12      -6.499622939419e-12       0.000000000000e+00       1.847770394422e-15       5.455781242203e-16      -3.270718808938e-17 
 1425       1.144230949744e-10       1.721851934050e-12      -6.406609175155e-12       0.000000000000e+00       1.843052588431e-15       5.440726949852e-16      -3.195814556465e-17 
 1426       1.144360730018e-10       1.703005488099e-12      -6.312640126383e-12       0.000000000000e+00       1.838349851741e-15       5.426056982236e-16      -3.121010233540e-17 
 1427       1.144414895505e-10       1.684589446218e-12      -6.217752176678e-12       0.000000000000e+00       1.833662143265e-15       5.411741505857e-16      -3.046312114116e-17 
 1428       1.144393503823e-10       1.666605761617e-12      -6.121981927219e-12       0.000000000000e+00       1.828989421210e-15       5.397750512509e-16      -2.971726502970e-17 
 1429       1.144296614223e-10       1.649056390172e-12      -6.025366197177e-12       0.000000000000e+00       1.824331643075e-15       5.384053818968e-16      -2.897259735766e-17 
 1430       1.144124287587e-10       1.631943290423e-12      -5.927942024106e-12       0.000000000000e+00       1.819688765648e-15       5.370621066682e-16      -2.822918179095e-17 
 1431       1.143876586434e-10       1.615268423579e-12      -5.829746664325e-12       0.000000000000e+00       1.815060745006e-15       5.357421721458e-16      -2.748708230533e-17 
 1432       1.143553574925e-10       1.599033753511e-12      -5.730817593310e-12       0.000000000000e+00       1.810447536513e-15       5.344425073156e-16      -2.674636318686e-17 
 1433       1.143155318864e-10       1.583241246755e-12      -5.631192506082e-12       0.000000000000e+00       1.805849094818e-15       5.331600235374e-16      -2.600708903245e-17 
 1434       1.142681885703e-10       1.567892872513e-12      -5.530909317592e-12       0.000000000000e+00       1.801265373852e-15       5.318916145141e-16      -2.526932475035e-17 
 1435       1.142133344545e-10       1.552990602648e-12      -5.430006163112e-12       0.000000000000e+00       1.796696326832e-15       5.306341562606e-16      -2.453313556066e-17 
 1436       1.141509766149e-10       1.538536411690e-12      -5.328521398623e-12       0.000000000000e+00       1.792141906251e-15       5.293845070724e-16      -2.379858699584e-17 
 1437       1.140811222931e-10       1.524532276829e-12      -5.226493601199e-12       0.000000000000e+00       1.787602063885e-15       5.281395074951e-16      -2.306574490119e-17 
 1438       1.140037788972e-10       1.510980177920e-12      -5.123961569400e-12       0.000000000000e+00       1.783076750784e-15       5.268959802931e-16      -2.233467543539e-17 
 1439       1.139189540016e-10       1.497882097480e-12      -5.020964323656e-12       0.000000000000e+00       1.778565917276e-15       5.256507304184e-16      -2.160544507100e-17 
 1440       1.138266553477e-10       1.485240020686e-12      -4.917541106657e-12       0.000000000000e+00       1.774069512961e-15       5.244005449798e-16      -2.087812059495e-17 
 1441       1.137268908442e-10       1.473055935379e-12      -4.813731383740e-12       0.000000000000e+00       1.769587486715e-15       5.231421932118e-16      -2.015276910907e-17 
 1442       1.136196685676e-10       1.461331832061e-12      -4.709574843279e-12       0.000000000000e+00       1.765119786681e-15       5.218724264434e-16      -1.942945803058e-17 
 1443       1.135049967622e-10       1.450069703895e-12      -4.605111397069e-12       0.000000000000e+00       1.760666360273e-15       5.205879780673e-16      -1.870825509260e-17 
 1444       1.133828838408e-10       1.439271546704e-12      -4.500381180718e-12       0.000000000000e+00       1.756227154175e-15       5.192855635087e-16      -1.798922834466e-17 
 1445       1.132533383849e-10       1.428939358970e-12      -4.395424554033e-12       0.000000000000e+00       1.751802114333e-15       5.179618801944e-16      -1.727244615319e-17 
 1446       1.131163691451e-10       1.419075141838e-12      -4.290282101406e-12       0.000000000000e+00       1.747391185961e-15       5.166136075213e-16      -1.655797720207e-17 
 1447       1.129719850416e-10       1.409680899111e-12      -4.184994632206e-12       0.000000000000e+00       1.742994313535e-15       5.152374068262e-16      -1.584589049309e-17 
 1448       1.128201951640e-10       1.400758637249e-12      -4.079603181164e-12       0.000000000000e+00       1.738611440792e-15       5.138299213540e-16      -1.513625534648e-17 
 1449       1.126610087726e-10       1.392310365374e-12      -3.974149008763e-12       0.000000000000e+00       1.734242510729e-15       5.123877762268e-16      -1.442914140140e-17 
 1450       1.124944352979e-10       1.384338095264e-12      -3.868673601623e-12       0.000000000000e+00       1.729887465601e-15       5.109075784133e-16      -1.372461861648e-17 
 1451       1.123204843414e-10       1.376843841358e-12      -3.763218672893e-12       0.000000000000e+00       1.725546246922e-15       5.093859166972e-16      -1.302275727029e-17 
 1452       1.121391656758e-10       1.369829620749e-12      -3.657826162634e-12       0.000000000000e+00       1.721218795457e-15       5.078193616464e-16      -1.232362796186e-17 
 1453       1.119504892455e-10       1.363297453190e-12      -3.552538238211e-12       0.000000000000e+00       1.716905051229e-15       5.062044655822e-16      -1.162730161121e-17 
 1454       1.117544651668e-10       1.357249361089e-12      -3.447397294680e-12       0.000000000000e+00       1.712604953510e-15       5.045377625476e-16      -1.093384945980e-17 
 1455       1.115511037284e-10       1.351687369511e-12      -3.342445955174e-12       0.000000000000e+00       1.708318440822e-15       5.028157682770e-16      -1.024334307111e-17 
 1456       1.113404153917e-10       1.346613506180e-12      -3.237727071294e-12       0.000000000000e+00       1.704045450938e-15       5.010349801647e-16      -9.555854331074e-18 
 1457       1.111224107910e-10       1.342029801471e-12      -3.133283723493e-12       0.000000000000e+00       1.699785920877e-15       4.991918772340e-16      -8.871455448650e-18 
 1458       1.108971007343e-10       1.337938288419e-12      -3.029159221469e-12       0.000000000000e+00       1.695539786904e-15       4.972829201061e-16      -8.190218956283e-18 
 1459       1.106644962030e-10       1.334341002711e-12      -2.925397104547e-12       0.000000000000e+00       1.691306984527e-15       4.953045509691e-16      -7.512217710431e-18 
 1460       1.104246083530e-10       1.331239982689e-12      -2.822041142073e-12       0.000000000000e+00       1.687087448497e-15       4.932531935470e-16      -6.837524892066e-18 
 1461       1.101774485145e-10       1.328637269351e-12      -2.719135333798e-12       0.000000000000e+00       1.682881112807e-15       4.911252530685e-16      -6.166214007185e-18 
 1462       1.099230281926e-10       1.326534906348e-12      -2.616723910265e-12       0.000000000000e+00       1.678687910687e-15       4.889171162362e-16      -5.498358887311e-18 
 1463       1.096613729522e-10       1.324933811615e-12      -2.514848090120e-12       0.000000000000e+00       1.674507780463e-15       4.866262564351e-16      -4.834025762926e-18 
 1464       1.093925642245e-10       1.323830379921e-12      -2.413536315781e-12       0.000000000000e+00       1.670340683187e-15       4.842545615082e-16      -4.173249396044e-18 
 1465       1.091166979193e-10       1.323219846356e-12      -2.312813920927e-12       0.000000000000e+00       1.666186585180e-15       4.818050391872e-16      -3.516056710039e-18 
 1466       1.088338705791e-10       1.323097411550e-12      -2.212706364921e-12       0.000000000000e+00       1.662045452185e-15       4.792807149020e-16      -2.862474695139e-18 
 1467       1.085441793806e-10       1.323458241614e-12      -2.113239233024e-12       0.000000000000e+00       1.657917249372e-15       4.766846318120e-16      -2.212530408486e-18 
 1468       1.082477221357e-10       1.324297468075e-12      -2.014438236595e-12       0.000000000000e+00       1.653801941335e-15       4.740198508368e-16      -1.566250974201e-18 
 1469       1.079445972927e-10       1.325610187813e-12      -1.916329213301e-12       0.000000000000e+00       1.649699492086e-15       4.712894506868e-16      -9.236635834421e-19 
 1470       1.076349039372e-10       1.327391462993e-12      -1.818938127321e-12       0.000000000000e+00       1.645609865061e-15       4.684965278945e-16      -2.847954944732e-19 
 1471       1.073187417937e-10       1.329636321010e-12      -1.722291069553e-12       0.000000000000e+00       1.641533023114e-15       4.656441968454e-16       3.503259672780e-19 
 1472       1.069962112262e-10       1.332339754417e-12      -1.626414257823e-12       0.000000000000e+00       1.637468928516e-15       4.627355898084e-16       9.816734091557e-19 
 1473       1.066674132396e-10       1.335496720866e-12      -1.531334037085e-12       0.000000000000e+00       1.633417542956e-15       4.597738569671e-16       1.609219371214e-18 
 1474       1.063324494812e-10       1.339102143044e-12      -1.437076879632e-12       0.000000000000e+00       1.629378827538e-15       4.567621664507e-16       2.232936326152e-18 
 1475       1.059914222409e-10       1.343150908607e-12      -1.343669385303e-12       0.000000000000e+00       1.625352742781e-15       4.537037043644e-16       2.852796679257e-18 
 1476       1.056444344534e-10       1.347637870121e-12      -1.251138281685e-12       0.000000000000e+00       1.621339248614e-15       4.506016748209e-16       3.468772768334e-18 
 1477       1.052915896985e-10       1.352557844992e-12      -1.159510424323e-12       0.000000000000e+00       1.617338304382e-15       4.474592999710e-16       4.080836863649e-18 
 1478       1.049329922029e-10       1.357905615408e-12      -1.068812796923e-12       0.000000000000e+00       1.613349868838e-15       4.442798200344e-16       4.688961167865e-18 
 1479       1.045687468408e-10       1.363675928274e-12      -9.790725115624e-13       0.000000000000e+00       1.609373900143e-15       4.410664933305e-16       5.293117815978e-18 
 1480       1.041989591352e-10       1.369863495146e-12      -8.903168088916e-13       0.000000000000e+00       1.605410355868e-15       4.378225963098e-16       5.893278875256e-18 
 1481       1.038237352594e-10       1.376462992171e-12      -8.025730583437e-13       0.000000000000e+00       1.601459192991e-15       4.345514235841e-16       6.489416345177e-18 
 1482       1.034431820375e-10       1.383469060020e-12      -7.158687583391e-13       0.000000000000e+00       1.597520367893e-15       4.312562879578e-16       7.081502157361e-18 
 1483       1.030574069461e-10       1.390876303827e-12      -6.302315364922e-13       0.000000000000e+00       1.593593836362e-15       4.279405204588e-16       7.669508175517e-18 
 1484       1.026665181151e-10       1.398679293125e-12      -5.456891498175e-13       0.000000000000e+00       1.589679553586e-15       4.246074703691e-16       8.253406195371e-18 
 1485       1.022706243290e-10       1.406872561780e-12      -4.622694849358e-13       0.000000000000e+00       1.585777474156e-15       4.212605052559e-16       8.833167944609e-18 
 1486       1.018698350280e-10       1.415450607930e-12      -3.800005582806e-13       0.000000000000e+00       1.581887552064e-15       4.179030110025e-16       9.408765082814e-18 
 1487       1.014642603091e-10       1.424407893922e-12      -2.989105163041e-13       0.000000000000e+00       1.578009740700e-15       4.145383918388e-16       9.980169201400e-18 
 1488       1.010540109272e-10       1.433738846247e-12      -2.190276356836e-13       0.000000000000e+00       1.574143992853e-15       4.111700703729e-16       1.054735182355e-17 
 1489       1.006391982964e-10       1.443437855474e-12      -1.403803235278e-13       0.000000000000e+00       1.570290260707e-15       4.078014876212e-16       1.111028440417e-17 
 1490       1.002199344910e-10       1.453499276191e-12      -6.299711758269e-14       0.000000000000e+00       1.566448495843e-15       4.044361030399e-16       1.166893832978e-17 
 1491       9.979633224660e-11       1.463917426940e-12       1.309331356183e-14       0.000000000000e+00       1.562618649235e-15       4.010773945555e-16       1.222328491851e-17 
 1492       9.936850496147e-11       1.474686590151e-12       8.786217026598e-14       0.000000000000e+00       1.558800671250e-15       3.977288585957e-16       1.277329542001e-17 
 1493       9.893656669743e-11       1.485801012081e-12       1.612805216338e-13       0.000000000000e+00       1.554994511646e-15       3.943940101206e-16       1.331894101538e-17 
 1494       9.850063218111e-11       1.497254902749e-12       2.333193053068e-13       0.000000000000e+00       1.551200119573e-15       3.910763826532e-16       1.386019281710e-17 
 1495       9.806081680505e-11       1.509042435875e-12       3.039493272580e-13       0.000000000000e+00       1.547417443568e-15       3.877795283104e-16       1.439702186901e-17 
 1496       9.761723662888e-11       1.521157748812e-12       3.731412615853e-13       0.000000000000e+00       1.543646431558e-15       3.845070178340e-16       1.492939914621e-17 
 1497       9.717000838042e-11       1.533594942485e-12       4.408656503059e-13       0.000000000000e+00       1.539887030854e-15       3.812624406216e-16       1.545729555500e-17 
 1498       9.671924945684e-11       1.546348081330e-12       5.070929031491e-13       0.000000000000e+00       1.536139188154e-15       3.780494047573e-16       1.598068193283e-17 
 1499       9.626507792578e-11       1.559411193225e-12       5.717932973512e-13       0.000000000000e+00       1.532402849540e-15       3.748715370425e-16       1.649952904823e-17 
 1500       9.580761252650e-11       1.572778269429e-12       6.349369774482e-13       0.000000000000e+00       1.528677960476e-15       3.717324830270e-16       1.701380760075e-17 
 1501       9.534697267101e-11       1.586443264520e-12       6.964939550705e-13       0.000000000000e+00       1.524964465807e-15       3.686359070401e-16       1.752348822091e-17 
 1502       9.488327839547e-11       1.600399783533e-12       7.564387973613e-13       0.000000000000e+00       1.521262314171e-15       3.655847051504e-16       1.802854380044e-17 
 1503       9.441665021148e-11       1.614640140178e-12       8.147647425923e-13       0.000000000000e+00       1.517571471277e-15       3.625786356014e-16       1.852895650812e-17 
 1504       9.394720925561e-11       1.629156289325e-12       8.714697215976e-13       0.000000000000e+00       1.513891906751e-15       3.596166653626e-16       1.902471084216e-17 
 1505       9.347507734013e-11       1.643940138888e-12       9.265516816659e-13       0.000000000000e+00       1.510223589738e-15       3.566977550949e-16       1.951579130609e-17 
 1506       9.300037695416e-11       1.658983549744e-12       9.800085865827e-13       0.000000000000e+00       1.506566488899e-15       3.538208591396e-16       2.000218240890e-17 
 1507       9.252323126479e-11       1.674278335655e-12       1.031838416674e-12       0.000000000000e+00       1.502920572412e-15       3.509849255078e-16       2.048386866503e-17 
 1508       9.204376411826e-11       1.689816263183e-12       1.082039168849e-12       0.000000000000e+00       1.499285807969e-15       3.481888958688e-16       2.096083459444e-17 
 1509       9.156210004103e-11       1.705589051616e-12       1.130608856643e-12       0.000000000000e+00       1.495662162774e-15       3.454317055399e-16       2.143306472272e-17 
 1510       9.107836424097e-11       1.721588372882e-12       1.177545510260e-12       0.000000000000e+00       1.492049603546e-15       3.427122834746e-16       2.190054358110e-17 
 1511       9.059268260845e-11       1.737805851474e-12       1.222847176617e-12       0.000000000000e+00       1.488448096514e-15       3.400295522526e-16       2.236325570653e-17 
 1512       9.010518171752e-11       1.754233064366e-12       1.266511919386e-12       0.000000000000e+00       1.484857607420e-15       3.373824280680e-16       2.282118564174e-17 
 1513       8.961598882701e-11       1.770861540933e-12       1.308537819038e-12       0.000000000000e+00       1.481278101512e-15       3.347698207189e-16       2.327431793530e-17 
 1514       8.912523188168e-11       1.787682762873e-12       1.348922972883e-12       0.000000000000e+00       1.477709543549e-15       3.321906335959e-16       2.372263714170e-17 
 1515       8.863303951337e-11       1.804688164127e-12       1.387665495117e-12       0.000000000000e+00       1.474151897798e-15       3.296437636719e-16       2.416612782137e-17 
 1516       8.813954104210e-11       1.821869130794e-12       1.424763516863e-12       0.000000000000e+00       1.470605128030e-15       3.271281014904e-16       2.460477454079e-17 
 1517       8.764486647723e-11       1.839217001057e-12       1.460215186213e-12       0.000000000000e+00       1.467069197524e-15       3.246425311549e-16       2.503856187250e-17 
 1518       8.714914651859e-11       1.856723065098e-12       1.494018668275e-12       0.000000000000e+00       1.463544069062e-15       3.221859303181e-16       2.546747439522e-17 
 1519       8.665251255761e-11       1.874378565022e-12       1.526172145209e-12       0.000000000000e+00       1.460029704929e-15       3.197571701705e-16       2.589149669385e-17 
 1520       8.615509667847e-11       1.892174694773e-12       1.556673816279e-12       0.000000000000e+00       1.456526066915e-15       3.173551154298e-16       2.631061335957e-17 
 1521       8.565703165921e-11       1.910102600055e-12       1.585521897887e-12       0.000000000000e+00       1.453033116308e-15       3.149786243298e-16       2.672480898991e-17 
 1522       8.515845097290e-11       1.928153378252e-12       1.612714623622e-12       0.000000000000e+00       1.449550813898e-15       3.126265486094e-16       2.713406818877e-17 
 1523       8.465948878874e-11       1.946318078351e-12       1.638250244303e-12       0.000000000000e+00       1.446079119976e-15       3.102977335019e-16       2.753837556652e-17 
 1524       8.416027997321e-11       1.964587700854e-12       1.662127028016e-12       0.000000000000e+00       1.442617994327e-15       3.079910177236e-16       2.793771574003e-17 
 1525       8.366096009121e-11       1.982953197707e-12       1.684343260165e-12       0.000000000000e+00       1.439167396239e-15       3.057052334633e-16       2.833207333277e-17 
 1526       8.316166540720e-11       2.001405472210e-12       1.704897243509e-12       0.000000000000e+00       1.435727284490e-15       3.034392063710e-16       2.872143297483e-17 
 1527       8.266253288630e-11       2.019935378948e-12       1.723787298209e-12       0.000000000000e+00       1.432297617359e-15       3.011917555472e-16       2.910577930301e-17 
 1528       8.216370019549e-11       2.038533723700e-12       1.741011761867e-12       0.000000000000e+00       1.428878352614e-15       2.989616935318e-16       2.948509696085e-17 
 1529       8.166530570467e-11       2.057191263367e-12       1.756568989573e-12       0.000000000000e+00       1.425469447522e-15       2.967478262929e-16       2.985937059875e-17 
 1530       8.116748848785e-11       2.075898705886e-12       1.770457353946e-12       0.000000000000e+00       1.422070858836e-15       2.945489532165e-16       3.022858487397e-17 
 1531       8.067038832427e-11       2.094646710153e-12       1.782675245175e-12       0.000000000000e+00       1.418682542805e-15       2.923638670950e-16       3.059272445071e-17 
 1532       8.017414569951e-11       2.113425885942e-12       1.793221071068e-12       0.000000000000e+00       1.415304455166e-15       2.901913541162e-16       3.095177400018e-17 
 1533       7.967890180668e-11       2.132226793826e-12       1.802093257089e-12       0.000000000000e+00       1.411936551145e-15       2.880301938529e-16       3.130571820068e-17 
 1534       7.918479854749e-11       2.151039945094e-12       1.809290246401e-12       0.000000000000e+00       1.408578785456e-15       2.858791592512e-16       3.165454173761e-17 
 1535       7.869197853344e-11       2.169855801672e-12       1.814810499917e-12       0.000000000000e+00       1.405231112301e-15       2.837370166201e-16       3.199822930357e-17 
 1536       7.820058508692e-11       2.188664776045e-12       1.818652496331e-12       0.000000000000e+00       1.401893485367e-15       2.816025256205e-16       3.233676559842e-17 
 1537       7.771076224236e-11       2.207457231173e-12       1.820814732171e-12       0.000000000000e+00       1.398565857828e-15       2.794744392538e-16       3.267013532932e-17 
 1538       7.722265474738e-11       2.226223480414e-12       1.821295721837e-12       0.000000000000e+00       1.395248182339e-15       2.773515038514e-16       3.299832321080e-17 
 1539       7.673640806389e-11       2.244953787442e-12       1.820093997646e-12       0.000000000000e+00       1.391940411040e-15       2.752324590637e-16       3.332131396485e-17 
 1540       7.625216836924e-11       2.263638366168e-12       1.817208109873e-12       0.000000000000e+00       1.388642495553e-15       2.731160378489e-16       3.363909232093e-17 
 1541       7.577007102784e-11       2.282267949206e-12       1.812639995321e-12       0.000000000000e+00       1.385354391032e-15       2.710011385020e-16       3.395164583934e-17 
 1542       7.529020588397e-11       2.300835499352e-12       1.806405117919e-12       0.000000000000e+00       1.382076068370e-15       2.688873425503e-16       3.425897341037e-17 
 1543       7.481265164177e-11       2.319334514190e-12       1.798522424465e-12       0.000000000000e+00       1.378807502106e-15       2.667744017523e-16       3.456107683594e-17 
 1544       7.433748736543e-11       2.337758458970e-12       1.789010985052e-12       0.000000000000e+00       1.375548666383e-15       2.646620665014e-16       3.485795801385e-17 
 1545       7.386479247971e-11       2.356100766557e-12       1.777889993282e-12       0.000000000000e+00       1.372299534948e-15       2.625500858238e-16       3.514961893798e-17 
 1546       7.339464677053e-11       2.374354837378e-12       1.765178766476e-12       0.000000000000e+00       1.369060081153e-15       2.604382073764e-16       3.543606169850e-17 
 1547       7.292713038551e-11       2.392514039369e-12       1.750896745889e-12       0.000000000000e+00       1.365830277949e-15       2.583261774443e-16       3.571728848209e-17 
 1548       7.246232383452e-11       2.410571707926e-12       1.735063496922e-12       0.000000000000e+00       1.362610097888e-15       2.562137409384e-16       3.599330157210e-17 
 1549       7.200030799024e-11       2.428521145853e-12       1.717698709337e-12       0.000000000000e+00       1.359399513125e-15       2.541006413936e-16       3.626410334881e-17 
 1550       7.154116408870e-11       2.446355623310e-12       1.698822197467e-12       0.000000000000e+00       1.356198495412e-15       2.519866209660e-16       3.652969628958e-17 
 1551       7.108497372983e-11       2.464068377762e-12       1.678453900433e-12       0.000000000000e+00       1.353007016101e-15       2.498714204311e-16       3.679008296911e-17 
 1552       7.063181887806e-11       2.481652613926e-12       1.656613882354e-12       0.000000000000e+00       1.349825046141e-15       2.477547791811e-16       3.704526605957e-17 
 1553       7.018178186280e-11       2.499101503722e-12       1.633322332562e-12       0.000000000000e+00       1.346652556079e-15       2.456364352231e-16       3.729524833088e-17 
 1554       6.973494537904e-11       2.516408186219e-12       1.608599565814e-12       0.000000000000e+00       1.343489516056e-15       2.435161251762e-16       3.754003265088e-17 
 1555       6.929139248791e-11       2.533565767586e-12       1.582466022506e-12       0.000000000000e+00       1.340335895812e-15       2.413935842700e-16       3.777962198551e-17 
 1556       6.885120661720e-11       2.550567321037e-12       1.554942268883e-12       0.000000000000e+00       1.337191664678e-15       2.392685463417e-16       3.801401939907e-17 
 1557       6.841447156193e-11       2.567405886784e-12       1.526048997258e-12       0.000000000000e+00       1.334056791581e-15       2.371407438340e-16       3.824322805437e-17 
 1558       6.798127148489e-11       2.584074471981e-12       1.495807026220e-12       0.000000000000e+00       1.330931245040e-15       2.350099077932e-16       3.846725121295e-17 
 1559       6.755169091724e-11       2.600566050677e-12       1.464237300850e-12       0.000000000000e+00       1.327814993166e-15       2.328757678664e-16       3.868609223532e-17 
 1560       6.712581475898e-11       2.616873563760e-12       1.431360892931e-12       0.000000000000e+00       1.324708003662e-15       2.307380522993e-16       3.889975458111e-17 
 1561       6.670372827959e-11       2.632989918909e-12       1.397199001166e-12       0.000000000000e+00       1.321610243821e-15       2.285964879345e-16       3.910824180930e-17 
 1562       6.628551711853e-11       2.648907990541e-12       1.361772951385e-12       0.000000000000e+00       1.318521680526e-15       2.264508002085e-16       3.931155757842e-17 
 1563       6.587126728580e-11       2.664620619758e-12       1.325104196765e-12       0.000000000000e+00       1.315442280247e-15       2.243007131498e-16       3.950970564678e-17 
 1564       6.546106516250e-11       2.680120614299e-12       1.287214318036e-12       0.000000000000e+00       1.312372009045e-15       2.221459493766e-16       3.970268987261e-17 
 1565       6.505499750139e-11       2.695400748486e-12       1.248125023700e-12       0.000000000000e+00       1.309310832567e-15       2.199862300946e-16       3.989051421433e-17 
 1566       6.465315142743e-11       2.710453763174e-12       1.207858150240e-12       0.000000000000e+00       1.306258716044e-15       2.178212750944e-16       4.007318273072e-17 
 1567       6.425561443833e-11       2.725272365697e-12       1.166435662336e-12       0.000000000000e+00       1.303215624297e-15       2.156508027499e-16       4.025069958113e-17 
 1568       6.386247440514e-11       2.739849229818e-12       1.123879653077e-12       0.000000000000e+00       1.300181521728e-15       2.134745300150e-16       4.042306902568e-17 
 1569       6.347381957274e-11       2.754176995681e-12       1.080212344172e-12       0.000000000000e+00       1.297156372325e-15       2.112921724225e-16       4.059029542548e-17 
 1570       6.308973856044e-11       2.768248269751e-12       1.035456086168e-12       0.000000000000e+00       1.294140139658e-15       2.091034440808e-16       4.075238324282e-17 
 1571       6.271032036253e-11       2.782055624773e-12       9.896333586581e-13       0.000000000000e+00       1.291132786880e-15       2.069080576724e-16       4.090933704136e-17 
 1572       6.233565434880e-11       2.795591599710e-12       9.427667704977e-13       0.000000000000e+00       1.288134276724e-15       2.047057244513e-16       4.106116148636e-17 
 1573       6.196583026514e-11       2.808848699701e-12       8.948790600164e-13       0.000000000000e+00       1.285144571506e-15       2.024961542405e-16       4.120786134490e-17 
 1574       6.160093823405e-11       2.821819396002e-12       8.459930952315e-13       0.000000000000e+00       1.282163633120e-15       2.002790554303e-16       4.134944148600e-17 
 1575       6.124106875522e-11       2.834496125939e-12       7.961318740609e-13       0.000000000000e+00       1.279191423040e-15       1.980541349754e-16       4.148590688094e-17 
 1576       6.088631270608e-11       2.846871292855e-12       7.453185245363e-13       0.000000000000e+00       1.276227902317e-15       1.958210983932e-16       4.161726260337e-17 
 1577       6.053676134234e-11       2.858937266059e-12       6.935763050163e-13       0.000000000000e+00       1.273273031581e-15       1.935796497612e-16       4.174351382957e-17 
 1578       6.019250629854e-11       2.870686380774e-12       6.409286043995e-13       0.000000000000e+00       1.270326771038e-15       1.913294917147e-16       4.186466583861e-17 
 1579       5.985363958864e-11       2.882110938084e-12       5.873989423377e-13       0.000000000000e+00       1.267389080468e-15       1.890703254447e-16       4.198072401260e-17 
 1580       5.952023843722e-11       2.893204240343e-12       5.330114189749e-13       0.000000000000e+00       1.264459922489e-15       1.868020170122e-16       4.209169665774e-17 
 1581       5.919231961851e-11       2.903963707973e-12       4.777920682909e-13       0.000000000000e+00       1.261539272376e-15       1.845250979802e-16       4.219760349579e-17 
 1582       5.886988469574e-11       2.914387791421e-12       4.217675177120e-13       0.000000000000e+00       1.258627108327e-15       1.822402694120e-16       4.229846725162e-17 
 1583       5.855293515187e-11       2.924474938315e-12       3.649645399569e-13       0.000000000000e+00       1.255723408214e-15       1.799482359816e-16       4.239431083983e-17 
 1584       5.824147238942e-11       2.934223593464e-12       3.074100532714e-13       0.000000000000e+00       1.252828149577e-15       1.776497059790e-16       4.248515736509e-17 
 1585       5.793549773033e-11       2.943632198860e-12       2.491311216627e-13       0.000000000000e+00       1.249941309630e-15       1.753453913160e-16       4.257103012245e-17 
 1586       5.763501241575e-11       2.952699193669e-12       1.901549551347e-13       0.000000000000e+00       1.247062865255e-15       1.730360075321e-16       4.265195259771e-17 
 1587       5.734001760585e-11       2.961423014234e-12       1.305089099224e-13       0.000000000000e+00       1.244192793003e-15       1.707222737999e-16       4.272794846774e-17 
 1588       5.705051437970e-11       2.969802094075e-12       7.022048872635e-14       0.000000000000e+00       1.241331069094e-15       1.684049129311e-16       4.279904160085e-17 
 1589       5.676650373503e-11       2.977834863882e-12       9.317340947976e-15       0.000000000000e+00       1.238477669415e-15       1.660846513821e-16       4.286525605706e-17 
 1590       5.648798658810e-11       2.985519751516e-12      -5.217273707625e-14       0.000000000000e+00       1.235632569523e-15       1.637622192597e-16       4.292661608854e-17 
 1591       5.621496377352e-11       2.992855182007e-12      -1.142218018399e-13       0.000000000000e+00       1.232795744637e-15       1.614383503270e-16       4.298314613985e-17 
 1592       5.594743604404e-11       2.999839577555e-12      -1.768017624318e-13       0.000000000000e+00       1.229967169644e-15       1.591137820089e-16       4.303487084835e-17 
 1593       5.568540407041e-11       3.006471357522e-12      -2.398843803015e-13       0.000000000000e+00       1.227146819098e-15       1.567892553977e-16       4.308181504450e-17 
 1594       5.542886844119e-11       3.012748938436e-12      -3.034412690246e-13       0.000000000000e+00       1.224334667214e-15       1.544655152593e-16       4.312400375223e-17 
 1595       5.517782966257e-11       3.018670733985e-12      -3.674438940677e-13       0.000000000000e+00       1.221530687873e-15       1.521433100386e-16       4.316146218925e-17 
 1596       5.493228815822e-11       3.024235155021e-12      -4.318635725540e-13       0.000000000000e+00       1.218734854619e-15       1.498233918651e-16       4.319421576740e-17 
 1597       5.469224426907e-11       3.029440609550e-12      -4.966714730287e-13       0.000000000000e+00       1.215947140658e-15       1.475065165590e-16       4.322229009299e-17 
 1598       5.445769825318e-11       3.034285502738e-12      -5.618386152238e-13       0.000000000000e+00       1.213167518858e-15       1.451934436363e-16       4.324571096715e-17 
 1599       5.422865028552e-11       3.038768236905e-12      -6.273358698241e-13       0.000000000000e+00       1.210395961748e-15       1.428849363155e-16       4.326450438616e-17 
 1600       5.400510045783e-11       3.042887211524e-12      -6.931339582317e-13       0.000000000000e+00       1.207632441518e-15       1.405817615222e-16       4.327869654178e-17 
 1601       5.378704877844e-11       3.046640823220e-12      -7.592034523320e-13       0.000000000000e+00       1.204876930016e-15       1.382846898958e-16       4.328831382160e-17 
 1602       5.357449517207e-11       3.050027465768e-12      -8.255147742585e-13       0.000000000000e+00       1.202129398753e-15       1.359944957944e-16       4.329338280939e-17 
 1603       5.336743947967e-11       3.053045530089e-12      -8.920381961583e-13       0.000000000000e+00       1.199389818895e-15       1.337119573011e-16       4.329393028541e-17 
 1604       5.316588145827e-11       3.055693404252e-12      -9.587438399577e-13       0.000000000000e+00       1.196658161268e-15       1.314378562296e-16       4.328998322679e-17 
 1605       5.296982078073e-11       3.057969473472e-12      -1.025601677127e-12       0.000000000000e+00       1.193934396353e-15       1.291729781296e-16       4.328156880781e-17 
 1606       5.277925703567e-11       3.059872120102e-12      -1.092581528445e-12       0.000000000000e+00       1.191218494289e-15       1.269181122929e-16       4.326871440032e-17 
 1607       5.259418972718e-11       3.061399723641e-12      -1.159653063767e-12       0.000000000000e+00       1.188510424872e-15       1.246740517591e-16       4.325144757399e-17 
 1608       5.241461827475e-11       3.062550660725e-12      -1.226785801787e-12       0.000000000000e+00       1.185810157551e-15       1.224415933210e-16       4.322979609674e-17 
 1609       5.224054201301e-11       3.063323305126e-12      -1.293949109806e-12       0.000000000000e+00       1.183117661430e-15       1.202215375305e-16       4.320378793499e-17 
 1610       5.207196019161e-11       3.063716027754e-12      -1.361112203493e-12       0.000000000000e+00       1.180432905268e-15       1.180146887046e-16       4.317345125407e-17 
 1611       5.190887197501e-11       3.063727196651e-12      -1.428244146655e-12       0.000000000000e+00       1.177755857477e-15       1.158218549305e-16       4.313881441853e-17 
 1612       5.175127644233e-11       3.063355176994e-12      -1.495313850999e-12       0.000000000000e+00       1.175086486121e-15       1.136438480721e-16       4.309990599247e-17 
 1613       5.159917258716e-11       3.062598331087e-12      -1.562290075901e-12       0.000000000000e+00       1.172424758915e-15       1.114814837749e-16       4.305675473991e-17 
 1614       5.145255931738e-11       3.061455018365e-12      -1.629141428165e-12       0.000000000000e+00       1.169770643228e-15       1.093355814723e-16       4.300938962508e-17 
 1615       5.131143545498e-11       3.059923595388e-12      -1.695836361795e-12       0.000000000000e+00       1.167124106077e-15       1.072069643913e-16       4.295783981282e-17 
 1616       5.117579973593e-11       3.058002415843e-12      -1.762343177757e-12       0.000000000000e+00       1.164485114129e-15       1.050964595578e-16       4.290213466888e-17 
 1617       5.104565080993e-11       3.055689830540e-12      -1.828630023743e-12       0.000000000000e+00       1.161853633703e-15       1.030048978026e-16       4.284230376026e-17 
 1618       5.092098724030e-11       3.052984187409e-12      -1.894664893940e-12       0.000000000000e+00       1.159229630763e-15       1.009331137673e-16       4.277837685557e-17 
 1619       5.080179743194e-11       3.049884715547e-12      -1.960417900402e-12       0.000000000000e+00       1.156613073708e-15       9.888185841867e-17       4.271038443686e-17 
 1620       5.068802931623e-11       3.046394186085e-12      -2.025868110094e-12       0.000000000000e+00       1.154003941753e-15       9.685153571695e-17       4.263835923965e-17 
 1621       5.057962039182e-11       3.042516275358e-12      -2.090996769163e-12       0.000000000000e+00       1.151402216619e-15       9.484246357957e-17       4.256233472748e-17 
 1622       5.047650777104e-11       3.038254683085e-12      -2.155785036802e-12       0.000000000000e+00       1.148807879756e-15       9.285496115792e-17       4.248234458205e-17 
 1623       5.037862817919e-11       3.033613132405e-12      -2.220213985124e-12       0.000000000000e+00       1.146220912343e-15       9.088934883905e-17       4.239842270358e-17 
 1624       5.028591795395e-11       3.028595369913e-12      -2.284264599027e-12       0.000000000000e+00       1.143641295285e-15       8.894594824739e-17       4.231060321117e-17 
 1625       5.019831304472e-11       3.023205165702e-12      -2.347917776067e-12       0.000000000000e+00       1.141069009216e-15       8.702508224648e-17       4.221892044317e-17 
 1626       5.011574901200e-11       3.017446313405e-12      -2.411154326322e-12       0.000000000000e+00       1.138504034496e-15       8.512707494069e-17       4.212340895752e-17 
 1627       5.003816102672e-11       3.011322630223e-12      -2.473954972267e-12       0.000000000000e+00       1.135946351209e-15       8.325225167691e-17       4.202410353213e-17 
 1628       4.996548386966e-11       3.004837956977e-12      -2.536300348639e-12       0.000000000000e+00       1.133395939169e-15       8.140093904629e-17       4.192103916525e-17 
 1629       4.989765193075e-11       2.997996158136e-12      -2.598171002308e-12       0.000000000000e+00       1.130852777909e-15       7.957346488596e-17       4.181425107582e-17 
 1630       4.983459920849e-11       2.990801121862e-12      -2.659547392147e-12       0.000000000000e+00       1.128316846692e-15       7.777015828071e-17       4.170377470383e-17 
 1631       4.977625930926e-11       2.983256760043e-12      -2.720409888899e-12       0.000000000000e+00       1.125788124502e-15       7.599134956477e-17       4.158964571069e-17 
 1632       4.972256544673e-11       2.975367008341e-12      -2.780738775048e-12       0.000000000000e+00       1.123266590046e-15       7.423737032348e-17       4.147189997960e-17 
 1633       4.967345044120e-11       2.967135826219e-12      -2.840514244689e-12       0.000000000000e+00       1.120752221755e-15       7.250855339500e-17       4.135057361590e-17 
 1634       4.962884671896e-11       2.958567196990e-12      -2.899716403392e-12       0.000000000000e+00       1.118244997782e-15       7.080523287208e-17       4.122570294743e-17 
 1635       4.958868631168e-11       2.949665127848e-12      -2.958325268081e-12       0.000000000000e+00       1.115744896001e-15       6.912774410371e-17       4.109732452491e-17 
 1636       4.955290085573e-11       2.940433649912e-12      -3.016320766892e-12       0.000000000000e+00       1.113251894010e-15       6.747642369690e-17       4.096547512228e-17 
 1637       4.952142159159e-11       2.930876818262e-12      -3.073682739050e-12       0.000000000000e+00       1.110765969123e-15       6.585160951836e-17       4.083019173709e-17 
 1638       4.949417936317e-11       2.920998711978e-12      -3.130390934736e-12       0.000000000000e+00       1.108287098378e-15       6.425364069621e-17       4.069151159085e-17 
 1639       4.947110461721e-11       2.910803434180e-12      -3.186425014955e-12       0.000000000000e+00       1.105815258531e-15       6.268285762173e-17       4.054947212937e-17 
 1640       4.945212740262e-11       2.900295112064e-12      -3.241764551408e-12       0.000000000000e+00       1.103350426057e-15       6.113960195105e-17       4.040411102316e-17 
 1641       4.943717736986e-11       2.889477896945e-12      -3.296389026358e-12       0.000000000000e+00       1.100892577150e-15       5.962421660689e-17       4.025546616777e-17 
 1642       4.942618377028e-11       2.878355964289e-12      -3.350277832500e-12       0.000000000000e+00       1.098441687723e-15       5.813704578024e-17       4.010357568417e-17 
 1643       4.941907545552e-11       2.866933513760e-12      -3.403410272834e-12       0.000000000000e+00       1.095997733405e-15       5.667843493211e-17       3.994847791909e-17 
 1644       4.941578087682e-11       2.855214769252e-12      -3.455765560528e-12       0.000000000000e+00       1.093560689541e-15       5.524873079527e-17       3.979021144540e-17 
 1645       4.941622808445e-11       2.843203978932e-12      -3.507322818793e-12       0.000000000000e+00       1.091130531195e-15       5.384828137588e-17       3.962881506247e-17 
 1646       4.942034472702e-11       2.830905415274e-12      -3.558061080746e-12       0.000000000000e+00       1.088707233145e-15       5.247743595530e-17       3.946432779652e-17 
 1647       4.942805805086e-11       2.818323375103e-12      -3.607959289288e-12       0.000000000000e+00       1.086290769885e-15       5.113654509177e-17       3.929678890100e-17 
 1648       4.943929489939e-11       2.805462179630e-12      -3.656996296964e-12       0.000000000000e+00       1.083881115624e-15       4.982596062210e-17       3.912623785695e-17 
 1649       4.945398171248e-11       2.792326174493e-12      -3.705150865837e-12       0.000000000000e+00       1.081478244284e-15       4.854603566344e-17       3.895271437336e-17 
 1650       4.947204452581e-11       2.778919729793e-12      -3.752401667358e-12       0.000000000000e+00       1.079082129503e-15       4.729712461495e-17       3.877625838751e-17 
 1651       4.949340897023e-11       2.765247240136e-12      -3.798727282233e-12       0.000000000000e+00       1.076692744631e-15       4.607958315957e-17       3.859691006539e-17 
 1652       4.951800027114e-11       2.751313124669e-12      -3.844106200294e-12       0.000000000000e+00       1.074310062729e-15       4.489376826567e-17       3.841470980200e-17 
 1653       4.954574324784e-11       2.737121827119e-12      -3.888516820364e-12       0.000000000000e+00       1.071934056573e-15       4.374003818882e-17       3.822969822174e-17 
 1654       4.957656231289e-11       2.722677815833e-12      -3.931937450133e-12       0.000000000000e+00       1.069564698648e-15       4.261875247348e-17       3.804191617879e-17 
 1655       4.961038147148e-11       2.707985583817e-12      -3.974346306022e-12       0.000000000000e+00       1.067201961152e-15       4.153027195474e-17       3.785140475744e-17 
 1656       4.964712432079e-11       2.693049648772e-12      -4.015721513055e-12       0.000000000000e+00       1.064845815993e-15       4.047495876002e-17       3.765820527247e-17 
 1657       4.968671404937e-11       2.677874553136e-12      -4.056041104725e-12       0.000000000000e+00       1.062496234789e-15       3.945317631078e-17       3.746235926952e-17 
 1658       4.972907288802e-11       2.662465110151e-12      -4.095286362355e-12       0.000000000000e+00       1.060153190954e-15       3.846513407512e-17       3.726390621497e-17 
 1659       4.977412045849e-11       2.646827144372e-12      -4.133451865644e-12       0.000000000000e+00       1.057816665977e-15       3.751042032384e-17       3.706287654260e-17 
 1660       4.982177540896e-11       2.630966757769e-12      -4.170535530548e-12       0.000000000000e+00       1.055486643201e-15       3.658846525477e-17       3.685929854630e-17 
 1661       4.987195596051e-11       2.614890084340e-12      -4.206535277855e-12       0.000000000000e+00       1.053163105734e-15       3.569869586261e-17       3.665320068525e-17 
 1662       4.992457990645e-11       2.598603290163e-12      -4.241449033197e-12       0.000000000000e+00       1.050846036454e-15       3.484053593392e-17       3.644461158415e-17 
 1663       4.997956461168e-11       2.582112573440e-12      -4.275274727071e-12       0.000000000000e+00       1.048535418005e-15       3.401340604201e-17       3.623356003348e-17 
 1664       5.003682701200e-11       2.565424164549e-12      -4.308010294848e-12       0.000000000000e+00       1.046231232800e-15       3.321672354194e-17       3.602007498980e-17 
 1665       5.009628361346e-11       2.548544326096e-12      -4.339653676793e-12       0.000000000000e+00       1.043933463017e-15       3.244990256541e-17       3.580418557599e-17 
 1666       5.015785049175e-11       2.531479352960e-12      -4.370202818077e-12       0.000000000000e+00       1.041642090601e-15       3.171235401576e-17       3.558592108150e-17 
 1667       5.022144329143e-11       2.514235572346e-12      -4.399655668791e-12       0.000000000000e+00       1.039357097261e-15       3.100348556285e-17       3.536531096262e-17 
 1668       5.028697722539e-11       2.496819343831e-12      -4.428010183963e-12       0.000000000000e+00       1.037078464475e-15       3.032270163807e-17       3.514238484276e-17 
 1669       5.035436707411e-11       2.479237059417e-12      -4.455264323573e-12       0.000000000000e+00       1.034806173482e-15       2.966940342925e-17       3.491717251268e-17 
 1670       5.042352718501e-11       2.461495143578e-12      -4.481416052566e-12       0.000000000000e+00       1.032540205287e-15       2.904298887559e-17       3.468970393079e-17 
 1671       5.049437147183e-11       2.443600053310e-12      -4.506463340871e-12       0.000000000000e+00       1.030280540659e-15       2.844285266263e-17       3.446000922337e-17 
 1672       5.056681341393e-11       2.425558278181e-12      -4.530404163408e-12       0.000000000000e+00       1.028027160130e-15       2.786838621720e-17       3.422811868488e-17 
 1673       5.064076605564e-11       2.407376340379e-12      -4.553236500114e-12       0.000000000000e+00       1.025780043996e-15       2.731897770233e-17       3.399406277816e-17 
 1674       5.071614200560e-11       2.389060794765e-12      -4.574958335946e-12       0.000000000000e+00       1.023539172315e-15       2.679401201223e-17       3.375787213476e-17 
 1675       5.079285343611e-11       2.370618228916e-12      -4.595567660906e-12       0.000000000000e+00       1.021304524907e-15       2.629287076721e-17       3.351957755514e-17 
 1676       5.087081208245e-11       2.352055263182e-12      -4.615062470049e-12       0.000000000000e+00       1.019076081354e-15       2.581493230863e-17       3.327921000899e-17 
 1677       5.094992924223e-11       2.333378550729e-12      -4.633440763504e-12       0.000000000000e+00       1.016853820999e-15       2.535957169385e-17       3.303680063545e-17 
 1678       5.103011577474e-11       2.314594777593e-12      -4.650700546481e-12       0.000000000000e+00       1.014637722946e-15       2.492616069119e-17       3.279238074337e-17 
 1679       5.111128210028e-11       2.295710662725e-12      -4.666839829294e-12       0.000000000000e+00       1.012427766060e-15       2.451406777481e-17       3.254598181162e-17 
 1680       5.119333819947e-11       2.276732958046e-12      -4.681856627371e-12       0.000000000000e+00       1.010223928966e-15       2.412265811975e-17       3.229763548928e-17 
 1681       5.127619361265e-11       2.257668448491e-12      -4.695748961270e-12       0.000000000000e+00       1.008026190046e-15       2.375129359680e-17       3.204737359598e-17 
 1682       5.135975743918e-11       2.238523952063e-12      -4.708514856696e-12       0.000000000000e+00       1.005834527445e-15       2.339933276745e-17       3.179522812210e-17 
 1683       5.144393833676e-11       2.219306319878e-12      -4.720152344511e-12       0.000000000000e+00       1.003648919063e-15       2.306613087889e-17       3.154123122905e-17 
 1684       5.152864452085e-11       2.200022436218e-12      -4.730659460755e-12       0.000000000000e+00       1.001469342562e-15       2.275103985889e-17       3.128541524955e-17 
 1685       5.161378376389e-11       2.180679218578e-12      -4.740034246657e-12       0.000000000000e+00       9.992957753569e-16       2.245340831077e-17       3.102781268788e-17 
 1686       5.169926339477e-11       2.161283617718e-12      -4.748274748649e-12       0.000000000000e+00       9.971281946243e-16       2.217258150836e-17       3.076845622014e-17 
 1687       5.178499029804e-11       2.141842617710e-12      -4.755379018386e-12       0.000000000000e+00       9.949665772955e-16       2.190790139092e-17       3.050737869450e-17 
 1688       5.187087091338e-11       2.122363235988e-12      -4.761345112756e-12       0.000000000000e+00       9.928109000585e-16       2.165870655808e-17       3.024461313149e-17 
 1689       5.195681123482e-11       2.102852523398e-12      -4.766171093897e-12       0.000000000000e+00       9.906611393575e-16       2.142433226483e-17       2.998019272423e-17 
 1690       5.204271681016e-11       2.083317564247e-12      -4.769855029210e-12       0.000000000000e+00       9.885172713921e-16       2.120411041640e-17       2.971415083874e-17 
 1691       5.212849274028e-11       2.063765476354e-12      -4.772394991377e-12       0.000000000000e+00       9.863792721169e-16       2.099736956324e-17       2.944652101413e-17 
 1692       5.221404367847e-11       2.044203411097e-12      -4.773789058376e-12       0.000000000000e+00       9.842471172412e-16       2.080343489597e-17       2.917733696293e-17 
 1693       5.229927382979e-11       2.024638553462e-12      -4.774035313490e-12       0.000000000000e+00       9.821207822286e-16       2.062162824030e-17       2.890663257132e-17 
 1694       5.238408695042e-11       2.005078122096e-12      -4.773131845330e-12       0.000000000000e+00       9.800002422962e-16       2.045126805202e-17       2.863444189940e-17 
 1695       5.246838634694e-11       1.985529369354e-12      -4.771076747844e-12       0.000000000000e+00       9.778854724147e-16       2.029166941187e-17       2.836079918143e-17 
 1696       5.255207487573e-11       1.965999581348e-12      -4.767868120335e-12       0.000000000000e+00       9.757764473074e-16       2.014214402054e-17       2.808573882613e-17 
 1697       5.263506248001e-11       1.946495695329e-12      -4.763506553732e-12       0.000000000000e+00       9.736731435346e-16       2.000209545691e-17       2.780929520402e-17 
 1698       5.271728887326e-11       1.927023148132e-12      -4.758002612817e-12       0.000000000000e+00       9.715755457653e-16       1.987130586107e-17       2.753150200697e-17 
 1699       5.279870105008e-11       1.907587017898e-12      -4.751369418536e-12       0.000000000000e+00       9.694836405587e-16       1.974965171292e-17       2.725239288367e-17 
 1700       5.287924576582e-11       1.888192405880e-12      -4.743620167721e-12       0.000000000000e+00       9.673974142842e-16       1.963700879220e-17       2.697200165226e-17 
 1701       5.295886953628e-11       1.868844436472e-12      -4.734768133202e-12       0.000000000000e+00       9.653168531207e-16       1.953325217737e-17       2.669036230058e-17 
 1702       5.303751863735e-11       1.849548257245e-12      -4.724826663934e-12       0.000000000000e+00       9.632419430569e-16       1.943825624452e-17       2.640750898642e-17 
 1703       5.311513910466e-11       1.830309038981e-12      -4.713809185104e-12       0.000000000000e+00       9.611726698904e-16       1.935189466627e-17       2.612347603782e-17 
 1704       5.319167673325e-11       1.811131975702e-12      -4.701729198261e-12       0.000000000000e+00       9.591090192274e-16       1.927404041070e-17       2.583829795325e-17 
 1705       5.326707707717e-11       1.792022284710e-12      -4.688600281427e-12       0.000000000000e+00       9.570509764829e-16       1.920456574028e-17       2.555200940192e-17 
 1706       5.334128544923e-11       1.772985206615e-12      -4.674436089217e-12       0.000000000000e+00       9.549985268796e-16       1.914334221072e-17       2.526464522401e-17 
 1707       5.341424692054e-11       1.754026005372e-12      -4.659250352960e-12       0.000000000000e+00       9.529516554478e-16       1.909024066994e-17       2.497624043091e-17 
 1708       5.348590632026e-11       1.735149968313e-12      -4.643056880815e-12       0.000000000000e+00       9.509103470254e-16       1.904513125696e-17       2.468683020552e-17 
 1709       5.355620823520e-11       1.716362406179e-12      -4.625869557888e-12       0.000000000000e+00       9.488745862569e-16       1.900788340082e-17       2.439644990244e-17 
 1710       5.362509700948e-11       1.697668653158e-12      -4.607702346356e-12       0.000000000000e+00       9.468443575938e-16       1.897836581945e-17       2.410513504827e-17 
 1711       5.369251674419e-11       1.679074066913e-12      -4.588569285580e-12       0.000000000000e+00       9.448196452934e-16       1.895644651865e-17       2.381292134186e-17 
 1712       5.375841129707e-11       1.660584028619e-12      -4.568484492225e-12       0.000000000000e+00       9.428004334193e-16       1.894199279094e-17       2.351984465452e-17 
 1713       5.382272428210e-11       1.642203942997e-12      -4.547462160380e-12       0.000000000000e+00       9.407867058402e-16       1.893487121453e-17       2.322594103035e-17 
 1714       5.388539906921e-11       1.623939238344e-12      -4.525516561676e-12       0.000000000000e+00       9.387784462304e-16       1.893494765217e-17       2.293124668640e-17 
 1715       5.394637878391e-11       1.605795366569e-12      -4.502662045401e-12       0.000000000000e+00       9.367756380686e-16       1.894208725009e-17       2.263579801300e-17 
 1716       5.400560630695e-11       1.587777803227e-12      -4.478913038624e-12       0.000000000000e+00       9.347782646383e-16       1.895615443692e-17       2.233963157399e-17 
 1717       5.406302427397e-11       1.569892047551e-12      -4.454284046309e-12       0.000000000000e+00       9.327863090268e-16       1.897701292260e-17       2.204278410693e-17 
 1718       5.411857507514e-11       1.552143622485e-12      -4.428789651438e-12       0.000000000000e+00       9.307997541254e-16       1.900452569728e-17       2.174529252343e-17 
 1719       5.417220085484e-11       1.534538074721e-12      -4.402444515122e-12       0.000000000000e+00       9.288185826286e-16       1.903855503022e-17       2.144719390934e-17 
 1720       5.422384351130e-11       1.517080974728e-12      -4.375263376729e-12       0.000000000000e+00       9.268427770339e-16       1.907896246875e-17       2.114852552504e-17 
 1721       5.427344469626e-11       1.499777916788e-12      -4.347261053993e-12       0.000000000000e+00       9.248723196417e-16       1.912560883710e-17       2.084932480567e-17 
 1722       5.432094581461e-11       1.482634519028e-12      -4.318452443142e-12       0.000000000000e+00       9.229071925545e-16       1.917835423541e-17       2.054962936140e-17 
 1723       5.436628802404e-11       1.465656423456e-12      -4.288852519006e-12       0.000000000000e+00       9.209473776768e-16       1.923705803856e-17       2.024947697766e-17 
 1724       5.440941223472e-11       1.448849295993e-12      -4.258476335145e-12       0.000000000000e+00       9.189928567147e-16       1.930157889512e-17       1.994890561544e-17 
 1725       5.445025910894e-11       1.432218826505e-12      -4.227339023962e-12       0.000000000000e+00       9.170436111756e-16       1.937177472627e-17       1.964795341147e-17 
 1726       5.448876906074e-11       1.415770728839e-12      -4.195455796823e-12       0.000000000000e+00       9.150996223676e-16       1.944750272466e-17       1.934665867856e-17 
 1727       5.452488225560e-11       1.399510740855e-12      -4.162841944175e-12       0.000000000000e+00       9.131608713997e-16       1.952861935339e-17       1.904505990576e-17 
 1728       5.455853861008e-11       1.383444624460e-12      -4.129512835664e-12       0.000000000000e+00       9.112273391806e-16       1.961498034488e-17       1.874319575871e-17 
 1729       5.458967779147e-11       1.367578165641e-12      -4.095483920257e-12       0.000000000000e+00       9.092990064192e-16       1.970644069977e-17       1.844110507982e-17 
 1730       5.461823921743e-11       1.351917174500e-12      -4.060770726354e-12       0.000000000000e+00       9.073758536236e-16       1.980285468588e-17       1.813882688853e-17 
 1731       5.464416205568e-11       1.336467485285e-12      -4.025388861913e-12       0.000000000000e+00       9.054578611011e-16       1.990407583708e-17       1.783640038162e-17 
 1732       5.466738522361e-11       1.321234956425e-12      -3.989354014564e-12       0.000000000000e+00       9.035450089578e-16       2.000995695220e-17       1.753386493339e-17 
 1733       5.468784738797e-11       1.306225470564e-12      -3.952681951730e-12       0.000000000000e+00       9.016372770981e-16       2.012035009398e-17       1.723126009596e-17 
 1734       5.470548696451e-11       1.291444934594e-12      -3.915388520743e-12       0.000000000000e+00       8.997346452245e-16       2.023510658794e-17       1.692862559952e-17 
 1735       5.472024211760e-11       1.276899279687e-12      -3.877489648966e-12       0.000000000000e+00       8.978370928370e-16       2.035407702132e-17       1.662600135255e-17 
 1736       5.473206089675e-11       1.262593687622e-12      -3.839001741486e-12       0.000000000000e+00       8.959446007635e-16       2.047713588633e-17       1.632342497759e-17 
 1737       5.474093173995e-11       1.248530262563e-12      -3.799942877634e-12       0.000000000000e+00       8.940571557635e-16       2.060425573936e-17       1.602092439510e-17 
 1738       5.474685322672e-11       1.234710339721e-12      -3.760331624785e-12       0.000000000000e+00       8.921747459625e-16       2.073543366470e-17       1.571852517760e-17 
 1739       5.474982396468e-11       1.221135257287e-12      -3.720186641835e-12       0.000000000000e+00       8.902973593247e-16       2.087066668673e-17       1.541625300863e-17 
 1740       5.474984258960e-11       1.207806356436e-12      -3.679526679329e-12       0.000000000000e+00       8.884249836522e-16       2.100995176991e-17       1.511413368294e-17 
 1741       5.474690776551e-11       1.194724981325e-12      -3.638370579601e-12       0.000000000000e+00       8.865576065856e-16       2.115328581858e-17       1.481219310663e-17 
 1742       5.474101818468e-11       1.181892479100e-12      -3.596737276905e-12       0.000000000000e+00       8.846952156031e-16       2.130066567694e-17       1.451045729731e-17 
 1743       5.473217256775e-11       1.169310199896e-12      -3.554645797549e-12       0.000000000000e+00       8.828377980202e-16       2.145208812885e-17       1.420895238426e-17 
 1744       5.472036966373e-11       1.156979496842e-12      -3.512115260032e-12       0.000000000000e+00       8.809853409899e-16       2.160754989780e-17       1.390770460858e-17 
 1745       5.470560825009e-11       1.144901726060e-12      -3.469164875174e-12       0.000000000000e+00       8.791378315017e-16       2.176704764675e-17       1.360674032334e-17 
 1746       5.468788713281e-11       1.133078246673e-12      -3.425813946255e-12       0.000000000000e+00       8.772952563820e-16       2.193057797806e-17       1.330608599373e-17 
 1747       5.466720514642e-11       1.121510420804e-12      -3.382081869147e-12       0.000000000000e+00       8.754576022931e-16       2.209813743335e-17       1.300576819725e-17 
 1748       5.464356115409e-11       1.110199613578e-12      -3.337988132447e-12       0.000000000000e+00       8.736248557337e-16       2.226972249342e-17       1.270581362380e-17 
 1749       5.461695404766e-11       1.099147193128e-12      -3.293552317614e-12       0.000000000000e+00       8.717970030379e-16       2.244532957813e-17       1.240624907592e-17 
 1750       5.458738274769e-11       1.088354530595e-12      -3.248794099101e-12       0.000000000000e+00       8.699740303751e-16       2.262495504627e-17       1.210710146888e-17 
 1751       5.455484620354e-11       1.077823000133e-12      -3.203733244491e-12       0.000000000000e+00       8.681559237502e-16       2.280859519549e-17       1.180839783083e-17 
 1752       5.451934339344e-11       1.067553978908e-12      -3.158389614629e-12       0.000000000000e+00       8.663426690024e-16       2.299624626218e-17       1.151016530302e-17 
 1753       5.448087332450e-11       1.057548847106e-12      -3.112783163761e-12       0.000000000000e+00       8.645342518058e-16       2.318790442134e-17       1.121243113989e-17 
 1754       5.443943503278e-11       1.047808987929e-12      -3.066933939661e-12       0.000000000000e+00       8.627306576685e-16       2.338356578651e-17       1.091522270927e-17 
 1755       5.439502758339e-11       1.038335787604e-12      -3.020862083772e-12       0.000000000000e+00       8.609318719325e-16       2.358322640963e-17       1.061856749248e-17 
 1756       5.434765007050e-11       1.029130635383e-12      -2.974587831336e-12       0.000000000000e+00       8.591378797734e-16       2.378688228094e-17       1.032249308456e-17 
 1757       5.429730161741e-11       1.020194923545e-12      -2.928131511533e-12       0.000000000000e+00       8.573486662003e-16       2.399452932889e-17       1.002702719436e-17 
 1758       5.424398137660e-11       1.011530047400e-12      -2.881513547607e-12       0.000000000000e+00       8.555642160551e-16       2.420616342000e-17       9.732197644722e-18 
 1759       5.418768852982e-11       1.003137405291e-12      -2.834754457010e-12       0.000000000000e+00       8.537845140125e-16       2.442178035879e-17       9.438032372644e-18 
 1760       5.412842228809e-11       9.950183985971e-13      -2.787874851530e-12       0.000000000000e+00       8.520095445796e-16       2.464137588763e-17       9.144559429414e-18 
 1761       5.406618189183e-11       9.871744317352e-13      -2.740895437427e-12       0.000000000000e+00       8.502392920957e-16       2.486494568668e-17       8.851806980779e-18 
 1762       5.400096661083e-11       9.796069121644e-13      -2.693837015567e-12       0.000000000000e+00       8.484737407319e-16       2.509248537374e-17       8.559803307094e-18 
 1763       5.393277574438e-11       9.723172503873e-13      -2.646720481557e-12       0.000000000000e+00       8.467128744909e-16       2.532399050416e-17       8.268576803482e-18 
 1764       5.386160862130e-11       9.653068599535e-13      -2.599566825879e-12       0.000000000000e+00       8.449566772064e-16       2.555945657074e-17       7.978155979983e-18 
 1765       5.378746459999e-11       9.585771574617e-13      -2.552397134024e-12       0.000000000000e+00       8.432051325433e-16       2.579887900359e-17       7.688569461714e-18 
 1766       5.371034306848e-11       9.521295625628e-13      -2.505232586625e-12       0.000000000000e+00       8.414582239971e-16       2.604225317008e-17       7.399845989022e-18 
 1767       5.363024344453e-11       9.459654979624e-13      -2.458094459595e-12       0.000000000000e+00       8.397159348935e-16       2.628957437467e-17       7.112014417637e-18 
 1768       5.354716517562e-11       9.400863894235e-13      -2.411004124258e-12       0.000000000000e+00       8.379782483886e-16       2.654083785883e-17       6.825103718833e-18 
 1769       5.346110773908e-11       9.344936657695e-13      -2.363983047483e-12       0.000000000000e+00       8.362451474678e-16       2.679603880096e-17       6.539142979576e-18 
 1770       5.337207064207e-11       9.291887588864e-13      -2.317052791822e-12       0.000000000000e+00       8.345166149463e-16       2.705517231622e-17       6.254161402684e-18 
 1771       5.328005342172e-11       9.241731037258e-13      -2.270235015639e-12       0.000000000000e+00       8.327926334685e-16       2.731823345647e-17       5.970188306979e-18 
 1772       5.318505564511e-11       9.194481383077e-13      -2.223551473249e-12       0.000000000000e+00       8.310731855074e-16       2.758521721014e-17       5.687253127445e-18 
 1773       5.308707690938e-11       9.150153037228e-13      -2.177024015051e-12       0.000000000000e+00       8.293582533647e-16       2.785611850215e-17       5.405385415381e-18 
 1774       5.298611684175e-11       9.108760441356e-13      -2.130674587658e-12       0.000000000000e+00       8.276478191705e-16       2.813093219377e-17       5.124614838554e-18 
 1775       5.288218194664e-11       9.070311465525e-13      -2.084523702230e-12       0.000000000000e+00       8.259418667291e-16       2.840966093882e-17       4.844966057321e-18 
 1776       5.277530620851e-11       9.034787541691e-13      -2.038585825365e-12       0.000000000000e+00       8.242403870744e-16       2.869233882332e-17       4.566443306475e-18 
 1777       5.266553065895e-11       9.002163366506e-13      -1.992873950477e-12       0.000000000000e+00       8.225433729597e-16       2.897900792050e-17       4.289045686600e-18 
 1778       5.255289654543e-11       8.972413488574e-13      -1.947401126227e-12       0.000000000000e+00       8.208508170157e-16       2.926971045242e-17       4.012772276534e-18 
 1779       5.243744533156e-11       8.945512308222e-13      -1.902180456603e-12       0.000000000000e+00       8.191627117496e-16       2.956448879011e-17       3.737622133322e-18 
 1780       5.231921869743e-11       8.921434077280e-13      -1.857225100994e-12       0.000000000000e+00       8.174790495456e-16       2.986338545379e-17       3.463594292186e-18 
 1781       5.219825853996e-11       8.900152898854e-13      -1.812548274267e-12       0.000000000000e+00       8.157998226643e-16       3.016644311306e-17       3.190687766477e-18 
 1782       5.207460697315e-11       8.881642727104e-13      -1.768163246841e-12       0.000000000000e+00       8.141250232424e-16       3.047370458706e-17       2.918901547639e-18 
 1783       5.194830632847e-11       8.865877367017e-13      -1.724083344767e-12       0.000000000000e+00       8.124546432926e-16       3.078521284474e-17       2.648234605167e-18 
 1784       5.181939915512e-11       8.852830474185e-13      -1.680321949798e-12       0.000000000000e+00       8.107886747035e-16       3.110101100494e-17       2.378685886567e-18 
 1785       5.168792822038e-11       8.842475554577e-13      -1.636892499471e-12       0.000000000000e+00       8.091271092391e-16       3.142114233668e-17       2.110254317320e-18 
 1786       5.155393650991e-11       8.834785964321e-13      -1.593808487179e-12       0.000000000000e+00       8.074699385390e-16       3.174565025929e-17       1.842938800834e-18 
 1787       5.141746722808e-11       8.829734909473e-13      -1.551083462247e-12       0.000000000000e+00       8.058171541174e-16       3.207457834265e-17       1.576738218414e-18 
 1788       5.127856379829e-11       8.827295445796e-13      -1.508731030014e-12       0.000000000000e+00       8.041687473639e-16       3.240797030731e-17       1.311651429212e-18 
 1789       5.113726986327e-11       8.827440478535e-13      -1.466764851897e-12       0.000000000000e+00       8.025247095424e-16       3.274587002476e-17       1.047677270194e-18 
 1790       5.099362928541e-11       8.830142762195e-13      -1.425198645481e-12       0.000000000000e+00       8.008850317913e-16       3.308832151757e-17       7.848145560980e-19 
 1791       5.084768614707e-11       8.835374900310e-13      -1.384046184584e-12       0.000000000000e+00       7.992497051233e-16       3.343536895961e-17       5.230620793924e-19 
 1792       5.069948475092e-11       8.843109345226e-13      -1.343321299338e-12       0.000000000000e+00       7.976187204248e-16       3.378705667620e-17       2.624186102378e-19 
 1793       5.054906962021e-11       8.853318397874e-13      -1.303037876265e-12       0.000000000000e+00       7.959920684563e-16       3.414342914437e-17       2.882896446333e-21 
 1794       5.039648549915e-11       8.865974207543e-13      -1.263209858350e-12       0.000000000000e+00       7.943697398516e-16       3.450453099297e-17      -2.555463365584e-19 
 1795       5.024177735317e-11       8.881048771660e-13      -1.223851245121e-12       0.000000000000e+00       7.927517251177e-16       3.487040700294e-17      -5.128703857811e-19 
 1796       5.008499036928e-11       8.898513935562e-13      -1.184976092723e-12       0.000000000000e+00       7.911380146350e-16       3.524110210742e-17      -7.690905706950e-19 
 1797       4.992616995636e-11       8.918341392274e-13      -1.146598513992e-12       0.000000000000e+00       7.895285986563e-16       3.561666139202e-17      -1.024208233282e-18 
 1798       4.976536174547e-11       8.940502682284e-13      -1.108732678535e-12       0.000000000000e+00       7.879234673073e-16       3.599713009497e-17      -1.278224738072e-18 
 1799       4.960261159022e-11       8.964969193318e-13      -1.071392812802e-12       0.000000000000e+00       7.863226105861e-16       3.638255360729e-17      -1.531141472185e-18 
 1800       4.943796556703e-11       8.991712160116e-13      -1.034593200165e-12       0.000000000000e+00       7.847260183628e-16       3.677297747304e-17      -1.782959845366e-18 
 1801       4.927146997546e-11       9.020702664208e-13      -9.983481809926e-13       0.000000000000e+00       7.831336803795e-16       3.716844738946e-17      -2.033681290034e-18 
 1802       4.910317133857e-11       9.051911633689e-13      -9.626721527263e-13       0.000000000000e+00       7.815455862501e-16       3.756900920719e-17      -2.283307261311e-18 
 1803       4.893311640317e-11       9.085309842995e-13      -9.275795699560e-13       0.000000000000e+00       7.799617254599e-16       3.797470893043e-17      -2.531839237072e-18 
 1804       4.876135214019e-11       9.120867912680e-13      -8.930849444965e-13       0.000000000000e+00       7.783820873654e-16       3.838559271719e-17      -2.779278717977e-18 
 1805       4.858792574496e-11       9.158556309187e-13      -8.592028454632e-13       0.000000000000e+00       7.768066611943e-16       3.880170687941e-17      -3.025627227519e-18 
 1806       4.841288463758e-11       9.198345344631e-13      -8.259478993481e-13       0.000000000000e+00       7.752354360448e-16       3.922309788320e-17      -3.270886312055e-18 
 1807       4.823627646318e-11       9.240205176567e-13      -7.933347900959e-13       0.000000000000e+00       7.736684008861e-16       3.964981234901e-17      -3.515057540853e-18 
 1808       4.805814909225e-11       9.284105807772e-13      -7.613782591798e-13       0.000000000000e+00       7.721055445575e-16       4.008189705184e-17      -3.758142506131e-18 
 1809       4.787855062099e-11       9.330017086015e-13      -7.300931056777e-13       0.000000000000e+00       7.705468557684e-16       4.051939892139e-17      -4.000142823094e-18 
 1810       4.769752937161e-11       9.377908703838e-13      -6.994941863478e-13       0.000000000000e+00       7.689923230982e-16       4.096236504230e-17      -4.241060129976e-18 
 1811       4.751513389263e-11       9.427750198328e-13      -6.695964157049e-13       0.000000000000e+00       7.674419349960e-16       4.141084265433e-17      -4.480896088079e-18 
 1812       4.733141295920e-11       9.479510950893e-13      -6.404147660962e-13       0.000000000000e+00       7.658956797802e-16       4.186487915252e-17      -4.719652381816e-18 
 1813       4.714641557345e-11       9.533160187039e-13      -6.119642677775e-13       0.000000000000e+00       7.643535456386e-16       4.232452208742e-17      -4.957330718747e-18 
 1814       4.696019145394e-11       9.588664748234e-13      -5.842576812947e-13       0.000000000000e+00       7.628155202569e-16       4.278979288542e-17      -5.193919491037e-18 
 1815       4.677279250777e-11       9.645982388291e-13      -5.572984939473e-13       0.000000000000e+00       7.612815897021e-16       4.326060777774e-17      -5.429353642086e-18 
 1816       4.658427137095e-11       9.705068422463e-13      -5.310878669791e-13       0.000000000000e+00       7.597517395297e-16       4.373685623393e-17      -5.663554476223e-18 
 1817       4.639468092073e-11       9.765877950133e-13      -5.056269581342e-13       0.000000000000e+00       7.582259551536e-16       4.421842718311e-17      -5.896442967455e-18 
 1818       4.620407427587e-11       9.828365854514e-13      -4.809169216491e-13       0.000000000000e+00       7.567042218461e-16       4.470520901313e-17      -6.127939759018e-18 
 1819       4.601250479700e-11       9.892486802341e-13      -4.569589082427e-13       0.000000000000e+00       7.551865247375e-16       4.519708956987e-17      -6.357965162938e-18 
 1820       4.582002608695e-11       9.958195243567e-13      -4.337540651085e-13       0.000000000000e+00       7.536728488157e-16       4.569395615642e-17      -6.586439159575e-18 
 1821       4.562669199109e-11       1.002544541106e-12      -4.113035359051e-13       0.000000000000e+00       7.521631789263e-16       4.619569553233e-17      -6.813281397187e-18 
 1822       4.543255659766e-11       1.009419132028e-12      -3.896084607474e-13       0.000000000000e+00       7.506574997722e-16       4.670219391286e-17      -7.038411191478e-18 
 1823       4.523767423811e-11       1.016438676900e-12      -3.686699761978e-13       0.000000000000e+00       7.491557959131e-16       4.721333696818e-17      -7.261747525151e-18 
 1824       4.504209948744e-11       1.023598533699e-12      -3.484892152576e-13       0.000000000000e+00       7.476580517658e-16       4.772900982266e-17      -7.483209047465e-18 
 1825       4.484588716452e-11       1.030894038570e-12      -3.290673073576e-13       0.000000000000e+00       7.461642516037e-16       4.824909705403e-17      -7.702714073790e-18 
 1826       4.464909233243e-11       1.038320505797e-12      -3.104053783495e-13       0.000000000000e+00       7.446743795561e-16       4.877348269266e-17      -7.920180585156e-18 
 1827       4.445177029882e-11       1.045873227771e-12      -2.925045504973e-13       0.000000000000e+00       7.431884196090e-16       4.930205022080e-17      -8.135526227809e-18 
 1828       4.425397661619e-11       1.053547474961e-12      -2.753659424679e-13       0.000000000000e+00       7.417063556038e-16       4.983468257178e-17      -8.348668312769e-18 
 1829       4.405576708230e-11       1.061338495884e-12      -2.589906693226e-13       0.000000000000e+00       7.402281712377e-16       5.037126212927e-17      -8.559523815375e-18 
 1830       4.385719774043e-11       1.069241517069e-12      -2.433798425081e-13       0.000000000000e+00       7.387538500633e-16       5.091167072648e-17      -8.768009374849e-18 
 1831       4.365832487977e-11       1.077251743036e-12      -2.285345698476e-13       0.000000000000e+00       7.372833754882e-16       5.145578964546e-17      -8.974041293843e-18 
 1832       4.345920503573e-11       1.085364356255e-12      -2.144559555321e-13       0.000000000000e+00       7.358167307750e-16       5.200349961625e-17      -9.177535537993e-18 
 1833       4.325989499028e-11       1.093574517124e-12      -2.011451001114e-13       0.000000000000e+00       7.343538990410e-16       5.255468081618e-17      -9.378407735477e-18 
 1834       4.306045177228e-11       1.101877363933e-12      -1.886031004850e-13       0.000000000000e+00       7.328948632578e-16       5.310921286905e-17      -9.576573176567e-18 
 1835       4.286093265784e-11       1.110268012837e-12      -1.768310498938e-13       0.000000000000e+00       7.314396062514e-16       5.366697484443e-17      -9.771946813180e-18 
 1836       4.266139517061e-11       1.118741557821e-12      -1.658300379108e-13       0.000000000000e+00       7.299881107014e-16       5.422784525682e-17      -9.964443258436e-18 
 1837       4.246189708217e-11       1.127293070676e-12      -1.556011504322e-13       0.000000000000e+00       7.285403591414e-16       5.479170206492e-17      -1.015397678621e-17 
 1838       4.226249641232e-11       1.135917600962e-12      -1.461454696687e-13       0.000000000000e+00       7.270963339583e-16       5.535842267087e-17      -1.034046133068e-17 
 1839       4.206325142942e-11       1.144610175981e-12      -1.374640741367e-13       0.000000000000e+00       7.256560173924e-16       5.592788391949e-17      -1.052381048591e-17 
 1840       4.186422065077e-11       1.153365800744e-12      -1.295580386493e-13       0.000000000000e+00       7.242193915367e-16       5.649996209746e-17      -1.070393750534e-17 
 1841       4.166546284289e-11       1.162179457945e-12      -1.224284343074e-13       0.000000000000e+00       7.227864383373e-16       5.707453293262e-17      -1.088075530142e-17 
 1842       4.146703702188e-11       1.171046107926e-12      -1.160763284909e-13       0.000000000000e+00       7.213571395925e-16       5.765147159315e-17      -1.105417644510e-17 
 1843       4.126900245376e-11       1.179960688647e-12      -1.105027848497e-13       0.000000000000e+00       7.199314769530e-16       5.823065268686e-17      -1.122411316542e-17 
 1844       4.107141865479e-11       1.188918115658e-12      -1.057088632951e-13       0.000000000000e+00       7.185094319216e-16       5.881195026036e-17      -1.139047734905e-17 
 1845       4.087434539182e-11       1.197913282065e-12      -1.016956199907e-13       0.000000000000e+00       7.170909858527e-16       5.939523779833e-17      -1.155318053985e-17 
 1846       4.067784268262e-11       1.206941058503e-12      -9.846410734367e-14       0.000000000000e+00       7.156761199524e-16       5.998038822276e-17      -1.171213393840e-17 
 1847       4.048197079622e-11       1.215996293102e-12      -9.601537399564e-14       0.000000000000e+00       7.142648152781e-16       6.056727389217e-17      -1.186724840160e-17 
 1848       4.028679025321e-11       1.225073811460e-12      -9.435046481416e-14       0.000000000000e+00       7.128570527382e-16       6.115576660082e-17      -1.201843444218e-17 
 1849       4.009236182615e-11       1.234168416609e-12      -9.347042088359e-14       0.000000000000e+00       7.114528130921e-16       6.174573757799e-17      -1.216560222828e-17 
 1850       3.989874653982e-11       1.243274888986e-12      -9.337627949634e-14       0.000000000000e+00       7.100520769495e-16       6.233705748719e-17      -1.230866158300e-17 
 1851       3.970600567161e-11       1.252387986404e-12      -9.406907414396e-14       0.000000000000e+00       7.086548247707e-16       6.292959642539e-17      -1.244752198393e-17 
 1852       3.951420075186e-11       1.261502444019e-12      -9.554983450826e-14       0.000000000000e+00       7.072610368660e-16       6.352322392224e-17      -1.258209256274e-17 
 1853       3.932338863597e-11       1.270613245488e-12      -9.781785597453e-14       0.000000000000e+00       7.058706952106e-16       6.411780993213e-17      -1.271231292397e-17 
 1854       3.913360667779e-11       1.279716438851e-12      -1.008654932466e-13       0.000000000000e+00       7.044837889049e-16       6.471322782024e-17      -1.283824586847e-17 
 1855       3.894488743981e-11       1.288808327030e-12      -1.046833255963e-13       0.000000000000e+00       7.031003087566e-16       6.530935139854e-17      -1.295998540137e-17 
 1856       3.875726361090e-11       1.297885197209e-12      -1.092618835393e-13       0.000000000000e+00       7.017202454699e-16       6.590605393437e-17      -1.307762597992e-17 
 1857       3.857076800647e-11       1.306943320811e-12      -1.145916487658e-13       0.000000000000e+00       7.003435896448e-16       6.650320814975e-17      -1.319126251414e-17 
 1858       3.838543356862e-11       1.315978953474e-12      -1.206630540716e-13       0.000000000000e+00       6.989703317774e-16       6.710068622062e-17      -1.330099036741e-17 
 1859       3.820129336632e-11       1.324988335034e-12      -1.274664832885e-13       0.000000000000e+00       6.976004622596e-16       6.769835977613e-17      -1.340690535716e-17 
 1860       3.801838059556e-11       1.333967689504e-12      -1.349922712149e-13       0.000000000000e+00       6.962339713786e-16       6.829609989791e-17      -1.350910375544e-17 
 1861       3.783672857953e-11       1.342913225050e-12      -1.432307035466e-13       0.000000000000e+00       6.948708493173e-16       6.889377711929e-17      -1.360768228960e-17 
 1862       3.765637076874e-11       1.351821133970e-12      -1.521720168076e-13       0.000000000000e+00       6.935110861536e-16       6.949126142464e-17      -1.370273814287e-17 
 1863       3.747734074124e-11       1.360687592676e-12      -1.618063982805e-13       0.000000000000e+00       6.921546718604e-16       7.008842224858e-17      -1.379436895506e-17 
 1864       3.729967220274e-11       1.369508761671e-12      -1.721239859375e-13       0.000000000000e+00       6.908015963057e-16       7.068512847529e-17      -1.388267282310e-17 
 1865       3.712339898682e-11       1.378280785528e-12      -1.831148683710e-13       0.000000000000e+00       6.894518492519e-16       7.128124843773e-17      -1.396774830175e-17 
 1866       3.694855505502e-11       1.386999792867e-12      -1.947690847239e-13       0.000000000000e+00       6.881054203560e-16       7.187664991697e-17      -1.404969440420e-17 
 1867       3.677517449708e-11       1.395661896339e-12      -2.070766246210e-13       0.000000000000e+00       6.867622991693e-16       7.247120014140e-17      -1.412861060269e-17 
 1868       3.660329153106e-11       1.404263192599e-12      -2.200274280991e-13       0.000000000000e+00       6.854224751375e-16       7.306476578602e-17      -1.420459682915e-17 
 1869       3.643294050349e-11       1.412799762290e-12      -2.336113855379e-13       0.000000000000e+00       6.840859375999e-16       7.365721297173e-17      -1.427775347584e-17 
 1870       3.626415588960e-11       1.421267670018e-12      -2.478183375905e-13       0.000000000000e+00       6.827526757899e-16       7.424840726457e-17      -1.434818139595e-17 
 1871       3.609697229339e-11       1.429662964333e-12      -2.626380751145e-13       0.000000000000e+00       6.814226788343e-16       7.483821367499e-17      -1.441598190429e-17 
 1872       3.593142444788e-11       1.437981677708e-12      -2.780603391024e-13       0.000000000000e+00       6.800959357535e-16       7.542649665714e-17      -1.448125677783e-17 
 1873       3.576754721522e-11       1.446219826517e-12      -2.940748206122e-13       0.000000000000e+00       6.787724354611e-16       7.601312010809e-17      -1.454410825643e-17 
 1874       3.560537558686e-11       1.454373411014e-12      -3.106711606982e-13       0.000000000000e+00       6.774521667638e-16       7.659794736717e-17      -1.460463904340e-17 
 1875       3.544494468373e-11       1.462438415312e-12      -3.278389503418e-13       0.000000000000e+00       6.761351183614e-16       7.718084121517e-17      -1.466295230615e-17 
 1876       3.528628975639e-11       1.470410807363e-12      -3.455677303819e-13       0.000000000000e+00       6.748212788460e-16       7.776166387366e-17      -1.471915167684e-17 
 1877       3.512944618521e-11       1.478286538935e-12      -3.638469914459e-13       0.000000000000e+00       6.735106367029e-16       7.834027700421e-17      -1.477334125297e-17 
 1878       3.497444948050e-11       1.486061545593e-12      -3.826661738802e-13       0.000000000000e+00       6.722031803092e-16       7.891654170770e-17      -1.482562559804e-17 
 1879       3.482133528272e-11       1.493731746677e-12      -4.020146676809e-13       0.000000000000e+00       6.708988979346e-16       7.949031852357e-17      -1.487610974221e-17 
 1880       3.467013936258e-11       1.501293045278e-12      -4.218818124246e-13       0.000000000000e+00       6.695977777406e-16       8.006146742907e-17      -1.492489918284e-17 
 1881       3.452089762127e-11       1.508741328224e-12      -4.422568971987e-13       0.000000000000e+00       6.682998077808e-16       8.062984783858e-17      -1.497209988520e-17 
 1882       3.437364609059e-11       1.516072466051e-12      -4.631291605328e-13       0.000000000000e+00       6.670049760004e-16       8.119531860280e-17      -1.501781828310e-17 
 1883       3.422842093309e-11       1.523282312988e-12      -4.844877903287e-13       0.000000000000e+00       6.657132702359e-16       8.175773800812e-17      -1.506216127945e-17 
 1884       3.408525844230e-11       1.530366706931e-12      -5.063219237914e-13       0.000000000000e+00       6.644246782155e-16       8.231696377577e-17      -1.510523624697e-17 
 1885       3.394419504282e-11       1.537321469427e-12      -5.286206473596e-13       0.000000000000e+00       6.631391875584e-16       8.287285306119e-17      -1.514715102877e-17 
 1886       3.380526729052e-11       1.544142405649e-12      -5.513729966368e-13       0.000000000000e+00       6.618567857746e-16       8.342526245325e-17      -1.518801393901e-17 
 1887       3.366851187272e-11       1.550825304376e-12      -5.745679563214e-13       0.000000000000e+00       6.605774602653e-16       8.397404797352e-17      -1.522793376350e-17 
 1888       3.353396560830e-11       1.557365937972e-12      -5.981944601379e-13       0.000000000000e+00       6.593011983220e-16       8.451906507552e-17      -1.526701976036e-17 
 1889       3.340166544793e-11       1.563760062365e-12      -6.222413907673e-13       0.000000000000e+00       6.580279871269e-16       8.506016864406e-17      -1.530538166064e-17 
 1890       3.327164847415e-11       1.570003417028e-12      -6.466975797778e-13       0.000000000000e+00       6.567578137523e-16       8.559721299443e-17      -1.534312966895e-17 
 1891       3.314395190164e-11       1.576091724952e-12      -6.715518075556e-13       0.000000000000e+00       6.554906651606e-16       8.613005187168e-17      -1.538037446407e-17 
 1892       3.301860642171e-11       1.582021234379e-12      -6.967925081926e-13       0.000000000000e+00       6.542265297761e-16       8.665857937027e-17      -1.541720380711e-17 
 1893       3.289561617957e-11       1.587790348600e-12      -7.224068817936e-13       0.000000000000e+00       6.529654022128e-16       8.718285304028e-17      -1.545361216681e-17 
 1894       3.277497864257e-11       1.593398008718e-12      -7.483817751645e-13       0.000000000000e+00       6.517072785826e-16       8.770297173199e-17      -1.548957055112e-17 
 1895       3.265669124162e-11       1.598843153042e-12      -7.747039761529e-13       0.000000000000e+00       6.504521549268e-16       8.821903476257e-17      -1.552504985011e-17 
 1896       3.254075137113e-11       1.604124717088e-12      -8.013602135688e-13       0.000000000000e+00       6.492000272160e-16       8.873114191673e-17      -1.556002083588e-17 
 1897       3.242715638896e-11       1.609241633570e-12      -8.283371571052e-13       0.000000000000e+00       6.479508913497e-16       8.923939344742e-17      -1.559445416234e-17 
 1898       3.231590361639e-11       1.614192832403e-12      -8.556214172594e-13       0.000000000000e+00       6.467047431567e-16       8.974389007639e-17      -1.562832036511e-17 
 1899       3.220699033799e-11       1.618977240695e-12      -8.831995452534e-13       0.000000000000e+00       6.454615783942e-16       9.024473299487e-17      -1.566158986132e-17 
 1900       3.210041380162e-11       1.623593782749e-12      -9.110580329546e-13       0.000000000000e+00       6.442213927487e-16       9.074202386420e-17      -1.569423294949e-17 
 1901       3.199617121836e-11       1.628041380054e-12      -9.391833127971e-13       0.000000000000e+00       6.429841818349e-16       9.123586481647e-17      -1.572621980937e-17 
 1902       3.189425976242e-11       1.632318951289e-12      -9.675617577021e-13       0.000000000000e+00       6.417499411960e-16       9.172635845518e-17      -1.575752050176e-17 
 1903       3.179467657111e-11       1.636425412313e-12      -9.961796809987e-13       0.000000000000e+00       6.405186663039e-16       9.221360785582e-17      -1.578810496842e-17 
 1904       3.169741874478e-11       1.640359676170e-12      -1.025023336345e-12       0.000000000000e+00       6.392903525585e-16       9.269771656659e-17      -1.581794303183e-17 
 1905       3.160248334673e-11       1.644120653078e-12      -1.054078917648e-12       0.000000000000e+00       6.380649952877e-16       9.317878860896e-17      -1.584700439510e-17 
 1906       3.150986740320e-11       1.647707250432e-12      -1.083332558987e-12       0.000000000000e+00       6.368425897477e-16       9.365692847838e-17      -1.587525864182e-17 
 1907       3.141956790325e-11       1.651118372796e-12      -1.112770334529e-12       0.000000000000e+00       6.356231311225e-16       9.413224114485e-17      -1.590267523585e-17 
 1908       3.133158179875e-11       1.654352921907e-12      -1.142378258457e-12       0.000000000000e+00       6.344066145236e-16       9.460483205362e-17      -1.592922352123e-17 
 1909       3.124590600431e-11       1.657409796665e-12      -1.172142284885e-12       0.000000000000e+00       6.331930349904e-16       9.507480712580e-17      -1.595487272197e-17 
 1910       3.116253739718e-11       1.660287893135e-12      -1.202048307779e-12       0.000000000000e+00       6.319823874898e-16       9.554227275899e-17      -1.597959194195e-17 
 1911       3.108147281725e-11       1.662986104539e-12      -1.232082160882e-12       0.000000000000e+00       6.307746669159e-16       9.600733582794e-17      -1.600335016473e-17 
 1912       3.100270906695e-11       1.665503321260e-12      -1.262229617631e-12       0.000000000000e+00       6.295698680902e-16       9.647010368518e-17      -1.602611625342e-17 
 1913       3.092624291121e-11       1.667838430832e-12      -1.292476391079e-12       0.000000000000e+00       6.283679857613e-16       9.693068416167e-17      -1.604785895049e-17 
 1914       3.085207107738e-11       1.669990317944e-12      -1.322808133816e-12       0.000000000000e+00       6.271690146049e-16       9.738918556741e-17      -1.606854687767e-17 
 1915       3.078019025520e-11       1.671957864429e-12      -1.353210437889e-12       0.000000000000e+00       6.259729492234e-16       9.784571669209e-17      -1.608814853575e-17 
 1916       3.071059709670e-11       1.673739949269e-12      -1.383668834725e-12       0.000000000000e+00       6.247797841462e-16       9.830038680578e-17      -1.610663230444e-17 
 1917       3.064328821617e-11       1.675335448586e-12      -1.414168795048e-12       0.000000000000e+00       6.235895138291e-16       9.875330565947e-17      -1.612396644225e-17 
 1918       3.057826019012e-11       1.676743235644e-12      -1.444695728803e-12       0.000000000000e+00       6.224021326546e-16       9.920458348581e-17      -1.614011908628e-17 
 1919       3.051550955715e-11       1.677962180842e-12      -1.475234985077e-12       0.000000000000e+00       6.212176349316e-16       9.965433099969e-17      -1.615505825210e-17 
 1920       3.045503281795e-11       1.678991151713e-12      -1.505771852016e-12       0.000000000000e+00       6.200360148952e-16       1.001026593989e-16      -1.616875183359e-17 
 1921       3.039682643524e-11       1.679829012921e-12      -1.536291556751e-12       0.000000000000e+00       6.188572667066e-16       1.005496803647e-16      -1.618116760280e-17 
 1922       3.034088683366e-11       1.680474626258e-12      -1.566779265314e-12       0.000000000000e+00       6.176813844532e-16       1.009955060626e-16      -1.619227320977e-17 
 1923       3.028721039978e-11       1.680926850641e-12      -1.597220082562e-12       0.000000000000e+00       6.165083621481e-16       1.014402491429e-16      -1.620203618241e-17 
 1924       3.023579348198e-11       1.681184542108e-12      -1.627599052098e-12       0.000000000000e+00       6.153381937304e-16       1.018840227413e-16      -1.621042392630e-17 
 1925       3.018663239041e-11       1.681246553817e-12      -1.657901156188e-12       0.000000000000e+00       6.141708730647e-16       1.023269404797e-16      -1.621740372458e-17 
 1926       3.013972339694e-11       1.681111736042e-12      -1.688111315686e-12       0.000000000000e+00       6.130063939412e-16       1.027691164667e-16      -1.622294273779e-17 
 1927       3.009506273511e-11       1.680778936170e-12      -1.718214389953e-12       0.000000000000e+00       6.118447500755e-16       1.032106652980e-16      -1.622700800368e-17 
 1928       3.005264660003e-11       1.680246998699e-12      -1.748195176778e-12       0.000000000000e+00       6.106859351086e-16       1.036517020578e-16      -1.622956643712e-17 
 1929       3.001247114835e-11       1.679514765233e-12      -1.778038412298e-12       0.000000000000e+00       6.095299426064e-16       1.040923423185e-16      -1.623058482987e-17 
 1930       2.997453249821e-11       1.678581074481e-12      -1.807728770921e-12       0.000000000000e+00       6.083767660600e-16       1.045327021420e-16      -1.623002985051e-17 
 1931       2.993882230628e-11       1.677445243856e-12      -1.837251923752e-12       0.000000000000e+00       6.072263984060e-16       1.049728191808e-16      -1.622787403577e-17 
 1932       2.990531446248e-11       1.676108518266e-12      -1.866597722806e-12       0.000000000000e+00       6.060788305834e-16       1.054124153270e-16      -1.622411381482e-17 
 1933       2.987397829435e-11       1.674572632299e-12      -1.895757040771e-12       0.000000000000e+00       6.049340529654e-16       1.058511322656e-16      -1.621875162129e-17 
 1934       2.984478298047e-11       1.672839329627e-12      -1.924720714651e-12       0.000000000000e+00       6.037920558378e-16       1.062886102088e-16      -1.621178991420e-17 
 1935       2.981769755036e-11       1.670910363022e-12      -1.953479545712e-12       0.000000000000e+00       6.026528293991e-16       1.067244878937e-16      -1.620323117798e-17 
 1936       2.979269088420e-11       1.668787494365e-12      -1.982024299447e-12       0.000000000000e+00       6.015163637597e-16       1.071584025808e-16      -1.619307792250e-17 
 1937       2.976973171267e-11       1.666472494662e-12      -2.010345705522e-12       0.000000000000e+00       6.003826489426e-16       1.075899900520e-16      -1.618133268311e-17 
 1938       2.974878861674e-11       1.663967144054e-12      -2.038434457738e-12       0.000000000000e+00       5.992516748826e-16       1.080188846085e-16      -1.616799802072e-17 
 1939       2.972983002744e-11       1.661273231832e-12      -2.066281213980e-12       0.000000000000e+00       5.981234314266e-16       1.084447190691e-16      -1.615307652176e-17 
 1940       2.971282422571e-11       1.658392556448e-12      -2.093876596176e-12       0.000000000000e+00       5.969979083332e-16       1.088671247683e-16      -1.613657079830e-17 
 1941       2.969773934214e-11       1.655326925525e-12      -2.121211190250e-12       0.000000000000e+00       5.958750952725e-16       1.092857315542e-16      -1.611848348804e-17 
 1942       2.968454335683e-11       1.652078155877e-12      -2.148275546076e-12       0.000000000000e+00       5.947549818263e-16       1.097001677871e-16      -1.609881725436e-17 
 1943       2.967320409912e-11       1.648648073512e-12      -2.175060177436e-12       0.000000000000e+00       5.936375574876e-16       1.101100603368e-16      -1.607757478638e-17 
 1944       2.966368924745e-11       1.645038513653e-12      -2.201555561972e-12       0.000000000000e+00       5.925228116609e-16       1.105150345814e-16      -1.605475879897e-17 
 1945       2.965596632911e-11       1.641251320745e-12      -2.227752141141e-12       0.000000000000e+00       5.914107336615e-16       1.109147144051e-16      -1.603037203281e-17 
 1946       2.965000272007e-11       1.637288348470e-12      -2.253640320170e-12       0.000000000000e+00       5.903013127157e-16       1.113087221965e-16      -1.600441725440e-17 
 1947       2.964576564476e-11       1.633151459759e-12      -2.279210468015e-12       0.000000000000e+00       5.891945379607e-16       1.116966788463e-16      -1.597689725616e-17 
 1948       2.964322217588e-11       1.628842526806e-12      -2.304452917307e-12       0.000000000000e+00       5.880903984443e-16       1.120782037458e-16      -1.594781485638e-17 
 1949       2.964233923419e-11       1.624363431076e-12      -2.329357964317e-12       0.000000000000e+00       5.869888831249e-16       1.124529147849e-16      -1.591717289936e-17 
 1950       2.964308358829e-11       1.619716063324e-12      -2.353915868902e-12       0.000000000000e+00       5.858899808713e-16       1.128204283501e-16      -1.588497425536e-17 
 1951       2.964542185447e-11       1.614902323603e-12      -2.378116854466e-12       0.000000000000e+00       5.847936804623e-16       1.131803593226e-16      -1.585122182070e-17 
 1952       2.964932049645e-11       1.609924121278e-12      -2.401951107911e-12       0.000000000000e+00       5.836999705872e-16       1.135323210766e-16      -1.581591851776e-17 
 1953       2.965474582523e-11       1.604783375038e-12      -2.425408779597e-12       0.000000000000e+00       5.826088398450e-16       1.138759254772e-16      -1.577906729506e-17 
 1954       2.966166399882e-11       1.599482012909e-12      -2.448479983288e-12       0.000000000000e+00       5.815202767447e-16       1.142107828785e-16      -1.574067112726e-17 
 1955       2.967004102212e-11       1.594021972267e-12      -2.471154796117e-12       0.000000000000e+00       5.804342697049e-16       1.145365021219e-16      -1.570073301521e-17 
 1956       2.967984274664e-11       1.588405199849e-12      -2.493423258533e-12       0.000000000000e+00       5.793508070537e-16       1.148526905339e-16      -1.565925598601e-17 
 1957       2.969103487038e-11       1.582633651770e-12      -2.515275374260e-12       0.000000000000e+00       5.782698770289e-16       1.151589539245e-16      -1.561624309303e-17 
 1958       2.970358293753e-11       1.576709293528e-12      -2.536701110250e-12       0.000000000000e+00       5.771914677772e-16       1.154548965851e-16      -1.557169741594e-17 
 1959       2.971745233836e-11       1.570634100022e-12      -2.557690396640e-12       0.000000000000e+00       5.761155673548e-16       1.157401212868e-16      -1.552562206077e-17 
 1960       2.973260830896e-11       1.564410055566e-12      -2.578233126704e-12       0.000000000000e+00       5.750421637266e-16       1.160142292782e-16      -1.547802015996e-17 
 1961       2.974901593105e-11       1.558039153895e-12      -2.598319156809e-12       0.000000000000e+00       5.739712447667e-16       1.162768202838e-16      -1.542889487236e-17 
 1962       2.976664013181e-11       1.551523398184e-12      -2.617938306372e-12       0.000000000000e+00       5.729027982576e-16       1.165274925019e-16      -1.537824938328e-17 
 1963       2.978544568363e-11       1.544864801056e-12      -2.637080357811e-12       0.000000000000e+00       5.718368118906e-16       1.167658426027e-16      -1.532608690458e-17 
 1964       2.980539720392e-11       1.538065384600e-12      -2.655735056502e-12       0.000000000000e+00       5.707732732654e-16       1.169914657267e-16      -1.527241067464e-17 
 1965       2.982645915495e-11       1.531127180376e-12      -2.673892110735e-12       0.000000000000e+00       5.697121698900e-16       1.172039554825e-16      -1.521722395842e-17 
 1966       2.984859584360e-11       1.524052229434e-12      -2.691541191665e-12       0.000000000000e+00       5.686534891806e-16       1.174029039447e-16      -1.516053004754e-17 
 1967       2.987177142115e-11       1.516842582324e-12      -2.708671933273e-12       0.000000000000e+00       5.675972184613e-16       1.175879016528e-16      -1.510233226025e-17 
 1968       2.989594988313e-11       1.509500299109e-12      -2.725273932313e-12       0.000000000000e+00       5.665433449643e-16       1.177585376083e-16      -1.504263394155e-17 
 1969       2.992109506909e-11       1.502027449376e-12      -2.741336748275e-12       0.000000000000e+00       5.654918558296e-16       1.179143992736e-16      -1.498143846315e-17 
 1970       2.994717050777e-11       1.494426287406e-12      -2.756851527669e-12       0.000000000000e+00       5.644427401532e-16       1.180551920514e-16      -1.491874831801e-17 
 1971       2.997413895187e-11       1.486699779070e-12      -2.771815890186e-12       0.000000000000e+00       5.633959951503e-16       1.181810986993e-16      -1.485456239643e-17 
 1972       3.000196283945e-11       1.478851078870e-12      -2.786229078755e-12       0.000000000000e+00       5.623516200380e-16       1.182924225816e-16      -1.478887868976e-17 
 1973       3.003060444799e-11       1.470883355159e-12      -2.800090338502e-12       0.000000000000e+00       5.613096139905e-16       1.183894684324e-16      -1.472169519419e-17 
 1974       3.006002589422e-11       1.462799790161e-12      -2.813398916757e-12       0.000000000000e+00       5.602699761390e-16       1.184725423566e-16      -1.465300991069e-17 
 1975       3.009018913388e-11       1.454603579984e-12      -2.826154063061e-12       0.000000000000e+00       5.592327055721e-16       1.185419518324e-16      -1.458282084507e-17 
 1976       3.012105596152e-11       1.446297934642e-12      -2.838355029168e-12       0.000000000000e+00       5.581978013350e-16       1.185980057125e-16      -1.451112600796e-17 
 1977       3.015258801031e-11       1.437886078072e-12      -2.850001069054e-12       0.000000000000e+00       5.571652624302e-16       1.186410142263e-16      -1.443792341486e-17 
 1978       3.018474675182e-11       1.429371248152e-12      -2.861091438918e-12       0.000000000000e+00       5.561350878168e-16       1.186712889816e-16      -1.436321108609e-17 
 1979       3.021749349581e-11       1.420756696718e-12      -2.871625397189e-12       0.000000000000e+00       5.551072764105e-16       1.186891429662e-16      -1.428698704687e-17 
 1980       3.025078939004e-11       1.412045689582e-12      -2.881602204530e-12       0.000000000000e+00       5.540818270842e-16       1.186948905501e-16      -1.420924932730e-17 
 1981       3.028459542003e-11       1.403241506553e-12      -2.891021123845e-12       0.000000000000e+00       5.530587386669e-16       1.186888474867e-16      -1.412999596234e-17 
 1982       3.031887240890e-11       1.394347441450e-12      -2.899881420281e-12       0.000000000000e+00       5.520380099443e-16       1.186713309153e-16      -1.404922499189e-17 
 1983       3.035358101711e-11       1.385366802124e-12      -2.908182361239e-12       0.000000000000e+00       5.510196396588e-16       1.186426593622e-16      -1.396693446073e-17 
 1984       3.038868174231e-11       1.376302910475e-12      -2.915923216369e-12       0.000000000000e+00       5.500036265087e-16       1.186031527431e-16      -1.388312241859e-17 
 1985       3.042413491907e-11       1.367159102469e-12      -2.923103257586e-12       0.000000000000e+00       5.489899691491e-16       1.185531323644e-16      -1.379778692013e-17 
 1986       3.045990071875e-11       1.357938728156e-12      -2.929721759068e-12       0.000000000000e+00       5.479786661910e-16       1.184929209253e-16      -1.371092602495e-17 
 1987       3.049593914920e-11       1.348645151688e-12      -2.935777997263e-12       0.000000000000e+00       5.469697162018e-16       1.184228425196e-16      -1.362253779761e-17 
 1988       3.053221005464e-11       1.339281751340e-12      -2.941271250894e-12       0.000000000000e+00       5.459631177047e-16       1.183432226373e-16      -1.353262030765e-17 
 1989       3.056867311541e-11       1.329851919524e-12      -2.946200800965e-12       0.000000000000e+00       5.449588691792e-16       1.182543881663e-16      -1.344117162959e-17 
 1990       3.060528784775e-11       1.320359062806e-12      -2.950565930764e-12       0.000000000000e+00       5.439569690606e-16       1.181566673948e-16      -1.334818984293e-17 
 1991       3.064201360362e-11       1.310806601930e-12      -2.954365925871e-12       0.000000000000e+00       5.429574157399e-16       1.180503900124e-16      -1.325367303219e-17 
 1992       3.067880957051e-11       1.301197971831e-12      -2.957600074160e-12       0.000000000000e+00       5.419602075642e-16       1.179358871122e-16      -1.315761928689e-17 
 1993       3.071563477117e-11       1.291536621655e-12      -2.960267665805e-12       0.000000000000e+00       5.409653428361e-16       1.178134911927e-16      -1.306002670160e-17 
 1994       3.075244806346e-11       1.281826014773e-12      -2.962367993286e-12       0.000000000000e+00       5.399728198139e-16       1.176835361592e-16      -1.296089337591e-17 
 1995       3.078920814013e-11       1.272069628807e-12      -2.963900351394e-12       0.000000000000e+00       5.389826367114e-16       1.175463573261e-16      -1.286021741446e-17 
 1996       3.082587352860e-11       1.262270955641e-12      -2.964864037235e-12       0.000000000000e+00       5.379947916979e-16       1.174022914183e-16      -1.275799692696e-17 
 1997       3.086240259075e-11       1.252433501440e-12      -2.965258350235e-12       0.000000000000e+00       5.370092828982e-16       1.172516765734e-16      -1.265423002818e-17 
 1998       3.089875352275e-11       1.242560786670e-12      -2.965082592147e-12       0.000000000000e+00       5.360261083922e-16       1.170948523428e-16      -1.254891483800e-17 
 1999       3.093488435481e-11       1.232656346118e-12      -2.964336067053e-12       0.000000000000e+00       5.350452662154e-16       1.169321596943e-16      -1.244204948136e-17 
 2000       3.097075295098e-11       1.222723728902e-12      -2.963018081371e-12       0.000000000000e+00       5.340667543582e-16       1.167639410134e-16      -1.233363208833e-17 
 2001       3.100631700897e-11       1.212766498498e-12      -2.961127943861e-12       0.000000000000e+00       5.330905707662e-16       1.165905401052e-16      -1.222366079409e-17 
 2002       3.104153405992e-11       1.202788232752e-12      -2.958664965628e-12       0.000000000000e+00       5.321167133400e-16       1.164123021962e-16      -1.211213373895e-17 
 2003       3.107636146820e-11       1.192792523902e-12      -2.955628460128e-12       0.000000000000e+00       5.311451799352e-16       1.162295739361e-16      -1.199904906837e-17 
 2004       3.111075643120e-11       1.182782978592e-12      -2.952017743171e-12       0.000000000000e+00       5.301759683623e-16       1.160427033997e-16      -1.188440493294e-17 
 2005       3.114467597912e-11       1.172763217892e-12      -2.947832132931e-12       0.000000000000e+00       5.292090763865e-16       1.158520400886e-16      -1.176819948844e-17 
 2006       3.117807697479e-11       1.162736877319e-12      -2.943070949946e-12       0.000000000000e+00       5.282445017278e-16       1.156579349327e-16      -1.165043089580e-17 
 2007       3.121091611341e-11       1.152707606847e-12      -2.937733517125e-12       0.000000000000e+00       5.272822420608e-16       1.154607402926e-16      -1.153109732115e-17 
 2008       3.124314992239e-11       1.142679070934e-12      -2.931819159755e-12       0.000000000000e+00       5.263222950148e-16       1.152608099609e-16      -1.141019693582e-17 
 2009       3.127473825681e-11       1.132654773751e-12      -2.925328433095e-12       0.000000000000e+00       5.253646576385e-16       1.150584332435e-16      -1.128773408613e-17 
 2010       3.130565481402e-11       1.122637533455e-12      -2.918266814943e-12       0.000000000000e+00       5.244093247902e-16       1.148536366735e-16      -1.116373785192e-17 
 2011       3.133587669524e-11       1.112630004126e-12      -2.910641039985e-12       0.000000000000e+00       5.234562907359e-16       1.146463808562e-16      -1.103824362327e-17 
 2012       3.136538091671e-11       1.102634850211e-12      -2.902457874682e-12       0.000000000000e+00       5.225055496831e-16       1.144366262584e-16      -1.091128694318e-17 
 2013       3.139414440960e-11       1.092654746538e-12      -2.893724117318e-12       0.000000000000e+00       5.215570957807e-16       1.142243332084e-16      -1.078290350773e-17 
 2014       3.142214401991e-11       1.082692378329e-12      -2.884446598035e-12       0.000000000000e+00       5.206109231186e-16       1.140094618957e-16      -1.065312916632e-17 
 2015       3.144935650836e-11       1.072750441213e-12      -2.874632178876e-12       0.000000000000e+00       5.196670257283e-16       1.137919723710e-16      -1.052199992184e-17 
 2016       3.147575855030e-11       1.062831641239e-12      -2.864287753831e-12       0.000000000000e+00       5.187253975822e-16       1.135718245458e-16      -1.038955193086e-17 
 2017       3.150132673558e-11       1.052938694888e-12      -2.853420248873e-12       0.000000000000e+00       5.177860325936e-16       1.133489781925e-16      -1.025582150386e-17 
 2018       3.152603756848e-11       1.043074329086e-12      -2.842036622002e-12       0.000000000000e+00       5.168489246171e-16       1.131233929440e-16      -1.012084510538e-17 
 2019       3.154986746759e-11       1.033241281218e-12      -2.830143863287e-12       0.000000000000e+00       5.159140674476e-16       1.128950282937e-16      -9.984659354224e-18 
 2020       3.157279276570e-11       1.023442299137e-12      -2.817748994907e-12       0.000000000000e+00       5.149814548212e-16       1.126638435952e-16      -9.847301023688e-18 
 2021       3.159478970970e-11       1.013680141183e-12      -2.804859071190e-12       0.000000000000e+00       5.140510804145e-16       1.124297980624e-16      -9.708807041718e-18 
 2022       3.161583446050e-11       1.003957576190e-12      -2.791481178660e-12       0.000000000000e+00       5.131229378446e-16       1.121928507688e-16      -9.569214491120e-18 
 2023       3.163590309290e-11       9.942773835009e-13      -2.777622436073e-12       0.000000000000e+00       5.121970206691e-16       1.119529606480e-16      -9.428560609753e-18 
 2024       3.165497159548e-11       9.846423529819e-13      -2.763289994462e-12       0.000000000000e+00       5.112733223860e-16       1.117100864931e-16      -9.286882790724e-18 
 2025       3.167301587055e-11       9.750552850327e-13      -2.748491037177e-12       0.000000000000e+00       5.103518364335e-16       1.114641869566e-16      -9.144218582581e-18 
 2026       3.169001173397e-11       9.655189906006e-13      -2.733232779928e-12       0.000000000000e+00       5.094325561901e-16       1.112152205504e-16      -9.000605689508e-18 
 2027       3.170593491511e-11       9.560362911931e-13      -2.717522470824e-12       0.000000000000e+00       5.085154749745e-16       1.109631456453e-16      -8.856081971523e-18 
 2028       3.172076105672e-11       9.466100188905e-13      -2.701367390417e-12       0.000000000000e+00       5.076005860451e-16       1.107079204712e-16      -8.710685444667e-18 
 2029       3.173446571484e-11       9.372430163589e-13      -2.684774851742e-12       0.000000000000e+00       5.066878826005e-16       1.104495031169e-16      -8.564454281203e-18 
 2030       3.174702435865e-11       9.279381368628e-13      -2.667752200360e-12       0.000000000000e+00       5.057773577790e-16       1.101878515296e-16      -8.417426809811e-18 
 2031       3.175841237046e-11       9.186982442781e-13      -2.650306814396e-12       0.000000000000e+00       5.048690046586e-16       1.099229235151e-16      -8.269641515780e-18 
 2032       3.176860504551e-11       9.095262131045e-13      -2.632446104587e-12       0.000000000000e+00       5.039628162571e-16       1.096546767374e-16      -8.121137041201e-18 
 2033       3.177757759192e-11       9.004249284787e-13      -2.614177514317e-12       0.000000000000e+00       5.030587855318e-16       1.093830687186e-16      -7.971952185170e-18 
 2034       3.178530513057e-11       8.913972861868e-13      -2.595508519662e-12       0.000000000000e+00       5.021569053794e-16       1.091080568390e-16      -7.822125903973e-18 
 2035       3.179176269503e-11       8.824461926776e-13      -2.576446629429e-12       0.000000000000e+00       5.012571686360e-16       1.088295983364e-16      -7.671697311286e-18 
 2036       3.179692523140e-11       8.735745650745e-13      -2.556999385203e-12       0.000000000000e+00       5.003595680770e-16       1.085476503064e-16      -7.520705678370e-18 
 2037       3.180076759824e-11       8.647853311893e-13      -2.537174361382e-12       0.000000000000e+00       4.994640964170e-16       1.082621697020e-16      -7.369190434262e-18 
 2038       3.180326456648e-11       8.560814295342e-13      -2.516979165220e-12       0.000000000000e+00       4.985707463097e-16       1.079731133335e-16      -7.217191165973e-18 
 2039       3.180439081928e-11       8.474658093351e-13      -2.496421436874e-12       0.000000000000e+00       4.976795103477e-16       1.076804378683e-16      -7.064747618684e-18 
 2040       3.180412095196e-11       8.389414305439e-13      -2.475508849438e-12       0.000000000000e+00       4.967903810628e-16       1.073840998310e-16      -6.911899695934e-18 
 2041       3.180242947189e-11       8.305112638517e-13      -2.454249108988e-12       0.000000000000e+00       4.959033509252e-16       1.070840556026e-16      -6.758687459823e-18 
 2042       3.179929079836e-11       8.221782907012e-13      -2.432649954625e-12       0.000000000000e+00       4.950184123443e-16       1.067802614212e-16      -6.605151131199e-18 
 2043       3.179467926251e-11       8.139455033000e-13      -2.410719158514e-12       0.000000000000e+00       4.941355576678e-16       1.064726733809e-16      -6.451331089861e-18 
 2044       3.178856910722e-11       8.058159046329e-13      -2.388464525927e-12       0.000000000000e+00       4.932547791821e-16       1.061612474325e-16      -6.297267874745e-18 
 2045       3.178093448701e-11       7.977925084746e-13      -2.365893895283e-12       0.000000000000e+00       4.923760691120e-16       1.058459393827e-16      -6.143002184126e-18 
 2046       3.177174946789e-11       7.898783394030e-13      -2.343015138191e-12       0.000000000000e+00       4.914994196208e-16       1.055267048944e-16      -5.988574875806e-18 
 2047       3.176098802735e-11       7.820764328116e-13      -2.319836159492e-12       0.000000000000e+00       4.906248228100e-16       1.052034994861e-16      -5.834026967317e-18 
 2048       3.174862870087e-11       7.743894605084e-13      -2.296365131871e-12       0.000000000000e+00       4.897522706042e-16       1.048762954214e-16      -5.679399977462e-18 
 2049       3.173466855825e-11       7.668186045609e-13      -2.272611201454e-12       0.000000000000e+00       4.888817544057e-16       1.045451325092e-16      -5.524736953253e-18 
 2050       3.171910932703e-11       7.593646754280e-13      -2.248583787341e-12       0.000000000000e+00       4.880132654371e-16       1.042100676663e-16      -5.370081450705e-18 
 2051       3.170195275484e-11       7.520284856448e-13      -2.224292347533e-12       0.000000000000e+00       4.871467948566e-16       1.038711580609e-16      -5.215477194351e-18 
 2052       3.168320060943e-11       7.448108498253e-13      -2.199746378986e-12       0.000000000000e+00       4.862823337571e-16       1.035284611135e-16      -5.060968077447e-18 
 2053       3.166285467876e-11       7.377125846637e-13      -2.174955417655e-12       0.000000000000e+00       4.854198731669e-16       1.031820344967e-16      -4.906598162175e-18 
 2054       3.164091677095e-11       7.307345089371e-13      -2.149929038546e-12       0.000000000000e+00       4.845594040489e-16       1.028319361357e-16      -4.752411679849e-18 
 2055       3.161738871435e-11       7.238774435075e-13      -2.124676855760e-12       0.000000000000e+00       4.837009173011e-16       1.024782242090e-16      -4.598453031120e-18 
 2056       3.159227235759e-11       7.171422113234e-13      -2.099208522546e-12       0.000000000000e+00       4.828444037561e-16       1.021209571478e-16      -4.444766786179e-18 
 2057       3.156556956955e-11       7.105296374225e-13      -2.073533731345e-12       0.000000000000e+00       4.819898541813e-16       1.017601936374e-16      -4.291397684961e-18 
 2058       3.153728223946e-11       7.040405489333e-13      -2.047662213841e-12       0.000000000000e+00       4.811372592784e-16       1.013959926168e-16      -4.138390637352e-18 
 2059       3.150741227687e-11       6.976757750774e-13      -2.021603741007e-12       0.000000000000e+00       4.802866096837e-16       1.010284132791e-16      -3.985790723390e-18 
 2060       3.147596161173e-11       6.914361471714e-13      -1.995368123155e-12       0.000000000000e+00       4.794378959681e-16       1.006575150720e-16      -3.833643193473e-18 
 2061       3.144293219438e-11       6.853224986294e-13      -1.968965209984e-12       0.000000000000e+00       4.785911086363e-16       1.002833576982e-16      -3.681993468561e-18 
 2062       3.140832599559e-11       6.793356649644e-13      -1.942404890629e-12       0.000000000000e+00       4.777462381276e-16       9.990600111547e-17      -3.530887140381e-18 
 2063       3.137214500660e-11       6.734764837909e-13      -1.915697093706e-12       0.000000000000e+00       4.769032748151e-16       9.952550553700e-17      -3.380369971631e-18 
 2064       3.133439123916e-11       6.677457948267e-13      -1.888851787363e-12       0.000000000000e+00       4.760622090061e-16       9.914193143188e-17      -3.230487896188e-18 
 2065       3.129506672553e-11       6.621444398951e-13      -1.861878979329e-12       0.000000000000e+00       4.752230309417e-16       9.875533952529e-17      -3.081287019306e-18 
 2066       3.125417351851e-11       6.566732629271e-13      -1.834788716959e-12       0.000000000000e+00       4.743857307967e-16       9.836579079885e-17      -2.932813617827e-18 
 2067       3.121171369153e-11       6.513331099630e-13      -1.807591087286e-12       0.000000000000e+00       4.735502986798e-16       9.797334649095e-17      -2.785114140379e-18 
 2068       3.116768933858e-11       6.461248291551e-13      -1.780296217066e-12       0.000000000000e+00       4.727167246332e-16       9.757806809706e-17      -2.638235207588e-18 
 2069       3.112210257433e-11       6.410492707691e-13      -1.752914272827e-12       0.000000000000e+00       4.718849986326e-16       9.718001737003e-17      -2.492223612275e-18 
 2070       3.107495553412e-11       6.361072871868e-13      -1.725455460919e-12       0.000000000000e+00       4.710551105872e-16       9.677925632042e-17      -2.347126319666e-18 
 2071       3.102625037397e-11       6.312997329078e-13      -1.697930027562e-12       0.000000000000e+00       4.702270503395e-16       9.637584721686e-17      -2.202990467593e-18 
 2072       3.097598927068e-11       6.266274645515e-13      -1.670348258891e-12       0.000000000000e+00       4.694008076652e-16       9.596985258628e-17      -2.059863366701e-18 
 2073       3.092417442175e-11       6.220913408597e-13      -1.642720481008e-12       0.000000000000e+00       4.685763722731e-16       9.556133521431e-17      -1.917792500650e-18 
 2074       3.087080804554e-11       6.176922226979e-13      -1.615057060028e-12       0.000000000000e+00       4.677537338051e-16       9.515035814554e-17      -1.776825526322e-18 
 2075       3.081589238118e-11       6.134309730581e-13      -1.587368402128e-12       0.000000000000e+00       4.669328818362e-16       9.473698468389e-17      -1.637010274021e-18 
 2076       3.075942968868e-11       6.093084570602e-13      -1.559664953596e-12       0.000000000000e+00       4.661138058740e-16       9.432127839288e-17      -1.498394747686e-18 
 2077       3.070142224894e-11       6.053255419547e-13      -1.531957200878e-12       0.000000000000e+00       4.652964953590e-16       9.390330309597e-17      -1.361027125084e-18 
 2078       3.064187236374e-11       6.014830971243e-13      -1.504255670627e-12       0.000000000000e+00       4.644809396643e-16       9.348312287688e-17      -1.224955758025e-18 
 2079       3.058078235583e-11       5.977819940863e-13      -1.476570929750e-12       0.000000000000e+00       4.636671280957e-16       9.306080207990e-17      -1.090229172560e-18 
 2080       3.051815456893e-11       5.942231064945e-13      -1.448913585458e-12       0.000000000000e+00       4.628550498914e-16       9.263640531022e-17      -9.568960691868e-19 
 2081       3.045399136776e-11       5.908073101411e-13      -1.421294285313e-12       0.000000000000e+00       4.620446942218e-16       9.220999743422e-17      -8.250053230570e-19 
 2082       3.038829513805e-11       5.875354829592e-13      -1.393723717277e-12       0.000000000000e+00       4.612360501900e-16       9.178164357984e-17      -6.946059841769e-19 
 2083       3.032106828664e-11       5.844085050246e-13      -1.366212609759e-12       0.000000000000e+00       4.604291068309e-16       9.135140913682e-17      -5.657472776141e-19 
 2084       3.025231324140e-11       5.814272585577e-13      -1.338771731666e-12       0.000000000000e+00       4.596238531117e-16       9.091935975711e-17      -4.384786037013e-19 
 2085       3.018203245138e-11       5.785926279259e-13      -1.311411892448e-12       0.000000000000e+00       4.588202779316e-16       9.048556135509e-17      -3.128495382410e-19 
 2086       3.011022838675e-11       5.759054996457e-13      -1.284143942146e-12       0.000000000000e+00       4.580183701216e-16       9.005008010799e-17      -1.889098327097e-19 
 2087       3.003690667064e-11       5.733664202181e-13      -1.256978065940e-12       0.000000000000e+00       4.572181201370e-16       8.961297818095e-17      -6.669931825914e-20 
 2088       2.996208549849e-11       5.709745670088e-13      -1.229921662266e-12       0.000000000000e+00       4.564195251468e-16       8.917430086902e-17       5.378246009179e-20 
 2089       2.988578628483e-11       5.687287701540e-13      -1.202981449909e-12       0.000000000000e+00       4.556225839795e-16       8.873408936566e-17       1.725460902223e-19 
 2090       2.980803053760e-11       5.666278540645e-13      -1.176164172188e-12       0.000000000000e+00       4.548272954343e-16       8.829238502992e-17       2.896022161170e-19 
 2091       2.972883985830e-11       5.646706374180e-13      -1.149476596980e-12       0.000000000000e+00       4.540336582808e-16       8.784922938658e-17       4.049615379387e-19 
 2092       2.964823594205e-11       5.628559331520e-13      -1.122925516755e-12       0.000000000000e+00       4.532416712590e-16       8.740466412646e-17       5.186348121031e-19 
 2093       2.956624057776e-11       5.611825484562e-13      -1.096517748598e-12       0.000000000000e+00       4.524513330794e-16       8.695873110650e-17       6.306328513514e-19 
 2094       2.948287564823e-11       5.596492847653e-13      -1.070260134243e-12       0.000000000000e+00       4.516626424227e-16       8.651147235004e-17       7.409665248242e-19 
 2095       2.939816313024e-11       5.582549377516e-13      -1.044159540102e-12       0.000000000000e+00       4.508755979399e-16       8.606293004702e-17       8.496467581352e-19 
 2096       2.931212509470e-11       5.569982973177e-13      -1.018222857287e-12       0.000000000000e+00       4.500901982523e-16       8.561314655413e-17       9.566845334449e-19 
 2097       2.922478370677e-11       5.558781475892e-13      -9.924570016490e-13       0.000000000000e+00       4.493064419513e-16       8.516216439503e-17       1.062090889534e-18 
 2098       2.913616122591e-11       5.548932669070e-13      -9.668689137975e-13       0.000000000000e+00       4.485243275986e-16       8.471002626060e-17       1.165876921875e-18 
 2099       2.904628000611e-11       5.540424278204e-13      -9.414655591351e-13       0.000000000000e+00       4.477438537257e-16       8.425677500905e-17       1.268053782712e-18 
 2100       2.895516249589e-11       5.533243970795e-13      -9.162539278843e-13       0.000000000000e+00       4.469650188343e-16       8.380245366620e-17       1.368632681125e-18 
 2101       2.886283123849e-11       5.527379356280e-13      -8.912410351164e-13       0.000000000000e+00       4.461878213963e-16       8.334710542564e-17       1.467624883112e-18 
 2102       2.876930887197e-11       5.522817985956e-13      -8.664339207803e-13       0.000000000000e+00       4.454122598533e-16       8.289077364893e-17       1.565041711657e-18 
 2103       2.867461812930e-11       5.519547352909e-13      -8.418396497316e-13       0.000000000000e+00       4.446383326168e-16       8.243350186582e-17       1.660894546807e-18 
 2104       2.857878183851e-11       5.517554891939e-13      -8.174653117612e-13       0.000000000000e+00       4.438660380681e-16       8.197533377444e-17       1.755194825743e-18 
 2105       2.848182292280e-11       5.516827979487e-13      -7.933180216240e-13       0.000000000000e+00       4.430953745587e-16       8.151631324148e-17       1.847954042856e-18 
 2106       2.838376440062e-11       5.517353933562e-13      -7.694049190680e-13       0.000000000000e+00       4.423263404093e-16       8.105648430243e-17       1.939183749817e-18 
 2107       2.828462938584e-11       5.519120013666e-13      -7.457331688628e-13       0.000000000000e+00       4.415589339107e-16       8.059589116174e-17       2.028895555656e-18 
 2108       2.818444108783e-11       5.522113420722e-13      -7.223099608287e-13       0.000000000000e+00       4.407931533233e-16       8.013457819306e-17       2.117101126830e-18 
 2109       2.808322281159e-11       5.526321297000e-13      -6.991425098653e-13       0.000000000000e+00       4.400289968769e-16       7.967258993940e-17       2.203812187300e-18 
 2110       2.798099795786e-11       5.531730726042e-13      -6.762380559803e-13       0.000000000000e+00       4.392664627710e-16       7.920997111336e-17       2.289040518603e-18 
 2111       2.787779002323e-11       5.538328732592e-13      -6.536038643186e-13       0.000000000000e+00       4.385055491748e-16       7.874676659731e-17       2.372797959927e-18 
 2112       2.777362260029e-11       5.546102282519e-13      -6.312472251905e-13       0.000000000000e+00       4.377462542267e-16       7.828302144362e-17       2.455096408183e-18 
 2113       2.766851937770e-11       5.555038282746e-13      -6.091754541013e-13       0.000000000000e+00       4.369885760346e-16       7.781878087480e-17       2.535947818080e-18 
 2114       2.756250414032e-11       5.565123581172e-13      -5.873958917795e-13       0.000000000000e+00       4.362325126758e-16       7.735409028378e-17       2.615364202197e-18 
 2115       2.745560076935e-11       5.576344966606e-13      -5.659159042057e-13       0.000000000000e+00       4.354780621970e-16       7.688899523405e-17       2.693357631059e-18 
 2116       2.734783324243e-11       5.588689168686e-13      -5.447428826418e-13       0.000000000000e+00       4.347252226139e-16       7.642354145988e-17       2.769940233206e-18 
 2117       2.723922563374e-11       5.602142857811e-13      -5.238842436593e-13       0.000000000000e+00       4.339739919118e-16       7.595777486653e-17       2.845124195273e-18 
 2118       2.712980211415e-11       5.616692645064e-13      -5.033474291683e-13       0.000000000000e+00       4.332243680450e-16       7.549174153042e-17       2.918921762059e-18 
 2119       2.701958695130e-11       5.632325082140e-13      -4.831399064465e-13       0.000000000000e+00       4.324763489368e-16       7.502548769936e-17       2.991345236600e-18 
 2120       2.690860450973e-11       5.649026661272e-13      -4.632691681678e-13       0.000000000000e+00       4.317299324799e-16       7.455905979274e-17       3.062406980247e-18 
 2121       2.679687925102e-11       5.666783815157e-13      -4.437427324310e-13       0.000000000000e+00       4.309851165357e-16       7.409250440175e-17       3.132119412734e-18 
 2122       2.668443573388e-11       5.685582916885e-13      -4.245681427890e-13       0.000000000000e+00       4.302418989349e-16       7.362586828951e-17       3.200495012258e-18 
 2123       2.657129861426e-11       5.705410279861e-13      -4.057529682771e-13       0.000000000000e+00       4.295002774769e-16       7.315919839138e-17       3.267546315546e-18 
 2124       2.645749264548e-11       5.726252157737e-13      -3.873048034422e-13       0.000000000000e+00       4.287602499302e-16       7.269254181505e-17       3.333285917932e-18 
 2125       2.634304267835e-11       5.748094744333e-13      -3.692312683716e-13       0.000000000000e+00       4.280218140318e-16       7.222594584081e-17       3.397726473433e-18 
 2126       2.622797388630e-11       5.770922827226e-13      -3.515388810466e-13       0.000000000000e+00       4.272849677002e-16       7.175945528916e-17       3.460885528911e-18 
 2127       2.611231244218e-11       5.794715738520e-13      -3.342296658607e-13       0.000000000000e+00       4.265497096724e-16       7.129310460341e-17       3.522800062824e-18 
 2128       2.599608484638e-11       5.819451376048e-13      -3.173045218072e-13       0.000000000000e+00       4.258160388711e-16       7.082692571294e-17       3.583512046729e-18 
 2129       2.587931770231e-11       5.845107547070e-13      -3.007643480329e-13       0.000000000000e+00       4.250839541921e-16       7.036095066099e-17       3.643063620480e-18 
 2130       2.576203771652e-11       5.871661968170e-13      -2.846100438369e-13       0.000000000000e+00       4.243534545048e-16       6.989521160477e-17       3.701497092430e-18 
 2131       2.564427169888e-11       5.899092265139e-13      -2.688425086692e-13       0.000000000000e+00       4.236245386520e-16       6.942974081560e-17       3.758854939631e-18 
 2132       2.552604656264e-11       5.927375972871e-13      -2.534626421302e-13       0.000000000000e+00       4.228972054497e-16       6.896457067904e-17       3.815179808039e-18 
 2133       2.540738932456e-11       5.956490535254e-13      -2.384713439692e-13       0.000000000000e+00       4.221714536873e-16       6.849973369500e-17       3.870514512710e-18 
 2134       2.528832710509e-11       5.986413305055e-13      -2.238695140830e-13       0.000000000000e+00       4.214472821274e-16       6.803526247789e-17       3.924902038010e-18 
 2135       2.516888712840e-11       6.017121543820e-13      -2.096580525154e-13       0.000000000000e+00       4.207246895057e-16       6.757118975677e-17       3.978385537810e-18 
 2136       2.504909672258e-11       6.048592421755e-13      -1.958378594557e-13       0.000000000000e+00       4.200036745312e-16       6.710754837542e-17       4.031008335690e-18 
 2137       2.492898331973e-11       6.080803017624e-13      -1.824098352377e-13       0.000000000000e+00       4.192842358860e-16       6.664437129253e-17       4.082813925143e-18 
 2138       2.480857445609e-11       6.113730318636e-13      -1.693748803384e-13       0.000000000000e+00       4.185663722252e-16       6.618169158181e-17       4.133845969773e-18 
 2139       2.468789777213e-11       6.147351220337e-13      -1.567338953773e-13       0.000000000000e+00       4.178500821770e-16       6.571954243210e-17       4.184148303501e-18 
 2140       2.456698101274e-11       6.181642526501e-13      -1.444877811148e-13       0.000000000000e+00       4.171353643426e-16       6.525795714754e-17       4.233764930764e-18 
 2141       2.444585202727e-11       6.216580949019e-13      -1.326374384512e-13       0.000000000000e+00       4.164222172960e-16       6.479696914765e-17       4.282740026716e-18 
 2142       2.432453876972e-11       6.252143107794e-13      -1.211837684260e-13       0.000000000000e+00       4.157106395842e-16       6.433661196752e-17       4.331117937435e-18 
 2143       2.420306929884e-11       6.288305530625e-13      -1.101276722162e-13       0.000000000000e+00       4.150006297272e-16       6.387691925787e-17       4.378943180118e-18 
 2144       2.408147177822e-11       6.325044653104e-13      -9.947005113544e-14       0.000000000000e+00       4.142921862177e-16       6.341792478526e-17       4.426260443287e-18 
 2145       2.395977447646e-11       6.362336818505e-13      -8.921180663306e-14       0.000000000000e+00       4.135853075211e-16       6.295966243214e-17       4.473114586992e-18 
 2146       2.383800576727e-11       6.400158277672e-13      -7.935384029266e-14       0.000000000000e+00       4.128799920756e-16       6.250216619706e-17       4.519550643008e-18 
 2147       2.371619412959e-11       6.438485188912e-13      -6.989705383115e-14       0.000000000000e+00       4.121762382921e-16       6.204547019471e-17       4.565613815043e-18 
 2148       2.359436814771e-11       6.477293617888e-13      -6.084234909764e-14       0.000000000000e+00       4.114740445543e-16       6.158960865615e-17       4.611349478933e-18 
 2149       2.347255651142e-11       6.516559537505e-13      -5.219062807225e-14       0.000000000000e+00       4.107734092182e-16       6.113461592885e-17       4.656803182849e-18 
 2150       2.335078801607e-11       6.556258827804e-13      -4.394279286506e-14       0.000000000000e+00       4.100743306126e-16       6.068052647688e-17       4.702020647500e-18 
 2151       2.322909156277e-11       6.596367275851e-13      -3.609974571495e-14       0.000000000000e+00       4.093768070387e-16       6.022737488102e-17       4.747047766327e-18 
 2152       2.310749615846e-11       6.636860575630e-13      -2.866238898851e-14       0.000000000000e+00       4.086808367704e-16       5.977519583888e-17       4.791930605715e-18 
 2153       2.298603091604e-11       6.677714327931e-13      -2.163162517888e-14       0.000000000000e+00       4.079864180537e-16       5.932402416504e-17       4.836715405186e-18 
 2154       2.286472505451e-11       6.718904040244e-13      -1.500835690470e-14       0.000000000000e+00       4.072935491074e-16       5.887389479119e-17       4.881448577608e-18 
 2155       2.274360789907e-11       6.760405126646e-13      -8.793486908916e-15       0.000000000000e+00       4.066022281222e-16       5.842484276625e-17       4.926176709390e-18 
 2156       2.262270888124e-11       6.802192907694e-13      -2.987918057715e-15       0.000000000000e+00       4.059124532615e-16       5.797690325650e-17       4.970946560692e-18 
 2157       2.250205753904e-11       6.844242610316e-13       2.407446660611e-15       0.000000000000e+00       4.052242226608e-16       5.753011154570e-17       5.015805065617e-18 
 2158       2.238168351701e-11       6.886529367701e-13       7.391704136784e-15       0.000000000000e+00       4.045375344278e-16       5.708450303525e-17       5.060799332423e-18 
 2159       2.226161656642e-11       6.929028219189e-13       1.196395114165e-14       0.000000000000e+00       4.038523866426e-16       5.664011324428e-17       5.105976643716e-18 
 2160       2.214188654536e-11       6.971714110164e-13       1.612328432732e-14       0.000000000000e+00       4.031687773571e-16       5.619697780983e-17       5.151384456659e-18 
 2161       2.202252341885e-11       7.014561891942e-13       1.986880022824e-14       0.000000000000e+00       4.024867045956e-16       5.575513248693e-17       5.197070403170e-18 
 2162       2.190355725899e-11       7.057546321664e-13       2.319959526237e-14       0.000000000000e+00       4.018061663543e-16       5.531461314876e-17       5.243082290123e-18 
 2163       2.178501824505e-11       7.100642062186e-13       2.611476573225e-14       0.000000000000e+00       4.011271606015e-16       5.487545578677e-17       5.289468099553e-18 
 2164       2.166693666361e-11       7.143823681969e-13       2.861340782614e-14       0.000000000000e+00       4.004496852774e-16       5.443769651081e-17       5.336275988855e-18 
 2165       2.154934062988e-11       7.187066748590e-13       3.069548825443e-14       0.000000000000e+00       3.997737379282e-16       5.400137005192e-17       5.383541889562e-18 
 2166       2.143224923448e-11       7.230351117571e-13       3.236446259080e-14       0.000000000000e+00       3.990993146050e-16       5.356650525938e-17       5.431252211618e-18 
 2167       2.131567935053e-11       7.273657665569e-13       3.362467463750e-14       0.000000000000e+00       3.984264109570e-16       5.313312957345e-17       5.479380887325e-18 
 2168       2.119964790837e-11       7.316967198696e-13       3.448048742093e-14       0.000000000000e+00       3.977550225974e-16       5.270127052005e-17       5.527901749761e-18 
 2169       2.108417189559e-11       7.360260452436e-13       3.493628321504e-14       0.000000000000e+00       3.970851451028e-16       5.227095571090e-17       5.576788532658e-18 
 2170       2.096926835708e-11       7.403518091566e-13       3.499646356474e-14       0.000000000000e+00       3.964167740136e-16       5.184221284356e-17       5.626014870296e-18 
 2171       2.085495439512e-11       7.446720710073e-13       3.466544930925e-14       0.000000000000e+00       3.957499048335e-16       5.141506970152e-17       5.675554297377e-18 
 2172       2.074124716946e-11       7.489848831074e-13       3.394768060556e-14       0.000000000000e+00       3.950845330298e-16       5.098955415434e-17       5.725380248919e-18 
 2173       2.062816389733e-11       7.532882906733e-13       3.284761695178e-14       0.000000000000e+00       3.944206540332e-16       5.056569415770e-17       5.775466060134e-18 
 2174       2.051572185355e-11       7.575803318181e-13       3.136973721055e-14       0.000000000000e+00       3.937582632377e-16       5.014351775349e-17       5.825784966313e-18 
 2175       2.040393837057e-11       7.618590375434e-13       2.951853963244e-14       0.000000000000e+00       3.930973560008e-16       4.972305306994e-17       5.876310102716e-18 
 2176       2.029283083854e-11       7.661224317315e-13       2.729854187937e-14       0.000000000000e+00       3.924379276429e-16       4.930432832167e-17       5.927014504450e-18 
 2177       2.018241670539e-11       7.703685311367e-13       2.471428104795e-14       0.000000000000e+00       3.917799734481e-16       4.888737180981e-17       5.977871106357e-18 
 2178       2.007271347687e-11       7.745953453775e-13       2.177031369293e-14       0.000000000000e+00       3.911234886633e-16       4.847221192207e-17       6.028852742897e-18 
 2179       1.996373871661e-11       7.788008769287e-13       1.847121585058e-14       0.000000000000e+00       3.904684684987e-16       4.805887713286e-17       6.079932148035e-18 
 2180       1.985551004622e-11       7.829831211127e-13       1.482158306209e-14       0.000000000000e+00       3.898149081274e-16       4.764739600336e-17       6.131081955121e-18 
 2181       1.974804514532e-11       7.871400660918e-13       1.082603039695e-14       0.000000000000e+00       3.891628026856e-16       4.723779718160e-17       6.182274696778e-18 
 2182       1.964136175160e-11       7.912696928601e-13       6.489192476373e-15       0.000000000000e+00       3.885121472725e-16       4.683010940259e-17       6.233482804788e-18 
 2183       1.953547766091e-11       7.953699752351e-13       1.815723496668e-15       0.000000000000e+00       3.878629369502e-16       4.642436148838e-17       6.284678609972e-18 
 2184       1.943041072733e-11       7.994388798499e-13      -3.189702747344e-15       0.000000000000e+00       3.872151667436e-16       4.602058234817e-17       6.335834342077e-18 
 2185       1.932617886318e-11       8.034743661445e-13      -8.522392838941e-15       0.000000000000e+00       3.865688316403e-16       4.561880097839e-17       6.386922129660e-18 
 2186       1.922280003914e-11       8.074743863585e-13      -1.417763371610e-14       0.000000000000e+00       3.859239265909e-16       4.521904646280e-17       6.437913999974e-18 
 2187       1.912029228429e-11       8.114368855222e-13      -2.015069264811e-14       0.000000000000e+00       3.852804465084e-16       4.482134797258e-17       6.488781878849e-18 
 2188       1.901867368617e-11       8.153598014492e-13      -2.643681721215e-14       0.000000000000e+00       3.846383862689e-16       4.442573476641e-17       6.539497590581e-18 
 2189       1.891796239086e-11       8.192410647274e-13      -3.303123526992e-14       0.000000000000e+00       3.839977407105e-16       4.403223619058e-17       6.590032857813e-18 
 2190       1.881817660302e-11       8.230785987118e-13      -3.992915494424e-14       0.000000000000e+00       3.833585046343e-16       4.364088167908e-17       6.640359301422e-18 
 2191       1.871933458599e-11       8.268703195156e-13      -4.712576459562e-14       0.000000000000e+00       3.827206728038e-16       4.325170075368e-17       6.690448440400e-18 
 2192       1.862145466181e-11       8.306141360026e-13      -5.461623279892e-14       0.000000000000e+00       3.820842399448e-16       4.286472302402e-17       6.740271691742e-18 
 2193       1.852455521131e-11       8.343079497788e-13      -6.239570831989e-14       0.000000000000e+00       3.814492007455e-16       4.247997818773e-17       6.789800370330e-18 
 2194       1.842865467417e-11       8.379496551844e-13      -7.045932009182e-14       0.000000000000e+00       3.808155498567e-16       4.209749603049e-17       6.839005688816e-18 
 2195       1.833377154899e-11       8.415371392857e-13      -7.880217719212e-14       0.000000000000e+00       3.801832818911e-16       4.171730642613e-17       6.887858757507e-18 
 2196       1.823992439334e-11       8.450682818666e-13      -8.741936881894e-14       0.000000000000e+00       3.795523914240e-16       4.133943933673e-17       6.936330584250e-18 
 2197       1.814713182382e-11       8.485409554212e-13      -9.630596426775e-14       0.000000000000e+00       3.789228729927e-16       4.096392481270e-17       6.984392074317e-18 
 2198       1.805541251616e-11       8.519530251449e-13      -1.054570129080e-13       0.000000000000e+00       3.782947210965e-16       4.059079299291e-17       7.032014030288e-18 
 2199       1.796478520523e-11       8.553023489267e-13      -1.148675441595e-13       0.000000000000e+00       3.776679301971e-16       4.022007410471e-17       7.079167151936e-18 
 2200       1.787526868514e-11       8.585867773413e-13      -1.245325674695e-13       0.000000000000e+00       3.770424947180e-16       3.985179846409e-17       7.125822036113e-18 
 2201       1.778688180931e-11       8.618041536401e-13      -1.344470722887e-13       0.000000000000e+00       3.764184090447e-16       3.948599647573e-17       7.171949176631e-18 
 2202       1.769964349049e-11       8.649523137443e-13      -1.446060280483e-13       0.000000000000e+00       3.757956675247e-16       3.912269863313e-17       7.217518964152e-18 
 2203       1.761357270088e-11       8.680290862355e-13      -1.550043841365e-13       0.000000000000e+00       3.751742644673e-16       3.876193551865e-17       7.262501686067e-18 
 2204       1.752868533380e-11       8.710325470693e-13      -1.656368536269e-13       0.000000000000e+00       3.745541943322e-16       3.840373384785e-17       7.306865358710e-18 
 2205       1.744498476590e-11       8.739617855778e-13      -1.764972629414e-13       0.000000000000e+00       3.739354522961e-16       3.804810457348e-17       7.350569208481e-18 
 2206       1.736247123240e-11       8.768161435383e-13      -1.875791978208e-13       0.000000000000e+00       3.733180336897e-16       3.769505470264e-17       7.393570147195e-18 
 2207       1.728114495976e-11       8.795949609131e-13      -1.988762191527e-13       0.000000000000e+00       3.727019338097e-16       3.734459124538e-17       7.435824935650e-18 
 2208       1.720100616561e-11       8.822975758473e-13      -2.103818629420e-13       0.000000000000e+00       3.720871479181e-16       3.699672121474e-17       7.477290183462e-18 
 2209       1.712205505880e-11       8.849233246670e-13      -2.220896402823e-13       0.000000000000e+00       3.714736712430e-16       3.665145162669e-17       7.517922348893e-18 
 2210       1.704429183935e-11       8.874715418778e-13      -2.339930373276e-13       0.000000000000e+00       3.708614989780e-16       3.630878950017e-17       7.557677738684e-18 
 2211       1.696771669845e-11       8.899415601626e-13      -2.460855152631e-13       0.000000000000e+00       3.702506262821e-16       3.596874185707e-17       7.596512507888e-18 
 2212       1.689232981843e-11       8.923327103799e-13      -2.583605102765e-13       0.000000000000e+00       3.696410482801e-16       3.563131572220e-17       7.634382659694e-18 
 2213       1.681813137278e-11       8.946443215620e-13      -2.708114335297e-13       0.000000000000e+00       3.690327600623e-16       3.529651812330e-17       7.671244045266e-18 
 2214       1.674512152608e-11       8.968757209129e-13      -2.834316711295e-13       0.000000000000e+00       3.684257566842e-16       3.496435609108e-17       7.707052363568e-18 
 2215       1.667330043405e-11       8.990262338071e-13      -2.962145840992e-13       0.000000000000e+00       3.678200331669e-16       3.463483665912e-17       7.741763161200e-18 
 2216       1.660266824349e-11       9.010951837869e-13      -3.091535083497e-13       0.000000000000e+00       3.672155844968e-16       3.430796686394e-17       7.775331832223e-18 
 2217       1.653322509228e-11       9.030818925614e-13      -3.222417546510e-13       0.000000000000e+00       3.666124056257e-16       3.398375374499e-17       7.807713617995e-18 
 2218       1.646497110939e-11       9.049856800039e-13      -3.354726086033e-13       0.000000000000e+00       3.660104914706e-16       3.366220434458e-17       7.838863607002e-18 
 2219       1.639790641482e-11       9.068058641508e-13      -3.488393306079e-13       0.000000000000e+00       3.654098369136e-16       3.334332570796e-17       7.868736734685e-18 
 2220       1.633203111963e-11       9.085417611991e-13      -3.623351558394e-13       0.000000000000e+00       3.648104368022e-16       3.302712488324e-17       7.897287783274e-18 
 2221       1.626734532589e-11       9.101926855051e-13      -3.759532942159e-13       0.000000000000e+00       3.642122859487e-16       3.271360892146e-17       7.924471381618e-18 
 2222       1.620384912669e-11       9.117579495821e-13      -3.896869303711e-13       0.000000000000e+00       3.636153791309e-16       3.240278487649e-17       7.950242005017e-18 
 2223       1.614154260613e-11       9.132368640989e-13      -4.035292236249e-13       0.000000000000e+00       3.630197110913e-16       3.209465980512e-17       7.974553975052e-18 
 2224       1.608042583929e-11       9.146287378780e-13      -4.174733079553e-13       0.000000000000e+00       3.624252765374e-16       3.178924076698e-17       7.997361459414e-18 
 2225       1.602049889222e-11       9.159328778933e-13      -4.315122919691e-13       0.000000000000e+00       3.618320701419e-16       3.148653482458e-17       8.018618471741e-18 
 2226       1.596176182192e-11       9.171485892688e-13      -4.456392588737e-13       0.000000000000e+00       3.612400865420e-16       3.118654904329e-17       8.038278871443e-18 
 2227       1.590421467636e-11       9.182751752765e-13      -4.598472664476e-13       0.000000000000e+00       3.606493203401e-16       3.088929049133e-17       8.056296363535e-18 
 2228       1.584785749441e-11       9.193119373347e-13      -4.741293470127e-13       0.000000000000e+00       3.600597661032e-16       3.059476623975e-17       8.072624498468e-18 
 2229       1.579269030589e-11       9.202581750058e-13      -4.884785074045e-13       0.000000000000e+00       3.594714183631e-16       3.030298336246e-17       8.087216671962e-18 
 2230       1.573871313149e-11       9.211131859951e-13      -5.028877289441e-13       0.000000000000e+00       3.588842716162e-16       3.001394893622e-17       8.100026124833e-18 
 2231       1.568592598281e-11       9.218762661482e-13      -5.173499674093e-13       0.000000000000e+00       3.582983203238e-16       2.972767004058e-17       8.111005942826e-18 
 2232       1.563432886233e-11       9.225467094499e-13      -5.318581530057e-13       0.000000000000e+00       3.577135589114e-16       2.944415375794e-17       8.120109056448e-18 
 2233       1.558392176338e-11       9.231238080218e-13      -5.464051903379e-13       0.000000000000e+00       3.571299817696e-16       2.916340717352e-17       8.127288240795e-18 
 2234       1.553470467015e-11       9.236068521208e-13      -5.609839583811e-13       0.000000000000e+00       3.565475832530e-16       2.888543737534e-17       8.132496115387e-18 
 2235       1.548667755764e-11       9.239951301372e-13      -5.755873104522e-13       0.000000000000e+00       3.559663576810e-16       2.861025145423e-17       8.135685143995e-18 
 2236       1.543984039171e-11       9.242879285927e-13      -5.902080741809e-13       0.000000000000e+00       3.553862993372e-16       2.833785650383e-17       8.136807634475e-18 
 2237       1.539419312900e-11       9.244845321387e-13      -6.048390514812e-13       0.000000000000e+00       3.548074024697e-16       2.806825962056e-17       8.135815738597e-18 
 2238       1.534973571695e-11       9.245842235544e-13      -6.194730185226e-13       0.000000000000e+00       3.542296612910e-16       2.780146790364e-17       8.132661451879e-18 
 2239       1.530646809378e-11       9.245862837451e-13      -6.341027257011e-13       0.000000000000e+00       3.536530699777e-16       2.753748845508e-17       8.127296613414e-18 
 2240       1.526439018847e-11       9.244899917403e-13      -6.487208976110e-13       0.000000000000e+00       3.530776226706e-16       2.727632837965e-17       8.119672905704e-18 
 2241       1.522350192076e-11       9.242946246917e-13      -6.633202330156e-13       0.000000000000e+00       3.525033134750e-16       2.701799478489e-17       8.109741854488e-18 
 2242       1.518380320114e-11       9.239994578716e-13      -6.778934048190e-13       0.000000000000e+00       3.519301364600e-16       2.676249478114e-17       8.097454828578e-18 
 2243       1.514529173926e-11       9.236040069946e-13      -6.924335039252e-13       0.000000000000e+00       3.513580861937e-16       2.650983579294e-17       8.082781069536e-18 
 2244       1.510795645369e-11       9.231087569164e-13      -7.069353740418e-13       0.000000000000e+00       3.507871593506e-16       2.626002649572e-17       8.065761909680e-18 
 2245       1.507178401912e-11       9.225144376874e-13      -7.213942855315e-13       0.000000000000e+00       3.502173531145e-16       2.601307588526e-17       8.046456907620e-18 
 2246       1.503676105399e-11       9.218217826650e-13      -7.358054922964e-13       0.000000000000e+00       3.496486646446e-16       2.576899296676e-17       8.024925850796e-18 
 2247       1.500287412035e-11       9.210315285175e-13      -7.501642317600e-13       0.000000000000e+00       3.490810910755e-16       2.552778675481e-17       8.001228755747e-18 
 2248       1.497010972384e-11       9.201444152280e-13      -7.644657248494e-13       0.000000000000e+00       3.485146295171e-16       2.528946627347e-17       7.975425868363e-18 
 2249       1.493845431363e-11       9.191611860985e-13      -7.787051759763e-13       0.000000000000e+00       3.479492770545e-16       2.505404055619e-17       7.947577664149e-18 
 2250       1.490789428230e-11       9.180825877536e-13      -7.928777730198e-13       0.000000000000e+00       3.473850307484e-16       2.482151864586e-17       7.917744848487e-18 
 2251       1.487841596587e-11       9.169093701444e-13      -8.069786873075e-13       0.000000000000e+00       3.468218876344e-16       2.459190959478e-17       7.885988356897e-18 
 2252       1.485000564361e-11       9.156422865529e-13      -8.210030735976e-13       0.000000000000e+00       3.462598447235e-16       2.436522246471e-17       7.852369355295e-18 
 2253       1.482264953808e-11       9.142820935955e-13      -8.349460700611e-13       0.000000000000e+00       3.456988990017e-16       2.414146632680e-17       7.816949240257e-18 
 2254       1.479633381502e-11       9.128295512270e-13      -8.488027982631e-13       0.000000000000e+00       3.451390474302e-16       2.392065026167e-17       7.779789639279e-18 
 2255       1.477104458328e-11       9.112854227446e-13      -8.625683631448e-13       0.000000000000e+00       3.445802869455e-16       2.370278335935e-17       7.740952411034e-18 
 2256       1.474676789475e-11       9.096504747919e-13      -8.762378530056e-13       0.000000000000e+00       3.440226144590e-16       2.348787471932e-17       7.700499645641e-18 
 2257       1.472348974434e-11       9.079254773630e-13      -8.898063394847e-13       0.000000000000e+00       3.434660268570e-16       2.327593345048e-17       7.658493664916e-18 
 2258       1.470119606985e-11       9.061112038059e-13      -9.032688775431e-13       0.000000000000e+00       3.429105210011e-16       2.306696867119e-17       7.614997022642e-18 
 2259       1.467987275193e-11       9.042084308269e-13      -9.166205054451e-13       0.000000000000e+00       3.423560937275e-16       2.286098950923e-17       7.570072504824e-18 
 2260       1.465950561404e-11       9.022179384945e-13      -9.298562447407e-13       0.000000000000e+00       3.418027418478e-16       2.265800510185e-17       7.523783129950e-18 
 2261       1.464008042236e-11       9.001405102432e-13      -9.429711002470e-13       0.000000000000e+00       3.412504621480e-16       2.245802459570e-17       7.476192149257e-18 
 2262       1.462158288569e-11       8.979769328774e-13      -9.559600600303e-13       0.000000000000e+00       3.406992513893e-16       2.226105714692e-17       7.427363046983e-18 
 2263       1.460399865548e-11       8.957279965756e-13      -9.688180953876e-13       0.000000000000e+00       3.401491063076e-16       2.206711192107e-17       7.377359540639e-18 
 2264       1.458731332564e-11       8.933944948941e-13      -9.815401608290e-13       0.000000000000e+00       3.396000236137e-16       2.187619809317e-17       7.326245581259e-18 
 2265       1.457151243258e-11       8.909772247710e-13      -9.941211940591e-13       0.000000000000e+00       3.390519999930e-16       2.168832484769e-17       7.274085353668e-18 
 2266       1.455658145509e-11       8.884769865301e-13      -1.006556115959e-12       0.000000000000e+00       3.385050321057e-16       2.150350137854e-17       7.220943276739e-18 
 2267       1.454250581429e-11       8.858945838852e-13      -1.018839830568e-12       0.000000000000e+00       3.379591165867e-16       2.132173688910e-17       7.166884003658e-18 
 2268       1.452927087353e-11       8.832308239433e-13      -1.030967225065e-12       0.000000000000e+00       3.374142500457e-16       2.114304059219e-17       7.111972422180e-18 
 2269       1.451686193840e-11       8.804865172094e-13      -1.042933169753e-12       0.000000000000e+00       3.368704290666e-16       2.096742171011e-17       7.056273654891e-18 
 2270       1.450526425659e-11       8.776624775897e-13      -1.054732518037e-12       0.000000000000e+00       3.363276502084e-16       2.079488947459e-17       6.999853059474e-18 
 2271       1.449446301786e-11       8.747595223960e-13      -1.066360106408e-12       0.000000000000e+00       3.357859100044e-16       2.062545312683e-17       6.942776228960e-18 
 2272       1.448444335394e-11       8.717784723495e-13      -1.077810754424e-12       0.000000000000e+00       3.352452049623e-16       2.045912191751e-17       6.885108992000e-18 
 2273       1.447519033854e-11       8.687201515849e-13      -1.089079264695e-12       0.000000000000e+00       3.347055315646e-16       2.029590510675e-17       6.826917413116e-18 
 2274       1.446668898719e-11       8.655853876538e-13      -1.100160422858e-12       0.000000000000e+00       3.341668862680e-16       2.013581196415e-17       6.768267792970e-18 
 2275       1.445892425723e-11       8.623750115295e-13      -1.111048997567e-12       0.000000000000e+00       3.336292655038e-16       1.997885176877e-17       6.709226668618e-18 
 2276       1.445188104774e-11       8.590898576100e-13      -1.121739740469e-12       0.000000000000e+00       3.330926656774e-16       1.982503380913e-17       6.649860813775e-18 
 2277       1.444554419945e-11       8.557307637227e-13      -1.132227386189e-12       0.000000000000e+00       3.325570831689e-16       1.967436738324e-17       6.590237239074e-18 
 2278       1.443989849472e-11       8.522985711281e-13      -1.142506652309e-12       0.000000000000e+00       3.320225143325e-16       1.952686179857e-17       6.530423192330e-18 
 2279       1.443492865740e-11       8.487941245235e-13      -1.152572239352e-12       0.000000000000e+00       3.314889554967e-16       1.938252637206e-17       6.470486158795e-18 
 2280       1.443061935284e-11       8.452182720471e-13      -1.162418830765e-12       0.000000000000e+00       3.309564029643e-16       1.924137043014e-17       6.410493861424e-18 
 2281       1.442695518778e-11       8.415718652822e-13      -1.172041092896e-12       0.000000000000e+00       3.304248530124e-16       1.910340330870e-17       6.350514261134e-18 
 2282       1.442392042773e-11       8.378558646595e-13      -1.181434419951e-12       0.000000000000e+00       3.298943033591e-16       1.896862771636e-17       6.290608732343e-18 
 2283       1.442149814724e-11       8.340716563958e-13      -1.190597174100e-12       0.000000000000e+00       3.293647575752e-16       1.883701977765e-17       6.230811541218e-18 
 2284       1.441967107405e-11       8.302207375970e-13      -1.199528459702e-12       0.000000000000e+00       3.288362207009e-16       1.870854886182e-17       6.171150236287e-18 
 2285       1.441842187108e-11       8.263046110496e-13      -1.208227379643e-12       0.000000000000e+00       3.283086977814e-16       1.858318420776e-17       6.111652461312e-18 
 2286       1.441773313637e-11       8.223247852278e-13      -1.216693035333e-12       0.000000000000e+00       3.277821938670e-16       1.846089492389e-17       6.052345955392e-18 
 2287       1.441758740297e-11       8.182827742993e-13      -1.224924526706e-12       0.000000000000e+00       3.272567140126e-16       1.834164998800e-17       5.993258553065e-18 
 2288       1.441796713895e-11       8.141800981322e-13      -1.232920952216e-12       0.000000000000e+00       3.267322632786e-16       1.822541824710e-17       5.934418184412e-18 
 2289       1.441885474722e-11       8.100182823007e-13      -1.240681408842e-12       0.000000000000e+00       3.262088467300e-16       1.811216841725e-17       5.875852875165e-18 
 2290       1.442023256556e-11       8.057988580921e-13      -1.248204992080e-12       0.000000000000e+00       3.256864694368e-16       1.800186908345e-17       5.817590746803e-18 
 2291       1.442208286646e-11       8.015233625129e-13      -1.255490795948e-12       0.000000000000e+00       3.251651364743e-16       1.789448869945e-17       5.759660016662e-18 
 2292       1.442438785712e-11       7.971933382952e-13      -1.262537912981e-12       0.000000000000e+00       3.246448529225e-16       1.778999558760e-17       5.702088998037e-18 
 2293       1.442712967932e-11       7.928103339029e-13      -1.269345434231e-12       0.000000000000e+00       3.241256238663e-16       1.768835793872e-17       5.644906100281e-18 
 2294       1.443029040939e-11       7.883759035385e-13      -1.275912449268e-12       0.000000000000e+00       3.236074543958e-16       1.758954381196e-17       5.588139828918e-18 
 2295       1.443385205810e-11       7.838916071488e-13      -1.282238046176e-12       0.000000000000e+00       3.230903496060e-16       1.749352113459e-17       5.531818785737e-18 
 2296       1.443779657063e-11       7.793590104321e-13      -1.288321311554e-12       0.000000000000e+00       3.225743145970e-16       1.740025770192e-17       5.475971668903e-18 
 2297       1.444210582646e-11       7.747796848438e-13      -1.294161330516e-12       0.000000000000e+00       3.220593544735e-16       1.730972117710e-17       5.420627273055e-18 
 2298       1.444676163932e-11       7.701552076032e-13      -1.299757186686e-12       0.000000000000e+00       3.215454743456e-16       1.722187909098e-17       5.365814489413e-18 
 2299       1.445174575710e-11       7.654871616998e-13      -1.305107962199e-12       0.000000000000e+00       3.210326793282e-16       1.713669884199e-17       5.311562305882e-18 
 2300       1.445703986180e-11       7.607771358997e-13      -1.310212737704e-12       0.000000000000e+00       3.205209745411e-16       1.705414769593e-17       5.257899807153e-18 
 2301       1.446262556943e-11       7.560267247516e-13      -1.315070592357e-12       0.000000000000e+00       3.200103651093e-16       1.697419278586e-17       5.204856174808e-18 
 2302       1.446848442996e-11       7.512375285939e-13      -1.319680603822e-12       0.000000000000e+00       3.195008561625e-16       1.689680111196e-17       5.152460687426e-18 
 2303       1.447459792725e-11       7.464111535603e-13      -1.324041848271e-12       0.000000000000e+00       3.189924528355e-16       1.682193954133e-17       5.100742720681e-18 
 2304       1.448094747895e-11       7.415492115867e-13      -1.328153400384e-12       0.000000000000e+00       3.184851602682e-16       1.674957480789e-17       5.049731747451e-18 
 2305       1.448751443645e-11       7.366533204172e-13      -1.332014333345e-12       0.000000000000e+00       3.179789836052e-16       1.667967351220e-17       4.999457337920e-18 
 2306       1.449428008481e-11       7.317251036109e-13      -1.335623718842e-12       0.000000000000e+00       3.174739279964e-16       1.661220212130e-17       4.949949159680e-18 
 2307       1.450122564267e-11       7.267661905478e-13      -1.338980627068e-12       0.000000000000e+00       3.169699985964e-16       1.654712696859e-17       4.901236977836e-18 
 2308       1.450833226218e-11       7.217782164354e-13      -1.342084126717e-12       0.000000000000e+00       3.164672005649e-16       1.648441425366e-17       4.853350655111e-18 
 2309       1.451558102897e-11       7.167628223151e-13      -1.344933284986e-12       0.000000000000e+00       3.159655390666e-16       1.642403004214e-17       4.806320151947e-18 
 2310       1.452295296199e-11       7.117216550686e-13      -1.347527167572e-12       0.000000000000e+00       3.154650192711e-16       1.636594026555e-17       4.760175526610e-18 
 2311       1.453042901353e-11       7.066563674240e-13      -1.349864838670e-12       0.000000000000e+00       3.149656463529e-16       1.631011072115e-17       4.714946935293e-18 
 2312       1.453799006910e-11       7.015686179625e-13      -1.351945360976e-12       0.000000000000e+00       3.144674254917e-16       1.625650707178e-17       4.670664632221e-18 
 2313       1.454561694734e-11       6.964600711246e-13      -1.353767795683e-12       0.000000000000e+00       3.139703618721e-16       1.620509484573e-17       4.627358969754e-18 
 2314       1.455329040001e-11       6.913323972165e-13      -1.355331202478e-12       0.000000000000e+00       3.134744606834e-16       1.615583943657e-17       4.585060398488e-18 
 2315       1.456099111185e-11       6.861872724163e-13      -1.356634639546e-12       0.000000000000e+00       3.129797271202e-16       1.610870610299e-17       4.543799467364e-18 
 2316       1.456869970055e-11       6.810263787808e-13      -1.357677163567e-12       0.000000000000e+00       3.124861663819e-16       1.606365996869e-17       4.503606823767e-18 
 2317       1.457639671666e-11       6.758514042514e-13      -1.358457829712e-12       0.000000000000e+00       3.119937836731e-16       1.602066602217e-17       4.464513213633e-18 
 2318       1.458406264353e-11       6.706640426607e-13      -1.358975691648e-12       0.000000000000e+00       3.115025842029e-16       1.597968911665e-17       4.426549481547e-18 
 2319       1.459167789721e-11       6.654659937390e-13      -1.359229801530e-12       0.000000000000e+00       3.110125731859e-16       1.594069396983e-17       4.389746570855e-18 
 2320       1.459922282641e-11       6.602589631201e-13      -1.359219210006e-12       0.000000000000e+00       3.105237558414e-16       1.590364516383e-17       4.354135523761e-18 
 2321       1.460667911317e-11       6.550446006750e-13      -1.358943568815e-12       0.000000000000e+00       3.100361346624e-16       1.586851325570e-17       4.319730027896e-18 
 2322       1.461403398459e-11       6.498243150716e-13      -1.358404942750e-12       0.000000000000e+00       3.095497012037e-16       1.583529315158e-17       4.286473935497e-18 
 2323       1.462127602754e-11       6.445994580575e-13      -1.357606009123e-12       0.000000000000e+00       3.090644442418e-16       1.580398584815e-17       4.254293413385e-18 
 2324       1.462839379024e-11       6.393713860324e-13      -1.356549456214e-12       0.000000000000e+00       3.085803525018e-16       1.577459233244e-17       4.223114366161e-18 
 2325       1.463537578224e-11       6.341414600527e-13      -1.355237983285e-12       0.000000000000e+00       3.080974146570e-16       1.574711358180e-17       4.192862435921e-18 
 2326       1.464221047437e-11       6.289110458373e-13      -1.353674300586e-12       0.000000000000e+00       3.076156193292e-16       1.572155056389e-17       4.163463001967e-18 
 2327       1.464888629873e-11       6.236815137716e-13      -1.351861129377e-12       0.000000000000e+00       3.071349550880e-16       1.569790423666e-17       4.134841180527e-18 
 2328       1.465539164859e-11       6.184542389133e-13      -1.349801201932e-12       0.000000000000e+00       3.066554104517e-16       1.567617554832e-17       4.106921824466e-18 
 2329       1.466171487841e-11       6.132306009968e-13      -1.347497261555e-12       0.000000000000e+00       3.061769738862e-16       1.565636543738e-17       4.079629523004e-18 
 2330       1.466784430376e-11       6.080119844387e-13      -1.344952062594e-12       0.000000000000e+00       3.056996338058e-16       1.563847483255e-17       4.052888601428e-18 
 2331       1.467376820127e-11       6.027997783425e-13      -1.342168370450e-12       0.000000000000e+00       3.052233785725e-16       1.562250465282e-17       4.026623120811e-18 
 2332       1.467947480865e-11       5.975953765036e-13      -1.339148961592e-12       0.000000000000e+00       3.047481964963e-16       1.560845580736e-17       4.000756877722e-18 
 2333       1.468495232458e-11       5.924001774145e-13      -1.335896623567e-12       0.000000000000e+00       3.042740758353e-16       1.559632919556e-17       3.975213403947e-18 
 2334       1.469018890869e-11       5.872155842694e-13      -1.332414155015e-12       0.000000000000e+00       3.038010047949e-16       1.558612570699e-17       3.949915966199e-18 
 2335       1.469517268154e-11       5.820430049696e-13      -1.328704365681e-12       0.000000000000e+00       3.033289715286e-16       1.557784622138e-17       3.924787565833e-18 
 2336       1.469989172456e-11       5.768838521285e-13      -1.324770076426e-12       0.000000000000e+00       3.028579641374e-16       1.557149160865e-17       3.899750938566e-18 
 2337       1.470433408000e-11       5.717395430761e-13      -1.320614119239e-12       0.000000000000e+00       3.023879706701e-16       1.556706272882e-17       3.874728554188e-18 
 2338       1.470848775092e-11       5.666114998647e-13      -1.316239337251e-12       0.000000000000e+00       3.019189791227e-16       1.556456043205e-17       3.849642616276e-18 
 2339       1.471234070112e-11       5.615011492731e-13      -1.311648584749e-12       0.000000000000e+00       3.014509774391e-16       1.556398555864e-17       3.824415061913e-18 
 2340       1.471588085509e-11       5.564099228124e-13      -1.306844727184e-12       0.000000000000e+00       3.009839535102e-16       1.556533893893e-17       3.798967561400e-18 
 2341       1.471909609802e-11       5.513392567305e-13      -1.301830641188e-12       0.000000000000e+00       3.005178951746e-16       1.556862139339e-17       3.773221517972e-18 
 2342       1.472197427569e-11       5.462905920170e-13      -1.296609214581e-12       0.000000000000e+00       3.000527902180e-16       1.557383373253e-17       3.747098067513e-18 
 2343       1.472450319450e-11       5.412653744088e-13      -1.291183346390e-12       0.000000000000e+00       2.995886263734e-16       1.558097675690e-17       3.720518078270e-18 
 2344       1.472667062136e-11       5.362650543944e-13      -1.285555946857e-12       0.000000000000e+00       2.991253913210e-16       1.559005125712e-17       3.693402150570e-18 
 2345       1.472846428371e-11       5.312910872193e-13      -1.279729937452e-12       0.000000000000e+00       2.986630726881e-16       1.560105801380e-17       3.665670616534e-18 
 2346       1.472987186941e-11       5.263449328909e-13      -1.273708250885e-12       0.000000000000e+00       2.982016580491e-16       1.561399779757e-17       3.637243539791e-18 
 2347       1.473088102679e-11       5.214280561835e-13      -1.267493831123e-12       0.000000000000e+00       2.977411349252e-16       1.562887136903e-17       3.608040715195e-18 
 2348       1.473147936451e-11       5.165419266432e-13      -1.261089633394e-12       0.000000000000e+00       2.972814907847e-16       1.564567947877e-17       3.577981668539e-18 
 2349       1.473165445160e-11       5.116880185931e-13      -1.254498624208e-12       0.000000000000e+00       2.968227130428e-16       1.566442286734e-17       3.546985656269e-18 
 2350       1.473139381736e-11       5.068678111381e-13      -1.247723781365e-12       0.000000000000e+00       2.963647890614e-16       1.568510226523e-17       3.514971665201e-18 
 2351       1.473068495135e-11       5.020827881700e-13      -1.240768093965e-12       0.000000000000e+00       2.959077061492e-16       1.570771839285e-17       3.481858412234e-18 
 2352       1.472951530337e-11       4.973344383723e-13      -1.233634562428e-12       0.000000000000e+00       2.954514515615e-16       1.573227196054e-17       3.447564344068e-18 
 2353       1.472787228334e-11       4.926242552257e-13      -1.226326198498e-12       0.000000000000e+00       2.949960125005e-16       1.575876366852e-17       3.412007636914e-18 
 2354       1.472574326134e-11       4.879537370125e-13      -1.218846025262e-12       0.000000000000e+00       2.945413761147e-16       1.578719420691e-17       3.375106196215e-18 
 2355       1.472311556754e-11       4.833243868219e-13      -1.211197077159e-12       0.000000000000e+00       2.940875294990e-16       1.581756425568e-17       3.336777656358e-18 
 2356       1.471997649215e-11       4.787377125549e-13      -1.203382399992e-12       0.000000000000e+00       2.936344596951e-16       1.584987448468e-17       3.296939380386e-18 
 2357       1.471631328538e-11       4.741952269295e-13      -1.195405050943e-12       0.000000000000e+00       2.931821536909e-16       1.588412555356e-17       3.255508459720e-18 
 2358       1.471211315741e-11       4.696984474854e-13      -1.187268098583e-12       0.000000000000e+00       2.927305984205e-16       1.592031811183e-17       3.212401713867e-18 
 2359       1.470736327835e-11       4.652488965892e-13      -1.178974622888e-12       0.000000000000e+00       2.922797807644e-16       1.595845279878e-17       3.167535690141e-18 
 2360       1.470205279913e-11       4.608479344747e-13      -1.170527889622e-12       0.000000000000e+00       2.918296900130e-16       1.599851943904e-17       3.120851519710e-18 
 2361       1.469617892814e-11       4.564962572229e-13      -1.161931874676e-12       0.000000000000e+00       2.913803252739e-16       1.604046455586e-17       3.072389654846e-18 
 2362       1.468974089220e-11       4.521943956776e-13      -1.153190743007e-12       0.000000000000e+00       2.909316881107e-16       1.608422365625e-17       3.022215594769e-18 
 2363       1.468273791907e-11       4.479428821282e-13      -1.144308674580e-12       0.000000000000e+00       2.904837800829e-16       1.612973201687e-17       2.970395071667e-18 
 2364       1.467516923743e-11       4.437422503117e-13      -1.135289864376e-12       0.000000000000e+00       2.900366027463e-16       1.617692468383e-17       2.916994050943e-18 
 2365       1.466703407688e-11       4.395930354137e-13      -1.126138522416e-12       0.000000000000e+00       2.895901576529e-16       1.622573647239e-17       2.862078731470e-18 
 2366       1.465833166797e-11       4.354957740699e-13      -1.116858873772e-12       0.000000000000e+00       2.891444463509e-16       1.627610196673e-17       2.805715545836e-18 
 2367       1.464906124216e-11       4.314510043674e-13      -1.107455158586e-12       0.000000000000e+00       2.886994703846e-16       1.632795551974e-17       2.747971160597e-18 
 2368       1.463922203185e-11       4.274592658463e-13      -1.097931632083e-12       0.000000000000e+00       2.882552312945e-16       1.638123125271e-17       2.688912476526e-18 
 2369       1.462881327038e-11       4.235210995010e-13      -1.088292564589e-12       0.000000000000e+00       2.878117306171e-16       1.643586305512e-17       2.628606628867e-18 
 2370       1.461783419203e-11       4.196370477813e-13      -1.078542241551e-12       0.000000000000e+00       2.873689698853e-16       1.649178458439e-17       2.567120987579e-18 
 2371       1.460628403202e-11       4.158076545946e-13      -1.068684963545e-12       0.000000000000e+00       2.869269506279e-16       1.654892926562e-17       2.504523157594e-18 
 2372       1.459416202650e-11       4.120334653063e-13      -1.058725046300e-12       0.000000000000e+00       2.864856743700e-16       1.660723029135e-17       2.440880979060e-18 
 2373       1.458146741257e-11       4.083150267419e-13      -1.048666820708e-12       0.000000000000e+00       2.860451426327e-16       1.666662062131e-17       2.376262527596e-18 
 2374       1.456819942829e-11       4.046528871882e-13      -1.038514632846e-12       0.000000000000e+00       2.856053569331e-16       1.672703298217e-17       2.310736114541e-18 
 2375       1.455435731266e-11       4.010475963947e-13      -1.028272843987e-12       0.000000000000e+00       2.851663187848e-16       1.678839986730e-17       2.244370287204e-18 
 2376       1.453994030562e-11       3.974997055748e-13      -1.017945830618e-12       0.000000000000e+00       2.847280296969e-16       1.685065353651e-17       2.177233829115e-18 
 2377       1.452494764808e-11       3.940097674077e-13      -1.007537984459e-12       0.000000000000e+00       2.842904911752e-16       1.691372601583e-17       2.109395760275e-18 
 2378       1.450937858190e-11       3.905783360391e-13      -9.970537124746e-13       0.000000000000e+00       2.838537047211e-16       1.697754909721e-17       2.040925337405e-18 
 2379       1.449323234991e-11       3.872059670832e-13      -9.864974368935e-13       0.000000000000e+00       2.834176718323e-16       1.704205433832e-17       1.971892054200e-18 
 2380       1.447650819587e-11       3.838932176240e-13      -9.758735952229e-13       0.000000000000e+00       2.829823940025e-16       1.710717306230e-17       1.902365641573e-18 
 2381       1.445920536452e-11       3.806406462163e-13      -9.651866402654e-13       0.000000000000e+00       2.825478727214e-16       1.717283635746e-17       1.832416067915e-18 
 2382       1.444132310158e-11       3.774488128875e-13      -9.544410401350e-13       0.000000000000e+00       2.821141094749e-16       1.723897507710e-17       1.762113539334e-18 
 2383       1.442286065371e-11       3.743182791390e-13      -9.436412782735e-13       0.000000000000e+00       2.816811057447e-16       1.730551983923e-17       1.691528499915e-18 
 2384       1.440381726856e-11       3.712496079473e-13      -9.327918534664e-13       0.000000000000e+00       2.812488630087e-16       1.737240102631e-17       1.620731631964e-18 
 2385       1.438419219473e-11       3.682433637656e-13      -9.218972798591e-13       0.000000000000e+00       2.808173827408e-16       1.743954878502e-17       1.549793856260e-18 
 2386       1.436398468181e-11       3.653001125253e-13      -9.109620869733e-13       0.000000000000e+00       2.803866664109e-16       1.750689302603e-17       1.478786332310e-18 
 2387       1.434319398037e-11       3.624204216371e-13      -8.999908197230e-13       0.000000000000e+00       2.799567154848e-16       1.757436342370e-17       1.407780458590e-18 
 2388       1.432181934193e-11       3.596048599928e-13      -8.889880384307e-13       0.000000000000e+00       2.795275314243e-16       1.764188941588e-17       1.336847872805e-18 
 2389       1.429986001902e-11       3.568539979663e-13      -8.779583188436e-13       0.000000000000e+00       2.790991156875e-16       1.770940020364e-17       1.266060452132e-18 
 2390       1.427731526514e-11       3.541684074151e-13      -8.669062521498e-13       0.000000000000e+00       2.786714697280e-16       1.777682475104e-17       1.195490313474e-18 
 2391       1.425418433477e-11       3.515486616821e-13      -8.558364449944e-13       0.000000000000e+00       2.782445949956e-16       1.784409178484e-17       1.125209813711e-18 
 2392       1.423046648339e-11       3.489953355963e-13      -8.447535194958e-13       0.000000000000e+00       2.778184929362e-16       1.791112979430e-17       1.055291549948e-18 
 2393       1.420616096745e-11       3.465090054748e-13      -8.336621132617e-13       0.000000000000e+00       2.773931649915e-16       1.797786703092e-17       9.858083597644e-19 
 2394       1.418126704440e-11       3.440902491240e-13      -8.225668794056e-13       0.000000000000e+00       2.769686125990e-16       1.804423150818e-17       9.168333214695e-19 
 2395       1.415578397269e-11       3.417396458407e-13      -8.114724865626e-13       0.000000000000e+00       2.765448371924e-16       1.811015100130e-17       8.484397543475e-19 
 2396       1.412971101177e-11       3.394577764141e-13      -8.003836189056e-13       0.000000000000e+00       2.761218402011e-16       1.817555304697e-17       7.807012189104e-19 
 2397       1.410304742205e-11       3.372452231266e-13      -7.893049761621e-13       0.000000000000e+00       2.756996230508e-16       1.824036494315e-17       7.136915171477e-19 
 2398       1.407579246499e-11       3.351025697557e-13      -7.782412736294e-13       0.000000000000e+00       2.752781871625e-16       1.830451374878e-17       6.474846927769e-19 
 2399       1.404794685669e-11       3.330302346303e-13      -7.671969732632e-13       0.000000000000e+00       2.748575342999e-16       1.836795425037e-17       5.821400151765e-19 
 2400       1.401951713865e-11       3.310279686850e-13      -7.561754751152e-13       0.000000000000e+00       2.744376676094e-16       1.843075304873e-17       5.176568305333e-19 
 2401       1.399051133370e-11       3.290953543452e-13      -7.451799209926e-13       0.000000000000e+00       2.740185905859e-16       1.849300498493e-17       4.540194356412e-19 
 2402       1.396093749484e-11       3.272319721917e-13      -7.342134629490e-13       0.000000000000e+00       2.736003067271e-16       1.855480522044e-17       3.912120691335e-19 
 2403       1.393080370522e-11       3.254374009585e-13      -7.232792632948e-13       0.000000000000e+00       2.731828195337e-16       1.861624923746e-17       3.292189114205e-19 
 2404       1.390011807819e-11       3.237112175307e-13      -7.123804946083e-13       0.000000000000e+00       2.727661325088e-16       1.867743283922e-17       2.680240846268e-19 
 2405       1.386888875733e-11       3.220529969424e-13      -7.015203397454e-13       0.000000000000e+00       2.723502491588e-16       1.873845215038e-17       2.076116525286e-19 
 2406       1.383712391650e-11       3.204623123750e-13      -6.907019918509e-13       0.000000000000e+00       2.719351729927e-16       1.879940361731e-17       1.479656204912e-19 
 2407       1.380483175986e-11       3.189387351544e-13      -6.799286543688e-13       0.000000000000e+00       2.715209075221e-16       1.886038400843e-17       8.906993540615e-20 
 2408       1.377202052189e-11       3.174818347497e-13      -6.692035410529e-13       0.000000000000e+00       2.711074562617e-16       1.892149041459e-17       3.090848562883e-20 
 2409       1.373869846743e-11       3.160911787705e-13      -6.585298759774e-13       0.000000000000e+00       2.706948227290e-16       1.898282024935e-17      -2.653489908433e-20 
 2410       1.370487389173e-11       3.147663329652e-13      -6.479108935474e-13       0.000000000000e+00       2.702830104441e-16       1.904447124935e-17      -8.327644763839e-20 
 2411       1.367055512047e-11       3.135068612187e-13      -6.373498385096e-13       0.000000000000e+00       2.698720229302e-16       1.910654147463e-17      -1.393324476627e-19 
 2412       1.363575050978e-11       3.123123255504e-13      -6.268499659626e-13       0.000000000000e+00       2.694618637129e-16       1.916912930897e-17      -1.947192455732e-19 
 2413       1.360046844629e-11       3.111822861123e-13      -6.164145413679e-13       0.000000000000e+00       2.690525363210e-16       1.923233346021e-17      -2.494532466355e-19 
 2414       1.356471734715e-11       3.101163011865e-13      -6.060468405600e-13       0.000000000000e+00       2.686440442860e-16       1.929625296064e-17      -3.035509150273e-19 
 2415       1.352850566009e-11       3.091139271837e-13      -5.957501497576e-13       0.000000000000e+00       2.682363911420e-16       1.936098716724e-17      -3.570287739009e-19 
 2416       1.349184186340e-11       3.081747186403e-13      -5.855277655733e-13       0.000000000000e+00       2.678295804262e-16       1.942663576211e-17      -4.099034054461e-19 
 2417       1.345473446602e-11       3.072982282174e-13      -5.753829950250e-13       0.000000000000e+00       2.674236156783e-16       1.949329875274e-17      -4.621914509525e-19 
 2418       1.341719200754e-11       3.064840066977e-13      -5.653191555460e-13       0.000000000000e+00       2.670185004411e-16       1.956107647239e-17      -5.139096108726e-19 
 2419       1.337922305823e-11       3.057316029839e-13      -5.553395749958e-13       0.000000000000e+00       2.666142382600e-16       1.963006958038e-17      -5.650746448840e-19 
 2420       1.334083621909e-11       3.050405640967e-13      -5.454475916705e-13       0.000000000000e+00       2.662108326832e-16       1.970037906248e-17      -6.157033719524e-19 
 2421       1.330204012188e-11       3.044104351726e-13      -5.356465543135e-13       0.000000000000e+00       2.658082872619e-16       1.977210623118e-17      -6.658126703938e-19 
 2422       1.326284342912e-11       3.038407594617e-13      -5.259398221259e-13       0.000000000000e+00       2.654066055499e-16       1.984535272608e-17      -7.154194779377e-19 
 2423       1.322325483417e-11       3.033310783258e-13      -5.163307647774e-13       0.000000000000e+00       2.650057911037e-16       1.992022051420e-17      -7.645407917892e-19 
 2424       1.318328306125e-11       3.028809312362e-13      -5.068227624165e-13       0.000000000000e+00       2.646058474830e-16       1.999681189032e-17      -8.131936686920e-19 
 2425       1.314293686545e-11       3.024898557716e-13      -4.974192056814e-13       0.000000000000e+00       2.642067782498e-16       2.007522947732e-17      -8.613952249908e-19 
 2426       1.310222503278e-11       3.021573876163e-13      -4.881234957102e-13       0.000000000000e+00       2.638085869693e-16       2.015557622649e-17      -9.091626366942e-19 
 2427       1.306115638019e-11       3.018830605578e-13      -4.789390441521e-13       0.000000000000e+00       2.634112772093e-16       2.023795541791e-17      -9.565131395371e-19 
 2428       1.301973975563e-11       3.016664064847e-13      -4.698692731770e-13       0.000000000000e+00       2.630148525403e-16       2.032247066075e-17      -1.003464029043e-18 
 2429       1.297798403805e-11       3.015069553850e-13      -4.609176154872e-13       0.000000000000e+00       2.626193165359e-16       2.040922589360e-17      -1.050032660589e-18 
 2430       1.293589813744e-11       3.014042353435e-13      -4.520875143270e-13       0.000000000000e+00       2.622246727721e-16       2.049832538483e-17      -1.096236449463e-18 
 2431       1.289349099489e-11       3.013577725403e-13      -4.433824234938e-13       0.000000000000e+00       2.618309248280e-16       2.058987373293e-17      -1.142092870933e-18 
 2432       1.285077158260e-11       3.013670912480e-13      -4.348058073488e-13       0.000000000000e+00       2.614380762854e-16       2.068397586681e-17      -1.187619460305e-18 
 2433       1.280774890388e-11       3.014317138305e-13      -4.263611408270e-13       0.000000000000e+00       2.610461307288e-16       2.078073704615e-17      -1.232833812989e-18 
 2434       1.276443199327e-11       3.015511607400e-13      -4.180519094483e-13       0.000000000000e+00       2.606550917456e-16       2.088026286177e-17      -1.277753584556e-18 
 2435       1.272082991646e-11       3.017249505157e-13      -4.098816093277e-13       0.000000000000e+00       2.602649629259e-16       2.098265923590e-17      -1.322396490809e-18 
 2436       1.267695177044e-11       3.019525997812e-13      -4.018537471863e-13       0.000000000000e+00       2.598757478626e-16       2.108803242258e-17      -1.366780307838e-18 
 2437       1.263280668343e-11       3.022336232427e-13      -3.939718403615e-13       0.000000000000e+00       2.594874501514e-16       2.119648900793e-17      -1.410922872088e-18 
 2438       1.258840404655e-11       3.025674534292e-13      -3.862389349317e-13       0.000000000000e+00       2.591000711961e-16       2.130809616014e-17      -1.454833445459e-18 
 2439       1.254375421008e-11       3.029531993909e-13      -3.786561569065e-13       0.000000000000e+00       2.587136036097e-16       2.142276211758e-17      -1.498486753822e-18 
 2440       1.249886779142e-11       3.033898865476e-13      -3.712241523566e-13       0.000000000000e+00       2.583280377736e-16       2.154035498361e-17      -1.541848792715e-18 
 2441       1.245375544396e-11       3.038765368109e-13      -3.639435685100e-13       0.000000000000e+00       2.579433640287e-16       2.166074241128e-17      -1.584885448025e-18 
 2442       1.240842785708e-11       3.044121685802e-13      -3.568150537535e-13       0.000000000000e+00       2.575595726754e-16       2.178379160287e-17      -1.627562495879e-18 
 2443       1.236289575620e-11       3.049957967398e-13      -3.498392576329e-13       0.000000000000e+00       2.571766539734e-16       2.190936930947e-17      -1.669845602535e-18 
 2444       1.231716990283e-11       3.056264326541e-13      -3.430168308543e-13       0.000000000000e+00       2.567945981421e-16       2.203734183047e-17      -1.711700324266e-18 
 2445       1.227126109461e-11       3.063030841649e-13      -3.363484252848e-13       0.000000000000e+00       2.564133953598e-16       2.216757501311e-17      -1.753092107252e-18 
 2446       1.222518016531e-11       3.070247555872e-13      -3.298346939534e-13       0.000000000000e+00       2.560330357643e-16       2.229993425200e-17      -1.793986287466e-18 
 2447       1.217893798491e-11       3.077904477055e-13      -3.234762910516e-13       0.000000000000e+00       2.556535094526e-16       2.243428448869e-17      -1.834348090563e-18 
 2448       1.213254545963e-11       3.085991577703e-13      -3.172738719345e-13       0.000000000000e+00       2.552748064810e-16       2.257049021113e-17      -1.874142631769e-18 
 2449       1.208601353192e-11       3.094498794942e-13      -3.112280931219e-13       0.000000000000e+00       2.548969168648e-16       2.270841545330e-17      -1.913334915770e-18 
 2450       1.203935318058e-11       3.103416030484e-13      -3.053396122984e-13       0.000000000000e+00       2.545198305785e-16       2.284792379464e-17      -1.951889836598e-18 
 2451       1.199257542071e-11       3.112733150586e-13      -2.996090883149e-13       0.000000000000e+00       2.541435375554e-16       2.298887835967e-17      -1.989772177520e-18 
 2452       1.194569130383e-11       3.122439986020e-13      -2.940371811893e-13       0.000000000000e+00       2.537680276882e-16       2.313114181746e-17      -2.026946610930e-18 
 2453       1.189871191784e-11       3.132526332029e-13      -2.886245521072e-13       0.000000000000e+00       2.533932908284e-16       2.327457638122e-17      -2.063377698231e-18 
 2454       1.185164838711e-11       3.142981948295e-13      -2.833718634228e-13       0.000000000000e+00       2.530193167862e-16       2.341904380777e-17      -2.099029889731e-18 
 2455       1.180451187251e-11       3.153796558897e-13      -2.782797786599e-13       0.000000000000e+00       2.526460953310e-16       2.356440539713e-17      -2.133867524523e-18 
 2456       1.175731357140e-11       3.164959852280e-13      -2.733489625126e-13       0.000000000000e+00       2.522736161909e-16       2.371052199201e-17      -2.167854830380e-18 
 2457       1.171006471776e-11       3.176461481213e-13      -2.685800808459e-13       0.000000000000e+00       2.519018690528e-16       2.385725397737e-17      -2.200955923641e-18 
 2458       1.166277658212e-11       3.188291062755e-13      -2.639738006974e-13       0.000000000000e+00       2.515308435622e-16       2.400446127994e-17      -2.233134809099e-18 
 2459       1.161546047168e-11       3.200438178215e-13      -2.595307902770e-13       0.000000000000e+00       2.511605293235e-16       2.415200336776e-17      -2.264355379890e-18 
 2460       1.156812773030e-11       3.212892373120e-13      -2.552517189688e-13       0.000000000000e+00       2.507909158996e-16       2.429973924970e-17      -2.294581417380e-18 
 2461       1.152078973857e-11       3.225643157173e-13      -2.511372573310e-13       0.000000000000e+00       2.504219928122e-16       2.444752747502e-17      -2.323776591056e-18 
 2462       1.147345791382e-11       3.238680004217e-13      -2.471880770977e-13       0.000000000000e+00       2.500537495413e-16       2.459522613286e-17      -2.351904458413e-18 
 2463       1.142614371016e-11       3.251992352202e-13      -2.434048511790e-13       0.000000000000e+00       2.496861755255e-16       2.474269285182e-17      -2.378928464841e-18 
 2464       1.137885861855e-11       3.265569603141e-13      -2.397882536621e-13       0.000000000000e+00       2.493192601620e-16       2.488978479945e-17      -2.404811943515e-18 
 2465       1.133161416677e-11       3.279401123080e-13      -2.363389598123e-13       0.000000000000e+00       2.489529928063e-16       2.503635868183e-17      -2.429518115285e-18 
 2466       1.128442191955e-11       3.293476242057e-13      -2.330576460736e-13       0.000000000000e+00       2.485873627722e-16       2.518227074305e-17      -2.453010088559e-18 
 2467       1.123729347851e-11       3.307784254066e-13      -2.299449900698e-13       0.000000000000e+00       2.482223593320e-16       2.532737676479e-17      -2.475250859198e-18 
 2468       1.119024048228e-11       3.322314417019e-13      -2.270016706051e-13       0.000000000000e+00       2.478579717162e-16       2.547153206581e-17      -2.496203310400e-18 
 2469       1.114327460648e-11       3.337055952711e-13      -2.242283676651e-13       0.000000000000e+00       2.474941891136e-16       2.561459150152e-17      -2.515830212588e-18 
 2470       1.109640756379e-11       3.351998046783e-13      -2.216257624176e-13       0.000000000000e+00       2.471310006711e-16       2.575640946350e-17      -2.534094223303e-18 
 2471       1.104965110395e-11       3.367129848681e-13      -2.191945372135e-13       0.000000000000e+00       2.467683954938e-16       2.589683987902e-17      -2.550957887087e-18 
 2472       1.100301701386e-11       3.382440471624e-13      -2.169353755876e-13       0.000000000000e+00       2.464063626450e-16       2.603573621059e-17      -2.566383635374e-18 
 2473       1.095651711755e-11       3.397918992565e-13      -2.148489622594e-13       0.000000000000e+00       2.460448911458e-16       2.617295145548e-17      -2.580333786380e-18 
 2474       1.091016327625e-11       3.413554452154e-13      -2.129359831341e-13       0.000000000000e+00       2.456839699756e-16       2.630833814527e-17      -2.592770544986e-18 
 2475       1.086396738845e-11       3.429335854699e-13      -2.111971253032e-13       0.000000000000e+00       2.453235880716e-16       2.644174834536e-17      -2.603656002633e-18 
 2476       1.081794138987e-11       3.445252168134e-13      -2.096330770458e-13       0.000000000000e+00       2.449637343290e-16       2.657303365452e-17      -2.612952137206e-18 
 2477       1.077209639053e-11       3.461292640217e-13      -2.082441229090e-13       0.000000000000e+00       2.446044000899e-16       2.670207388116e-17      -2.620640299122e-18 
 2478       1.072644008001e-11       3.477447749264e-13      -2.070289263346e-13       0.000000000000e+00       2.442455866270e-16       2.682886325829e-17      -2.626779795685e-18 
 2479       1.068097930690e-11       3.493708258963e-13      -2.059857398382e-13       0.000000000000e+00       2.438872977038e-16       2.695342473728e-17      -2.631449652821e-18 
 2480       1.063572094046e-11       3.510064902613e-13      -2.051128092682e-13       0.000000000000e+00       2.435295370902e-16       2.707578135750e-17      -2.634729160597e-18 
 2481       1.059067187065e-11       3.526508383095e-13      -2.044083737990e-13       0.000000000000e+00       2.431723085618e-16       2.719595624637e-17      -2.636697873491e-18 
 2482       1.054583900812e-11       3.543029372842e-13      -2.038706659237e-13       0.000000000000e+00       2.428156159005e-16       2.731397261952e-17      -2.637435610659e-18 
 2483       1.050122928428e-11       3.559618513803e-13      -2.034979114475e-13       0.000000000000e+00       2.424594628942e-16       2.742985378081e-17      -2.637022456208e-18 
 2484       1.045684965127e-11       3.576266417417e-13      -2.032883294798e-13       0.000000000000e+00       2.421038533368e-16       2.754362312249e-17      -2.635538759463e-18 
 2485       1.041270708202e-11       3.592963664581e-13      -2.032401324281e-13       0.000000000000e+00       2.417487910284e-16       2.765530412525e-17      -2.633065135237e-18 
 2486       1.036880857024e-11       3.609700805619e-13      -2.033515259902e-13       0.000000000000e+00       2.413942797750e-16       2.776492035833e-17      -2.629682464099e-18 
 2487       1.032516113046e-11       3.626468360252e-13      -2.036207091474e-13       0.000000000000e+00       2.410403233887e-16       2.787249547962e-17      -2.625471892645e-18 
 2488       1.028177179804e-11       3.643256817564e-13      -2.040458741574e-13       0.000000000000e+00       2.406869256878e-16       2.797805323572e-17      -2.620514833768e-18 
 2489       1.023864762922e-11       3.660056635975e-13      -2.046252065475e-13       0.000000000000e+00       2.403340904966e-16       2.808161746209e-17      -2.614892966925e-18 
 2490       1.019579570106e-11       3.676858243209e-13      -2.053568851070e-13       0.000000000000e+00       2.399818216454e-16       2.818321208309e-17      -2.608688238408e-18 
 2491       1.015322311158e-11       3.693652036263e-13      -2.062390818805e-13       0.000000000000e+00       2.396301229708e-16       2.828286111211e-17      -2.601982861612e-18 
 2492       1.011093697966e-11       3.710428381373e-13      -2.072699621608e-13       0.000000000000e+00       2.392789983153e-16       2.838058865163e-17      -2.594859317306e-18 
 2493       1.006894444515e-11       3.727177613992e-13      -2.084476844819e-13       0.000000000000e+00       2.389284515274e-16       2.847641889335e-17      -2.587400353901e-18 
 2494       1.002725266884e-11       3.743890038747e-13      -2.097704006115e-13       0.000000000000e+00       2.385784864620e-16       2.857037611826e-17      -2.579688987721e-18 
 2495       9.985868832503e-12       3.760555929420e-13      -2.112362555445e-13       0.000000000000e+00       2.382291069799e-16       2.866248469674e-17      -2.571808503270e-18 
 2496       9.944800138905e-12       3.777165528909e-13      -2.128433874956e-13       0.000000000000e+00       2.378803169480e-16       2.875276908863e-17      -2.563842453502e-18 
 2497       9.904053811831e-12       3.793709049201e-13      -2.145899278923e-13       0.000000000000e+00       2.375321202394e-16       2.884125384339e-17      -2.555874660094e-18 
 2498       9.863637096101e-12       3.810176671338e-13      -2.164740013680e-13       0.000000000000e+00       2.371845207332e-16       2.892796360012e-17      -2.547989213708e-18 
 2499       9.823557257594e-12       3.826558545391e-13      -2.184937257546e-13       0.000000000000e+00       2.368375223147e-16       2.901292308768e-17      -2.540270474267e-18 
 2500       9.783821583265e-12       3.842844790427e-13      -2.206472120755e-13       0.000000000000e+00       2.364911288753e-16       2.909615712481e-17      -2.532803071222e-18 
 2501       9.744437381168e-12       3.859025494475e-13      -2.229325645390e-13       0.000000000000e+00       2.361453443124e-16       2.917769062018e-17      -2.525671903821e-18 
 2502       9.705411980476e-12       3.875090714499e-13      -2.253478805306e-13       0.000000000000e+00       2.358001725298e-16       2.925754857250e-17      -2.518962141378e-18 
 2503       9.666752731500e-12       3.891030476367e-13      -2.278912506064e-13       0.000000000000e+00       2.354556174370e-16       2.933575607064e-17      -2.512759223543e-18 
 2504       9.628467005708e-12       3.906834774819e-13      -2.305607584855e-13       0.000000000000e+00       2.351116829501e-16       2.941233829368e-17      -2.507148860572e-18 
 2505       9.590562195750e-12       3.922493573436e-13      -2.333544810436e-13       0.000000000000e+00       2.347683729910e-16       2.948732051104e-17      -2.502217033595e-18 
 2506       9.553045715474e-12       3.937996804609e-13      -2.362704883055e-13       0.000000000000e+00       2.344256914878e-16       2.956072808254e-17      -2.498049994886e-18 
 2507       9.515924999947e-12       3.953334369511e-13      -2.393068434382e-13       0.000000000000e+00       2.340836423749e-16       2.963258645851e-17      -2.494734268133e-18 
 2508       9.479207505479e-12       3.968496138062e-13      -2.424616027436e-13       0.000000000000e+00       2.337422295927e-16       2.970292117992e-17      -2.492356648705e-18 
 2509       9.442900709636e-12       3.983471948901e-13      -2.457328156518e-13       0.000000000000e+00       2.334014570878e-16       2.977175787839e-17      -2.491004203925e-18 
 2510       9.407012111268e-12       3.998251609354e-13      -2.491185247136e-13       0.000000000000e+00       2.330613288129e-16       2.983912227636e-17      -2.490764273336e-18 
 2511       9.371549230526e-12       4.012824895404e-13      -2.526167655940e-13       0.000000000000e+00       2.327218487268e-16       2.990504018716e-17      -2.491724468971e-18 
 2512       9.336519608879e-12       4.027181551660e-13      -2.562255670644e-13       0.000000000000e+00       2.323830207946e-16       2.996953751507e-17      -2.493972675626e-18 
 2513       9.301930809142e-12       4.041311291326e-13      -2.599429509961e-13       0.000000000000e+00       2.320448489875e-16       3.003264025547e-17      -2.497597051123e-18 
 2514       9.267790415488e-12       4.055203796169e-13      -2.637669323533e-13       0.000000000000e+00       2.317073372829e-16       3.009437449488e-17      -2.502686026583e-18 
 2515       9.234106033475e-12       4.068848716490e-13      -2.676955191854e-13       0.000000000000e+00       2.313704896643e-16       3.015476641111e-17      -2.509328306698e-18 
 2516       9.200884008832e-12       4.082236736056e-13      -2.717265876075e-13       0.000000000000e+00       2.310343092836e-16       3.021383636680e-17      -2.517584362233e-18 
 2517       9.168125575647e-12       4.095362773727e-13      -2.758575059587e-13       0.000000000000e+00       2.306987959430e-16       3.027158115246e-17      -2.527400725721e-18 
 2518       9.135830685804e-12       4.108222800399e-13      -2.800855084421e-13       0.000000000000e+00       2.303639485982e-16       3.032799164032e-17      -2.538695197524e-18 
 2519       9.103999288175e-12       4.120812775726e-13      -2.844078199298e-13       0.000000000000e+00       2.300297661952e-16       3.038305868136e-17      -2.551385308021e-18 
 2520       9.072631328612e-12       4.133128648105e-13      -2.888216559536e-13       0.000000000000e+00       2.296962476701e-16       3.043677310538e-17      -2.565388317342e-18 
 2521       9.041726749946e-12       4.145166354666e-13      -2.933242226953e-13       0.000000000000e+00       2.293633919494e-16       3.048912572090e-17      -2.580621215098e-18 
 2522       9.011285491983e-12       4.156921821267e-13      -2.979127169775e-13       0.000000000000e+00       2.290311979494e-16       3.054010731520e-17      -2.597000720107e-18 
 2523       8.981307491498e-12       4.168390962475e-13      -3.025843262540e-13       0.000000000000e+00       2.286996645768e-16       3.058970865427e-17      -2.614443280123e-18 
 2524       8.951792682233e-12       4.179569681561e-13      -3.073362286005e-13       0.000000000000e+00       2.283687907282e-16       3.063792048279e-17      -2.632865071569e-18 
 2525       8.922740994892e-12       4.190453870488e-13      -3.121655927051e-13       0.000000000000e+00       2.280385752905e-16       3.068473352415e-17      -2.652181999261e-18 
 2526       8.894152357139e-12       4.201039409899e-13      -3.170695778588e-13       0.000000000000e+00       2.277090171404e-16       3.073013848038e-17      -2.672309696143e-18 
 2527       8.866026693590e-12       4.211322169109e-13      -3.220453339462e-13       0.000000000000e+00       2.273801151451e-16       3.077412603215e-17      -2.693163523011e-18 
 2528       8.838363925813e-12       4.221298006091e-13      -3.270900014359e-13       0.000000000000e+00       2.270518681616e-16       3.081668683878e-17      -2.714658568245e-18 
 2529       8.811163972321e-12       4.230962767470e-13      -3.322007113713e-13       0.000000000000e+00       2.267242750368e-16       3.085781153818e-17      -2.736709647535e-18 
 2530       8.784426748572e-12       4.240312288506e-13      -3.373745853608e-13       0.000000000000e+00       2.263973346081e-16       3.089749074686e-17      -2.759231303616e-18 
 2531       8.758152166958e-12       4.249342393091e-13      -3.426087355687e-13       0.000000000000e+00       2.260710457024e-16       3.093571505990e-17      -2.782137805991e-18 
 2532       8.732340136811e-12       4.258048893730e-13      -3.479002647058e-13       0.000000000000e+00       2.257454071371e-16       3.097247505092e-17      -2.805343150664e-18 
 2533       8.706990564389e-12       4.266427591538e-13      -3.532462660194e-13       0.000000000000e+00       2.254204177192e-16       3.100776127209e-17      -2.828761059867e-18 
 2534       8.682103352879e-12       4.274474276225e-13      -3.586438232847e-13       0.000000000000e+00       2.250960762460e-16       3.104156425408e-17      -2.852304981790e-18 
 2535       8.657678402390e-12       4.282184726086e-13      -3.640900107946e-13       0.000000000000e+00       2.247723815046e-16       3.107387450609e-17      -2.875888090312e-18 
 2536       8.633715609950e-12       4.289554707991e-13      -3.695818933508e-13       0.000000000000e+00       2.244493322721e-16       3.110468251575e-17      -2.899423284725e-18 
 2537       8.610214869499e-12       4.296579977375e-13      -3.751165262542e-13       0.000000000000e+00       2.241269273156e-16       3.113397874920e-17      -2.922823189470e-18 
 2538       8.587176071892e-12       4.303256278225e-13      -3.806909552951e-13       0.000000000000e+00       2.238051653920e-16       3.116175365098e-17      -2.946000153859e-18 
 2539       8.564599104886e-12       4.309579343072e-13      -3.863022167445e-13       0.000000000000e+00       2.234840452484e-16       3.118799764409e-17      -2.968866251812e-18 
 2540       8.542483853145e-12       4.315544892979e-13      -3.919473373440e-13       0.000000000000e+00       2.231635656216e-16       3.121270112992e-17      -2.991333281577e-18 
 2541       8.520830198229e-12       4.321148637531e-13      -3.976233342966e-13       0.000000000000e+00       2.228437252383e-16       3.123585448823e-17      -3.013312765469e-18 
 2542       8.499638018592e-12       4.326386274822e-13      -4.033272152573e-13       0.000000000000e+00       2.225245228153e-16       3.125744807717e-17      -3.034715949590e-18 
 2543       8.478907189582e-12       4.331253491449e-13      -4.090559783238e-13       0.000000000000e+00       2.222059570589e-16       3.127747223324e-17      -3.055453803564e-18 
 2544       8.458637583431e-12       4.335745962498e-13      -4.148066120267e-13       0.000000000000e+00       2.218880266657e-16       3.129591727126e-17      -3.075437020265e-18 
 2545       8.438829069255e-12       4.339859351532e-13      -4.205760953204e-13       0.000000000000e+00       2.215707303218e-16       3.131277348438e-17      -3.094576015545e-18 
 2546       8.419481513047e-12       4.343589310586e-13      -4.263613975734e-13       0.000000000000e+00       2.212540667034e-16       3.132803114402e-17      -3.112780927965e-18 
 2547       8.400594777678e-12       4.346931480149e-13      -4.321594785592e-13       0.000000000000e+00       2.209380344764e-16       3.134168049989e-17      -3.129961618519e-18 
 2548       8.382168722888e-12       4.349881489161e-13      -4.379672884463e-13       0.000000000000e+00       2.206226322966e-16       3.135371177998e-17      -3.146027670373e-18 
 2549       8.364203205282e-12       4.352434954995e-13      -4.437817677895e-13       0.000000000000e+00       2.203078588094e-16       3.136411519047e-17      -3.160888388582e-18 
 2550       8.346698078332e-12       4.354587483452e-13      -4.495998475198e-13       0.000000000000e+00       2.199937126502e-16       3.137288091581e-17      -3.174452799831e-18 
 2551       8.329653192365e-12       4.356334668748e-13      -4.554184489355e-13       0.000000000000e+00       2.196801924442e-16       3.137999911861e-17      -3.186629652154e-18 
 2552       8.313068394566e-12       4.357672093503e-13      -4.612344836923e-13       0.000000000000e+00       2.193672968062e-16       3.138545993971e-17      -3.197327414669e-18 
 2553       8.296943528969e-12       4.358595328731e-13      -4.670448537941e-13       0.000000000000e+00       2.190550243409e-16       3.138925349807e-17      -3.206454277308e-18 
 2554       8.281278436456e-12       4.359099933831e-13      -4.728464515837e-13       0.000000000000e+00       2.187433736426e-16       3.139136989084e-17      -3.213918150541e-18 
 2555       8.266072028524e-12       4.359182576458e-13      -4.786363255732e-13       0.000000000000e+00       2.184323425788e-16       3.139180811315e-17      -3.219648977114e-18 
 2556       8.251319502804e-12       4.358844399186e-13      -4.844121789945e-13       0.000000000000e+00       2.181219261354e-16       3.139060287377e-17      -3.223665807505e-18 
 2557       8.237015111577e-12       4.358087672120e-13      -4.901718740875e-13       0.000000000000e+00       2.178121185593e-16       3.138779793309e-17      -3.226010108352e-18 
 2558       8.223153086529e-12       4.356914674773e-13      -4.959132665128e-13       0.000000000000e+00       2.175029140731e-16       3.138343719742e-17      -3.226723485488e-18 
 2559       8.209727638732e-12       4.355327696080e-13      -5.016342053457e-13       0.000000000000e+00       2.171943068761e-16       3.137756471907e-17      -3.225847684090e-18 
 2560       8.196732958625e-12       4.353329034399e-13      -5.073325330692e-13       0.000000000000e+00       2.168862911433e-16       3.137022469653e-17      -3.223424588810e-18 
 2561       8.184163215987e-12       4.350920997531e-13      -5.130060855683e-13       0.000000000000e+00       2.165788610263e-16       3.136146147460e-17      -3.219496223918e-18 
 2562       8.172012559921e-12       4.348105902724e-13      -5.186526921232e-13       0.000000000000e+00       2.162720106525e-16       3.135131954455e-17      -3.214104753443e-18 
 2563       8.160275118832e-12       4.344886076683e-13      -5.242701754030e-13       0.000000000000e+00       2.159657341254e-16       3.133984354425e-17      -3.207292481308e-18 
 2564       8.148945000404e-12       4.341263855583e-13      -5.298563514592e-13       0.000000000000e+00       2.156600255246e-16       3.132707825831e-17      -3.199101851472e-18 
 2565       8.138016291583e-12       4.337241585075e-13      -5.354090297196e-13       0.000000000000e+00       2.153548789057e-16       3.131306861825e-17      -3.189575448066e-18 
 2566       8.127483058552e-12       4.332821620302e-13      -5.409260129817e-13       0.000000000000e+00       2.150502883005e-16       3.129785970264e-17      -3.178755995538e-18 
 2567       8.117339346710e-12       4.328006325900e-13      -5.464050974061e-13       0.000000000000e+00       2.147462477166e-16       3.128149673721e-17      -3.166686358785e-18 
 2568       8.107579180656e-12       4.322798076017e-13      -5.518440725106e-13       0.000000000000e+00       2.144427511375e-16       3.126402509505e-17      -3.153409543297e-18 
 2569       8.098196564161e-12       4.317199254318e-13      -5.572407211636e-13       0.000000000000e+00       2.141397925227e-16       3.124549029672e-17      -3.138968695294e-18 
 2570       8.089185480153e-12       4.311212253995e-13      -5.625928195775e-13       0.000000000000e+00       2.138373658077e-16       3.122593801040e-17      -3.123407101868e-18 
 2571       8.080539890692e-12       4.304839477777e-13      -5.678981373025e-13       0.000000000000e+00       2.135354649038e-16       3.120541405204e-17      -3.106768191117e-18 
 2572       8.072253736953e-12       4.298083337944e-13      -5.731544372203e-13       0.000000000000e+00       2.132340836981e-16       3.118396438550e-17      -3.089095532289e-18 
 2573       8.064320939199e-12       4.290946256332e-13      -5.783594755375e-13       0.000000000000e+00       2.129332160535e-16       3.116163512273e-17      -3.070432835918e-18 
 2574       8.056735396765e-12       4.283430664342e-13      -5.835110017795e-13       0.000000000000e+00       2.126328558090e-16       3.113847252385e-17      -3.050823953964e-18 
 2575       8.049490988038e-12       4.275539002958e-13      -5.886067587837e-13       0.000000000000e+00       2.123329967789e-16       3.111452299734e-17      -3.030312879955e-18 
 2576       8.042581570430e-12       4.267273722747e-13      -5.936444826935e-13       0.000000000000e+00       2.120336327537e-16       3.108983310019e-17      -3.008943749120e-18 
 2577       8.036000980361e-12       4.258637283876e-13      -5.986219029515e-13       0.000000000000e+00       2.117347574993e-16       3.106444953803e-17      -2.986760838536e-18 
 2578       8.029743033241e-12       4.249632156118e-13      -6.035367422938e-13       0.000000000000e+00       2.114363647574e-16       3.103841916526e-17      -2.963808567258e-18 
 2579       8.023801523441e-12       4.240260818865e-13      -6.083867167427e-13       0.000000000000e+00       2.111384482455e-16       3.101178898523e-17      -2.940131496466e-18 
 2580       8.018170224279e-12       4.230525761134e-13      -6.131695356011e-13       0.000000000000e+00       2.108410016567e-16       3.098460615037e-17      -2.915774329601e-18 
 2581       8.012842887997e-12       4.220429481581e-13      -6.178829014456e-13       0.000000000000e+00       2.105440186595e-16       3.095691796233e-17      -2.890781912504e-18 
 2582       8.007813245738e-12       4.209974488510e-13      -6.225245101205e-13       0.000000000000e+00       2.102474928982e-16       3.092877187212e-17      -2.865199233554e-18 
 2583       8.003075007527e-12       4.199163299880e-13      -6.270920507310e-13       0.000000000000e+00       2.099514179928e-16       3.090021548028e-17      -2.839071423810e-18 
 2584       7.998621862251e-12       4.187998443319e-13      -6.315832056371e-13       0.000000000000e+00       2.096557875385e-16       3.087129653700e-17      -2.812443757149e-18 
 2585       7.994447477635e-12       4.176482456130e-13      -6.359956504471e-13       0.000000000000e+00       2.093605951062e-16       3.084206294228e-17      -2.785361650402e-18 
 2586       7.990545500222e-12       4.164617885305e-13      -6.403270540115e-13       0.000000000000e+00       2.090658342425e-16       3.081256274608e-17      -2.757870663500e-18 
 2587       7.986909555355e-12       4.152407287532e-13      -6.445750784160e-13       0.000000000000e+00       2.087714984690e-16       3.078284414844e-17      -2.730016499605e-18 
 2588       7.983533247152e-12       4.139853229206e-13      -6.487373789756e-13       0.000000000000e+00       2.084775812832e-16       3.075295549967e-17      -2.701845005257e-18 
 2589       7.980410158486e-12       4.126958286438e-13      -6.528116042281e-13       0.000000000000e+00       2.081840761577e-16       3.072294530043e-17      -2.673402170505e-18 
 2590       7.977533850965e-12       4.113725045068e-13      -6.567953959277e-13       0.000000000000e+00       2.078909765408e-16       3.069286220194e-17      -2.644734129055e-18 
 2591       7.974897864912e-12       4.100156100671e-13      -6.606863890385e-13       0.000000000000e+00       2.075982758557e-16       3.066275500609e-17      -2.615887158400e-18 
 2592       7.972495719341e-12       4.086254058568e-13      -6.644822117284e-13       0.000000000000e+00       2.073059675015e-16       3.063267266560e-17      -2.586907679967e-18 
 2593       7.970320911938e-12       4.072021533838e-13      -6.681804853624e-13       0.000000000000e+00       2.070140448522e-16       3.060266428416e-17      -2.557842259252e-18 
 2594       7.968366785758e-12       4.057461738922e-13      -6.717791420331e-13       0.000000000000e+00       2.067225035766e-16       3.057276905673e-17      -2.528733814706e-18 
 2595       7.966626128534e-12       4.042580250042e-13      -6.752773791239e-13       0.000000000000e+00       2.064313486110e-16       3.054298602808e-17      -2.499610220740e-18 
 2596       7.965091571065e-12       4.027383250772e-13      -6.786747101218e-13       0.000000000000e+00       2.061405872255e-16       3.051330416383e-17      -2.470495640657e-18 
 2597       7.963755720266e-12       4.011876945372e-13      -6.819706475691e-13       0.000000000000e+00       2.058502267085e-16       3.048371239477e-17      -2.441414312141e-18 
 2598       7.962611159149e-12       3.996067558806e-13      -6.851647030629e-13       0.000000000000e+00       2.055602743665e-16       3.045419961677e-17      -2.412390547323e-18 
 2599       7.961650446795e-12       3.979961336762e-13      -6.882563872540e-13       0.000000000000e+00       2.052707375243e-16       3.042475469083e-17      -2.383448732856e-18 
 2600       7.960866118334e-12       3.963564545674e-13      -6.912452098465e-13       0.000000000000e+00       2.049816235251e-16       3.039536644295e-17      -2.354613329983e-18 
 2601       7.960250684921e-12       3.946883472741e-13      -6.941306795968e-13       0.000000000000e+00       2.046929397300e-16       3.036602366418e-17      -2.325908874613e-18 
 2602       7.959796633711e-12       3.929924425950e-13      -6.969123043134e-13       0.000000000000e+00       2.044046935186e-16       3.033671511054e-17      -2.297359977389e-18 
 2603       7.959496427837e-12       3.912693734093e-13      -6.995895908553e-13       0.000000000000e+00       2.041168922887e-16       3.030742950300e-17      -2.268991323762e-18 
 2604       7.959342506388e-12       3.895197746788e-13      -7.021620451321e-13       0.000000000000e+00       2.038295434566e-16       3.027815552744e-17      -2.240827674058e-18 
 2605       7.959327284381e-12       3.877442834504e-13      -7.046291721029e-13       0.000000000000e+00       2.035426544566e-16       3.024888183462e-17      -2.212893863556e-18 
 2606       7.959443152743e-12       3.859435388573e-13      -7.069904757754e-13       0.000000000000e+00       2.032562327415e-16       3.021959704014e-17      -2.185214802556e-18 
 2607       7.959682478284e-12       3.841181821218e-13      -7.092454592056e-13       0.000000000000e+00       2.029702857826e-16       3.019028972444e-17      -2.157815476449e-18 
 2608       7.960037603677e-12       3.822688565572e-13      -7.113936244968e-13       0.000000000000e+00       2.026848210691e-16       3.016094843270e-17      -2.130720945793e-18 
 2609       7.960500847429e-12       3.803962075694e-13      -7.134344727988e-13       0.000000000000e+00       2.023998461092e-16       3.013156167488e-17      -2.103956346380e-18 
 2610       7.961064503864e-12       3.785008826594e-13      -7.153675043075e-13       0.000000000000e+00       2.021153684289e-16       3.010211792561e-17      -2.077546889311e-18 
 2611       7.961720843096e-12       3.765835314252e-13      -7.171922182638e-13       0.000000000000e+00       2.018313955731e-16       3.007260562425e-17      -2.051517861064e-18 
 2612       7.962462111006e-12       3.746448055638e-13      -7.189081129531e-13       0.000000000000e+00       2.015479351047e-16       3.004301317475e-17      -2.025894623570e-18 
 2613       7.963280529218e-12       3.726853588733e-13      -7.205146857045e-13       0.000000000000e+00       2.012649946054e-16       3.001332894571e-17      -2.000702614281e-18 
 2614       7.964168295080e-12       3.707058472549e-13      -7.220114328900e-13       0.000000000000e+00       2.009825816752e-16       2.998354127027e-17      -1.975967346242e-18 
 2615       7.965117581634e-12       3.687069287148e-13      -7.233978499240e-13       0.000000000000e+00       2.007007039325e-16       2.995363844614e-17      -1.951714408166e-18 
 2616       7.966120537596e-12       3.666892633668e-13      -7.246734312624e-13       0.000000000000e+00       2.004193690144e-16       2.992360873553e-17      -1.927969464499e-18 
 2617       7.967169287336e-12       3.646535134335e-13      -7.258376704016e-13       0.000000000000e+00       2.001385845763e-16       2.989344036511e-17      -1.904758255498e-18 
 2618       7.968255930846e-12       3.626003432490e-13      -7.268900598785e-13       0.000000000000e+00       1.998583582921e-16       2.986312152600e-17      -1.882106597300e-18 
 2619       7.969372543727e-12       3.605304192608e-13      -7.278300912691e-13       0.000000000000e+00       1.995786978545e-16       2.983264037374e-17      -1.860040381991e-18 
 2620       7.970511177156e-12       3.584444100316e-13      -7.286572551880e-13       0.000000000000e+00       1.992996109745e-16       2.980198502821e-17      -1.838585577683e-18 
 2621       7.971663857869e-12       3.563429862415e-13      -7.293710412878e-13       0.000000000000e+00       1.990211053818e-16       2.977114357365e-17      -1.817768228581e-18 
 2622       7.972822588137e-12       3.542268206903e-13      -7.299709382580e-13       0.000000000000e+00       1.987431888246e-16       2.974010405861e-17      -1.797614455056e-18 
 2623       7.973979345739e-12       3.520965882989e-13      -7.304564338248e-13       0.000000000000e+00       1.984658690698e-16       2.970885449590e-17      -1.778150453716e-18 
 2624       7.975126083941e-12       3.499529661121e-13      -7.308270147499e-13       0.000000000000e+00       1.981891539028e-16       2.967738286255e-17      -1.759402497480e-18 
 2625       7.976254731474e-12       3.477966333001e-13      -7.310821668302e-13       0.000000000000e+00       1.979130511277e-16       2.964567709982e-17      -1.741396935647e-18 
 2626       7.977357192509e-12       3.456282711608e-13      -7.312213748965e-13       0.000000000000e+00       1.976375685672e-16       2.961372511313e-17      -1.724160193967e-18 
 2627       7.978425346632e-12       3.434485631215e-13      -7.312441228133e-13       0.000000000000e+00       1.973627140627e-16       2.958151477204e-17      -1.707718774715e-18 
 2628       7.979451048824e-12       3.412581947416e-13      -7.311498934779e-13       0.000000000000e+00       1.970884954743e-16       2.954903391019e-17      -1.692099256762e-18 
 2629       7.980426129437e-12       3.390578537140e-13      -7.309381688197e-13       0.000000000000e+00       1.968149206809e-16       2.951627032530e-17      -1.677328295644e-18 
 2630       7.981342394166e-12       3.368482298673e-13      -7.306084297991e-13       0.000000000000e+00       1.965419975797e-16       2.948321177914e-17      -1.663432623637e-18 
 2631       7.982191624034e-12       3.346300151683e-13      -7.301601564075e-13       0.000000000000e+00       1.962697340871e-16       2.944984599746e-17      -1.650439049826e-18 
 2632       7.982965575360e-12       3.324039037232e-13      -7.295928276659e-13       0.000000000000e+00       1.959981381380e-16       2.941616066997e-17      -1.638374460178e-18 
 2633       7.983656564072e-12       3.301705770925e-13      -7.289061956718e-13       0.000000000000e+00       1.957272148071e-16       2.938214592152e-17      -1.627250188500e-18 
 2634       7.984259222223e-12       3.279306601396e-13      -7.281011094063e-13       0.000000000000e+00       1.954569576543e-16       2.934780174062e-17      -1.617015034203e-18 
 2635       7.984768751197e-12       3.256847649406e-13      -7.271786955071e-13       0.000000000000e+00       1.951873573311e-16       2.931313059214e-17      -1.607601983379e-18 
 2636       7.985180338250e-12       3.234335054512e-13      -7.261400846413e-13       0.000000000000e+00       1.949184044553e-16       2.927813494991e-17      -1.598943813990e-18 
 2637       7.985489156497e-12       3.211774975091e-13      -7.249864115096e-13       0.000000000000e+00       1.946500896108e-16       2.924281729668e-17      -1.590973095667e-18 
 2638       7.985690364901e-12       3.189173588354e-13      -7.237188148505e-13       0.000000000000e+00       1.943824033479e-16       2.920718012420e-17      -1.583622189510e-18 
 2639       7.985779108256e-12       3.166537090363e-13      -7.223384374438e-13       0.000000000000e+00       1.941153361829e-16       2.917122593314e-17      -1.576823247891e-18 
 2640       7.985750517180e-12       3.143871696053e-13      -7.208464261147e-13       0.000000000000e+00       1.938488785982e-16       2.913495723318e-17      -1.570508214255e-18 
 2641       7.985599708093e-12       3.121183639247e-13      -7.192439317385e-13       0.000000000000e+00       1.935830210423e-16       2.909837654297e-17      -1.564608822920e-18 
 2642       7.985321783212e-12       3.098479172674e-13      -7.175321092435e-13       0.000000000000e+00       1.933177539299e-16       2.906148639015e-17      -1.559056598879e-18 
 2643       7.984911830532e-12       3.075764567987e-13      -7.157121176160e-13       0.000000000000e+00       1.930530676414e-16       2.902428931138e-17      -1.553782857600e-18 
 2644       7.984364923816e-12       3.053046115783e-13      -7.137851199038e-13       0.000000000000e+00       1.927889525234e-16       2.898678785231e-17      -1.548718704828e-18 
 2645       7.983676122581e-12       3.030330125616e-13      -7.117522832203e-13       0.000000000000e+00       1.925253988884e-16       2.894898456763e-17      -1.543795036388e-18 
 2646       7.982840472082e-12       3.007622926021e-13      -7.096147787487e-13       0.000000000000e+00       1.922623970148e-16       2.891088202104e-17      -1.538942537980e-18 
 2647       7.981853003305e-12       2.984930864527e-13      -7.073737817455e-13       0.000000000000e+00       1.919999371470e-16       2.887248278528e-17      -1.534091684989e-18 
 2648       7.980708732946e-12       2.962260307677e-13      -7.050304715453e-13       0.000000000000e+00       1.917380094950e-16       2.883378944216e-17      -1.529172742278e-18 
 2649       7.979402663404e-12       2.939617641047e-13      -7.025860315641e-13       0.000000000000e+00       1.914766042347e-16       2.879480458253e-17      -1.524115763993e-18 
 2650       7.977929782765e-12       2.917009269259e-13      -7.000416493037e-13       0.000000000000e+00       1.912157115079e-16       2.875553080629e-17      -1.518850593366e-18 
 2651       7.976285064789e-12       2.894441616006e-13      -6.973985163556e-13       0.000000000000e+00       1.909553214219e-16       2.871597072243e-17      -1.513306862511e-18 
 2652       7.974463468896e-12       2.871921124065e-13      -6.946578284049e-13       0.000000000000e+00       1.906954240501e-16       2.867612694903e-17      -1.507413992229e-18 
 2653       7.972459940154e-12       2.849454255315e-13      -6.918207852347e-13       0.000000000000e+00       1.904360094310e-16       2.863600211325e-17      -1.501101191807e-18 
 2654       7.970269409265e-12       2.827047490756e-13      -6.888885907296e-13       0.000000000000e+00       1.901770675693e-16       2.859559885134e-17      -1.494297458821e-18 
 2655       7.967886792554e-12       2.804707330530e-13      -6.858624528802e-13       0.000000000000e+00       1.899185884350e-16       2.855491980868e-17      -1.486931578937e-18 
 2656       7.965306991950e-12       2.782440293931e-13      -6.827435837865e-13       0.000000000000e+00       1.896605619636e-16       2.851396763977e-17      -1.478932125710e-18 
 2657       7.962524894981e-12       2.760252919431e-13      -6.795331996627e-13       0.000000000000e+00       1.894029780564e-16       2.847274500820e-17      -1.470227460386e-18 
 2658       7.959535374752e-12       2.738151764694e-13      -6.762325208405e-13       0.000000000000e+00       1.891458265800e-16       2.843125458674e-17      -1.460745731705e-18 
 2659       7.956333289939e-12       2.716143406592e-13      -6.728427717737e-13       0.000000000000e+00       1.888890973665e-16       2.838949905729e-17      -1.450414875700e-18 
 2660       7.952913484771e-12       2.694234441228e-13      -6.693651810416e-13       0.000000000000e+00       1.886327802136e-16       2.834748111088e-17      -1.439162615498e-18 
 2661       7.949270789020e-12       2.672431483949e-13      -6.658009813536e-13       0.000000000000e+00       1.883768648841e-16       2.830520344774e-17      -1.426916461124e-18 
 2662       7.945400017984e-12       2.650741169369e-13      -6.621514095528e-13       0.000000000000e+00       1.881213411064e-16       2.826266877724e-17      -1.413603709297e-18 
 2663       7.941295972478e-12       2.629170151379e-13      -6.584177066202e-13       0.000000000000e+00       1.878661985742e-16       2.821987981796e-17      -1.399151443238e-18 
 2664       7.936953438817e-12       2.607725103175e-13      -6.546011176788e-13       0.000000000000e+00       1.876114269463e-16       2.817683929764e-17      -1.383486532463e-18 
 2665       7.932367188805e-12       2.586412717267e-13      -6.507028919973e-13       0.000000000000e+00       1.873570158471e-16       2.813354995323e-17      -1.366535632591e-18 
 2666       7.927531979723e-12       2.565239705502e-13      -6.467242829944e-13       0.000000000000e+00       1.871029548658e-16       2.809001453090e-17      -1.348225185143e-18 
 2667       7.922442554311e-12       2.544212799080e-13      -6.426665482429e-13       0.000000000000e+00       1.868492335573e-16       2.804623578602e-17      -1.328481417340e-18 
 2668       7.917093640758e-12       2.523338748571e-13      -6.385309494731e-13       0.000000000000e+00       1.865958414413e-16       2.800221648318e-17      -1.307230341910e-18 
 2669       7.911479952691e-12       2.502624323937e-13      -6.343187525776e-13       0.000000000000e+00       1.863427680026e-16       2.795795939622e-17      -1.284397756883e-18 
 2670       7.905596189156e-12       2.482076314544e-13      -6.300312276149e-13       0.000000000000e+00       1.860900026914e-16       2.791346730821e-17      -1.259909245397e-18 
 2671       7.899437034609e-12       2.461701529186e-13      -6.256696488134e-13       0.000000000000e+00       1.858375349227e-16       2.786874301148e-17      -1.233690175496e-18 
 2672       7.892998025811e-12       2.441506131790e-13      -6.212353901667e-13       0.000000000000e+00       1.855853565441e-16       2.782378086958e-17      -1.205694098852e-18 
 2673       7.886278157737e-12       2.421493644545e-13      -6.167302127839e-13       0.000000000000e+00       1.853334692533e-16       2.777854145268e-17      -1.175988117384e-18 
 2674       7.879277291919e-12       2.401666933868e-13      -6.121559791220e-13       0.000000000000e+00       1.850818772211e-16       2.773297676318e-17      -1.144667984103e-18 
 2675       7.871995290842e-12       2.382028873723e-13      -6.075145575436e-13       0.000000000000e+00       1.848305846276e-16       2.768703866098e-17      -1.111829746959e-18 
 2676       7.864432017940e-12       2.362582345628e-13      -6.028078223224e-13       0.000000000000e+00       1.845795956624e-16       2.764067886336e-17      -1.077569749121e-18 
 2677       7.856587337598e-12       2.343330238662e-13      -5.980376536487e-13       0.000000000000e+00       1.843289145241e-16       2.759384894485e-17      -1.041984629255e-18 
 2678       7.848461115156e-12       2.324275449468e-13      -5.932059376353e-13       0.000000000000e+00       1.840785454209e-16       2.754650033707e-17      -1.005171321799e-18 
 2679       7.840053216909e-12       2.305420882268e-13      -5.883145663229e-13       0.000000000000e+00       1.838284925702e-16       2.749858432863e-17      -9.672270572466e-19 
 2680       7.831363510106e-12       2.286769448862e-13      -5.833654376857e-13       0.000000000000e+00       1.835787601988e-16       2.745005206498e-17      -9.282493624210e-19 
 2681       7.822391862955e-12       2.268324068636e-13      -5.783604556372e-13       0.000000000000e+00       1.833293525428e-16       2.740085454827e-17      -8.883360607553e-19 
 2682       7.813138144620e-12       2.250087668573e-13      -5.733015300356e-13       0.000000000000e+00       1.830802738476e-16       2.735094263724e-17      -8.475852725699e-19 
 2683       7.803602225228e-12       2.232063183256e-13      -5.681905766896e-13       0.000000000000e+00       1.828315283682e-16       2.730026704707e-17      -8.060954153513e-19 
 2684       7.793783975865e-12       2.214253554874e-13      -5.630295173640e-13       0.000000000000e+00       1.825831203688e-16       2.724877834925e-17      -7.639652040303e-19 
 2685       7.783683268580e-12       2.196661733232e-13      -5.578202797852e-13       0.000000000000e+00       1.823350541230e-16       2.719642697144e-17      -7.212936512598e-19 
 2686       7.773299976385e-12       2.179290675755e-13      -5.525647976469e-13       0.000000000000e+00       1.820873339137e-16       2.714316319736e-17      -6.781800676936e-19 
 2687       7.762633973259e-12       2.162143347497e-13      -5.472650106158e-13       0.000000000000e+00       1.818399640334e-16       2.708893716663e-17      -6.347240622643e-19 
 2688       7.751685134145e-12       2.145222721144e-13      -5.419228643370e-13       0.000000000000e+00       1.815929487840e-16       2.703369887466e-17      -5.910255424617e-19 
 2689       7.740453334955e-12       2.128531777025e-13      -5.365403104398e-13       0.000000000000e+00       1.813462924765e-16       2.697739817251e-17      -5.471847146111e-19 
 2690       7.728938452569e-12       2.112073503118e-13      -5.311193065433e-13       0.000000000000e+00       1.810999994316e-16       2.691998476673e-17      -5.033020841516e-19 
 2691       7.717140364838e-12       2.095850895052e-13      -5.256618162619e-13       0.000000000000e+00       1.808540739794e-16       2.686140821928e-17      -4.594784559140e-19 
 2692       7.705058950585e-12       2.079866956120e-13      -5.201698092112e-13       0.000000000000e+00       1.806085204593e-16       2.680161794736e-17      -4.158149343996e-19 
 2693       7.692694089605e-12       2.064124697283e-13      -5.146452610131e-13       0.000000000000e+00       1.803633432204e-16       2.674056322326e-17      -3.724129240581e-19 
 2694       7.680045662666e-12       2.048627137175e-13      -5.090901533020e-13       0.000000000000e+00       1.801185466209e-16       2.667819317429e-17      -3.293741295660e-19 
 2695       7.667113551514e-12       2.033377302113e-13      -5.035064737302e-13       0.000000000000e+00       1.798741350286e-16       2.661445678259e-17      -2.868005561047e-19 
 2696       7.653897638869e-12       2.018378226100e-13      -4.978962159733e-13       0.000000000000e+00       1.796301128210e-16       2.654930288501e-17      -2.447945096388e-19 
 2697       7.640397808432e-12       2.003632950838e-13      -4.922613797361e-13       0.000000000000e+00       1.793864843848e-16       2.648268017301e-17      -2.034585971948e-19 
 2698       7.626613944881e-12       1.989144525726e-13      -4.866039707581e-13       0.000000000000e+00       1.791432541161e-16       2.641453719246e-17      -1.628957271387e-19 
 2699       7.612545933875e-12       1.974916007874e-13      -4.809260008191e-13       0.000000000000e+00       1.789004264207e-16       2.634482234359e-17      -1.232091094546e-19 
 2700       7.598193662056e-12       1.960950462106e-13      -4.752294877450e-13       0.000000000000e+00       1.786580057139e-16       2.627348388080e-17      -8.450225602287e-20 
 2701       7.583557017049e-12       1.947250960968e-13      -4.695164554131e-13       0.000000000000e+00       1.784159964203e-16       2.620046991252e-17      -4.687898089858e-20 
 2702       7.568635887462e-12       1.933820584734e-13      -4.637889337580e-13       0.000000000000e+00       1.781744029743e-16       2.612572840114e-17      -1.044340058956e-20 
 2703       7.553430162891e-12       1.920662421414e-13      -4.580489587772e-13       0.000000000000e+00       1.779332298194e-16       2.604920716279e-17       2.470006566525e-20 
 2704       7.537939733917e-12       1.907779566759e-13      -4.522985725363e-13       0.000000000000e+00       1.776924814090e-16       2.597085386731e-17       5.844669561757e-20 
 2705       7.522164492112e-12       1.895175124270e-13      -4.465398231755e-13       0.000000000000e+00       1.774521622059e-16       2.589061603800e-17       9.069146373148e-20 
 2706       7.506104330036e-12       1.882852205201e-13      -4.407747649141e-13       0.000000000000e+00       1.772122766824e-16       2.580844105159e-17       1.213290409052e-19 
 2707       7.489759141239e-12       1.870813928570e-13      -4.350054580570e-13       0.000000000000e+00       1.769728293204e-16       2.572427613805e-17       1.502537941928e-19 
 2708       7.473128820267e-12       1.859063421162e-13      -4.292339690001e-13       0.000000000000e+00       1.767338246113e-16       2.563806838048e-17       1.773597865260e-19 
 2709       7.456213262656e-12       1.847603817540e-13      -4.234623702357e-13       0.000000000000e+00       1.764952670561e-16       2.554976471496e-17       2.025407764358e-19 
 2710       7.439012364939e-12       1.836438260046e-13      -4.176927403581e-13       0.000000000000e+00       1.762571611653e-16       2.545931193042e-17       2.256902177744e-19 
 2711       7.421526670614e-12       1.825569161387e-13      -4.119270652214e-13       0.000000000000e+00       1.760195105050e-16       2.536667275804e-17       2.467344831861e-19 
 2712       7.403759311866e-12       1.814995988001e-13      -4.061669408167e-13       0.000000000000e+00       1.757823148286e-16       2.527187423451e-17       2.657327311607e-19 
 2713       7.385714078336e-12       1.804717464729e-13      -4.004138688008e-13       0.000000000000e+00       1.755455729297e-16       2.517495959974e-17       2.827775778951e-19 
 2714       7.367394772119e-12       1.794732311148e-13      -3.946693552027e-13       0.000000000000e+00       1.753092835945e-16       2.507597223124e-17       2.979619228012e-19 
 2715       7.348805207773e-12       1.785039241564e-13      -3.889349104276e-13       0.000000000000e+00       1.750734456018e-16       2.497495564416e-17       3.113789487698e-19 
 2716       7.329949212332e-12       1.775636965008e-13      -3.832120492609e-13       0.000000000000e+00       1.748380577232e-16       2.487195349153e-17       3.231221224352e-19 
 2717       7.310830625318e-12       1.766524185232e-13      -3.775022908724e-13       0.000000000000e+00       1.746031187229e-16       2.476700956429e-17       3.332851944384e-19 
 2718       7.291453298753e-12       1.757699600701e-13      -3.718071588198e-13       0.000000000000e+00       1.743686273576e-16       2.466016779151e-17       3.419621996917e-19 
 2719       7.271821097170e-12       1.749161904589e-13      -3.661281810532e-13       0.000000000000e+00       1.741345823769e-16       2.455147224045e-17       3.492474576425e-19 
 2720       7.251937897624e-12       1.740909784773e-13      -3.604668899191e-13       0.000000000000e+00       1.739009825228e-16       2.444096711671e-17       3.552355725373e-19 
 2721       7.231807589708e-12       1.732941923830e-13      -3.548248221638e-13       0.000000000000e+00       1.736678265301e-16       2.432869676439e-17       3.600214336856e-19 
 2722       7.211434075561e-12       1.725256999029e-13      -3.492035189383e-13       0.000000000000e+00       1.734351131262e-16       2.421470566618e-17       3.637002157241e-19 
 2723       7.190821269878e-12       1.717853682327e-13      -3.436045258016e-13       0.000000000000e+00       1.732028410309e-16       2.409903844350e-17       3.663673788806e-19 
 2724       7.169973099929e-12       1.710730640362e-13      -3.380293927250e-13       0.000000000000e+00       1.729710089569e-16       2.398173985665e-17       3.681186692381e-19 
 2725       7.148893505565e-12       1.703886534452e-13      -3.324796740961e-13       0.000000000000e+00       1.727396156093e-16       2.386285480491e-17       3.690501189986e-19 
 2726       7.127586439229e-12       1.697320020583e-13      -3.269569287227e-13       0.000000000000e+00       1.725086596858e-16       2.374242832669e-17       3.692580467473e-19 
 2727       7.106055865973e-12       1.691029749410e-13      -3.214627198369e-13       0.000000000000e+00       1.722781398767e-16       2.362050559965e-17       3.688390577164e-19 
 2728       7.084305763468e-12       1.685014366248e-13      -3.159986150992e-13       0.000000000000e+00       1.720480548648e-16       2.349713194085e-17       3.678900440494e-19 
 2729       7.062340122011e-12       1.679272511069e-13      -3.105661866022e-13       0.000000000000e+00       1.718184033257e-16       2.337235280685e-17       3.665081850649e-19 
 2730       7.040162944543e-12       1.673802818492e-13      -3.051670108749e-13       0.000000000000e+00       1.715891839272e-16       2.324621379384e-17       3.647909475206e-19 
 2731       7.017778246660e-12       1.668603917787e-13      -2.998026688865e-13       0.000000000000e+00       1.713603953300e-16       2.311876063781e-17       3.628360858774e-19 
 2732       6.995190056622e-12       1.663674432857e-13      -2.944747460507e-13       0.000000000000e+00       1.711320361870e-16       2.299003921463e-17       3.607416425632e-19 
 2733       6.972402415366e-12       1.659012982245e-13      -2.891848322293e-13       0.000000000000e+00       1.709041051438e-16       2.286009554022e-17       3.586059482372e-19 
 2734       6.949419376517e-12       1.654618179120e-13      -2.839345217364e-13       0.000000000000e+00       1.706766008386e-16       2.272897577064e-17       3.565276220538e-19 
 2735       6.926245006405e-12       1.650488631275e-13      -2.787254133427e-13       0.000000000000e+00       1.704495219019e-16       2.259672620227e-17       3.546055719265e-19 
 2736       6.902883384069e-12       1.646622941124e-13      -2.735591102789e-13       0.000000000000e+00       1.702228669569e-16       2.246339327189e-17       3.529389947918e-19 
 2737       6.879338601274e-12       1.643019705691e-13      -2.684372202402e-13       0.000000000000e+00       1.699966346191e-16       2.232902355683e-17       3.516273768736e-19 
 2738       6.855614762522e-12       1.639677516610e-13      -2.633613553901e-13       0.000000000000e+00       1.697708234966e-16       2.219366377512e-17       3.507704939468e-19 
 2739       6.831715985063e-12       1.636594960117e-13      -2.583331323645e-13       0.000000000000e+00       1.695454321900e-16       2.205736078559e-17       3.504684116017e-19 
 2740       6.807646398908e-12       1.633770617044e-13      -2.533541722756e-13       0.000000000000e+00       1.693204592924e-16       2.192016158799e-17       3.508214855075e-19 
 2741       6.783410146837e-12       1.631203062816e-13      -2.484261007159e-13       0.000000000000e+00       1.690959033892e-16       2.178211332318e-17       3.519303616767e-19 
 2742       6.759011384418e-12       1.628890867445e-13      -2.435505477624e-13       0.000000000000e+00       1.688717630583e-16       2.164326327319e-17       3.538959767291e-19 
 2743       6.734454280012e-12       1.626832595524e-13      -2.387291479802e-13       0.000000000000e+00       1.686480368702e-16       2.150365886140e-17       3.568195581556e-19 
 2744       6.709743014790e-12       1.625026806222e-13      -2.339635404271e-13       0.000000000000e+00       1.684247233877e-16       2.136334765262e-17       3.608026245822e-19 
 2745       6.684881782739e-12       1.623472053276e-13      -2.292553686572e-13       0.000000000000e+00       1.682018211660e-16       2.122237735327e-17       3.659469860342e-19 
 2746       6.659874790681e-12       1.622166884994e-13      -2.246062807247e-13       0.000000000000e+00       1.679793287528e-16       2.108079581149e-17       3.723547442000e-19 
 2747       6.634726258279e-12       1.621109844238e-13      -2.200179291886e-13       0.000000000000e+00       1.677572446882e-16       2.093865101727e-17       3.801282926954e-19 
 2748       6.609440418051e-12       1.620299468428e-13      -2.154919711160e-13       0.000000000000e+00       1.675355675047e-16       2.079599110256e-17       3.893703173273e-19 
 2749       6.584021515382e-12       1.619734289532e-13      -2.110300680865e-13       0.000000000000e+00       1.673142957272e-16       2.065286434144e-17       4.001837963577e-19 
 2750       6.558473932279e-12       1.619412418319e-13      -2.066336798991e-13       0.000000000000e+00       1.670934274587e-16       2.050932415600e-17       4.126417546334e-19 
 2751       6.532802559322e-12       1.619330294698e-13      -2.023034444840e-13       0.000000000000e+00       1.668729591359e-16       2.036544416304e-17       4.266963494686e-19 
 2752       6.507012425719e-12       1.619483930712e-13      -1.980397946968e-13       0.000000000000e+00       1.666528867670e-16       2.022130320774e-17       4.422693011360e-19 
 2753       6.481108575754e-12       1.619869325666e-13      -1.938431643160e-13       0.000000000000e+00       1.664332063453e-16       2.007698036544e-17       4.592820948156e-19 
 2754       6.455096068799e-12       1.620482466116e-13      -1.897139880438e-13       0.000000000000e+00       1.662139138492e-16       1.993255494175e-17       4.776559803783e-19 
 2755       6.428979979335e-12       1.621319325856e-13      -1.856527015069e-13       0.000000000000e+00       1.659950052422e-16       1.978810647285e-17       4.973119721707e-19 
 2756       6.402765396957e-12       1.622375865906e-13      -1.816597412573e-13       0.000000000000e+00       1.657764764729e-16       1.964371472565e-17       5.181708487993e-19 
 2757       6.376457426394e-12       1.623648034501e-13      -1.777355447729e-13       0.000000000000e+00       1.655583234749e-16       1.949945969799e-17       5.401531529143e-19 
 2758       6.350061187521e-12       1.625131767079e-13      -1.738805504583e-13       0.000000000000e+00       1.653405421671e-16       1.935542161888e-17       5.631791909941e-19 
 2759       6.323581815372e-12       1.626822986268e-13      -1.700951976454e-13       0.000000000000e+00       1.651231284532e-16       1.921168094870e-17       5.871690331300e-19 
 2760       6.297024460156e-12       1.628717601875e-13      -1.663799265945e-13       0.000000000000e+00       1.649060782218e-16       1.906831837942e-17       6.120425128094e-19 
 2761       6.270394287267e-12       1.630811510874e-13      -1.627351784947e-13       0.000000000000e+00       1.646893873469e-16       1.892541483475e-17       6.377192267012e-19 
 2762       6.243696477302e-12       1.633100597394e-13      -1.591613954645e-13       0.000000000000e+00       1.644730516872e-16       1.878305147044e-17       6.641185344390e-19 
 2763       6.216936226071e-12       1.635580732707e-13      -1.556590205531e-13       0.000000000000e+00       1.642570670863e-16       1.864130967442e-17       6.911595584061e-19 
 2764       6.190118744614e-12       1.638247775215e-13      -1.522284977405e-13       0.000000000000e+00       1.640414293732e-16       1.850027106703e-17       7.187611835195e-19 
 2765       6.163249259215e-12       1.641097570441e-13      -1.488702719387e-13       0.000000000000e+00       1.638261343613e-16       1.836001750125e-17       7.468420570140e-19 
 2766       6.136333011410e-12       1.644125951014e-13      -1.455847889923e-13       0.000000000000e+00       1.636111778493e-16       1.822063106288e-17       7.753205882264e-19 
 2767       6.109375258011e-12       1.647328736660e-13      -1.423724956789e-13       0.000000000000e+00       1.633965556208e-16       1.808219407074e-17       8.041149483800e-19 
 2768       6.082381271108e-12       1.650701734187e-13      -1.392338397105e-13       0.000000000000e+00       1.631822634441e-16       1.794478907694e-17       8.331430703689e-19 
 2769       6.055356338093e-12       1.654240737474e-13      -1.361692697335e-13       0.000000000000e+00       1.629682970725e-16       1.780849886701e-17       8.623226485419e-19 
 2770       6.028305761667e-12       1.657941527462e-13      -1.331792353302e-13       0.000000000000e+00       1.627546522442e-16       1.767340646017e-17       8.915711384867e-19 
 2771       6.001234859858e-12       1.661799872137e-13      -1.302641870187e-13       0.000000000000e+00       1.625413246823e-16       1.753959510951e-17       9.208057568146e-19 
 2772       5.974148966034e-12       1.665811526523e-13      -1.274245762542e-13       0.000000000000e+00       1.623283100947e-16       1.740714830219e-17       9.499434809444e-19 
 2773       5.947053428912e-12       1.669972232666e-13      -1.246608554299e-13       0.000000000000e+00       1.621156041740e-16       1.727614975970e-17       9.789010488867e-19 
 2774       5.919953612580e-12       1.674277719626e-13      -1.219734778769e-13       0.000000000000e+00       1.619032025977e-16       1.714668343799e-17       1.007594959028e-18 
 2775       5.892854896505e-12       1.678723703461e-13      -1.193628978659e-13       0.000000000000e+00       1.616911010284e-16       1.701883352776e-17       1.035941469916e-18 
 2776       5.865762675548e-12       1.683305887219e-13      -1.168295706072e-13       0.000000000000e+00       1.614792951129e-16       1.689268445461e-17       1.063856600041e-18 
 2777       5.838682359979e-12       1.688019960923e-13      -1.143739522518e-13       0.000000000000e+00       1.612677804833e-16       1.676832087928e-17       1.091256127624e-18 
 2778       5.811619375490e-12       1.692861601561e-13      -1.119964998923e-13       0.000000000000e+00       1.610565527561e-16       1.664582769784e-17       1.118055590399e-18 
 2779       5.784579163207e-12       1.697826473074e-13      -1.096976715630e-13       0.000000000000e+00       1.608456075328e-16       1.652529004193e-17       1.144170285395e-18 
 2780       5.757567179709e-12       1.702910226340e-13      -1.074779262413e-13       0.000000000000e+00       1.606349403995e-16       1.640679327892e-17       1.169515268725e-18 
 2781       5.730588897036e-12       1.708108499171e-13      -1.053377238480e-13       0.000000000000e+00       1.604245469269e-16       1.629042301217e-17       1.194005355366e-18 
 2782       5.703649802705e-12       1.713416916290e-13      -1.032775252483e-13       0.000000000000e+00       1.602144226707e-16       1.617626508121e-17       1.217555118946e-18 
 2783       5.676755399726e-12       1.718831089331e-13      -1.012977922525e-13       0.000000000000e+00       1.600045631710e-16       1.606440556195e-17       1.240078891528e-18 
 2784       5.649911206612e-12       1.724346616814e-13      -9.939898761645e-14       0.000000000000e+00       1.597949639527e-16       1.595493076690e-17       1.261490763391e-18 
 2785       5.623122757397e-12       1.729959084146e-13      -9.758157504261e-14       0.000000000000e+00       1.595856205253e-16       1.584792724537e-17       1.281704582818e-18 
 2786       5.596395601645e-12       1.735664063599e-13      -9.584601918065e-14       0.000000000000e+00       1.593765283830e-16       1.574348178370e-17       1.300633955880e-18 
 2787       5.569735304466e-12       1.741457114303e-13      -9.419278562822e-14       0.000000000000e+00       1.591676830046e-16       1.564168140543e-17       1.318192246218e-18 
 2788       5.543147446534e-12       1.747333782235e-13      -9.262234093164e-14       0.000000000000e+00       1.589590798535e-16       1.554261337154e-17       1.334292574828e-18 
 2789       5.516637266567e-12       1.753289660218e-13      -9.113496633680e-14       0.000000000000e+00       1.587507161760e-16       1.544633099527e-17       1.348871132876e-18 
 2790       5.490208586718e-12       1.759320568305e-13      -8.973019797174e-14       0.000000000000e+00       1.585425964069e-16       1.535275089011e-17       1.361957254312e-18 
 2791       5.463864881570e-12       1.765422374321e-13      -8.840738372589e-14       0.000000000000e+00       1.583347267924e-16       1.526175518267e-17       1.373603710780e-18 
 2792       5.437609635163e-12       1.771590933920e-13      -8.716586923087e-14       0.000000000000e+00       1.581271135940e-16       1.517322564874e-17       1.383863432145e-18 
 2793       5.411446341000e-12       1.777822090580e-13      -8.600499785829e-14       0.000000000000e+00       1.579197630890e-16       1.508704371297e-17       1.392789506642e-18 
 2794       5.385378502052e-12       1.784111675588e-13      -8.492411071765e-14       0.000000000000e+00       1.577126815702e-16       1.500309044857e-17       1.400435181015e-18 
 2795       5.359409630773e-12       1.790455508028e-13      -8.392254665420e-14       0.000000000000e+00       1.575058753458e-16       1.492124657698e-17       1.406853860666e-18 
 2796       5.333543249102e-12       1.796849394774e-13      -8.299964224679e-14       0.000000000000e+00       1.572993507399e-16       1.484139246755e-17       1.412099109795e-18 
 2797       5.307782888475e-12       1.803289130475e-13      -8.215473180574e-14       0.000000000000e+00       1.570931140919e-16       1.476340813721e-17       1.416224651543e-18 
 2798       5.282132089831e-12       1.809770497547e-13      -8.138714737068e-14       0.000000000000e+00       1.568871717570e-16       1.468717325017e-17       1.419284368139e-18 
 2799       5.256594403624e-12       1.816289266160e-13      -8.069621870845e-14       0.000000000000e+00       1.566815301060e-16       1.461256711761e-17       1.421332301042e-18 
 2800       5.231173389827e-12       1.822841194228e-13      -8.008127331093e-14       0.000000000000e+00       1.564761955253e-16       1.453946869734e-17       1.422422651085e-18 
 2801       5.205872617941e-12       1.829422027398e-13      -7.954163639291e-14       0.000000000000e+00       1.562711744171e-16       1.446775659349e-17       1.422609778619e-18 
 2802       5.180695667007e-12       1.836027499039e-13      -7.907663088994e-14       0.000000000000e+00       1.560664731990e-16       1.439730905619e-17       1.421948203656e-18 
 2803       5.155646125611e-12       1.842653330230e-13      -7.868557745623e-14       0.000000000000e+00       1.558620983046e-16       1.432800398126e-17       1.420492606014e-18 
 2804       5.130727591891e-12       1.849295229751e-13      -7.836779446246e-14       0.000000000000e+00       1.556580561829e-16       1.425971890990e-17       1.418297825458e-18 
 2805       5.105943673549e-12       1.855948894069e-13      -7.812259799368e-14       0.000000000000e+00       1.554543532988e-16       1.419233102832e-17       1.415418861849e-18 
 2806       5.081297987858e-12       1.862610007330e-13      -7.794930184715e-14       0.000000000000e+00       1.552509961329e-16       1.412571716750e-17       1.411910875283e-18 
 2807       5.056794161669e-12       1.869274241348e-13      -7.784721753021e-14       0.000000000000e+00       1.550479911815e-16       1.405975380281e-17       1.407829186234e-18 
 2808       5.032435831419e-12       1.875937255591e-13      -7.781565425813e-14       0.000000000000e+00       1.548453449565e-16       1.399431705373e-17       1.403229275705e-18 
 2809       5.008226643143e-12       1.882594697173e-13      -7.785391895201e-14       0.000000000000e+00       1.546430639860e-16       1.392928268350e-17       1.398166785363e-18 
 2810       4.984170252479e-12       1.889242200842e-13      -7.796131623658e-14       0.000000000000e+00       1.544411548133e-16       1.386452609883e-17       1.392697517687e-18 
 2811       4.960270324675e-12       1.895875388967e-13      -7.813714843811e-14       0.000000000000e+00       1.542396239979e-16       1.379992234956e-17       1.386877436114e-18 
 2812       4.936530534602e-12       1.902489871531e-13      -7.838071558224e-14       0.000000000000e+00       1.540384781150e-16       1.373534612837e-17       1.380762665177e-18 
 2813       4.912954566757e-12       1.909081246117e-13      -7.869131539187e-14       0.000000000000e+00       1.538377237555e-16       1.367067177043e-17       1.374409490654e-18 
 2814       4.889546115277e-12       1.915645097899e-13      -7.906824328501e-14       0.000000000000e+00       1.536373675263e-16       1.360577325309e-17       1.367874359708e-18 
 2815       4.866308883943e-12       1.922176999628e-13      -7.951079237262e-14       0.000000000000e+00       1.534374160500e-16       1.354052419559e-17       1.361213881034e-18 
 2816       4.843246586187e-12       1.928672511625e-13      -8.001825345651e-14       0.000000000000e+00       1.532378759651e-16       1.347479785870e-17       1.354484825001e-18 
 2817       4.820362945106e-12       1.935127181767e-13      -8.058991502717e-14       0.000000000000e+00       1.530387539259e-16       1.340846714443e-17       1.347744123794e-18 
 2818       4.797661693467e-12       1.941536545477e-13      -8.122506326163e-14       0.000000000000e+00       1.528400566028e-16       1.334140459570e-17       1.341048871563e-18 
 2819       4.775146573713e-12       1.947896125713e-13      -8.192298202136e-14       0.000000000000e+00       1.526417906818e-16       1.327348239604e-17       1.334456324560e-18 
 2820       4.752821337976e-12       1.954201432957e-13      -8.268295285009e-14       0.000000000000e+00       1.524439628650e-16       1.320457236923e-17       1.328023901289e-18 
 2821       4.730689748082e-12       1.960447965204e-13      -8.350425497168e-14       0.000000000000e+00       1.522465798703e-16       1.313454597903e-17       1.321809182646e-18 
 2822       4.708755575560e-12       1.966631207951e-13      -8.438616528800e-14       0.000000000000e+00       1.520496484317e-16       1.306327432885e-17       1.315869912063e-18 
 2823       4.687022601652e-12       1.972746634186e-13      -8.532795837677e-14       0.000000000000e+00       1.518531752989e-16       1.299062816140e-17       1.310263995655e-18 
 2824       4.665494617318e-12       1.978789704377e-13      -8.632890648944e-14       0.000000000000e+00       1.516571672378e-16       1.291647785840e-17       1.305049502357e-18 
 2825       4.644175423247e-12       1.984755866462e-13      -8.738827954902e-14       0.000000000000e+00       1.514616310300e-16       1.284069344028e-17       1.300284664077e-18 
 2826       4.623068829865e-12       1.990640555836e-13      -8.850534514798e-14       0.000000000000e+00       1.512665734733e-16       1.276314456581e-17       1.296027875831e-18 
 2827       4.602178657342e-12       1.996439195341e-13      -8.967936854609e-14       0.000000000000e+00       1.510720013815e-16       1.268370053184e-17       1.292337695892e-18 
 2828       4.581508168200e-12       2.002147606684e-13      -9.090953762909e-14       0.000000000000e+00       1.508779188932e-16       1.260227316160e-17       1.289259888383e-18 
 2829       4.561058361911e-12       2.007763247037e-13      -9.219473736442e-14       0.000000000000e+00       1.506843193832e-16       1.251894571312e-17       1.286788477456e-18 
 2830       4.540829671482e-12       2.013283978820e-13      -9.353377417320e-14       0.000000000000e+00       1.504911935095e-16       1.243384463780e-17       1.284904491712e-18 
 2831       4.520822530057e-12       2.018707658845e-13      -9.492545086007e-14       0.000000000000e+00       1.502985319003e-16       1.234709675266e-17       1.283588903378e-18 
 2832       4.501037370915e-12       2.024032138317e-13      -9.636856660992e-14       0.000000000000e+00       1.501063251543e-16       1.225882924067e-17       1.282822628259e-18 
 2833       4.481474627469e-12       2.029255262826e-13      -9.786191698465e-14       0.000000000000e+00       1.499145638401e-16       1.216916965111e-17       1.282586525690e-18 
 2834       4.462134733267e-12       2.034374872341e-13      -9.940429391988e-14       0.000000000000e+00       1.497232384968e-16       1.207824589986e-17       1.282861398479e-18 
 2835       4.443018121993e-12       2.039388801207e-13      -1.009944857217e-13       0.000000000000e+00       1.495323396336e-16       1.198618626971e-17       1.283627992862e-18 
 2836       4.424125227464e-12       2.044294878142e-13      -1.026312770634e-13       0.000000000000e+00       1.493418577299e-16       1.189311941076e-17       1.284866998450e-18 
 2837       4.405456483632e-12       2.049090926228e-13      -1.043134489822e-13       0.000000000000e+00       1.491517832354e-16       1.179917434065e-17       1.286559048180e-18 
 2838       4.387012324582e-12       2.053774762908e-13      -1.060397788760e-13       0.000000000000e+00       1.489621065695e-16       1.170448044496e-17       1.288684718261e-18 
 2839       4.368793184534e-12       2.058344199983e-13      -1.078090405002e-13       0.000000000000e+00       1.487728181222e-16       1.160916747750e-17       1.291224528127e-18 
 2840       4.350799497840e-12       2.062797043604e-13      -1.096200039641e-13       0.000000000000e+00       1.485839082532e-16       1.151336556063e-17       1.294158940387e-18 
 2841       4.333031698987e-12       2.067131094271e-13      -1.114714357281e-13       0.000000000000e+00       1.483953672925e-16       1.141720518561e-17       1.297468360768e-18 
 2842       4.315490222594e-12       2.071344146824e-13      -1.133620986002e-13       0.000000000000e+00       1.482071855399e-16       1.132081721292e-17       1.301133138073e-18 
 2843       4.298175503412e-12       2.075433990441e-13      -1.152907517327e-13       0.000000000000e+00       1.480193532652e-16       1.122433287254e-17       1.305133564125e-18 
 2844       4.281087976327e-12       2.079398408631e-13      -1.172561506189e-13       0.000000000000e+00       1.478318607084e-16       1.112788376436e-17       1.309449873716e-18 
 2845       4.264228076356e-12       2.083235179233e-13      -1.192570470901e-13       0.000000000000e+00       1.476446980791e-16       1.103160185843e-17       1.314062244561e-18 
 2846       4.247596238648e-12       2.086942074407e-13      -1.212921893121e-13       0.000000000000e+00       1.474578555571e-16       1.093561949531e-17       1.318950797244e-18 
 2847       4.231192898484e-12       2.090516860631e-13      -1.233603217819e-13       0.000000000000e+00       1.472713232919e-16       1.084006938642e-17       1.324095595165e-18 
 2848       4.215018491278e-12       2.093957298696e-13      -1.254601853246e-13       0.000000000000e+00       1.470850914029e-16       1.074508461432e-17       1.329476644497e-18 
 2849       4.199073452575e-12       2.097261143703e-13      -1.275905170900e-13       0.000000000000e+00       1.468991499792e-16       1.065079863308e-17       1.335073894126e-18 
 2850       4.183358218050e-12       2.100426145054e-13      -1.297500505497e-13       0.000000000000e+00       1.467134890799e-16       1.055734526857e-17       1.340867235609e-18 
 2851       4.167873223511e-12       2.103450046450e-13      -1.319375154930e-13       0.000000000000e+00       1.465280987338e-16       1.046485871879e-17       1.346836503119e-18 
 2852       4.152618904896e-12       2.106330585888e-13      -1.341516380248e-13       0.000000000000e+00       1.463429689393e-16       1.037347355424e-17       1.352961473392e-18 
 2853       4.137595698274e-12       2.109065495652e-13      -1.363911405611e-13       0.000000000000e+00       1.461580896646e-16       1.028332471818e-17       1.359221865683e-18 
 2854       4.122804039845e-12       2.111652502310e-13      -1.386547418268e-13       0.000000000000e+00       1.459734508478e-16       1.019454752698e-17       1.365597341711e-18 
 2855       4.108244365937e-12       2.114089326710e-13      -1.409411568518e-13       0.000000000000e+00       1.457890423962e-16       1.010727767048e-17       1.372067505607e-18 
 2856       4.093917113011e-12       2.116373683974e-13      -1.432490969679e-13       0.000000000000e+00       1.456048541872e-16       1.002165121225e-17       1.378611903869e-18 
 2857       4.079822717656e-12       2.118503283496e-13      -1.455772698056e-13       0.000000000000e+00       1.454208760675e-16       9.937804589986e-18       1.385210025305e-18 
 2858       4.065961616593e-12       2.120475828931e-13      -1.479243792907e-13       0.000000000000e+00       1.452370978535e-16       9.855874615772e-18       1.391841300988e-18 
 2859       4.052334246668e-12       2.122289018198e-13      -1.502891256413e-13       0.000000000000e+00       1.450535093310e-16       9.775998476447e-18       1.398485104201e-18 
 2860       4.038941044860e-12       2.123940543468e-13      -1.526702053642e-13       0.000000000000e+00       1.448701002556e-16       9.698313733912e-18       1.405120750390e-18 
 2861       4.025782448276e-12       2.125428091164e-13      -1.550663112519e-13       0.000000000000e+00       1.446868603521e-16       9.622958325462e-18       1.411727497109e-18 
 2862       4.012858894152e-12       2.126749341955e-13      -1.574761323791e-13       0.000000000000e+00       1.445037793149e-16       9.550070564106e-18       1.418284543976e-18 
 2863       4.000170819851e-12       2.127901970750e-13      -1.598983540996e-13       0.000000000000e+00       1.443208468078e-16       9.479789138898e-18       1.424771032615e-18 
 2864       3.987718662867e-12       2.128883646694e-13      -1.623316580433e-13       0.000000000000e+00       1.441380524641e-16       9.412253115257e-18       1.431166046611e-18 
 2865       3.975502860819e-12       2.129692033164e-13      -1.647747221121e-13       0.000000000000e+00       1.439553858865e-16       9.347601935297e-18       1.437448611457e-18 
 2866       3.963523851457e-12       2.130324787762e-13      -1.672262204776e-13       0.000000000000e+00       1.437728366468e-16       9.285975418147e-18       1.443597694502e-18 
 2867       3.951781629661e-12       2.130780052538e-13      -1.696848780035e-13       0.000000000000e+00       1.435903974821e-16       9.227477712211e-18       1.449592831997e-18 
 2868       3.940274415990e-12       2.131057927390e-13      -1.721496338250e-13       0.000000000000e+00       1.434080738994e-16       9.172068950110e-18       1.455416013818e-18 
 2869       3.928999981332e-12       2.131159004182e-13      -1.746194785984e-13       0.000000000000e+00       1.432258746199e-16       9.119673040919e-18       1.461049808270e-18 
 2870       3.917956089278e-12       2.131083877201e-13      -1.770934001490e-13       0.000000000000e+00       1.430438083876e-16       9.070213667770e-18       1.466476735822e-18 
 2871       3.907140496111e-12       2.130833143161e-13      -1.795703834677e-13       0.000000000000e+00       1.428618839690e-16       9.023614287653e-18       1.471679269070e-18 
 2872       3.896550950805e-12       2.130407401206e-13      -1.820494107093e-13       0.000000000000e+00       1.426801101540e-16       8.979798131209e-18       1.476639832695e-18 
 2873       3.886185195013e-12       2.129807252911e-13      -1.845294611898e-13       0.000000000000e+00       1.424984957549e-16       8.938688202538e-18       1.481340803419e-18 
 2874       3.876040963064e-12       2.129033302285e-13      -1.870095113835e-13       0.000000000000e+00       1.423170496071e-16       8.900207278991e-18       1.485764509969e-18 
 2875       3.866115981953e-12       2.128086155772e-13      -1.894885349213e-13       0.000000000000e+00       1.421357805690e-16       8.864277910970e-18       1.489893233027e-18 
 2876       3.856407971339e-12       2.126966422257e-13      -1.919655025875e-13       0.000000000000e+00       1.419546975218e-16       8.830822421733e-18       1.493709205197e-18 
 2877       3.846914643532e-12       2.125674713065e-13      -1.944393823179e-13       0.000000000000e+00       1.417738093695e-16       8.799762907184e-18       1.497194610960e-18 
 2878       3.837633703493e-12       2.124211641963e-13      -1.969091391970e-13       0.000000000000e+00       1.415931250395e-16       8.771021235680e-18       1.500331586630e-18 
 2879       3.828562848822e-12       2.122577825164e-13      -1.993737354556e-13       0.000000000000e+00       1.414126534818e-16       8.744519047828e-18       1.503102220318e-18 
 2880       3.819699769755e-12       2.120773881330e-13      -2.018321304683e-13       0.000000000000e+00       1.412324036695e-16       8.720177756280e-18       1.505488551887e-18 
 2881       3.811042149155e-12       2.118800431572e-13      -2.042832807512e-13       0.000000000000e+00       1.410523845988e-16       8.697918545538e-18       1.507472572910e-18 
 2882       3.802587662505e-12       2.116658099455e-13      -2.067261399592e-13       0.000000000000e+00       1.408726052889e-16       8.677662371749e-18       1.509036226631e-18 
 2883       3.794333977905e-12       2.114347510998e-13      -2.091596588837e-13       0.000000000000e+00       1.406930747822e-16       8.659329962508e-18       1.510161407922e-18 
 2884       3.786278756061e-12       2.111869294677e-13      -2.115827854499e-13       0.000000000000e+00       1.405138021438e-16       8.642841816652e-18       1.510829963243e-18 
 2885       3.778419650279e-12       2.109224081427e-13      -2.139944647149e-13       0.000000000000e+00       1.403347964625e-16       8.628118204064e-18       1.511023690599e-18 
 2886       3.770754306463e-12       2.106412504648e-13      -2.163936388643e-13       0.000000000000e+00       1.401560668496e-16       8.615079165471e-18       1.510724339499e-18 
 2887       3.763280363101e-12       2.103435200200e-13      -2.187792472107e-13       0.000000000000e+00       1.399776224399e-16       8.603644512239e-18       1.509913610913e-18 
 2888       3.755995451263e-12       2.100292806412e-13      -2.211502261906e-13       0.000000000000e+00       1.397994723914e-16       8.593733826179e-18       1.508573157235e-18 
 2889       3.748897194595e-12       2.096985964083e-13      -2.235055093619e-13       0.000000000000e+00       1.396216258851e-16       8.585266459341e-18       1.506684582238e-18 
 2890       3.741983209309e-12       2.093515316481e-13      -2.258440274022e-13       0.000000000000e+00       1.394440921253e-16       8.578161533815e-18       1.504229441033e-18 
 2891       3.735251104179e-12       2.089881509348e-13      -2.281647081051e-13       0.000000000000e+00       1.392668803395e-16       8.572337941529e-18       1.501189240027e-18 
 2892       3.728698480531e-12       2.086085190904e-13      -2.304664763791e-13       0.000000000000e+00       1.390899997783e-16       8.567714344051e-18       1.497545436884e-18 
 2893       3.722322932242e-12       2.082127011844e-13      -2.327482542438e-13       0.000000000000e+00       1.389134597159e-16       8.564209172385e-18       1.493279440482e-18 
 2894       3.716122045728e-12       2.078007625346e-13      -2.350089608285e-13       0.000000000000e+00       1.387372694494e-16       8.561740626772e-18       1.488372610870e-18 
 2895       3.710093399938e-12       2.073727687070e-13      -2.372475123691e-13       0.000000000000e+00       1.385614382995e-16       8.560226676487e-18       1.482806259230e-18 
 2896       3.704234566352e-12       2.069287855162e-13      -2.394628222059e-13       0.000000000000e+00       1.383859756099e-16       8.559585059643e-18       1.476561647833e-18 
 2897       3.698543108968e-12       2.064688790255e-13      -2.416538007810e-13       0.000000000000e+00       1.382108907480e-16       8.559733282982e-18       1.469619989998e-18 
 2898       3.693016584300e-12       2.059931155473e-13      -2.438193556360e-13       0.000000000000e+00       1.380361931043e-16       8.560588621684e-18       1.461962450052e-18 
 2899       3.687652541367e-12       2.055015616430e-13      -2.459583914092e-13       0.000000000000e+00       1.378618920927e-16       8.562068119158e-18       1.453570143285e-18 
 2900       3.682448521692e-12       2.049942841236e-13      -2.480698098336e-13       0.000000000000e+00       1.376879971506e-16       8.564088586844e-18       1.444424135914e-18 
 2901       3.677402059290e-12       2.044713500500e-13      -2.501525097341e-13       0.000000000000e+00       1.375145177388e-16       8.566566604015e-18       1.434505445036e-18 
 2902       3.672510680664e-12       2.039328267326e-13      -2.522053870250e-13       0.000000000000e+00       1.373414633413e-16       8.569418517572e-18       1.423795038591e-18 
 2903       3.667771904799e-12       2.033787817324e-13      -2.542273347077e-13       0.000000000000e+00       1.371688434659e-16       8.572560441845e-18       1.412273835318e-18 
 2904       3.663183243152e-12       2.028092828604e-13      -2.562172428681e-13       0.000000000000e+00       1.369966676436e-16       8.575908258390e-18       1.399922704713e-18 
 2905       3.658742199650e-12       2.022243981786e-13      -2.581739986744e-13       0.000000000000e+00       1.368249454290e-16       8.579377615794e-18       1.386722466991e-18 
 2906       3.654446165367e-12       2.016242239972e-13      -2.600966092862e-13       0.000000000000e+00       1.366536832340e-16       8.582891441066e-18       1.372665534056e-18 
 2907       3.650292102018e-12       2.010089690221e-13      -2.619845712642e-13       0.000000000000e+00       1.364828748110e-16       8.586402515595e-18       1.357790896603e-18 
 2908       3.646276856856e-12       2.003788706324e-13      -2.638375030177e-13       0.000000000000e+00       1.363125107222e-16       8.589871012577e-18       1.342149313268e-18 
 2909       3.642397267836e-12       1.997341669216e-13      -2.656550220608e-13       0.000000000000e+00       1.361425815005e-16       8.593256995652e-18       1.325791685749e-18 
 2910       3.638650163602e-12       1.990750966984e-13      -2.674367450117e-13       0.000000000000e+00       1.359730776502e-16       8.596520418814e-18       1.308769058933e-18 
 2911       3.635032363482e-12       1.984018994875e-13      -2.691822875921e-13       0.000000000000e+00       1.358039896468e-16       8.599621126314e-18       1.291132621017e-18 
 2912       3.631540677478e-12       1.977148155298e-13      -2.708912646263e-13       0.000000000000e+00       1.356353079368e-16       8.602518852567e-18       1.272933703635e-18 
 2913       3.628171906260e-12       1.970140857836e-13      -2.725632900407e-13       0.000000000000e+00       1.354670229379e-16       8.605173222057e-18       1.254223781979e-18 
 2914       3.624922841153e-12       1.962999519247e-13      -2.741979768627e-13       0.000000000000e+00       1.352991250388e-16       8.607543749245e-18       1.235054474924e-18 
 2915       3.621790264136e-12       1.955726563474e-13      -2.757949372205e-13       0.000000000000e+00       1.351316045994e-16       8.609589838471e-18       1.215477545153e-18 
 2916       3.618770947828e-12       1.948324421650e-13      -2.773537823419e-13       0.000000000000e+00       1.349644519504e-16       8.611270783864e-18       1.195544899280e-18 
 2917       3.615861655481e-12       1.940795532102e-13      -2.788741225539e-13       0.000000000000e+00       1.347976573936e-16       8.612545769246e-18       1.175308587974e-18 
 2918       3.613059140973e-12       1.933142340363e-13      -2.803555672817e-13       0.000000000000e+00       1.346312112018e-16       8.613373868037e-18       1.154820806082e-18 
 2919       3.610360148802e-12       1.925367299171e-13      -2.817977250482e-13       0.000000000000e+00       1.344651036187e-16       8.613714043161e-18       1.134133892755e-18 
 2920       3.607761414071e-12       1.917472868484e-13      -2.832002034734e-13       0.000000000000e+00       1.342993248591e-16       8.613525146956e-18       1.113300331569e-18 
 2921       3.605259662486e-12       1.909461515477e-13      -2.845626092731e-13       0.000000000000e+00       1.341338651084e-16       8.612765921073e-18       1.092372750654e-18 
 2922       3.602851610348e-12       1.901335714555e-13      -2.858845482588e-13       0.000000000000e+00       1.339687145230e-16       8.611394996386e-18       1.071403922810e-18 
 2923       3.600533964538e-12       1.893097947357e-13      -2.871656253366e-13       0.000000000000e+00       1.338038632302e-16       8.609370892898e-18       1.050446765639e-18 
 2924       3.598303422519e-12       1.884750702761e-13      -2.884054445069e-13       0.000000000000e+00       1.336393013281e-16       8.606652019645e-18       1.029554341664e-18 
 2925       3.596156672317e-12       1.876296476895e-13      -2.896036088629e-13       0.000000000000e+00       1.334750188856e-16       8.603196674604e-18       1.008779858455e-18 
 2926       3.594090392522e-12       1.867737773137e-13      -2.907597205907e-13       0.000000000000e+00       1.333110059422e-16       8.598963044597e-18       9.881766687519e-19 
 2927       3.592101252275e-12       1.859077102125e-13      -2.918733809682e-13       0.000000000000e+00       1.331472525084e-16       8.593909205198e-18       9.677982705886e-19 
 2928       3.590185911259e-12       1.850316981763e-13      -2.929441903642e-13       0.000000000000e+00       1.329837485653e-16       8.587993120637e-18       9.476983074175e-19 
 2929       3.588341019695e-12       1.841459937228e-13      -2.939717482382e-13       0.000000000000e+00       1.328204840646e-16       8.581172643708e-18       9.279305682326e-19 
 2930       3.586563218331e-12       1.832508500974e-13      -2.949556531391e-13       0.000000000000e+00       1.326574489287e-16       8.573405515676e-18       9.085489876944e-19 
 2931       3.584849138433e-12       1.823465212739e-13      -2.958955027049e-13       0.000000000000e+00       1.324946330508e-16       8.564649366178e-18       8.896076462527e-19 
 2932       3.583195401779e-12       1.814332619555e-13      -2.967908936617e-13       0.000000000000e+00       1.323320262946e-16       8.554861713133e-18       8.711607702715e-19 
 2933       3.581598620650e-12       1.805113275747e-13      -2.976414218231e-13       0.000000000000e+00       1.321696184943e-16       8.543999962648e-18       8.532627321524e-19 
 2934       3.580055397822e-12       1.795809742948e-13      -2.984466820895e-13       0.000000000000e+00       1.320073994548e-16       8.532021408919e-18       8.359680504586e-19 
 2935       3.578562326557e-12       1.786424590097e-13      -2.992062684474e-13       0.000000000000e+00       1.318453589514e-16       8.518883234144e-18       8.193313900389e-19 
 2936       3.577115990595e-12       1.776960393451e-13      -2.999197739685e-13       0.000000000000e+00       1.316834867300e-16       8.504542508424e-18       8.034075621515e-19 
 2937       3.575712964147e-12       1.767419736591e-13      -3.005867908091e-13       0.000000000000e+00       1.315217725071e-16       8.488956189669e-18       7.882515245881e-19 
 2938       3.574349811887e-12       1.757805210424e-13      -3.012069102095e-13       0.000000000000e+00       1.313602059694e-16       8.472081123506e-18       7.739183817977e-19 
 2939       3.573023088939e-12       1.748119413193e-13      -3.017797224930e-13       0.000000000000e+00       1.311987767743e-16       8.453874043184e-18       7.604633850107e-19 
 2940       3.571729340878e-12       1.738364950483e-13      -3.023048170654e-13       0.000000000000e+00       1.310374745493e-16       8.434291569478e-18       7.479419323623e-19 
 2941       3.570465103713e-12       1.728544435228e-13      -3.027817824141e-13       0.000000000000e+00       1.308762888925e-16       8.413290210597e-18       7.364095690172e-19 
 2942       3.569226903883e-12       1.718660487713e-13      -3.032102061076e-13       0.000000000000e+00       1.307152093723e-16       8.390826362092e-18       7.259219872928e-19 
 2943       3.568011258248e-12       1.708715735585e-13      -3.035896747946e-13       0.000000000000e+00       1.305542255276e-16       8.366856306755e-18       7.165350267837e-19 
 2944       3.566814674082e-12       1.698712813859e-13      -3.039197742034e-13       0.000000000000e+00       1.303933268672e-16       8.341336214532e-18       7.083046744851e-19 
 2945       3.565633812220e-12       1.688654423305e-13      -3.042002329390e-13       0.000000000000e+00       1.302325060372e-16       8.314253866700e-18       7.012660492293e-19 
 2946       3.564465977404e-12       1.678543505928e-13      -3.044313546586e-13       0.000000000000e+00       1.300717683378e-16       8.285724000953e-18       6.953702405691e-19 
 2947       3.563308630361e-12       1.668383070376e-13      -3.046135880444e-13       0.000000000000e+00       1.299111222535e-16       8.255893440309e-18       6.905471560247e-19 
 2948       3.562159224862e-12       1.658176133639e-13      -3.047473832015e-13       0.000000000000e+00       1.297505762905e-16       8.224909412239e-18       6.867265080752e-19 
 2949       3.561015207712e-12       1.647925721061e-13      -3.048331916594e-13       0.000000000000e+00       1.295901389771e-16       8.192919549017e-18       6.838378139917e-19 
 2950       3.559874018749e-12       1.637634866346e-13      -3.048714663735e-13       0.000000000000e+00       1.294298188633e-16       8.160071888063e-18       6.818103956709e-19 
 2951       3.558733090834e-12       1.627306611561e-13      -3.048626617259e-13       0.000000000000e+00       1.292696245212e-16       8.126514872286e-18       6.805733794679e-19 
 2952       3.557589849850e-12       1.616944007148e-13      -3.048072335272e-13       0.000000000000e+00       1.291095645449e-16       8.092397350434e-18       6.800556960297e-19 
 2953       3.556441714689e-12       1.606550111930e-13      -3.047056390173e-13       0.000000000000e+00       1.289496475502e-16       8.057868577430e-18       6.801860801284e-19 
 2954       3.555286097253e-12       1.596127993115e-13      -3.045583368667e-13       0.000000000000e+00       1.287898821751e-16       8.023078214726e-18       6.808930704946e-19 
 2955       3.554120402446e-12       1.585680726308e-13      -3.043657871781e-13       0.000000000000e+00       1.286302770796e-16       7.988176330640e-18       6.821050096503e-19 
 2956       3.552942028164e-12       1.575211395514e-13      -3.041284514876e-13       0.000000000000e+00       1.284708409456e-16       7.953313400705e-18       6.837500437425e-19 
 2957       3.551748365296e-12       1.564723093148e-13      -3.038467927655e-13       0.000000000000e+00       1.283115824772e-16       7.918640308012e-18       6.857561223761e-19 
 2958       3.550536797712e-12       1.554218920040e-13      -3.035212754181e-13       0.000000000000e+00       1.281525104003e-16       7.884308343557e-18       6.880509984475e-19 
 2959       3.549304702260e-12       1.543701985443e-13      -3.031523652887e-13       0.000000000000e+00       1.279936334632e-16       7.850469206581e-18       6.905622279777e-19 
 2960       3.548049448760e-12       1.533175407040e-13      -3.027405296591e-13       0.000000000000e+00       1.278349604360e-16       7.817275004920e-18       6.932171699454e-19 
 2961       3.546768399999e-12       1.522642310953e-13      -3.022862372505e-13       0.000000000000e+00       1.276765001112e-16       7.784878255343e-18       6.959429861205e-19 
 2962       3.545458911722e-12       1.512105831746e-13      -3.017899582249e-13       0.000000000000e+00       1.275182613031e-16       7.753431883906e-18       6.986666408973e-19 
 2963       3.544118332628e-12       1.501569112435e-13      -3.012521641867e-13       0.000000000000e+00       1.273602528484e-16       7.723089226287e-18       7.013149011274e-19 
 2964       3.542744004365e-12       1.491035304497e-13      -3.006733281835e-13       0.000000000000e+00       1.272024836059e-16       7.694004028137e-18       7.038143359535e-19 
 2965       3.541333261522e-12       1.480507567871e-13      -3.000539247075e-13       0.000000000000e+00       1.270449624565e-16       7.666330445421e-18       7.060913166423e-19 
 2966       3.539883431625e-12       1.469989070971e-13      -2.993944296970e-13       0.000000000000e+00       1.268876983034e-16       7.640223044767e-18       7.080720164177e-19 
 2967       3.538391835129e-12       1.459482990691e-13      -2.986953205374e-13       0.000000000000e+00       1.267307000720e-16       7.615836803805e-18       7.096824102943e-19 
 2968       3.536855785415e-12       1.448992512413e-13      -2.979570760625e-13       0.000000000000e+00       1.265739767099e-16       7.593327111515e-18       7.108482749105e-19 
 2969       3.535272588781e-12       1.438520830010e-13      -2.971801765559e-13       0.000000000000e+00       1.264175371871e-16       7.572849768573e-18       7.114951883617e-19 
 2970       3.533639544439e-12       1.428071145859e-13      -2.963651037522e-13       0.000000000000e+00       1.262613904955e-16       7.554560987692e-18       7.115485300336e-19 
 2971       3.531953944505e-12       1.417646670845e-13      -2.955123408380e-13       0.000000000000e+00       1.261055456497e-16       7.538617393968e-18       7.109334804357e-19 
 2972       3.530213073997e-12       1.407250624368e-13      -2.946223724537e-13       0.000000000000e+00       1.259500116865e-16       7.525176025226e-18       7.095750210339e-19 
 2973       3.528414210829e-12       1.396886234352e-13      -2.936956846944e-13       0.000000000000e+00       1.257947976649e-16       7.514394332365e-18       7.073979340845e-19 
 2974       3.526554625802e-12       1.386556737249e-13      -2.927327651112e-13       0.000000000000e+00       1.256399126664e-16       7.506430179698e-18       7.043268024668e-19 
 2975       3.524631582599e-12       1.376265378049e-13      -2.917341027125e-13       0.000000000000e+00       1.254853657947e-16       7.501441845303e-18       7.002860095170e-19 
 2976       3.522642337784e-12       1.366015410286e-13      -2.907001879652e-13       0.000000000000e+00       1.253311661760e-16       7.499588021363e-18       6.951997388608e-19 
 2977       3.520584140786e-12       1.355810096046e-13      -2.896315127962e-13       0.000000000000e+00       1.251773229589e-16       7.501027814512e-18       6.889919742471e-19 
 2978       3.518454233905e-12       1.345652705970e-13      -2.885285705935e-13       0.000000000000e+00       1.250238453144e-16       7.505920746181e-18       6.815864993810e-19 
 2979       3.516249852297e-12       1.335546519269e-13      -2.873918562072e-13       0.000000000000e+00       1.248707424359e-16       7.514426752942e-18       6.729068977571e-19 
 2980       3.513968223970e-12       1.325494823724e-13      -2.862218659513e-13       0.000000000000e+00       1.247180235393e-16       7.526706186850e-18       6.628765524930e-19 
 2981       3.511606569783e-12       1.315500915695e-13      -2.850190976046e-13       0.000000000000e+00       1.245656978630e-16       7.542919815791e-18       6.514186461621e-19 
 2982       3.509162103435e-12       1.305568100130e-13      -2.837840504120e-13       0.000000000000e+00       1.244137746678e-16       7.563228823826e-18       6.384561606272e-19 
 2983       3.506632031458e-12       1.295699690572e-13      -2.825172250860e-13       0.000000000000e+00       1.242622632370e-16       7.587794811534e-18       6.239118768736e-19 
 2984       3.504014406497e-12       1.285897982824e-13      -2.812189414916e-13       0.000000000000e+00       1.241111702689e-16       7.616730122237e-18       6.077324095001e-19 
 2985       3.501310691723e-12       1.276161170443e-13      -2.798887907224e-13       0.000000000000e+00       1.239604920396e-16       7.649948553632e-18       5.899604393975e-19 
 2986       3.498523208992e-12       1.266486414124e-13      -2.785261803378e-13       0.000000000000e+00       1.238102222016e-16       7.687313914089e-18       5.706628352808e-19 
 2987       3.495654286711e-12       1.256870866653e-13      -2.771305164337e-13       0.000000000000e+00       1.236603543881e-16       7.728689629888e-18       5.499066513903e-19 
 2988       3.492706259850e-12       1.247311672904e-13      -2.757012036408e-13       0.000000000000e+00       1.235108822126e-16       7.773938744899e-18       5.277591276487e-19 
 2989       3.489681469942e-12       1.237805969833e-13      -2.742376451241e-13       0.000000000000e+00       1.233617992695e-16       7.822923920256e-18       5.042876898180e-19 
 2990       3.486582265090e-12       1.228350886466e-13      -2.727392425813e-13       0.000000000000e+00       1.232130991335e-16       7.875507434033e-18       4.795599496568e-19 
 2991       3.483410999974e-12       1.218943543899e-13      -2.712053962416e-13       0.000000000000e+00       1.230647753599e-16       7.931551180918e-18       4.536437050770e-19 
 2992       3.480170035855e-12       1.209581055286e-13      -2.696355048646e-13       0.000000000000e+00       1.229168214846e-16       7.990916671889e-18       4.266069403013e-19 
 2993       3.476861740580e-12       1.200260525835e-13      -2.680289657392e-13       0.000000000000e+00       1.227692310237e-16       8.053465033892e-18       3.985178260197e-19 
 2994       3.473488488590e-12       1.190979052800e-13      -2.663851746821e-13       0.000000000000e+00       1.226219974740e-16       8.119057009510e-18       3.694447195472e-19 
 2995       3.470052660925e-12       1.181733725477e-13      -2.647035260372e-13       0.000000000000e+00       1.224751143127e-16       8.187552956648e-18       3.394561649802e-19 
 2996       3.466556645227e-12       1.172521625192e-13      -2.629834126736e-13       0.000000000000e+00       1.223285749974e-16       8.258812848197e-18       3.086208933539e-19 
 2997       3.463002835747e-12       1.163339825300e-13      -2.612242259850e-13       0.000000000000e+00       1.221823729662e-16       8.332696271721e-18       2.770078227994e-19 
 2998       3.459393633352e-12       1.154185391176e-13      -2.594253558885e-13       0.000000000000e+00       1.220365016374e-16       8.409062429122e-18       2.446860587004e-19 
 2999       3.455731445531e-12       1.145055380205e-13      -2.575861908230e-13       0.000000000000e+00       1.218909544100e-16       8.487770136324e-18       2.117248938508e-19 
 3000       3.452018686396e-12       1.135946841782e-13      -2.557061177485e-13       0.000000000000e+00       1.217457246631e-16       8.568677822943e-18       1.781938086111e-19 
