# dimensionless total lensed [l(l+1)/2pi] C_l's
# for l=2 to 2500, i.e. number of multipoles equal to 2499
#
# -> if you prefer output in CAMB/HealPix/LensPix units/order, set 'format' to 'camb' in input file
# -> if you don't want to see such a header, set 'headers' to 'no' in input file
# -> for CMB lensing (phi), these are C_l^phi-phi for the lensing potential.
#    Remember the conversion factors:
#    C_l^dd (deflection) = l(l+1) C_l^phi-phi
#    C_l^gg (shear/convergence) = 1/4 (l(l+1))^2 C_l^phi-phi
#
# 1:l     2:TT                     3:EE                     4:TE                     5:BB                     6:phiphi                 7:TPhi                   8:Ephi               
    2       1.377226480061e-10       3.918796251641e-15       3.441173952651e-13       2.467350229617e-19       8.326926084293e-09       4.502074895885e-10      -1.785814755308e-12 
    3       1.304708688669e-10       4.841311549031e-15       3.805565764748e-13       4.935513802512e-19       5.083185970392e-09       3.184676956387e-10      -1.323294054376e-12 
    4       1.236032540372e-10       4.028752317404e-15       3.513415115973e-13       8.227652213873e-19       3.518219600243e-09       2.406374500126e-10      -8.396644975106e-13 
    5       1.184866844073e-10       2.584878403840e-15       2.957917907434e-13       1.234481796897e-18       2.617214079560e-09       1.897467586121e-10      -4.432375365840e-13 
    6       1.150056466230e-10       1.405994064230e-15       2.359070225954e-13       1.728829964135e-18       2.038620631616e-09       1.541557206008e-10      -1.611640421308e-13 
    7       1.127570303841e-10       7.665904019271e-16       1.841372973224e-13       2.305960460652e-18       1.640407686941e-09       1.280714593223e-10       9.456335349305e-15 
    8       1.114700269801e-10       5.144672587823e-16       1.455460278581e-13       2.966043907406e-18       1.352197221637e-09       1.083281720257e-10       8.782283858887e-14 
    9       1.109041194320e-10       4.183433610560e-16       1.207653189585e-13       3.709268580179e-18       1.135807306761e-09       9.305034610694e-11       1.005731897858e-13 
   10       1.108197803258e-10       3.527304850334e-16       1.080068530778e-13       4.535837991878e-18       9.688364521580e-10       8.097212356031e-11       7.534395092852e-14 
   11       1.111766866778e-10       2.978309304710e-16       1.043805988428e-13       5.445968331761e-18       8.293820219243e-10       7.195277447885e-11       3.643544062459e-14 
   12       1.118135894629e-10       2.682329350909e-16       1.068310110087e-13       6.439885810012e-18       7.245354350631e-10       6.359382399635e-11      -1.395665867040e-16 
   13       1.126861825529e-10       2.668277371178e-16       1.128247212088e-13       7.517823957462e-18       6.384770785214e-10       5.680805606474e-11      -2.443227582695e-14 
   14       1.137614176990e-10       2.836774687312e-16       1.205677842677e-13       8.680020930446e-18       5.668891705502e-10       5.092181155113e-11      -3.448819506751e-14 
   15       1.150157460970e-10       3.115149356539e-16       1.289640392009e-13       9.926716870008e-18       5.066450192052e-10       4.595942380449e-11      -3.244369927396e-14 
   16       1.163703664017e-10       3.520502263344e-16       1.375289887616e-13       1.125815136264e-17       4.554317052800e-10       4.167915937772e-11      -2.330732141241e-14 
   17       1.178623016622e-10       4.105094877329e-16       1.462427699949e-13       1.267456104676e-17       4.115059645145e-10       3.794538050824e-11      -1.245226736125e-14 
   18       1.194276338711e-10       4.891236222865e-16       1.552848983829e-13       1.417617736174e-17       3.733909983630e-10       3.470640640663e-11      -4.142367192587e-15 
   19       1.210790129020e-10       5.871918621398e-16       1.648000246420e-13       1.576322477830e-17       3.404679610764e-10       3.190909867007e-11       2.278187299790e-17 
   20       1.228115225903e-10       7.027522557990e-16       1.748633564664e-13       1.743591855977e-17       3.114787576168e-10       2.942377045282e-11      -3.851986960451e-16 
   21       1.246229669613e-10       8.358723042156e-16       1.853544616370e-13       1.919446407815e-17       2.859652573497e-10       2.720033493874e-11      -4.046611429310e-15 
   22       1.264823767575e-10       9.870028073495e-16       1.960090284312e-13       2.103905456033e-17       2.633110830173e-10       2.518354281228e-11      -8.706979659693e-15 
   23       1.283993130802e-10       1.156174985752e-15       2.064566671672e-13       2.296987181800e-17       2.432115384479e-10       2.337262004493e-11      -1.277120715214e-14 
   24       1.303733048789e-10       1.343293514130e-15       2.162695748774e-13       2.498708361188e-17       2.252062909149e-10       2.175981746513e-11      -1.489036465154e-14 
   25       1.323980292477e-10       1.549338285208e-15       2.252278211215e-13       2.709084503575e-17       2.090500862337e-10       2.031840151126e-11      -1.494088872131e-14 
   26       1.344527038621e-10       1.775717351733e-15       2.331947714061e-13       2.928129666399e-17       1.944257255193e-10       1.900367100020e-11      -1.334000711743e-14 
   27       1.365467856134e-10       2.024007746449e-15       2.401535914777e-13       3.155856980977e-17       1.812567631353e-10       1.780777200157e-11      -1.078455211028e-14 
   28       1.386837899806e-10       2.295960503289e-15       2.461537549661e-13       3.392278055393e-17       1.693829562362e-10       1.672084303542e-11      -8.266034435672e-15 
   29       1.408534671440e-10       2.593317646260e-15       2.512699035025e-13       3.637402983236e-17       1.585151535032e-10       1.572207538797e-11      -6.806007861344e-15 
   30       1.430619092582e-10       2.917139991464e-15       2.555318562015e-13       3.891241426551e-17       1.485930188248e-10       1.480895765184e-11      -6.464024003326e-15 
   31       1.453097120526e-10       3.268202192883e-15       2.589699822401e-13       4.153801786599e-17       1.395425275023e-10       1.397728978866e-11      -6.932309276276e-15 
   32       1.475877242891e-10       3.647231915015e-15       2.615961437572e-13       4.425091158042e-17       1.312200267176e-10       1.321596861589e-11      -7.819580874103e-15 
   33       1.498957551291e-10       4.055191016782e-15       2.632702282733e-13       4.705116468218e-17       1.235799180122e-10       1.251878840232e-11      -8.799530515338e-15 
   34       1.522283139252e-10       4.493088771006e-15       2.637813049022e-13       4.993883644840e-17       1.165542731137e-10       1.187557137293e-11      -9.504550280943e-15 
   35       1.545750614277e-10       4.961882311695e-15       2.629214440922e-13       5.291397656307e-17       1.100382026386e-10       1.127278151723e-11      -9.592951211644e-15 
   36       1.569436257409e-10       5.462395762896e-15       2.606312419233e-13       5.597663871871e-17       1.040146379365e-10       1.070879834327e-11      -9.135967558010e-15 
   37       1.593432192586e-10       5.995365625111e-15       2.569040251490e-13       5.912687117867e-17       9.846456686721e-11       1.018315659987e-11      -8.366059752051e-15 
   38       1.617777644365e-10       6.561455534353e-15       2.517485950894e-13       6.236471292824e-17       9.332931383240e-11       9.692101294172e-12      -7.580152549004e-15 
   39       1.642466703745e-10       7.161297444151e-15       2.451832477632e-13       6.569019692982e-17       8.853166840548e-11       9.230334590333e-12      -7.067897752987e-15 
   40       1.667490644785e-10       7.795644760469e-15       2.372129242359e-13       6.910336169300e-17       8.405683571670e-11       8.797734223117e-12      -6.856084557099e-15 
   41       1.692799138721e-10       8.465262685044e-15       2.278459600931e-13       7.260424332673e-17       7.989296481535e-11       8.394402073748e-12      -6.884614020479e-15 
   42       1.718281867751e-10       9.170884658584e-15       2.171008745633e-13       7.619287250086e-17       7.600699732329e-11       8.018648055063e-12      -7.073922402813e-15 
   43       1.743818328908e-10       9.913195927555e-15       2.049887853190e-13       7.986927529425e-17       7.235687246409e-11       7.667752992830e-12      -7.339867153892e-15 
   44       1.769458744170e-10       1.069278214718e-14       1.914529688120e-13       8.363347588659e-17       6.893691022019e-11       7.340913754295e-12      -7.647068592047e-15 
   45       1.795290350644e-10       1.151016188820e-14       1.764112598695e-13       8.748549482568e-17       6.574357585394e-11       7.036951566874e-12      -7.969968211539e-15 
   46       1.821385135531e-10       1.236579742369e-14       1.597718295763e-13       9.142534843994e-17       6.276185508396e-11       6.753375975274e-12      -8.277776130010e-15 
   47       1.847797875239e-10       1.326009210066e-14       1.414325203333e-13       9.545304895851e-17       5.996435937211e-11       6.486286104701e-12      -8.534173593037e-15 
   48       1.874562573713e-10       1.419338452247e-14       1.212998627586e-13       9.956860270521e-17       5.731974651044e-11       6.231513033883e-12      -8.708889734749e-15 
   49       1.901685165646e-10       1.516593529015e-14       9.935401688499e-14       1.037720037983e-16       5.482287690811e-11       5.988658090986e-12      -8.816984935944e-15 
   50       1.929145387360e-10       1.617793200771e-14       7.560099464739e-14       1.080632388810e-16       5.247162077510e-11       5.758023262979e-12      -8.890129833034e-15 
   51       1.956896205680e-10       1.722948942245e-14       5.005490721953e-14       1.124422889137e-16       5.025787589101e-11       5.539434930680e-12      -8.965998625781e-15 
   52       1.984861775379e-10       1.832064663384e-14       2.273830424861e-14       1.169091291962e-16       4.816714816252e-11       5.332208453891e-12      -9.088577411239e-15 
   53       2.012965858803e-10       1.945141631443e-14      -6.327665569710e-15       1.214637272017e-16       4.618309640682e-11       5.135440437392e-12      -9.295688287081e-15 
   54       2.041230366064e-10       2.062195365645e-14      -3.715652403779e-14       1.261060353783e-16       4.430350422178e-11       4.949055281170e-12      -9.577085603313e-15 
   55       2.069698593850e-10       2.183242600405e-14      -6.977115769869e-14       1.308359965345e-16       4.252768413959e-11       4.772966020057e-12      -9.906121843013e-15 
   56       2.098406233072e-10       2.308296404735e-14      -1.041944735825e-13       1.356535457961e-16       4.085166635295e-11       4.606749010926e-12      -1.025136611417e-14 
   57       2.127380603529e-10       2.437366121211e-14      -1.404494867501e-13       1.405586105361e-16       3.926798741621e-11       4.449622257067e-12      -1.057637645721e-14 
   58       2.156639888590e-10       2.570457304933e-14      -1.785594078370e-13       1.455511103050e-16       3.776547894630e-11       4.300423732560e-12      -1.083947215245e-14 
   59       2.186195820941e-10       2.707561613997e-14      -2.185411370902e-13       1.506309598094e-16       3.633233841817e-11       4.157928051924e-12      -1.100386946014e-14 
   60       2.216064206389e-10       2.848623877937e-14      -2.603837833224e-13       1.557980788160e-16       3.496665420833e-11       4.021931584947e-12      -1.107135464783e-14 
   61       2.246255495736e-10       2.993567260131e-14      -3.040653022749e-13       1.610523844284e-16       3.366795568278e-11       3.892381477089e-12      -1.105604232578e-14 
   62       2.276770913484e-10       3.142302240421e-14      -3.495585183178e-13       1.663937882727e-16       3.243404801310e-11       3.769049463125e-12      -1.097482066521e-14 
   63       2.307601809490e-10       3.294726213450e-14      -3.968309884851e-13       1.718221965317e-16       3.126091213495e-11       3.651521660847e-12      -1.084747500857e-14 
   64       2.338729010627e-10       3.450723086999e-14      -4.458448665095e-13       1.773375099777e-16       3.014260470650e-11       3.539188364776e-12      -1.069681147989e-14 
   65       2.370132061082e-10       3.610178072774e-14      -4.965641805811e-13       1.829396362248e-16       2.907289610728e-11       3.431415991316e-12      -1.054399759514e-14 
   66       2.401820674051e-10       3.773026601756e-14      -5.489787634684e-13       1.886285294248e-16       2.805081234310e-11       3.328128164083e-12      -1.039315951911e-14 
   67       2.433808801680e-10       3.939215080875e-14      -6.030851623074e-13       1.944041590628e-16       2.707609145511e-11       3.229329811327e-12      -1.024373410053e-14 
   68       2.466104969394e-10       4.108686637542e-14      -6.588797421501e-13       2.002664988485e-16       2.614749857994e-11       3.134930857899e-12      -1.009495404314e-14 
   69       2.498711904159e-10       4.281381142950e-14      -7.163587573772e-13       2.062155270918e-16       2.526277452465e-11       3.044741114106e-12      -9.945837725793e-15 
   70       2.531626162749e-10       4.457235235378e-14      -7.755184231096e-13       2.122512270781e-16       2.441858434172e-11       2.958465164563e-12      -9.795179022484e-15 
   71       2.564837760008e-10       4.636182343491e-14      -8.363549866204e-13       2.183735874429e-16       2.361046590404e-11       2.875697257050e-12      -9.641537122499e-15 
   72       2.598336312544e-10       4.818145340952e-14      -8.988597701840e-13       2.245826171082e-16       2.283397667613e-11       2.796029286820e-12      -9.483910326750e-15 
   73       2.632131661148e-10       5.003012826171e-14      -9.630030393408e-13       2.308783925752e-16       2.208850314379e-11       2.719410104158e-12      -9.323929791409e-15 
   74       2.666236553492e-10       5.190658310363e-14      -1.028747152782e-12       2.372610204298e-16       2.137409307572e-11       2.645846260361e-12      -9.164070437113e-15 
   75       2.700660260249e-10       5.380947040355e-14      -1.096051273894e-12       2.437306242816e-16       2.069029845695e-11       2.575292537201e-12      -9.007009626564e-15 
   76       2.735408352116e-10       5.573735853644e-14      -1.164871327361e-12       2.502873454716e-16       2.003615141990e-11       2.507649417863e-12      -8.855632600525e-15 
   77       2.770482476826e-10       5.768873033472e-14      -1.235159955773e-12       2.569313437802e-16       1.941014017542e-11       2.442760557889e-12      -8.713037913797e-15 
   78       2.805880136172e-10       5.966198163889e-14      -1.306866476226e-12       2.636627981346e-16       1.881018494388e-11       2.380410256119e-12      -8.582542871215e-15 
   79       2.841594463021e-10       6.165541984822e-14      -1.379936836930e-12       2.704819073162e-16       1.823361388620e-11       2.320320925632e-12      -8.467688963629e-15 
   80       2.877618365359e-10       6.366733352185e-14      -1.454316756607e-12       2.773888880026e-16       1.767782624576e-11       2.262223562003e-12      -8.371316356093e-15 
   81       2.913958277774e-10       6.569621829071e-14      -1.529961866037e-12       2.843839669422e-16       1.714246735427e-11       2.206088805648e-12      -8.292590290888e-15 
   82       2.950622402263e-10       6.774058771679e-14      -1.606829256781e-12       2.914673887063e-16       1.662758918075e-11       2.151931578194e-12      -8.229465777285e-15 
   83       2.987616413404e-10       6.979890559580e-14      -1.684874470125e-12       2.986394188818e-16       1.613298550209e-11       2.099740490187e-12      -8.179561050156e-15 
   84       3.024943316247e-10       7.186958582364e-14      -1.764051512626e-12       3.059003447305e-16       1.565818056026e-11       2.049476663834e-12      -8.140145766187e-15 
   85       3.062603304200e-10       7.395099226283e-14      -1.844312871653e-12       3.132504758467e-16       1.520241771946e-11       2.001072555747e-12      -8.108129200096e-15 
   86       3.100593616922e-10       7.604143860888e-14      -1.925609530939e-12       3.206901448157e-16       1.476464812334e-11       1.954430779685e-12      -8.080048440841e-15 
   87       3.138908398210e-10       7.813918825675e-14      -2.007890986121e-12       3.282197078720e-16       1.434351935215e-11       1.909422929303e-12      -8.052056587833e-15 
   88       3.177538553889e-10       8.024245416730e-14      -2.091105260287e-12       3.358395455578e-16       1.393736407994e-11       1.865888400890e-12      -8.019910947154e-15 
   89       3.216475072518e-10       8.234942003528e-14      -2.175198582717e-12       3.435500462160e-16       1.354459693472e-11       1.823673788811e-12      -7.979907619575e-15 
   90       3.255719894254e-10       8.445830789029e-14      -2.260114333465e-12       3.513515520674e-16       1.316500114939e-11       1.782760720300e-12      -7.931879010046e-15 
   91       3.295276493067e-10       8.656732090349e-14      -2.345793961089e-12       3.592444058483e-16       1.279862378532e-11       1.743155998090e-12      -7.876646969899e-15 
   92       3.335146476727e-10       8.867462321287e-14      -2.432177315065e-12       3.672289676182e-16       1.244538034239e-11       1.704852251389e-12      -7.815120604962e-15 
   93       3.375329496568e-10       9.077834010886e-14      -2.519202656290e-12       3.753056151608e-16       1.210504953157e-11       1.667827366458e-12      -7.748298649929e-15 
   94       3.415823157256e-10       9.287655821982e-14      -2.606806667580e-12       3.834747443849e-16       1.177726804751e-11       1.632043917183e-12      -7.677271842724e-15 
   95       3.456622926558e-10       9.496732569763e-14      -2.694924464171e-12       3.917367697258e-16       1.146152534112e-11       1.597448595652e-12      -7.603225298870e-15 
   96       3.497722045102e-10       9.704865240322e-14      -2.783489604215e-12       4.000921245466e-16       1.115715839215e-11       1.563971642726e-12      -7.527440885859e-15 
   97       3.539111436153e-10       9.911851009214e-14      -2.872434099285e-12       4.085412615386e-16       1.086334648179e-11       1.531526278616e-12      -7.451299597516e-15 
   98       3.580779615372e-10       1.011748326001e-13      -2.961688424869e-12       4.170846531234e-16       1.057910596522e-11       1.500008133455e-12      -7.376283928370e-15 
   99       3.622715549678e-10       1.032155634963e-13      -3.051182502638e-12       4.257227949074e-16       1.030351562235e-11       1.469320243111e-12      -7.303680927474e-15 
  100       3.664917890919e-10       1.052388063445e-13      -3.140848783298e-12       4.344562157407e-16       1.003644042983e-11       1.439453307219e-12      -7.233638236111e-15 
  101       3.707386888528e-10       1.072426961689e-13      -3.230619621931e-12       4.432854698347e-16       9.777901071029e-12       1.410415794067e-12      -7.165978134812e-15 
  102       3.750121503314e-10       1.092253546363e-13      -3.320426367187e-12       4.522111342681e-16       9.527850101972e-12       1.382209133267e-12      -7.100483697795e-15 
  103       3.793119352970e-10       1.111848908171e-13      -3.410199383556e-12       4.612338094246e-16       9.286169518774e-12       1.354827456204e-12      -7.036897539195e-15 
  104       3.836376657590e-10       1.131194019458e-13      -3.499868073652e-12       4.703541194311e-16       9.052668325130e-12       1.328257336499e-12      -6.974920559310e-15 
  105       3.879888185181e-10       1.150269741827e-13      -3.589360900491e-12       4.795727125964e-16       8.827080099781e-12       1.302477530462e-12      -6.914210690842e-15 
  106       3.923647197177e-10       1.169056833741e-13      -3.678605409764e-12       4.888902618484e-16       8.609060563980e-12       1.277458717547e-12      -6.854381645131e-15 
  107       3.967645393950e-10       1.187535958134e-13      -3.767528252122e-12       4.983074651730e-16       8.398185148969e-12       1.253163240807e-12      -6.795001658399e-15 
  108       4.011872860324e-10       1.205687690024e-13      -3.856055205452e-12       5.078250460519e-16       8.193946563446e-12       1.229544847357e-12      -6.735592237989e-15 
  109       4.056318011092e-10       1.223492524117e-13      -3.944111197154e-12       5.174437539009e-16       7.995752361034e-12       1.206548428821e-12      -6.675626908605e-15 
  110       4.100969537393e-10       1.240931365729e-13      -4.031620990486e-12       5.271643515813e-16       7.803058466906e-12       1.184122763100e-12      -6.614635622139e-15 
  111       4.145822645883e-10       1.257987058632e-13      -4.118511295629e-12       5.369875751774e-16       7.615794398601e-12       1.162261149849e-12      -6.552535863922e-15 
  112       4.190873519792e-10       1.274643067887e-13      -4.204708971740e-12       5.469141698678e-16       7.433988165103e-12       1.140965513934e-12      -6.489341771694e-15 
  113       4.236117355005e-10       1.290883026232e-13      -4.290140415519e-12       5.569449026989e-16       7.257634088525e-12       1.120233738740e-12      -6.425062047112e-15 
  114       4.281548325244e-10       1.306690746439e-13      -4.374731590005e-12       5.670805628961e-16       7.086691707789e-12       1.100059534413e-12      -6.359699740449e-15 
  115       4.327159547239e-10       1.322050233677e-13      -4.458408053389e-12       5.773219621751e-16       6.921084682301e-12       1.080432306083e-12      -6.293252035300e-15 
  116       4.372943045912e-10       1.336945697868e-13      -4.541094987814e-12       5.876699350530e-16       6.760699695630e-12       1.061337022104e-12      -6.225710033282e-15 
  117       4.418889719552e-10       1.351361566045e-13      -4.622717228181e-12       5.981253391592e-16       6.605385359189e-12       1.042754082285e-12      -6.157058538738e-15 
  118       4.464989304992e-10       1.365282494715e-13      -4.703199290957e-12       6.086890555466e-16       6.454951115907e-12       1.024659186122e-12      -6.087275843438e-15 
  119       4.511230342788e-10       1.378693382215e-13      -4.782465402974e-12       6.193619890027e-16       6.309166143913e-12       1.007023201032e-12      -6.016333511284e-15 
  120       4.557600142398e-10       1.391579381075e-13      -4.860439530240e-12       6.301450683607e-16       6.167758260211e-12       9.898120305845e-13      -5.944196163010e-15 
  121       4.604084747356e-10       1.403925910370e-13      -4.937045406739e-12       6.410392468107e-16       6.030412824360e-12       9.729864827381e-13      -5.870821260887e-15 
  122       4.650668900453e-10       1.415718668088e-13      -5.012206563238e-12       6.520455022106e-16       5.896771642150e-12       9.565021380696e-13      -5.796158893424e-15 
  123       4.697337868629e-10       1.426944121163e-13      -5.085847268042e-12       6.631647899457e-16       5.766510260513e-12       9.403198874973e-13      -5.720195924425e-15 
  124       4.744083229211e-10       1.437591013020e-13      -5.157895410265e-12       6.743978947115e-16       5.639582242130e-12       9.244391968809e-13      -5.643094641726e-15 
  125       4.790897685879e-10       1.447649053321e-13      -5.228280003622e-12       6.857455622109e-16       5.516001018119e-12       9.088684333902e-13      -5.565069705114e-15 
  126       4.837773248506e-10       1.457108471747e-13      -5.296930339757e-12       6.972085450183e-16       5.395763535715e-12       8.936144909737e-13      -5.486345341012e-15 
  127       4.884701212971e-10       1.465960034115e-13      -5.363776024225e-12       7.087876025178e-16       5.278849778724e-12       8.786827425371e-13      -5.407155476236e-15 
  128       4.931672140964e-10       1.474195058495e-13      -5.428747012469e-12       7.204835008409e-16       5.165222287960e-12       8.640769921220e-13      -5.327743871747e-15 
  129       4.978675839800e-10       1.481805431331e-13      -5.491773645802e-12       7.322970128044e-16       5.054825681697e-12       8.497994270842e-13      -5.248364256406e-15 
  130       5.025701342225e-10       1.488783623555e-13      -5.552786687386e-12       7.442289178479e-16       4.947586176117e-12       8.358505702728e-13      -5.169280460724e-15 
  131       5.072736886229e-10       1.495122706705e-13      -5.611717358214e-12       7.562800019716e-16       4.843411105748e-12       8.222292322085e-13      -5.090766550619e-15 
  132       5.119769894854e-10       1.500816369042e-13      -5.668497373086e-12       7.684510576741e-16       4.742188443920e-12       8.089324632624e-13      -5.013106961169e-15 
  133       5.166786956002e-10       1.505858931671e-13      -5.723058976593e-12       7.807428838904e-16       4.643786323204e-12       7.959555058346e-13      -4.936596630360e-15 
  134       5.213773802248e-10       1.510245364654e-13      -5.775334979095e-12       7.931562859292e-16       4.548052555863e-12       7.832917465327e-13      -4.861541132849e-15 
  135       5.260715290646e-10       1.513971303129e-13      -5.825258792699e-12       8.056920754111e-16       4.454814154293e-12       7.709326683508e-13      -4.788256813709e-15 
  136       5.307595382543e-10       1.517033063429e-13      -5.872764467244e-12       8.183510702061e-16       4.363876851476e-12       7.588678028476e-13      -4.717070922184e-15 
  137       5.354398527094e-10       1.519427933118e-13      -5.917787355148e-12       8.311340740589e-16       4.275066327689e-12       7.470868721850e-13      -4.648244252665e-15 
  138       5.401114016135e-10       1.521155040861e-13      -5.960266107457e-12       8.440418132174e-16       4.188357720563e-12       7.355865666359e-13      -4.581729749832e-15 
  139       5.447732043767e-10       1.522214607547e-13      -6.000140953527e-12       8.570749930983e-16       4.103758669754e-12       7.243643810004e-13      -4.517389061486e-15 
  140       5.494242331902e-10       1.522607698134e-13      -6.037353130286e-12       8.702343178213e-16       4.021268600306e-12       7.134164540680e-13      -4.455067435251e-15 
  141       5.540634118987e-10       1.522336239507e-13      -6.071844922205e-12       8.835204900183e-16       3.940878507816e-12       7.027375346945e-13      -4.394593360466e-15 
  142       5.586896148719e-10       1.521403038332e-13      -6.103559701271e-12       8.969342106421e-16       3.862570743592e-12       6.923209478809e-13      -4.335778210079e-15 
  143       5.633016658766e-10       1.519811798913e-13      -6.132441966957e-12       9.104761787751e-16       3.786318799826e-12       6.821585608512e-13      -4.278415882534e-15 
  144       5.678983369486e-10       1.517567141050e-13      -6.158437386195e-12       9.241470914385e-16       3.712087094748e-12       6.722407491306e-13      -4.222282443668e-15 
  145       5.724783472645e-10       1.514674617890e-13      -6.181492833345e-12       9.379476434008e-16       3.639830757799e-12       6.625563626232e-13      -4.167135768602e-15 
  146       5.770403620140e-10       1.511140733790e-13      -6.201556430168e-12       9.518785269867e-16       3.569495414788e-12       6.530926916907e-13      -4.112715183628e-15 
  147       5.815829912714e-10       1.506972962167e-13      -6.218577585800e-12       9.659404318859e-16       3.501016973060e-12       6.438354332301e-13      -4.058741108109e-15 
  148       5.861047888678e-10       1.502179763357e-13      -6.232507036719e-12       9.801340449623e-16       3.434321406659e-12       6.347686567520e-13      -4.004914696363e-15 
  149       5.906042512629e-10       1.496770602472e-13      -6.243296886717e-12       9.944600500622e-16       3.369324541489e-12       6.258747704583e-13      -3.950917479559e-15 
  150       5.950798164169e-10       1.490755967253e-13      -6.250900646878e-12       1.008919127824e-15       3.305931840483e-12       6.171344873209e-13      -3.896411007609e-15 
  151       5.995298626625e-10       1.484147385928e-13      -6.255273275539e-12       1.023511955485e-15       3.244038188764e-12       6.085267911592e-13      -3.841036491059e-15 
  152       6.039527075769e-10       1.476957445069e-13      -6.256371218271e-12       1.038239206693e-15       3.183527678807e-12       6.000289027186e-13      -3.784414442979e-15 
  153       6.083467310608e-10       1.469199639029e-13      -6.254152678568e-12       1.053101491872e-15       3.124297580617e-12       5.916214732332e-13      -3.726233710393e-15 
  154       6.127107598217e-10       1.460887864938e-13      -6.248578374111e-12       1.068099173480e-15       3.066333211064e-12       5.833047796232e-13      -3.666528632700e-15 
  155       6.170437166386e-10       1.452036914601e-13      -6.239610927330e-12       1.083232533137e-15       3.009639645467e-12       5.750839767631e-13      -3.605427078693e-15 
  156       6.213444988756e-10       1.442662655551e-13      -6.227214681799e-12       1.098501829037e-15       2.954218067052e-12       5.669639980336e-13      -3.543063468394e-15 
  157       6.256119779859e-10       1.432782048050e-13      -6.211355743382e-12       1.113907295449e-15       2.900065675285e-12       5.589495480227e-13      -3.479578870200e-15 
  158       6.298449990164e-10       1.422413162089e-13      -6.192002021384e-12       1.129449142229e-15       2.847175594214e-12       5.510450952273e-13      -3.415121098030e-15 
  159       6.340423801123e-10       1.411575194380e-13      -6.169123269689e-12       1.145127554320e-15       2.795536780802e-12       5.432548647546e-13      -3.349844808476e-15 
  160       6.382029120215e-10       1.400288485360e-13      -6.142691127918e-12       1.160942691263e-15       2.745133933264e-12       5.355828310233e-13      -3.283911597948e-15 
  161       6.423253575991e-10       1.388574536188e-13      -6.112679162565e-12       1.176894686702e-15       2.695947399406e-12       5.280327104651e-13      -3.217490099825e-15 
  162       6.464084513122e-10       1.376456025742e-13      -6.079062908149e-12       1.192983647886e-15       2.647953084962e-12       5.206079542264e-13      -3.150756081598e-15 
  163       6.504508987440e-10       1.363956827620e-13      -6.041819908360e-12       1.209209655183e-15       2.601122361928e-12       5.133117408690e-13      -3.083892542024e-15 
  164       6.544513760984e-10       1.351102027133e-13      -6.000929757206e-12       1.225572761578e-15       2.555421976901e-12       5.061469690722e-13      -3.017089808269e-15 
  165       6.584085297047e-10       1.337917938312e-13      -5.956374140158e-12       1.242072992184e-15       2.510813959415e-12       4.991162503336e-13      -2.950545633060e-15 
  166       6.623209755220e-10       1.324432120896e-13      -5.908136875296e-12       1.258710343747e-15       2.467255530278e-12       4.922219016711e-13      -2.884465291828e-15 
  167       6.661872986437e-10       1.310673397340e-13      -5.856203954459e-12       1.275484784151e-15       2.424699009911e-12       4.854659383237e-13      -2.819061679862e-15 
  168       6.700060528019e-10       1.296671869807e-13      -5.800563584387e-12       1.292396251924e-15       2.383091726681e-12       4.788500664533e-13      -2.754555409452e-15 
  169       6.737757598720e-10       1.282458937168e-13      -5.741206227873e-12       1.309444655749e-15       2.342375925240e-12       4.723756758459e-13      -2.691174907038e-15 
  170       6.774949093775e-10       1.268067312002e-13      -5.678124644903e-12       1.326629873961e-15       2.302488674862e-12       4.660438326129e-13      -2.629156510362e-15 
  171       6.811620571601e-10       1.253530039541e-13      -5.611313170205e-12       1.343951733795e-15       2.263374607097e-12       4.598549452994e-13      -2.568694525185e-15 
  172       6.847761316623e-10       1.238877427122e-13      -5.540765392135e-12       1.361409948191e-15       2.225025512458e-12       4.538077472464e-13      -2.509786519026e-15 
  173       6.883361523527e-10       1.224139890095e-13      -5.466476358194e-12       1.379004172747e-15       2.187443885073e-12       4.479002149956e-13      -2.452375253950e-15 
  174       6.918411327681e-10       1.209348939649e-13      -5.388443358962e-12       1.396734024936e-15       2.150630351533e-12       4.421298786791e-13      -2.396397459648e-15 
  175       6.952900804231e-10       1.194537195749e-13      -5.306665966125e-12       1.414599083533e-15       2.114583631567e-12       4.364938133882e-13      -2.341783726426e-15 
  176       6.986819967188e-10       1.179738400052e-13      -5.221146070508e-12       1.432598888035e-15       2.079300498726e-12       4.309886305420e-13      -2.288458398184e-15 
  177       7.020158768520e-10       1.164987428841e-13      -5.131887920105e-12       1.450732938089e-15       2.044775741065e-12       4.256104692569e-13      -2.236339465404e-15 
  178       7.052907097243e-10       1.150320305948e-13      -5.038898158111e-12       1.469000692908e-15       2.011002121818e-12       4.203549877150e-13      -2.185338458132e-15 
  179       7.085054778513e-10       1.135774215680e-13      -4.942185860953e-12       1.487401570702e-15       1.977970340080e-12       4.152173545330e-13      -2.135360338969e-15 
  180       7.116591572717e-10       1.121387515748e-13      -4.841762576320e-12       1.505934948098e-15       1.945668991490e-12       4.101922401315e-13      -2.086303396045e-15 
  181       7.147507174560e-10       1.107199750189e-13      -4.737642361195e-12       1.524600159562e-15       1.914084528906e-12       4.052738081034e-13      -2.038059136016e-15 
  182       7.177791212164e-10       1.093251662298e-13      -4.629841819888e-12       1.543396496825e-15       1.883201223088e-12       4.004557065834e-13      -1.990512177037e-15 
  183       7.207433246151e-10       1.079585207549e-13      -4.518380142062e-12       1.562323208307e-15       1.853001123380e-12       3.957310596163e-13      -1.943540141757e-15 
  184       7.236422768739e-10       1.066243566523e-13      -4.403279140770e-12       1.581379498535e-15       1.823464018385e-12       3.910924585262e-13      -1.897013550294e-15 
  185       7.264749202829e-10       1.053271157837e-13      -4.284563290481e-12       1.600564527574e-15       1.794567396649e-12       3.865319532854e-13      -1.850795713229e-15 
  186       7.292401901101e-10       1.040713651067e-13      -4.162259765113e-12       1.619877410445e-15       1.766286407339e-12       3.820410438831e-13      -1.804742624582e-15 
  187       7.319370145102e-10       1.028617979675e-13      -4.036398476068e-12       1.639317216550e-15       1.738593820926e-12       3.776106716948e-13      -1.758702854803e-15 
  188       7.345643144335e-10       1.017032353937e-13      -3.907012110256e-12       1.658882969096e-15       1.711459989859e-12       3.732312108505e-13      -1.712517443755e-15 
  189       7.371210035357e-10       1.006006273868e-13      -3.774136168131e-12       1.678573644517e-15       1.684852809254e-12       3.688924596041e-13      -1.666019793695e-15 
  190       7.396059880860e-10       9.955905421472e-14      -3.637809001720e-12       1.698388171899e-15       1.658737677564e-12       3.645836317023e-13      -1.619035562266e-15 
  191       7.420182405817e-10       9.858351628469e-14      -3.498069611688e-12       1.718325430968e-15       1.633084340764e-12       3.602955902660e-13      -1.571421074305e-15 
  192       7.443570269443e-10       9.767828346478e-14      -3.354950774738e-12       1.738384247093e-15       1.607888080150e-12       3.560277545528e-13      -1.523181998035e-15 
  193       7.466216962287e-10       9.684749933206e-14      -3.208485472731e-12       1.758563394800e-15       1.583150041758e-12       3.517816958344e-13      -1.474363385014e-15 
  194       7.488116086005e-10       9.609538880041e-14      -3.058709117781e-12       1.778861598590e-15       1.558870479105e-12       3.475589401877e-13      -1.425011970705e-15 
  195       7.509261354864e-10       9.542625872129e-14      -2.905659582960e-12       1.799277532362e-15       1.535048736396e-12       3.433609672014e-13      -1.375176193506e-15 
  196       7.529646597243e-10       9.484449848461e-14      -2.749377232991e-12       1.819809818832e-15       1.511683231723e-12       3.391892086831e-13      -1.324906213776e-15 
  197       7.549265757135e-10       9.435458061947e-14      -2.589904954948e-12       1.840457028946e-15       1.488771440274e-12       3.350450473664e-13      -1.274253932865e-15 
  198       7.568112895654e-10       9.396106139506e-14      -2.427288188956e-12       1.861217681308e-15       1.466309877535e-12       3.309298156178e-13      -1.223273012141e-15 
  199       7.586182192533e-10       9.366858142139e-14      -2.261574958884e-12       1.882090241588e-15       1.444294082496e-12       3.268447941435e-13      -1.172018892016e-15 
  200       7.603467947628e-10       9.348186625018e-14      -2.092815903047e-12       1.903073121952e-15       1.422718600856e-12       3.227912106967e-13      -1.120548810978e-15 
  201       7.619964582426e-10       9.340572697560e-14      -1.921064304906e-12       1.924164680470e-15       1.401576968226e-12       3.187702387842e-13      -1.068921824616e-15 
  202       7.635666641538e-10       9.344506083515e-14      -1.746376123760e-12       1.945363220542e-15       1.380861693335e-12       3.147829963735e-13      -1.017198824647e-15 
  203       7.650568794210e-10       9.360485181043e-14      -1.568810025448e-12       1.966666990314e-15       1.360564241233e-12       3.108305445999e-13      -9.654425579486e-16 
  204       7.664665835825e-10       9.389017122797e-14      -1.388427413047e-12       1.988074182098e-15       1.340675016496e-12       3.069138864734e-13      -9.137176455818e-16 
  205       7.677952689400e-10       9.430617836003e-14      -1.205292457571e-12       2.009582931787e-15       1.321183346434e-12       3.030339655856e-13      -8.620906018220e-16 
  206       7.690424407095e-10       9.485812102543e-14      -1.019472128665e-12       2.031191318280e-15       1.302077464291e-12       2.991916648165e-13      -8.106298531860e-16 
  207       7.702076171713e-10       9.555133619036e-14      -8.310362253067e-13       2.052897362895e-15       1.283344492450e-12       2.953878050420e-13      -7.594057574600e-16 
  208       7.712903298205e-10       9.639125056920e-14      -6.400574065040e-13       2.074699028791e-15       1.264970425641e-12       2.916231438403e-13      -7.084906227278e-16 
  209       7.722901235168e-10       9.738338122530e-14      -4.466112219923e-13       2.096594220384e-15       1.246940114142e-12       2.878983741991e-13      -6.579587263981e-16 
  210       7.732065566354e-10       9.853333617184e-14      -2.507761429330e-13       2.118580782769e-15       1.229237246985e-12       2.842141232227e-13      -6.078863342335e-16 
  211       7.740392012167e-10       9.984681497261e-14      -5.263359261132e-14       2.140656501137e-15       1.211844335163e-12       2.805709508386e-13      -5.583517193774e-16 
  212       7.747876431172e-10       1.013296093428e-13       1.477320228651e-13       2.162819100192e-15       1.194742694830e-12       2.769693485051e-13      -5.094351813826e-16 
  213       7.754515210185e-10       1.029872703501e-13       3.502376490804e-13       2.185066317051e-15       1.177916097293e-12       2.734097980446e-13      -4.612045943993e-16 
  214       7.760306460754e-10       1.048240837714e-13       5.548149761497e-13       2.207396126610e-15       1.161362028014e-12       2.698929552500e-13      -4.136709266717e-16 
  215       7.765248906416e-10       1.068440266714e-13       7.613978913887e-13       2.229806530279e-15       1.145081155816e-12       2.664194761845e-13      -3.668297526725e-16 
  216       7.769341503884e-10       1.090510943082e-13       9.699181762973e-13       2.252295483486e-15       1.129073727341e-12       2.629899570410e-13      -3.206754350264e-16 
  217       7.772583445565e-10       1.114492998568e-13       1.180305487353e-12       2.274860895290e-15       1.113339559898e-12       2.596049330072e-13      -2.752011054421e-16 
  218       7.774974162091e-10       1.140426741315e-13       1.392487336804e-12       2.297500627995e-15       1.097878034328e-12       2.562648771313e-13      -2.303986456435e-16 
  219       7.776513324844e-10       1.168352653097e-13       1.606389073467e-12       2.320212496757e-15       1.082688087859e-12       2.529701991867e-13      -1.862586683019e-16 
  220       7.777200848478e-10       1.198311386547e-13       1.821933863515e-12       2.342994269200e-15       1.067768206964e-12       2.497212445375e-13      -1.427704979677e-16 
  221       7.777036893449e-10       1.230343762388e-13       2.039042671275e-12       2.365843665030e-15       1.053116420219e-12       2.465182930040e-13      -9.992215200202e-17 
  222       7.776021868541e-10       1.264490766663e-13       2.257634240022e-12       2.388758355641e-15       1.038730291162e-12       2.433615577275e-13      -5.770032150862e-17 
  223       7.774156433388e-10       1.300793547968e-13       2.477625072771e-12       2.411735963733e-15       1.024606911148e-12       2.402511840358e-13      -1.609035226548e-17 
  224       7.771441501004e-10       1.339293414681e-13       2.698929413072e-12       2.434774062921e-15       1.010742892210e-12       2.371872483087e-13       2.492377434333e-17 
  225       7.767878240307e-10       1.380031832197e-13       2.921459225805e-12       2.457870177348e-15       9.971343599150e-13       2.341697568426e-13       6.535946039589e-17 
  226       7.763468078643e-10       1.423050420153e-13       3.145124177971e-12       2.481021781297e-15       9.837769462215e-13       2.311986447165e-13       1.052355105007e-16 
  227       7.758212704315e-10       1.468390949664e-13       3.369831619488e-12       2.504226298804e-15       9.706657823387e-13       2.282737746568e-13       1.445721508651e-16 
  228       7.752114069108e-10       1.516095340550e-13       3.595486563983e-12       2.527481103269e-15       9.577954915839e-13       2.253949359026e-13       1.833910483630e-16 
  229       7.745174390814e-10       1.566205658571e-13       3.821991669590e-12       2.550783517069e-15       9.451601822396e-13       2.225618430712e-13       2.217153296037e-16 
  230       7.737396155758e-10       1.618764112656e-13       4.049247219737e-12       2.574130811168e-15       9.327534404122e-13       2.197741350230e-13       2.595695999999e-16 
  231       7.728782121324e-10       1.673813052133e-13       4.277151103947e-12       2.597520204733e-15       9.205683228893e-13       2.170313737272e-13       2.969799628358e-16 
  232       7.719335318481e-10       1.731394963961e-13       4.505598798628e-12       2.620948864744e-15       9.085973499976e-13       2.143330431265e-13       3.339740383357e-16 
  233       7.709059054308e-10       1.791552469961e-13       4.734483347867e-12       2.644413905604e-15       8.968324984611e-13       2.116785480029e-13       3.705809827318e-16 
  234       7.697956914522e-10       1.854328324049e-13       4.963695344224e-12       2.667912388755e-15       8.852651942585e-13       2.090672128427e-13       4.068315073328e-16 
  235       7.686032766002e-10       1.919765409462e-13       5.193122909526e-12       2.691441322289e-15       8.738863054813e-13       2.064982807017e-13       4.427578975920e-16 
  236       7.673290759314e-10       1.987906735995e-13       5.422651675664e-12       2.714997660559e-15       8.626861351912e-13       2.039709120705e-13       4.783940321755e-16 
  237       7.659735331239e-10       2.058795437225e-13       5.652164765380e-12       2.738578303791e-15       8.516544142787e-13       2.014841837401e-13       5.137754020306e-16 
  238       7.645371150011e-10       2.132470832475e-13       5.881549483004e-12       2.762180253156e-15       8.407822797784e-13       1.990372201715e-13       5.489311655873e-16 
  239       7.630202942133e-10       2.208956353661e-13       6.110717876138e-12       2.785801087207e-15       8.300683575789e-13       1.966295987837e-13       5.838597408413e-16 
  240       7.614235659966e-10       2.288270881635e-13       6.339587382422e-12       2.809438513553e-15       8.195130343729e-13       1.942609670193e-13       6.185517715359e-16 
  241       7.597474540468e-10       2.370432604669e-13       6.568074226605e-12       2.833090215936e-15       8.091165024057e-13       1.919309111969e-13       6.529979602892e-16 
  242       7.579925107594e-10       2.455459007384e-13       6.796093415501e-12       2.856753854176e-15       7.988787565211e-13       1.896389556560e-13       6.871890708618e-16 
  243       7.561593174707e-10       2.543366859674e-13       7.023558732933e-12       2.880427064105e-15       7.887995912081e-13       1.873845619019e-13       7.211159304241e-16 
  244       7.542484846976e-10       2.634172205641e-13       7.250382734685e-12       2.904107457510e-15       7.788785976470e-13       1.851671277505e-13       7.547694318239e-16 
  245       7.522606523786e-10       2.727890352521e-13       7.476476743452e-12       2.927792622073e-15       7.691151607563e-13       1.829859864730e-13       7.881405358536e-16 
  246       7.501964901141e-10       2.824535859611e-13       7.701750843787e-12       2.951480121312e-15       7.595084562385e-13       1.808404059407e-13       8.212202735176e-16 
  247       7.480566974071e-10       2.924122527204e-13       7.926113877052e-12       2.975167494519e-15       7.500574476271e-13       1.787295877699e-13       8.539997483001e-16 
  248       7.458420039033e-10       3.026663385512e-13       8.149473436366e-12       2.998852256701e-15       7.407608833325e-13       1.766526664667e-13       8.864701384321e-16 
  249       7.435531696321e-10       3.132170683598e-13       8.371735861556e-12       3.022531898522e-15       7.316172936889e-13       1.746087085715e-13       9.186226991591e-16 
  250       7.411909852466e-10       3.240655878304e-13       8.592806234105e-12       3.046203886239e-15       7.226249880003e-13       1.725967118042e-13       9.504487650084e-16 
  251       7.387562722645e-10       3.352129623183e-13       8.812588372104e-12       3.069865661646e-15       7.137820515871e-13       1.706156042087e-13       9.819397520565e-16 
  252       7.362498833083e-10       3.466601757421e-13       9.030984825195e-12       3.093514642013e-15       7.050863428326e-13       1.686642432978e-13       1.013087160197e-15 
  253       7.336727023461e-10       3.584081294775e-13       9.247896869529e-12       3.117148220024e-15       6.965354902291e-13       1.667414151982e-13       1.043882575407e-15 
  254       7.310256449317e-10       3.704576412495e-13       9.463224502708e-12       3.140763763720e-15       6.881268894249e-13       1.648458337949e-13       1.074317672015e-15 
  255       7.283096584457e-10       3.828094440256e-13       9.676866438739e-12       3.164358616439e-15       6.798577002699e-13       1.629761398762e-13       1.104384214970e-15 
  256       7.255257223352e-10       3.954641849086e-13       9.888720102980e-12       3.187930096754e-15       6.717248438626e-13       1.611309002786e-13       1.134074062105e-15 
  257       7.226748483550e-10       4.084224240296e-13       1.009868162709e-11       3.211475498412e-15       6.637249995966e-13       1.593086070313e-13       1.163379166409e-15 
  258       7.197580808077e-10       4.216846334410e-13       1.030664584399e-11       3.234992090280e-15       6.558546022065e-13       1.575076765013e-13       1.192291578291e-15 
  259       7.167764967844e-10       4.352511960090e-13       1.051250628278e-11       3.258477116279e-15       6.481098388145e-13       1.557264485381e-13       1.220803447850e-15 
  260       7.137312064050e-10       4.491224043070e-13       1.071615516373e-11       3.281927795328e-15       6.404866459772e-13       1.539631856184e-13       1.248907027140e-15 
  261       7.106233530591e-10       4.632984595080e-13       1.091748339320e-11       3.305341321281e-15       6.329807067316e-13       1.522160719909e-13       1.276594672437e-15 
  262       7.074541136457e-10       4.777794702779e-13       1.111638055860e-11       3.328714862870e-15       6.255874476414e-13       1.504832128212e-13       1.303858846512e-15 
  263       7.042246988148e-10       4.925654516684e-13       1.131273492334e-11       3.352045563643e-15       6.183020358440e-13       1.487626333367e-13       1.330692120891e-15 
  264       7.009363532069e-10       5.076563240096e-13       1.150643342178e-11       3.375330541905e-15       6.111193760964e-13       1.470522779711e-13       1.357087178128e-15 
  265       6.975903556940e-10       5.230519118031e-13       1.169736165416e-11       3.398566890659e-15       6.040341078215e-13       1.453500095092e-13       1.383036814068e-15 
  266       6.941879594334e-10       5.387516875240e-13       1.188541182993e-11       3.421751887237e-15       5.970416230084e-13       1.436540602230e-13       1.408535211430e-15 
  267       6.907302079274e-10       5.547539898982e-13       1.207050708577e-11       3.444883634933e-15       5.901411872223e-13       1.419644141766e-13       1.433581832484e-15 
  268       6.872181094431e-10       5.710567610215e-13       1.225257847825e-11       3.467960456100e-15       5.833329823263e-13       1.402814983197e-13       1.458177742161e-15 
  269       6.836526964379e-10       5.876577960978e-13       1.243155716273e-11       3.490980685879e-15       5.766170996641e-13       1.386057371639e-13       1.482324360178e-15 
  270       6.800350256982e-10       6.045547419014e-13       1.260737440173e-11       3.513942672502e-15       5.699935388313e-13       1.369375526912e-13       1.506023465443e-15 
  271       6.763661784782e-10       6.217450952384e-13       1.277996157329e-11       3.536844777582e-15       5.634622064470e-13       1.352773642622e-13       1.529277200478e-15 
  272       6.726472606390e-10       6.392262014091e-13       1.294925017940e-11       3.559685376407e-15       5.570229149245e-13       1.336255885252e-13       1.552088075829e-15 
  273       6.688794027869e-10       6.569952526695e-13       1.311517185433e-11       3.582462858236e-15       5.506753812431e-13       1.319826393240e-13       1.574458974486e-15 
  274       6.650637604128e-10       6.750492866932e-13       1.327765837304e-11       3.605175626593e-15       5.444192257190e-13       1.303489276068e-13       1.596393156294e-15 
  275       6.612015140305e-10       6.933851850336e-13       1.343664165952e-11       3.627822099561e-15       5.382539707767e-13       1.287248613347e-13       1.617894262372e-15 
  276       6.572938693156e-10       7.119996715856e-13       1.359205379523e-11       3.650400710076e-15       5.321790397205e-13       1.271108453898e-13       1.638966319528e-15 
  277       6.533420572447e-10       7.308893110475e-13       1.374382702743e-11       3.672909906224e-15       5.261937555051e-13       1.255072814842e-13       1.659613744672e-15 
  278       6.493473342338e-10       7.500505073830e-13       1.389189377755e-11       3.695348151532e-15       5.202973395076e-13       1.239145680682e-13       1.679841349234e-15 
  279       6.453109822770e-10       7.694795022828e-13       1.403618664962e-11       3.717713925265e-15       5.144889102983e-13       1.223331002386e-13       1.699654343578e-15 
  280       6.412343090859e-10       7.891723736268e-13       1.417663843863e-11       3.740005722717e-15       5.087674824123e-13       1.207632696478e-13       1.719058341420e-15 
  281       6.371186482277e-10       8.091250339460e-13       1.431318213886e-11       3.762222055511e-15       5.031319651205e-13       1.192054644116e-13       1.738059364239e-15 
  282       6.329653592645e-10       8.293332288842e-13       1.444575095234e-11       3.784361451887e-15       4.975811612007e-13       1.176600690181e-13       1.756663845696e-15 
  283       6.287758278919e-10       8.497925356600e-13       1.457427829716e-11       3.806422457003e-15       4.921137657094e-13       1.161274642360e-13       1.774878636048e-15 
  284       6.245514660779e-10       8.704983615287e-13       1.469869781590e-11       3.828403633222e-15       4.867283647528e-13       1.146080270233e-13       1.792711006566e-15 
  285       6.202937122015e-10       8.914459422442e-13       1.481894338397e-11       3.850303560414e-15       4.814234342578e-13       1.131021304355e-13       1.810168653945e-15 
  286       6.160040311918e-10       9.126303405208e-13       1.493494911800e-11       3.872120836243e-15       4.761973387436e-13       1.116101435343e-13       1.827259704725e-15 
  287       6.116839146667e-10       9.340464444953e-13       1.504664938425e-11       3.893854076470e-15       4.710483300930e-13       1.101324312961e-13       1.843992719703e-15 
  288       6.073348810715e-10       9.556889661887e-13       1.515397880693e-11       3.915501915238e-15       4.659745463233e-13       1.086693545202e-13       1.860376698352e-15 
  289       6.029584758179e-10       9.775524399682e-13       1.525687227664e-11       3.937063005373e-15       4.609740103580e-13       1.072212697377e-13       1.876421083231e-15 
  290       5.985562714229e-10       9.996312210089e-13       1.535526495871e-11       3.958536018677e-15       4.560446287977e-13       1.057885291196e-13       1.892135764406e-15 
  291       5.941298676473e-10       1.021919483756e-12       1.544909230159e-11       3.979919646222e-15       4.511841906916e-13       1.043714803857e-13       1.907531083863e-15 
  292       5.896808916350e-10       1.044411220387e-12       1.553829004522e-11       4.001212598641e-15       4.463903663087e-13       1.029704667126e-13       1.922617839921e-15 
  293       5.852109980512e-10       1.067100239272e-12       1.562279422944e-11       4.022413606430e-15       4.416607059089e-13       1.015858266426e-13       1.937407291654e-15 
  294       5.807218692215e-10       1.089980163438e-12       1.570254120233e-11       4.043521420235e-15       4.369926385146e-13       1.002178939919e-13       1.951911163300e-15 
  295       5.762152152708e-10       1.113044429028e-12       1.577746762860e-11       4.064534811150e-15       4.323834706817e-13       9.886699775942e-14       1.966141648679e-15 
  296       5.716927742621e-10       1.136286283767e-12       1.584751049800e-11       4.085452571013e-15       4.278303852710e-13       9.753346203482e-14       1.980111415608e-15 
  297       5.671562067253e-10       1.159698971835e-12       1.591261362577e-11       4.106273675352e-15       4.233309720605e-13       9.621754812272e-14       1.993830824947e-15 
  298       5.626067732768e-10       1.183276301627e-12       1.597274748708e-11       4.126997780414e-15       4.188848506927e-13       9.491927798401e-14       2.007299428842e-15 
  299       5.580456415674e-10       1.207012102650e-12       1.602789036516e-11       4.147624750924e-15       4.144921243856e-13       9.363860201540e-14       2.020514066964e-15 
  300       5.534739904726e-10       1.230900040321e-12       1.607802196328e-11       4.168154500122e-15       4.101528547108e-13       9.237545588994e-14       2.033471615195e-15 
  301       5.488930100877e-10       1.254933614679e-12       1.612312342201e-11       4.188586990282e-15       4.058670610859e-13       9.112976038713e-14       2.046168986269e-15 
  302       5.443039017238e-10       1.279106159101e-12       1.616317733634e-11       4.208922233220e-15       4.016347202668e-13       8.990142122305e-14       2.058603130405e-15 
  303       5.397078779034e-10       1.303410839018e-12       1.619816777291e-11       4.229160290816e-15       3.974557658401e-13       8.869032888054e-14       2.070771035953e-15 
  304       5.351061623561e-10       1.327840650628e-12       1.622808028714e-11       4.249301275525e-15       3.933300877152e-13       8.749635843933e-14       2.082669730029e-15 
  305       5.304999900139e-10       1.352388419610e-12       1.625290194048e-11       4.269345350893e-15       3.892575316171e-13       8.631936940614e-14       2.094296279153e-15 
  306       5.258906070069e-10       1.377046799842e-12       1.627262131752e-11       4.289292732071e-15       3.852378985783e-13       8.515920554488e-14       2.105647789894e-15 
  307       5.212792706593e-10       1.401808272112e-12       1.628722854321e-11       4.309143686331e-15       3.812709444316e-13       8.401569470672e-14       2.116721409499e-15 
  308       5.166672494845e-10       1.426665142833e-12       1.629671530003e-11       4.328898533581e-15       3.773563793021e-13       8.288864866030e-14       2.127514326541e-15 
  309       5.120558231810e-10       1.451609542760e-12       1.630107484520e-11       4.348557646880e-15       3.734938670996e-13       8.177786292183e-14       2.138023771555e-15 
  310       5.074462826281e-10       1.476633425703e-12       1.630030202780e-11       4.368121452953e-15       3.696830250111e-13       8.068311658523e-14       2.148247017673e-15 
  311       5.028399298810e-10       1.501728567242e-12       1.629439330602e-11       4.387590432703e-15       3.659234229933e-13       7.960417215228e-14       2.158181381271e-15 
  312       4.982380781672e-10       1.526886563442e-12       1.628334676428e-11       4.406965121731e-15       3.622145832644e-13       7.854077536276e-14       2.167824222599e-15 
  313       4.936420518815e-10       1.552098829566e-12       1.626716213047e-11       4.426246110847e-15       3.585559797971e-13       7.749265502458e-14       2.177172946426e-15 
  314       4.890531865819e-10       1.577356598791e-12       1.624584079307e-11       4.445434046587e-15       3.549470378104e-13       7.645952284393e-14       2.186225002679e-15 
  315       4.844728289849e-10       1.602650920925e-12       1.621938581840e-11       4.464529631728e-15       3.513871332625e-13       7.544107325541e-14       2.194977887077e-15 
  316       4.799023369616e-10       1.627972661116e-12       1.618780196772e-11       4.483533625801e-15       3.478755923427e-13       7.443698325218e-14       2.203429141775e-15 
  317       4.753430795329e-10       1.653312498571e-12       1.615109571449e-11       4.502446845607e-15       3.444116909640e-13       7.344691221611e-14       2.211576356001e-15 
  318       4.707964368656e-10       1.678660925270e-12       1.610927526151e-11       4.521270165734e-15       3.409946542553e-13       7.247050174787e-14       2.219417166693e-15 
  319       4.662638002672e-10       1.704008244680e-12       1.606235055809e-11       4.540004519067e-15       3.376236560538e-13       7.150737549713e-14       2.226949259142e-15 
  320       4.617465721824e-10       1.729344570470e-12       1.601033331727e-11       4.558650897309e-15       3.342978183977e-13       7.055713899266e-14       2.234170367628e-15 
  321       4.572461661880e-10       1.754659825224e-12       1.595323703297e-11       4.577210351492e-15       3.310162110179e-13       6.961937947250e-14       2.241078276061e-15 
  322       4.527640069893e-10       1.779943739158e-12       1.589107699719e-11       4.595683992492e-15       3.277778508309e-13       6.869366571407e-14       2.247670818616e-15 
  323       4.483015304147e-10       1.805185848835e-12       1.582387031716e-11       4.614072991545e-15       3.245817014309e-13       6.777954786432e-14       2.253945880377e-15 
  324       4.438601834123e-10       1.830375495875e-12       1.575163593257e-11       4.632378580764e-15       3.214266725823e-13       6.687655726988e-14       2.259901397973e-15 
  325       4.394414240448e-10       1.855501825677e-12       1.567439463272e-11       4.650602053649e-15       3.183116197118e-13       6.598420630720e-14       2.265535360216e-15 
  326       4.350467214857e-10       1.880553786127e-12       1.559216907370e-11       4.668744765606e-15       3.152353434012e-13       6.510198821265e-14       2.270845808745e-15 
  327       4.306775560142e-10       1.905520126315e-12       1.550498379557e-11       4.686808134460e-15       3.121965888793e-13       6.422937691274e-14       2.275830838658e-15 
  328       4.263354190117e-10       1.930389395253e-12       1.541286523958e-11       4.704793640972e-15       3.091940455144e-13       6.336582685416e-14       2.280488599156e-15 
  329       4.220218129566e-10       1.955149940583e-12       1.531584176527e-11       4.722702829350e-15       3.062263463069e-13       6.251077283401e-14       2.284817294180e-15 
  330       4.177382514203e-10       1.979789907297e-12       1.521394366775e-11       4.740537307769e-15       3.032920673813e-13       6.166362982988e-14       2.288815183050e-15 
  331       4.134862590629e-10       2.004297236450e-12       1.510720319482e-11       4.758298748883e-15       3.003897274787e-13       6.082379283002e-14       2.292480581103e-15 
  332       4.092672536439e-10       2.028660554377e-12       1.499565479019e-11       4.775988831511e-15       2.975180650473e-13       5.999075613141e-14       2.295812430060e-15 
  333       4.050821863771e-10       2.052871885828e-12       1.487933579980e-11       4.793609061843e-15       2.946768839067e-13       5.916447733124e-14       2.298812035287e-15 
  334       4.009318858729e-10       2.076924056717e-12       1.475828582993e-11       4.811160945439e-15       2.918662434937e-13       5.834502888720e-14       2.301481405594e-15 
  335       3.968171745753e-10       2.100809813979e-12       1.463254654131e-11       4.828646045806e-15       2.890861843878e-13       5.753248004217e-14       2.303822691600e-15 
  336       3.927388686296e-10       2.124521825254e-12       1.450216166658e-11       4.846065984845e-15       2.863367281047e-13       5.672689678411e-14       2.305838186990e-15 
  337       3.886977777499e-10       2.148052678563e-12       1.436717702767e-11       4.863422443303e-15       2.836178768899e-13       5.592834180579e-14       2.307530329774e-15 
  338       3.846947050866e-10       2.171394881996e-12       1.422764055323e-11       4.880717161228e-15       2.809296135123e-13       5.513687446466e-14       2.308901703543e-15 
  339       3.807304470942e-10       2.194540863388e-12       1.408360229610e-11       4.897951938416e-15       2.782719010581e-13       5.435255074267e-14       2.309955038727e-15 
  340       3.768057933985e-10       2.217482970002e-12       1.393511445068e-11       4.915128634861e-15       2.756446827245e-13       5.357542320602e-14       2.310693213852e-15 
  341       3.729215266642e-10       2.240213468212e-12       1.378223137041e-11       4.932249171211e-15       2.730478816130e-13       5.280554096505e-14       2.311119256797e-15 
  342       3.690784224627e-10       2.262724543181e-12       1.362500958515e-11       4.949315529216e-15       2.704814005233e-13       5.204294963398e-14       2.311236346051e-15 
  343       3.652772491397e-10       2.285008298545e-12       1.346350781863e-11       4.966329752178e-15       2.679451217471e-13       5.128769129079e-14       2.311047811973e-15 
  344       3.615187676822e-10       2.307056756090e-12       1.329778700588e-11       4.983293945404e-15       2.654389068615e-13       5.053980443699e-14       2.310557138047e-15 
  345       3.578037315866e-10       2.328861855439e-12       1.312791031065e-11       5.000210276658e-15       2.629625965229e-13       4.979932395745e-14       2.309767962137e-15 
  346       3.541328867262e-10       2.350415453730e-12       1.295394314283e-11       5.017080976610e-15       2.605160102604e-13       4.906628108019e-14       2.308684077750e-15 
  347       3.505069712184e-10       2.371709325298e-12       1.277595317590e-11       5.033908339287e-15       2.580989462698e-13       4.834070333622e-14       2.307309435291e-15 
  348       3.469267152926e-10       2.392735161353e-12       1.259401036432e-11       5.050694722526e-15       2.557111812069e-13       4.762261451936e-14       2.305648143315e-15 
  349       3.433928411575e-10       2.413484569667e-12       1.240818696098e-11       5.067442548424e-15       2.533524699816e-13       4.691203464602e-14       2.303704469795e-15 
  350       3.399060628690e-10       2.433949074251e-12       1.221855753464e-11       5.084154303788e-15       2.510225455512e-13       4.620897991502e-14       2.301482843368e-15 
  351       3.364670861973e-10       2.454120115039e-12       1.202519898732e-11       5.100832540588e-15       2.487211187140e-13       4.551346266743e-14       2.298987854602e-15 
  352       3.330766084949e-10       2.473989047565e-12       1.182819057177e-11       5.117479876408e-15       2.464478779036e-13       4.482549134635e-14       2.296224257247e-15 
  353       3.297353185636e-10       2.493547142649e-12       1.162761390884e-11       5.134098994896e-15       2.442024889817e-13       4.414507045676e-14       2.293196969494e-15 
  354       3.264438965229e-10       2.512785586075e-12       1.142355300497e-11       5.150692646214e-15       2.419845950324e-13       4.347220052529e-14       2.289911075233e-15 
  355       3.232030136764e-10       2.531695478274e-12       1.121609426958e-11       5.167263647493e-15       2.397938161556e-13       4.280687806006e-14       2.286371825311e-15 
  356       3.200133323806e-10       2.550267834005e-12       1.100532653248e-11       5.183814883280e-15       2.376297492609e-13       4.214909551049e-14       2.282584638788e-15 
  357       3.168755059115e-10       2.568493582034e-12       1.079134106136e-11       5.200349305991e-15       2.354919678608e-13       4.149884122709e-14       2.278555104193e-15 
  358       3.137901783325e-10       2.586363564819e-12       1.057423157915e-11       5.216869936362e-15       2.333800218649e-13       4.085609942133e-14       2.274288980784e-15 
  359       3.107579843620e-10       2.603868538189e-12       1.035409428147e-11       5.233379863901e-15       2.312934373731e-13       4.022085012538e-14       2.269792199807e-15 
  360       3.077795492410e-10       2.620999171023e-12       1.013102785407e-11       5.249882247337e-15       2.292317164699e-13       3.959306915198e-14       2.265070865746e-15 
  361       3.048554886003e-10       2.637746044937e-12       9.905133490245e-12       5.266380315071e-15       2.271943370171e-13       3.897272805421e-14       2.260131257588e-15 
  362       3.019864083286e-10       2.654099653959e-12       9.676514908264e-12       5.282877365631e-15       2.251807524486e-13       3.835979408535e-14       2.254979830077e-15 
  363       2.991729044395e-10       2.670050404216e-12       9.445278368792e-12       5.299376768118e-15       2.231903915631e-13       3.775423015864e-14       2.249623214972e-15 
  364       2.964155629394e-10       2.685588613610e-12       9.211532692322e-12       5.315881962661e-15       2.212226583183e-13       3.715599480714e-14       2.244068222301e-15 
  365       2.937149596951e-10       2.700704511502e-12       8.975389276599e-12       5.332396460865e-15       2.192769316244e-13       3.656504214352e-14       2.238321841626e-15 
  366       2.910716603009e-10       2.715388238394e-12       8.736962114048e-12       5.348923846265e-15       2.173525651379e-13       3.598132181986e-14       2.232391243293e-15 
  367       2.884862199467e-10       2.729629845606e-12       8.496367809199e-12       5.365467774774e-15       2.154488870550e-13       3.540477898749e-14       2.226283779691e-15 
  368       2.859591832852e-10       2.743419294964e-12       8.253725596117e-12       5.382031975139e-15       2.135651999056e-13       3.483535425679e-14       2.220006986513e-15 
  369       2.834910842997e-10       2.756746458475e-12       8.009157355823e-12       5.398620249385e-15       2.117007803467e-13       3.427298365701e-14       2.213568584008e-15 
  370       2.810824461713e-10       2.769601118011e-12       7.762787633726e-12       5.415236473273e-15       2.098548789562e-13       3.371759859607e-14       2.206976478244e-15 
  371       2.787337228989e-10       2.781974243818e-12       7.514734619831e-12       5.431884239808e-15       2.080268566365e-13       3.316913916682e-14       2.200237562948e-15 
  372       2.764451219108e-10       2.793861885829e-12       7.265082664769e-12       5.448565773485e-15       2.062166001296e-13       3.262759472173e-14       2.193354070809e-15 
  373       2.742167742568e-10       2.805261433879e-12       7.013908723284e-12       5.465282974476e-15       2.044241223443e-13       3.209296480595e-14       2.186327081975e-15 
  374       2.720487920483e-10       2.816170353407e-12       6.761291303977e-12       5.482037771875e-15       2.026494271263e-13       3.156524592554e-14       2.179157710797e-15 
  375       2.699412682745e-10       2.826586186243e-12       6.507310478873e-12       5.498832123838e-15       2.008925091696e-13       3.104443151891e-14       2.171847106049e-15 
  376       2.678942766198e-10       2.836506551406e-12       6.252047892992e-12       5.515668017725e-15       1.991533539300e-13       3.053051192826e-14       2.164396451138e-15 
  377       2.659078712806e-10       2.845929145895e-12       5.995586773915e-12       5.532547470241e-15       1.974319375369e-13       3.002347437098e-14       2.156806964320e-15 
  378       2.639820867817e-10       2.854851745482e-12       5.738011941355e-12       5.549472527576e-15       1.957282267059e-13       2.952330291105e-14       2.149079898913e-15 
  379       2.621169377940e-10       2.863272205505e-12       5.479409816725e-12       5.566445265546e-15       1.940421786513e-13       2.902997843050e-14       2.141216543515e-15 
  380       2.603124189510e-10       2.871188461665e-12       5.219868432707e-12       5.583467789733e-15       1.923737409984e-13       2.854347860078e-14       2.133218222215e-15 
  381       2.585685046656e-10       2.878598530812e-12       4.959477442820e-12       5.600542235626e-15       1.907228516964e-13       2.806377785421e-14       2.125086294808e-15 
  382       2.568851489473e-10       2.885500511745e-12       4.698328130992e-12       5.617670768763e-15       1.890894389301e-13       2.759084735539e-14       2.116822157011e-15 
  383       2.552622852187e-10       2.891892586000e-12       4.436513421125e-12       5.634855584872e-15       1.874734210331e-13       2.712465497261e-14       2.108427240676e-15 
  384       2.536998261329e-10       2.897773018647e-12       4.174127886666e-12       5.652098910007e-15       1.858747063997e-13       2.666516524928e-14       2.099903014004e-15 
  385       2.521976633901e-10       2.903140159082e-12       3.911267760174e-12       5.669403000697e-15       1.842931933977e-13       2.621233937532e-14       2.091250981764e-15 
  386       2.507556675545e-10       2.907992441818e-12       3.648030942892e-12       5.686770144078e-15       1.827287702806e-13       2.576613515863e-14       2.082472685500e-15 
  387       2.493736878714e-10       2.912328387280e-12       3.384517014314e-12       5.704202658040e-15       1.811813151003e-13       2.532650699644e-14       2.073569703750e-15 
  388       2.480515520837e-10       2.916146602599e-12       3.120827241751e-12       5.721702891364e-15       1.796506956192e-13       2.489340584680e-14       2.064543652262e-15 
  389       2.467890662495e-10       2.919445782405e-12       2.857064589907e-12       5.739273223867e-15       1.781367692230e-13       2.446677919992e-14       2.055396184205e-15 
  390       2.455860145583e-10       2.922224709616e-12       2.593333730441e-12       5.756916066537e-15       1.766393828330e-13       2.404657104966e-14       2.046128990384e-15 
  391       2.444421591482e-10       2.924482256237e-12       2.329741051538e-12       5.774633861678e-15       1.751583728185e-13       2.363272186489e-14       2.036743799455e-15 
  392       2.433572399229e-10       2.926217384150e-12       2.066394667480e-12       5.792429083050e-15       1.736935649093e-13       2.322516856096e-14       2.027242378142e-15 
  393       2.423309743685e-10       2.927429145908e-12       1.803404428213e-12       5.810304236008e-15       1.722447741081e-13       2.282384447106e-14       2.017626531446e-15 
  394       2.413630573703e-10       2.928116685527e-12       1.540881928914e-12       5.828261857646e-15       1.708118046032e-13       2.242867931770e-14       2.007898102865e-15 
  395       2.404531610301e-10       2.928279239281e-12       1.278940519564e-12       5.846304516933e-15       1.693944496804e-13       2.203959918405e-14       1.998058974605e-15 
  396       2.396009344825e-10       2.927916136493e-12       1.017695314514e-12       5.864434814858e-15       1.679924916361e-13       2.165652648545e-14       1.988111067795e-15 
  397       2.388060037122e-10       2.927026800331e-12       7.572632020546e-13       5.882655384571e-15       1.666057016893e-13       2.127937994075e-14       1.978056342702e-15 
  398       2.380679713711e-10       2.925610748597e-12       4.977628539848e-13       5.900968891517e-15       1.652338398942e-13       2.090807454377e-14       1.967896798947e-15 
  399       2.373864165946e-10       2.923667594524e-12       2.393147351809e-13       5.919378033587e-15       1.638766550526e-13       2.054252153469e-14       1.957634475715e-15 
  400       2.367608948190e-10       2.921197047568e-12      -1.795888683466e-14       5.937885541250e-15       1.625338846265e-13       2.018262837151e-14       1.947271451975e-15 
  401       2.361909375983e-10       2.918198914201e-12      -2.739339323243e-13       5.956494177698e-15       1.612052546502e-13       1.982829870141e-14       1.936809846691e-15 
  402       2.356760524210e-10       2.914673098703e-12      -5.284844997669e-13       5.975206738987e-15       1.598904796432e-13       1.947943233222e-14       1.926251819035e-15 
  403       2.352157225271e-10       2.910619603957e-12      -7.814828562882e-13       5.994026054175e-15       1.585892625223e-13       1.913592520379e-14       1.915599568607e-15 
  404       2.348094067250e-10       2.906038532241e-12      -1.032799428093e-12       6.012954985465e-15       1.573012945143e-13       1.879766935946e-14       1.904855335643e-15 
  405       2.344565392082e-10       2.900930086020e-12      -1.282302790894e-12       6.031996428346e-15       1.560262550681e-13       1.846455291744e-14       1.894021401236e-15 
  406       2.341565293725e-10       2.895294568744e-12      -1.529859660348e-12       6.051153311732e-15       1.547638117677e-13       1.813646004222e-14       1.883100087544e-15 
  407       2.339087616330e-10       2.889132385635e-12      -1.775334882479e-12       6.070428598102e-15       1.535136202440e-13       1.781327091602e-14       1.872093758008e-15 
  408       2.337125952404e-10       2.882444044483e-12      -2.018591424119e-12       6.089825283645e-15       1.522753240876e-13       1.749486171020e-14       1.861004817567e-15 
  409       2.335673640985e-10       2.875230156441e-12      -2.259490363330e-12       6.109346398397e-15       1.510485547615e-13       1.718110455666e-14       1.849835712871e-15 
  410       2.334724214115e-10       2.867492119269e-12      -2.497905150438e-12       6.128994557905e-15       1.498329964252e-13       1.687188727524e-14       1.838588658058e-15 
  411       2.334272757406e-10       2.859234192131e-12      -2.733764967146e-12       6.148770600429e-15       1.486285831179e-13       1.656717338408e-14       1.827264800943e-15 
  412       2.334314594068e-10       2.850461495844e-12      -2.967012884336e-12       6.168674901751e-15       1.474353083872e-13       1.626694415860e-14       1.815865027717e-15 
  413       2.334844839446e-10       2.841179338337e-12      -3.197591730775e-12       6.188707819109e-15       1.462531609671e-13       1.597117905302e-14       1.804390234741e-15 
  414       2.335858399509e-10       2.831393215929e-12      -3.425444093718e-12       6.208869691024e-15       1.450821247363e-13       1.567985568586e-14       1.792841328556e-15 
  415       2.337349969342e-10       2.821108814607e-12      -3.650512319496e-12       6.229160837117e-15       1.439221786768e-13       1.539294982541e-14       1.781219225912e-15 
  416       2.339314031629e-10       2.810332011310e-12      -3.872738514108e-12       6.249581557934e-15       1.427732968331e-13       1.511043537525e-14       1.769524853779e-15 
  417       2.341744855143e-10       2.799068875201e-12      -4.092064543822e-12       6.270132134763e-15       1.416354482701e-13       1.483228435971e-14       1.757759149371e-15 
  418       2.344636493238e-10       2.787325668952e-12      -4.308432035759e-12       6.290812829461e-15       1.405085970324e-13       1.455846690936e-14       1.745923060164e-15 
  419       2.347982782331e-10       2.775108850022e-12      -4.521782378495e-12       6.311623884271e-15       1.393927021028e-13       1.428895124651e-14       1.734017543912e-15 
  420       2.351777340396e-10       2.762425071933e-12      -4.732056722651e-12       6.332565521643e-15       1.382877173606e-13       1.402370367066e-14       1.722043568671e-15 
  421       2.356013565450e-10       2.749281185552e-12      -4.939195981483e-12       6.353637944060e-15       1.371935915411e-13       1.376268854403e-14       1.710002112814e-15 
  422       2.360684634039e-10       2.735684240371e-12      -5.143140831484e-12       6.374841333854e-15       1.361102681933e-13       1.350586827703e-14       1.697894165051e-15 
  423       2.365783499730e-10       2.721641485783e-12      -5.343831712970e-12       6.396175853032e-15       1.350376856393e-13       1.325320331373e-14       1.685720724450e-15 
  424       2.371302891599e-10       2.707160372363e-12      -5.541208830676e-12       6.417641643093e-15       1.339757769326e-13       1.300465211737e-14       1.673482800454e-15 
  425       2.377235312716e-10       2.692248553147e-12      -5.735212154352e-12       6.439238824853e-15       1.329244698171e-13       1.276017115582e-14       1.661181412899e-15 
  426       2.383573038637e-10       2.676913884911e-12      -5.925781419352e-12       6.460967498265e-15       1.318836866853e-13       1.251971488711e-14       1.648817592036e-15 
  427       2.390308115890e-10       2.661164429451e-12      -6.112856127233e-12       6.482827742238e-15       1.308533445374e-13       1.228323574486e-14       1.636392378549e-15 
  428       2.397432360464e-10       2.645008454861e-12      -6.296375546343e-12       6.504819614464e-15       1.298333549398e-13       1.205068412381e-14       1.623906823573e-15 
  429       2.404937356299e-10       2.628454436811e-12      -6.476278712418e-12       6.526943151233e-15       1.288236239837e-13       1.182200836528e-14       1.611361988713e-15 
  430       2.412814453771e-10       2.611511059828e-12      -6.652504429176e-12       6.549198367259e-15       1.278240522439e-13       1.159715474268e-14       1.598758946064e-15 
  431       2.421054768182e-10       2.594187218578e-12      -6.824991268909e-12       6.571585255500e-15       1.268345347376e-13       1.137606744698e-14       1.586098778230e-15 
  432       2.429649178248e-10       2.576492019137e-12      -6.993677573075e-12       6.594103786977e-15       1.258549608827e-13       1.115868857219e-14       1.573382578343e-15 
  433       2.438588324590e-10       2.558434780278e-12      -7.158501452896e-12       6.616753910601e-15       1.248852144566e-13       1.094495810086e-14       1.560611450080e-15 
  434       2.447862608218e-10       2.540025034747e-12      -7.319400789948e-12       6.639535552987e-15       1.239251735553e-13       1.073481388955e-14       1.547786507686e-15 
  435       2.457462189021e-10       2.521272530541e-12      -7.476313236756e-12       6.662448618281e-15       1.229747105514e-13       1.052819165436e-14       1.534908875989e-15 
  436       2.467376984256e-10       2.502187232190e-12      -7.629176217387e-12       6.685492987980e-15       1.220336920533e-13       1.032502495635e-14       1.521979690422e-15 
  437       2.477596667036e-10       2.482779322032e-12      -7.777926928044e-12       6.708668520753e-15       1.211019788636e-13       1.012524518708e-14       1.509000097040e-15 
  438       2.488110664818e-10       2.463059201498e-12      -7.922502337659e-12       6.731975052260e-15       1.201794259379e-13       9.928781554064e-15       1.495971252540e-15 
  439       2.498908157893e-10       2.443037492385e-12      -8.062839188489e-12       6.755412394979e-15       1.192658823432e-13       9.735561066275e-15       1.482894324279e-15 
  440       2.509978077869e-10       2.422725038141e-12      -8.198873996704e-12       6.778980338022e-15       1.183611912171e-13       9.545508519624e-15       1.469770490295e-15 
  441       2.521309106166e-10       2.402132905137e-12      -8.330543052988e-12       6.802678646958e-15       1.174651897261e-13       9.358546482446e-15       1.456600939325e-15 
  442       2.532889672502e-10       2.381272383955e-12      -8.457782423126e-12       6.826507063636e-15       1.165777090242e-13       9.174595280986e-15       1.443386870824e-15 
  443       2.544707953378e-10       2.360154990657e-12      -8.580527948602e-12       6.850465306004e-15       1.156985742119e-13       8.993572984888e-15       1.430129494982e-15 
  444       2.556751870571e-10       2.338792468076e-12      -8.698715247189e-12       6.874553067934e-15       1.148276042944e-13       8.815395392679e-15       1.416830032748e-15 
  445       2.569009089619e-10       2.317196787082e-12      -8.812279713547e-12       6.898770019037e-15       1.139646121410e-13       8.639976017254e-15       1.403489715842e-15 
  446       2.581467018312e-10       2.295380147873e-12      -8.921156519812e-12       6.923115804491e-15       1.131094044430e-13       8.467226071365e-15       1.390109786782e-15 
  447       2.594112805178e-10       2.273354981245e-12      -9.025280616192e-12       6.947590044859e-15       1.122617816728e-13       8.297054453105e-15       1.376691498897e-15 
  448       2.606933337973e-10       2.251133949879e-12      -9.124586731560e-12       6.972192335911e-15       1.114215380425e-13       8.129367731398e-15       1.363236116348e-15 
  449       2.619916482414e-10       2.228729438144e-12      -9.219020905604e-12       6.996922019142e-15       1.105884966481e-13       7.964087710561e-15       1.349744889353e-15 
  450       2.633054845616e-10       2.206152000745e-12      -9.308575495003e-12       7.021777485512e-15       1.097626162387e-13       7.801204779476e-15       1.336218978946e-15 
  451       2.646342131501e-10       2.183411866377e-12      -9.393255301559e-12       7.046756848819e-15       1.089438878221e-13       7.640726260765e-15       1.322659529816e-15 
  452       2.659771910790e-10       2.160519445630e-12      -9.473066150473e-12       7.071858172649e-15       1.081322997713e-13       7.482658983716e-15       1.309067694892e-15 
  453       2.673337620232e-10       2.137485331964e-12      -9.548014897791e-12       7.097079470059e-15       1.073278378037e-13       7.327009280213e-15       1.295444635343e-15 
  454       2.687032561823e-10       2.114320302683e-12      -9.618109437839e-12       7.122418703269e-15       1.065304849613e-13       7.173782980660e-15       1.281791520584e-15 
  455       2.700849902032e-10       2.091035319910e-12      -9.683358710674e-12       7.147873783339e-15       1.057402215898e-13       7.022985409911e-15       1.268109528280e-15 
  456       2.714782671029e-10       2.067641531566e-12      -9.743772709519e-12       7.173442569859e-15       1.049570253183e-13       6.874621383191e-15       1.254399844350e-15 
  457       2.728823761907e-10       2.044150272342e-12      -9.799362488208e-12       7.199122870634e-15       1.041808710388e-13       6.728695202030e-15       1.240663662971e-15 
  458       2.742965929909e-10       2.020573064674e-12      -9.850140168630e-12       7.224912441369e-15       1.034117308860e-13       6.585210650183e-15       1.226902186583e-15 
  459       2.757201791651e-10       1.996921619722e-12      -9.896118948170e-12       7.250808985351e-15       1.026495742166e-13       6.444170989560e-15       1.213116625894e-15 
  460       2.771523824347e-10       1.973207838342e-12      -9.937313107151e-12       7.276810153140e-15       1.018943675889e-13       6.305578956151e-15       1.199308199882e-15 
  461       2.785924365036e-10       1.949443812061e-12      -9.973738016274e-12       7.302913542247e-15       1.011460747428e-13       6.169436755955e-15       1.185478135802e-15 
  462       2.800395609806e-10       1.925641824057e-12      -1.000541014407e-11       7.329116696828e-15       1.004046565787e-13       6.035746060905e-15       1.171627669187e-15 
  463       2.814929613015e-10       1.901814350128e-12      -1.003234706432e-11       7.355417107359e-15       9.967007113744e-14       5.904508004794e-15       1.157758043856e-15 
  464       2.829518286523e-10       1.877974059673e-12      -1.005456746353e-11       7.381812210331e-15       9.894227357998e-14       5.775723179203e-15       1.143870511917e-15 
  465       2.844153398912e-10       1.854133816663e-12      -1.007209114834e-11       7.408299387927e-15       9.822121616670e-14       5.649391629426e-15       1.129966333768e-15 
  466       2.858826574712e-10       1.830306680619e-12      -1.008493905301e-11       7.434875967715e-15       9.750684823714e-14       5.525512850400e-15       1.116046778107e-15 
  467       2.873529293626e-10       1.806505907588e-12      -1.009313324679e-11       7.461539222324e-15       9.679911618949e-14       5.404085782627e-15       1.102113121932e-15 
  468       2.888252889755e-10       1.782744951114e-12      -1.009669694144e-11       7.488286369138e-15       9.609796346022e-14       5.285108808103e-15       1.088166650548e-15 
  469       2.902988550822e-10       1.759037463220e-12      -1.009565449863e-11       7.515114569976e-15       9.540333050360e-14       5.168579746246e-15       1.074208657568e-15 
  470       2.917727317400e-10       1.735397295377e-12      -1.009003143739e-11       7.542020930779e-15       9.471515477132e-14       5.054495849821e-15       1.060240444921e-15 
  471       2.932460082133e-10       1.711838499483e-12      -1.007985444156e-11       7.569002501294e-15       9.403337069201e-14       4.942853800866e-15       1.046263322854e-15 
  472       2.947177588962e-10       1.688375328839e-12      -1.006515136722e-11       7.596056274761e-15       9.335790965085e-14       4.833649706619e-15       1.032278609937e-15 
  473       2.961870432352e-10       1.665022239119e-12      -1.004595125013e-11       7.623179187595e-15       9.268869996912e-14       4.726879095446e-15       1.018287633068e-15 
  474       2.976529056514e-10       1.641793889354e-12      -1.002228431320e-11       7.650368119076e-15       9.202566688377e-14       4.622536912767e-15       1.004291727475e-15 
  475       2.991143754633e-10       1.618705142900e-12      -9.994181973893e-12       7.677619891029e-15       9.136873252702e-14       4.520617516981e-15       9.902922367222e-16 
  476       3.005704668089e-10       1.595771068416e-12      -9.961676851699e-12       7.704931267514e-15       9.071781590589e-14       4.421114675395e-15       9.762905127150e-16 
  477       3.020201785687e-10       1.573006940840e-12      -9.924802775562e-12       7.732298954508e-15       9.007283288179e-14       4.324021560150e-15       9.622879157023e-16 
  478       3.034624942875e-10       1.550428242364e-12      -9.883594791328e-12       7.759719599589e-15       8.943369615009e-14       4.229330744145e-15       9.482858142817e-16 
  479       3.048963820977e-10       1.528050663407e-12      -9.838089169182e-12       7.787189791625e-15       8.880031521969e-14       4.137034196969e-15       9.342855854041e-16 
  480       3.063207946411e-10       1.505890103595e-12      -9.788323411094e-12       7.814706060458e-15       8.817259639261e-14       4.047123280821e-15       9.202886143777e-16 
  481       3.077346689918e-10       1.483962672734e-12      -9.734336258262e-12       7.842264876588e-15       8.755044274351e-14       3.959588746442e-15       9.062962948719e-16 
  482       3.091369265785e-10       1.462284691782e-12      -9.676167698553e-12       7.869862650857e-15       8.693375409932e-14       3.874420729040e-15       8.923100289224e-16 
  483       3.105264731071e-10       1.440872693832e-12      -9.613858973942e-12       7.897495734139e-15       8.632242701877e-14       3.791608744216e-15       8.783312269350e-16 
  484       3.119021984831e-10       1.419743425079e-12      -9.547452587962e-12       7.925160417019e-15       8.571635477198e-14       3.711141683890e-15       8.643613076899e-16 
  485       3.132629767342e-10       1.398913845801e-12      -9.476992313140e-12       7.952852929483e-15       8.511542732002e-14       3.633007812230e-15       8.504016983460e-16 
  486       3.146076659326e-10       1.378401131334e-12      -9.402523198440e-12       7.980569440602e-15       8.451953129448e-14       3.557194761575e-15       8.364538344455e-16 
  487       3.159351081178e-10       1.358222673044e-12      -9.324091576708e-12       8.008306058215e-15       8.392854997705e-14       3.483689528367e-15       8.225191599178e-16 
  488       3.172442721754e-10       1.338394442625e-12      -9.241747092629e-12       8.036059003635e-15       8.334238249993e-14       3.412476708991e-15       8.085990522000e-16 
  489       3.185346873172e-10       1.318926029370e-12      -9.155548837964e-12       8.063825142130e-15       8.276100211798e-14       3.343533157748e-15       7.946945951333e-16 
  490       3.198060223682e-10       1.299825456913e-12      -9.065559413832e-12       8.091601467630e-15       8.218439963308e-14       3.276833161646e-15       7.808067993063e-16 
  491       3.210579439724e-10       1.281100806680e-12      -8.971842935164e-12       8.119384928915e-15       8.161256431960e-14       3.212350181136e-15       7.669366762938e-16 
  492       3.222901165872e-10       1.262760218050e-12      -8.874465039161e-12       8.147172429386e-15       8.104548391360e-14       3.150056845155e-15       7.530852386235e-16 
  493       3.235022024778e-10       1.244811888499e-12      -8.773492893751e-12       8.174960826839e-15       8.048314460213e-14       3.089924946167e-15       7.392534997424e-16 
  494       3.246938617115e-10       1.227264073760e-12      -8.668995206052e-12       8.202746933238e-15       7.992553101242e-14       3.031925435206e-15       7.254424739837e-16 
  495       3.258647521524e-10       1.210125087969e-12      -8.561042230823e-12       8.230527514489e-15       7.937262620112e-14       2.976028416915e-15       7.116531765335e-16 
  496       3.270145294552e-10       1.193403303821e-12      -8.449705778928e-12       8.258299290212e-15       7.882441164354e-14       2.922203144592e-15       6.978866233970e-16 
  497       3.281428470601e-10       1.177107152723e-12      -8.335059225792e-12       8.286058933514e-15       7.828086722292e-14       2.870418015225e-15       6.841438313657e-16 
  498       3.292493561869e-10       1.161245124941e-12      -8.217177519863e-12       8.313803070764e-15       7.774197121960e-14       2.820640564540e-15       6.704258179837e-16 
  499       3.303337058297e-10       1.145825769761e-12      -8.096137191062e-12       8.341528281365e-15       7.720770030032e-14       2.772837462038e-15       6.567336015143e-16 
  500       3.313955427506e-10       1.130857695631e-12      -7.972016359253e-12       8.369231097526e-15       7.667802950742e-14       2.726974506039e-15       6.430682009069e-16 
  501       3.324345114750e-10       1.116349570323e-12      -7.844894742689e-12       8.396908004038e-15       7.615293224809e-14       2.683016618724e-15       6.294306357633e-16 
  502       3.334502542851e-10       1.102310121079e-12      -7.714853666481e-12       8.424555438045e-15       7.563238028359e-14       2.640927841172e-15       6.158219263049e-16 
  503       3.344424112150e-10       1.088748134767e-12      -7.581976071050e-12       8.452169788818e-15       7.511634371851e-14       2.600671328409e-15       6.022430933386e-16 
  504       3.354106200445e-10       1.075672458029e-12      -7.446346520587e-12       8.479747397526e-15       7.460479098999e-14       2.562209344443e-15       5.886951582240e-16 
  505       3.363545162939e-10       1.063091997439e-12      -7.308051211512e-12       8.507284557016e-15       7.409768885696e-14       2.525503257307e-15       5.751791428398e-16 
  506       3.372737332182e-10       1.051015719652e-12      -7.167177980932e-12       8.534777511576e-15       7.359500238937e-14       2.490513534105e-15       5.616960695506e-16 
  507       3.381679018014e-10       1.039452651554e-12      -7.023816315099e-12       8.562222456717e-15       7.309669495746e-14       2.457199736046e-15       5.482469611732e-16 
  508       3.390366507510e-10       1.028411880420e-12      -6.878057357870e-12       8.589615538942e-15       7.260272822093e-14       2.425520513493e-15       5.348328409438e-16 
  509       3.398796064924e-10       1.017902554064e-12      -6.729993919160e-12       8.616952855520e-15       7.211306211825e-14       2.395433600999e-15       5.214547324840e-16 
  510       3.406963931633e-10       1.007933880987e-12      -6.579720483410e-12       8.644230454259e-15       7.162765485585e-14       2.366895812351e-15       5.081136597680e-16 
  511       3.414866326078e-10       9.985151305375e-13      -6.427333218035e-12       8.671444333279e-15       7.114646289735e-14       2.339863035612e-15       4.948106470889e-16 
  512       3.422499443712e-10       9.896556330567e-13      -6.272929981890e-12       8.698590440787e-15       7.066944095283e-14       2.314290228161e-15       4.815467190254e-16 
  513       3.429859456940e-10       9.813647800346e-13      -6.116610333723e-12       8.725664674846e-15       7.019654196807e-14       2.290131411737e-15       4.683229004086e-16 
  514       3.436942515065e-10       9.736520242611e-13      -5.958475540638e-12       8.752662883154e-15       6.972771711373e-14       2.267339667475e-15       4.551402162883e-16 
  515       3.443744744232e-10       9.665268799788e-13      -5.798628586550e-12       8.779580862812e-15       6.926291577465e-14       2.245867130955e-15       4.419996919002e-16 
  516       3.450262247370e-10       9.599989230349e-13      -5.637174180644e-12       8.806414360101e-15       6.880208553905e-14       2.225664987239e-15       4.289023526319e-16 
  517       3.456491104138e-10       9.540777910339e-13      -5.474218765836e-12       8.833159070252e-15       6.834517218776e-14       2.206683465913e-15       4.158492239899e-16 
  518       3.462427370865e-10       9.487731834899e-13      -5.309870527227e-12       8.859810637222e-15       6.789211968350e-14       2.188871836128e-15       4.028413315663e-16 
  519       3.468067080499e-10       9.440948619785e-13      -5.144239400564e-12       8.886364653465e-15       6.744287016008e-14       2.172178401646e-15       3.898797010053e-16 
  520       3.473406242547e-10       9.400526502898e-13      -4.977437080699e-12       8.912816659707e-15       6.699736391162e-14       2.156550495873e-15       3.769653579696e-16 
  521       3.478440843021e-10       9.366564345804e-13      -4.809577030045e-12       8.939162144716e-15       6.655553938185e-14       2.141934476910e-15       3.640993281077e-16 
  522       3.483166844379e-10       9.339161635256e-13      -4.640774487037e-12       8.965396545081e-15       6.611733315327e-14       2.128275722588e-15       3.512826370199e-16 
  523       3.487580185472e-10       9.318418484721e-13      -4.471146474588e-12       8.991515244979e-15       6.568267993644e-14       2.115518625513e-15       3.385163102253e-16 
  524       3.491676781485e-10       9.304435635899e-13      -4.300811808549e-12       9.017513575952e-15       6.525151255921e-14       2.103606588104e-15       3.258013731281e-16 
  525       3.495452523884e-10       9.297314460251e-13      -4.129891106165e-12       9.043386816679e-15       6.482376195593e-14       2.092482017639e-15       3.131388509847e-16 
  526       3.498903280355e-10       9.297156960519e-13      -3.958506794538e-12       9.069130192749e-15       6.439935715669e-14       2.082086321294e-15       3.005297688700e-16 
  527       3.502025830849e-10       9.304047677047e-13      -3.786774419377e-12       9.094739363543e-15       6.397823656561e-14       2.072370186086e-15       2.879751617078e-16 
  528       3.504820704223e-10       9.317998854317e-13      -3.614776290225e-12       9.120211898130e-15       6.356038215980e-14       2.063324740880e-15       2.754761047329e-16 
  529       3.507289419823e-10       9.339003763153e-13      -3.442587124107e-12       9.145545839680e-15       6.314578621355e-14       2.054951245167e-15       2.630336838047e-16 
  530       3.509433558819e-10       9.367054652688e-13      -3.270282684106e-12       9.170739222029e-15       6.273444008892e-14       2.047250881473e-15       2.506489853902e-16 
  531       3.511254764552e-10       9.402142744088e-13      -3.097939784059e-12       9.195790069657e-15       6.232633422978e-14       2.040224754843e-15       2.383230965352e-16 
  532       3.512754742881e-10       9.444258224266e-13      -2.925636293272e-12       9.220696397679e-15       6.192145815595e-14       2.033873892315e-15       2.260571048354e-16 
  533       3.513935262535e-10       9.493390239607e-13      -2.753451141220e-12       9.245456211819e-15       6.151980045731e-14       2.028199242398e-15       2.138520984074e-16 
  534       3.514798155453e-10       9.549526889685e-13      -2.581464322257e-12       9.270067508400e-15       6.112134878786e-14       2.023201674546e-15       2.017091658593e-16 
  535       3.515345317139e-10       9.612655220982e-13      -2.409756900323e-12       9.294528274326e-15       6.072608985990e-14       2.018881978640e-15       1.896293962620e-16 
  536       3.515578707005e-10       9.682761220611e-13      -2.238411013649e-12       9.318836487063e-15       6.033400943806e-14       2.015240864460e-15       1.776138791202e-16 
  537       3.515500348718e-10       9.759829810030e-13      -2.067509879464e-12       9.342990114625e-15       5.994509233345e-14       2.012278961168e-15       1.656637043434e-16 
  538       3.515112330552e-10       9.843844838769e-13      -1.897137798700e-12       9.366987115554e-15       5.955932239775e-14       2.009996816776e-15       1.537799622165e-16 
  539       3.514416805729e-10       9.934789078142e-13      -1.727380160703e-12       9.390825438907e-15       5.917668251731e-14       2.008394897633e-15       1.419637433714e-16 
  540       3.513415992774e-10       1.003264421497e-12      -1.558323447934e-12       9.414503024237e-15       5.879715460727e-14       2.007473587895e-15       1.302161387573e-16 
  541       3.512112175856e-10       1.013739084532e-12      -1.390055240680e-12       9.438017801576e-15       5.842071960565e-14       2.007233189004e-15       1.185382396122e-16 
  542       3.510507705138e-10       1.024900846817e-12      -1.222664221758e-12       9.461367691420e-15       5.804735746745e-14       2.007673919166e-15       1.069311374338e-16 
  543       3.508604997126e-10       1.036747547919e-12      -1.056240181222e-12       9.484550604711e-15       5.767704715878e-14       2.008795912827e-15       9.539592395012e-17 
  544       3.506406535012e-10       1.049276916443e-12      -8.908740210700e-13       9.507564442820e-15       5.730976665095e-14       2.010599220150e-15       8.393369109101e-17 
  545       3.503914869029e-10       1.062486569406e-12      -7.266577599511e-13       9.530407097532e-15       5.694549291457e-14       2.013083806493e-15       7.254553095870e-17 
  546       3.501132616789e-10       1.076374011605e-12      -5.636845378706e-13       9.553076451026e-15       5.658420191365e-14       2.016249551884e-15       6.123253579900e-17 
  547       3.498062463639e-10       1.090936634992e-12      -4.020486208973e-13       9.575570375862e-15       5.622586859972e-14       2.020096250500e-15       4.999579797220e-17 
  548       3.494707163004e-10       1.106171718048e-12      -2.418454058703e-13       9.597886734963e-15       5.587046690593e-14       2.024623610141e-15       3.883640992411e-17 
  549       3.491069536735e-10       1.122076425151e-12      -8.317142510515e-14       9.620023381596e-15       5.551796974116e-14       2.029831251713e-15       2.775546415697e-17 
  550       3.487152475456e-10       1.138647805947e-12       7.387564889956e-14       9.641978159358e-15       5.516834898411e-14       2.035718708698e-15       1.675405320047e-17 
  551       3.482958938914e-10       1.155882794729e-12       2.291969987555e-13       9.663748902159e-15       5.482157547741e-14       2.042285426635e-15       5.833269582750e-18 
  552       3.478491956324e-10       1.173778209801e-12       3.826926574781e-13       9.685333434203e-15       5.447761902172e-14       2.049530762595e-15      -5.005794198678e-18 
  553       3.473754626717e-10       1.192330752855e-12       5.342615037801e-13       9.706729569975e-15       5.413644836986e-14       2.057453984661e-15      -1.576204570590e-17 
  554       3.468750119290e-10       1.211537008340e-12       6.838012573649e-13       9.727935114220e-15       5.379803122089e-14       2.066054271401e-15      -2.643439258962e-17 
  555       3.463481673748e-10       1.231393442836e-12       8.312084742200e-13       9.748947861930e-15       5.346233421422e-14       2.075330711349e-15      -3.702174261824e-17 
  556       3.457952600657e-10       1.251896404426e-12       9.763785419107e-13       9.769765598326e-15       5.312932292371e-14       2.085282302479e-15      -4.752300370679e-17 
  557       3.452166281788e-10       1.273042122067e-12       1.119205674873e-12       9.790386098838e-15       5.279896185179e-14       2.095907951681e-15      -5.793708394602e-17 
  558       3.446126170467e-10       1.294826704960e-12       1.259582909708e-12       9.810807129095e-15       5.247121442354e-14       2.107206474244e-15      -6.826289163138e-17 
  559       3.439835791920e-10       1.317246141928e-12       1.397402100474e-12       9.831026444902e-15       5.214604298085e-14       2.119176593325e-15      -7.849933529206e-17 
  560       3.433298743623e-10       1.340296300780e-12       1.532553913982e-12       9.851041792226e-15       5.182340877643e-14       2.131816939433e-15      -8.864532372000e-17 
  561       3.426518695647e-10       1.363972927691e-12       1.664927825085e-12       9.870850907180e-15       5.150327196800e-14       2.145126049901e-15      -9.869976599891e-17 
  562       3.419499391008e-10       1.388271646568e-12       1.794412111979e-12       9.890451516005e-15       5.118559161237e-14       2.159102368364e-15      -1.086615715333e-16 
  563       3.412244646011e-10       1.413187958424e-12       1.920893851487e-12       9.909841335051e-15       5.087032565953e-14       2.173744244240e-15      -1.185296500775e-16 
  564       3.404758350602e-10       1.438717240750e-12       2.044258914359e-12       9.929018070768e-15       5.055743094675e-14       2.189049932200e-15      -1.283029117646e-16 
  565       3.397044468712e-10       1.464854746888e-12       2.164391960566e-12       9.947979419678e-15       5.024686319272e-14       2.205017591653e-15      -1.379802671357e-16 
  566       3.389107127375e-10       1.491594818004e-12       2.281190500219e-12       9.966723546205e-15       4.993858377729e-14       2.221643296854e-15      -1.475608507692e-16 
  567       3.380950885892e-10       1.518928498007e-12       2.394607483376e-12       9.985250529666e-15       4.963258028437e-14       2.238915012072e-15      -1.570446984330e-16 
  568       3.372580474279e-10       1.546845856034e-12       2.504609796630e-12       1.000356095447e-14       4.932884647590e-14       2.256818460392e-15      -1.664320874103e-16 
  569       3.364000705501e-10       1.575336767368e-12       2.611164297178e-12       1.002165543581e-14       4.902737555068e-14       2.275339097793e-15      -1.757233145880e-16 
  570       3.355216475854e-10       1.604390912523e-12       2.714237813371e-12       1.003953461982e-14       4.872816014093e-14       2.294462111877e-15      -1.849186965693e-16 
  571       3.346232765349e-10       1.633997776316e-12       2.813797145263e-12       1.005719918376e-14       4.843119230903e-14       2.314172420604e-15      -1.940185697862e-16 
  572       3.337054638087e-10       1.664146646947e-12       2.909809065170e-12       1.007464983613e-14       4.813646354409e-14       2.334454671025e-15      -2.030232906119e-16 
  573       3.327687242642e-10       1.694826615075e-12       3.002240318221e-12       1.009188731690e-14       4.784396475865e-14       2.355293238014e-15      -2.119332354742e-16 
  574       3.318135812445e-10       1.726026572899e-12       3.091057622909e-12       1.010891239760e-14       4.755368628527e-14       2.376672223002e-15      -2.207488009671e-16 
  575       3.308405666159e-10       1.757735213232e-12       3.176227671646e-12       1.012572588153e-14       4.726561787318e-14       2.398575452710e-15      -2.294704039644e-16 
  576       3.298502208063e-10       1.789941028578e-12       3.257717131314e-12       1.014232860392e-14       4.697974868498e-14       2.420986477883e-15      -2.380984817315e-16 
  577       3.288430928433e-10       1.822632310215e-12       3.335492643821e-12       1.015872143205e-14       4.669606729320e-14       2.443888572022e-15      -2.466334920387e-16 
  578       3.278197403920e-10       1.855797147264e-12       3.409520826649e-12       1.017490526547e-14       4.641456167700e-14       2.467264730117e-15      -2.550759132735e-16 
  579       3.267807297936e-10       1.889423425776e-12       3.479768273414e-12       1.019088103612e-14       4.613521921878e-14       2.491097667379e-15      -2.634262445531e-16 
  580       3.257266361027e-10       1.923498827802e-12       3.546201554410e-12       1.020664970851e-14       4.585802670084e-14       2.515369817977e-15      -2.716850058374e-16 
  581       3.246580431260e-10       1.958010830475e-12       3.608787217171e-12       1.022221227988e-14       4.558297030201e-14       2.540063333768e-15      -2.798527380412e-16 
  582       3.235755434600e-10       1.992946705084e-12       3.667491787018e-12       1.023756978036e-14       4.531003559432e-14       2.565160083030e-15      -2.879300031474e-16 
  583       3.224797385295e-10       2.028293516155e-12       3.722281767612e-12       1.025272327311e-14       4.503920753959e-14       2.590641649196e-15      -2.959173843189e-16 
  584       3.213712386251e-10       2.064038120528e-12       3.773123641511e-12       1.026767385454e-14       4.477047048611e-14       2.616489329589e-15      -3.038154860119e-16 
  585       3.202506629417e-10       2.100167166431e-12       3.819983870719e-12       1.028242265440e-14       4.450380816530e-14       2.642684134150e-15      -3.116249340882e-16 
  586       3.191186396163e-10       2.136667092562e-12       3.862828897239e-12       1.029697083601e-14       4.423920368830e-14       2.669206784176e-15      -3.193463759277e-16 
  587       3.179758057663e-10       2.173524127165e-12       3.901625143631e-12       1.031131959637e-14       4.397663954264e-14       2.696037711053e-15      -3.269804805415e-16 
  588       3.168228075274e-10       2.210724287106e-12       3.936339013556e-12       1.032547016633e-14       4.371609758889e-14       2.723157054984e-15      -3.345279386838e-16 
  589       3.156603000917e-10       2.248253376952e-12       3.966936892338e-12       1.033942381079e-14       4.345755905729e-14       2.750544663728e-15      -3.419894629655e-16 
  590       3.144889477458e-10       2.286096988049e-12       3.993385147512e-12       1.035318182882e-14       4.320100454438e-14       2.778180091330e-15      -3.493657879658e-16 
  591       3.133094239089e-10       2.324240497598e-12       4.015650129377e-12       1.036674555383e-14       4.294641400968e-14       2.806042596855e-15      -3.566576703457e-16 
  592       3.121224111709e-10       2.362669067735e-12       4.033698171549e-12       1.038011635377e-14       4.269376677230e-14       2.834111143121e-15      -3.638658889600e-16 
  593       3.109286013302e-10       2.401367644604e-12       4.047495591518e-12       1.039329563122e-14       4.244304150758e-14       2.862364395432e-15      -3.709912449702e-16 
  594       3.097286954320e-10       2.440320957441e-12       4.057008691193e-12       1.040628482361e-14       4.219421624375e-14       2.890780720311e-15      -3.780345619574e-16 
  595       3.085234038064e-10       2.479513517646e-12       4.062203757463e-12       1.041908540338e-14       4.194726835858e-14       2.919338184234e-15      -3.849966860341e-16 
  596       3.073134461065e-10       2.518929617862e-12       4.063047062744e-12       1.043169887811e-14       4.170217457597e-14       2.948014552362e-15      -3.918784859579e-16 
  597       3.060995513461e-10       2.558553331055e-12       4.059504865537e-12       1.044412679070e-14       4.145891096265e-14       2.976787287274e-15      -3.986808532433e-16 
  598       3.048824579381e-10       2.598368509589e-12       4.051543410975e-12       1.045637071953e-14       4.121745292482e-14       3.005633547701e-15      -4.054047022746e-16 
  599       3.036629137328e-10       2.638358784303e-12       4.039128931382e-12       1.046843227862e-14       4.097777520474e-14       3.034530187259e-15      -4.120509704188e-16 
  600       3.024416760552e-10       2.678507563592e-12       4.022227646821e-12       1.048031311781e-14       4.073985187742e-14       3.063453753182e-15      -4.186206181377e-16 
  601       3.012195117439e-10       2.718798032480e-12       4.000805765650e-12       1.049201492290e-14       4.050365634725e-14       3.092380485055e-15      -4.251146291010e-16 
  602       2.999971971886e-10       2.759213151702e-12       3.974829485073e-12       1.050353941579e-14       4.026916134462e-14       3.121286313546e-15      -4.315340102987e-16 
  603       2.987755183685e-10       2.799735656777e-12       3.944264991694e-12       1.051488835472e-14       4.003633892260e-14       3.150146859143e-15      -4.378797921537e-16 
  604       2.975552708901e-10       2.840348057090e-12       3.909078462070e-12       1.052606353434e-14       3.980516045356e-14       3.178937430880e-15      -4.441530286345e-16 
  605       2.963371966351e-10       2.881033494547e-12       3.869246939168e-12       1.053706692595e-14       3.957560087222e-14       3.207637456410e-15      -4.503544541544e-16 
  606       2.951217919507e-10       2.921778344121e-12       3.824791248254e-12       1.054790110138e-14       3.934765152382e-14       3.236243891919e-15      -4.564834449671e-16 
  607       2.939094949160e-10       2.962569674106e-12       3.775743874687e-12       1.055856881962e-14       3.912130761871e-14       3.264758132604e-15      -4.625390329845e-16 
  608       2.927007483310e-10       3.003394391560e-12       3.722138163854e-12       1.056907288793e-14       3.889656401194e-14       3.293181610755e-15      -4.685202467273e-16 
  609       2.914959997349e-10       3.044239241666e-12       3.664008325286e-12       1.057941616205e-14       3.867341520133e-14       3.321515795932e-15      -4.744261113253e-16 
  610       2.902957014225e-10       3.085090807093e-12       3.601389436768e-12       1.058960154640e-14       3.845185532548e-14       3.349762195157e-15      -4.802556485175e-16 
  611       2.891003104621e-10       3.125935507350e-12       3.534317448453e-12       1.059963199432e-14       3.823187816180e-14       3.377922353087e-15      -4.860078766523e-16 
  612       2.879102887124e-10       3.166759598148e-12       3.462829186973e-12       1.060951050822e-14       3.801347712457e-14       3.405997852207e-15      -4.916818106883e-16 
  613       2.867261028403e-10       3.207549170759e-12       3.386962359554e-12       1.061924013985e-14       3.779664526294e-14       3.433990313009e-15      -4.972764621938e-16 
  614       2.855482243377e-10       3.248290151376e-12       3.306755558128e-12       1.062882399047e-14       3.758137525896e-14       3.461901394175e-15      -5.027908393480e-16 
  615       2.843771295394e-10       3.288968300468e-12       3.222248263442e-12       1.063826521106e-14       3.736765942564e-14       3.489732792762e-15      -5.082239469405e-16 
  616       2.832132996397e-10       3.329569212141e-12       3.133480849179e-12       1.064756700255e-14       3.715548970497e-14       3.517486244386e-15      -5.135747863722e-16 
  617       2.820572207105e-10       3.370078313499e-12       3.040494586060e-12       1.065673261599e-14       3.694485766594e-14       3.545163523405e-15      -5.188423556550e-16 
  618       2.809093837179e-10       3.410480863999e-12       2.943331645966e-12       1.066576535280e-14       3.673575450259e-14       3.572766443100e-15      -5.240256494128e-16 
  619       2.797702845401e-10       3.450761954813e-12       2.842035106044e-12       1.067466856495e-14       3.652817103201e-14       3.600296855862e-15      -5.291236588812e-16 
  620       2.786404239844e-10       3.490906508185e-12       2.736648952826e-12       1.068344565517e-14       3.632209769242e-14       3.627756653377e-15      -5.341353719079e-16 
  621       2.775203078046e-10       3.530899276792e-12       2.627218086333e-12       1.069210007718e-14       3.611752454118e-14       3.655147766801e-15      -5.390597729533e-16 
  622       2.764104467182e-10       3.570724843100e-12       2.513788324198e-12       1.070063533587e-14       3.591444125279e-14       3.682472166955e-15      -5.438958430906e-16 
  623       2.753113564240e-10       3.610367618724e-12       2.396406405769e-12       1.070905498752e-14       3.571283711697e-14       3.709731864498e-15      -5.486425600058e-16 
  624       2.742235576192e-10       3.649811843788e-12       2.275119996229e-12       1.071736264001e-14       3.551270103667e-14       3.736928910119e-15      -5.532988979987e-16 
  625       2.731475760168e-10       3.689041586285e-12       2.149977690705e-12       1.072556195302e-14       3.531402152610e-14       3.764065394716e-15      -5.578638279825e-16 
  626       2.720839423628e-10       3.728040741430e-12       2.021029018379e-12       1.073365663824e-14       3.511678670877e-14       3.791143449578e-15      -5.623363174844e-16 
  627       2.710331924536e-10       3.766793031027e-12       1.888324446607e-12       1.074165045958e-14       3.492098431551e-14       3.818165246573e-15      -5.667153306458e-16 
  628       2.699958671536e-10       3.805282002821e-12       1.751915385023e-12       1.074954723340e-14       3.472660168253e-14       3.845132998330e-15      -5.709998282229e-16 
  629       2.689725124118e-10       3.843491029861e-12       1.611854189662e-12       1.075735082867e-14       3.453362574941e-14       3.872048958419e-15      -5.751887675865e-16 
  630       2.679636792801e-10       3.881403309856e-12       1.468194167061e-12       1.076506516721e-14       3.434204305716e-14       3.898915421541e-15      -5.792811027226e-16 
  631       2.669699239296e-10       3.919001864539e-12       1.320989578381e-12       1.077269422389e-14       3.415183974624e-14       3.925734723705e-15      -5.832757842327e-16 
  632       2.659918076687e-10       3.956269539019e-12       1.170295643516e-12       1.078024202685e-14       3.396300155462e-14       3.952509242415e-15      -5.871717593340e-16 
  633       2.650298969601e-10       3.993189001144e-12       1.016168545206e-12       1.078771265768e-14       3.377551381576e-14       3.979241396855e-15      -5.909679718596e-16 
  634       2.640847634381e-10       4.029742740860e-12       8.586654331477e-13       1.079511025166e-14       3.358936145669e-14       4.005933648067e-15      -5.946633622592e-16 
  635       2.631569839260e-10       4.065913069569e-12       6.978444281112e-13       1.080243899793e-14       3.340452899602e-14       4.032588499142e-15      -5.982568675988e-16 
  636       2.622471404533e-10       4.101682119486e-12       5.337646260493e-13       1.080970313976e-14       3.322100054197e-14       4.059208495395e-15      -6.017474215614e-16 
  637       2.613558202733e-10       4.137031843003e-12       3.664861022117e-13       1.081690697467e-14       3.303875979040e-14       4.085796224557e-15      -6.051339544473e-16 
  638       2.604836158800e-10       4.171944012043e-12       1.960699152571e-13       1.082405485473e-14       3.285779002287e-14       4.112354316952e-15      -6.084153931741e-16 
  639       2.596311250258e-10       4.206400217419e-12       2.257811136613e-14       1.083115118668e-14       3.267807410463e-14       4.138885445684e-15      -6.115906612774e-16 
  640       2.587989507387e-10       4.240381868197e-12      -1.539262716461e-13       1.083820043221e-14       3.249959448268e-14       4.165392326820e-15      -6.146586789108e-16 
  641       2.579877013395e-10       4.273870191052e-12      -3.333792002175e-13       1.084520710814e-14       3.232233318381e-14       4.191877719571e-15      -6.176183628461e-16 
  642       2.571979904591e-10       4.306846229626e-12      -5.157156409259e-13       1.085217578661e-14       3.214627181259e-14       4.218344426480e-15      -6.204686264739e-16 
  643       2.564304370562e-10       4.339290843890e-12      -7.008695563771e-13       1.085911109531e-14       3.197139154944e-14       4.244795293601e-15      -6.232083798039e-16 
  644       2.556855792067e-10       4.371186777057e-12      -8.887726124941e-13       1.086601741505e-14       3.179767583861e-14       4.271231420541e-15      -6.258368858989e-16 
  645       2.549636132965e-10       4.402524908992e-12      -1.079350276599e-12       1.087289796454e-14       3.162511852292e-14       4.297646745728e-15      -6.283548390339e-16 
  646       2.542646489612e-10       4.433298143053e-12      -1.272525622897e-12       1.087975569529e-14       3.145371588922e-14       4.324033338967e-15      -6.307633109366e-16 
  647       2.535887947711e-10       4.463499351299e-12      -1.468220608606e-12       1.088659359252e-14       3.128346399391e-14       4.350383180160e-15      -6.330633966659e-16 
  648       2.529361582243e-10       4.493121374449e-12      -1.666356069469e-12       1.089341467525e-14       3.111435866174e-14       4.376688158970e-15      -6.352562147145e-16 
  649       2.523068457385e-10       4.522157021838e-12      -1.866851715271e-12       1.090022199646e-14       3.094639548464e-14       4.402940074491e-15      -6.373429071124e-16 
  650       2.517009626437e-10       4.550599071371e-12      -2.069626125353e-12       1.090701864316e-14       3.077956982049e-14       4.429130634909e-15      -6.393246395304e-16 
  651       2.511186131748e-10       4.578440269480e-12      -2.274596744128e-12       1.091380773656e-14       3.061387679198e-14       4.455251457176e-15      -6.412026013831e-16 
  652       2.505599004636e-10       4.605673331082e-12      -2.481679876596e-12       1.092059243217e-14       3.044931128538e-14       4.481294066667e-15      -6.429780059321e-16 
  653       2.500249265313e-10       4.632290939534e-12      -2.690790683858e-12       1.092737591988e-14       3.028586794936e-14       4.507249896855e-15      -6.446520903897e-16 
  654       2.495137922813e-10       4.658285746587e-12      -2.901843178632e-12       1.093416142418e-14       3.012354119380e-14       4.533110288971e-15      -6.462261160215e-16 
  655       2.490265974910e-10       4.683650372346e-12      -3.114750220769e-12       1.094095220416e-14       2.996232518860e-14       4.558866491676e-15      -6.477013682502e-16 
  656       2.485634408048e-10       4.708377405225e-12      -3.329423512765e-12       1.094775155372e-14       2.980221386250e-14       4.584509660721e-15      -6.490791567589e-16 
  657       2.481244197259e-10       4.732459401901e-12      -3.545773595280e-12       1.095456280166e-14       2.964320090186e-14       4.610030858618e-15      -6.503608155937e-16 
  658       2.477096306095e-10       4.755888887271e-12      -3.763709842650e-12       1.096138931180e-14       2.948527974950e-14       4.635421054305e-15      -6.515477032679e-16 
  659       2.473191686543e-10       4.778658354412e-12      -3.983140458403e-12       1.096823448308e-14       2.932844360350e-14       4.660671122814e-15      -6.526412028644e-16 
  660       2.469531278956e-10       4.800760264533e-12      -4.203972470776e-12       1.097510174972e-14       2.917268541598e-14       4.685771844932e-15      -6.536427221395e-16 
  661       2.466116011974e-10       4.822187046930e-12      -4.426111728226e-12       1.098199458132e-14       2.901799789196e-14       4.710713906875e-15      -6.545536936262e-16 
  662       2.462946802450e-10       4.842931098947e-12      -4.649462894949e-12       1.098891648297e-14       2.886437348813e-14       4.735487899949e-15      -6.553755747369e-16 
  663       2.460024555371e-10       4.862984785931e-12      -4.873929446393e-12       1.099587099540e-14       2.871180441168e-14       4.760084320216e-15      -6.561098478673e-16 
  664       2.457350163786e-10       4.882340441183e-12      -5.099413664775e-12       1.100286169506e-14       2.856028261908e-14       4.784493568164e-15      -6.567580204994e-16 
  665       2.454924508725e-10       4.900990365921e-12      -5.325816634593e-12       1.100989219427e-14       2.840979981493e-14       4.808705948372e-15      -6.573216253047e-16 
  666       2.452748459130e-10       4.918926829233e-12      -5.553038238144e-12       1.101696614134e-14       2.826034745075e-14       4.832711669175e-15      -6.578022202476e-16 
  667       2.450822871772e-10       4.936142068033e-12      -5.780977151036e-12       1.102408722069e-14       2.811191672377e-14       4.856500842331e-15      -6.582013886885e-16 
  668       2.449148591180e-10       4.952628287017e-12      -6.009530837707e-12       1.103125915293e-14       2.796449857578e-14       4.880063482687e-15      -6.585207394872e-16 
  669       2.447726449563e-10       4.968377658622e-12      -6.238595546937e-12       1.103848569505e-14       2.781808369189e-14       4.903389507848e-15      -6.587619071062e-16 
  670       2.446557266736e-10       4.983382322978e-12      -6.468066307364e-12       1.104577064048e-14       2.767266249938e-14       4.926468737839e-15      -6.589265517139e-16 
  671       2.445641850040e-10       4.997634387868e-12      -6.697836923001e-12       1.105311781926e-14       2.752822516650e-14       4.949290894776e-15      -6.590163592877e-16 
  672       2.444980994270e-10       5.011125928680e-12      -6.927799968747e-12       1.106053109809e-14       2.738476160126e-14       4.971845602528e-15      -6.590330417176e-16 
  673       2.444575481597e-10       5.023848988367e-12      -7.157846785905e-12       1.106801438054e-14       2.724226145025e-14       4.994122386385e-15      -6.589783369093e-16 
  674       2.444426081496e-10       5.035795577404e-12      -7.387867477697e-12       1.107557160711e-14       2.710071409747e-14       5.016110672728e-15      -6.588540088872e-16 
  675       2.444533550663e-10       5.046957673739e-12      -7.617750904778e-12       1.108320675535e-14       2.696010866309e-14       5.037799788687e-15      -6.586618478981e-16 
  676       2.444898632945e-10       5.057327222753e-12      -7.847384680752e-12       1.109092384003e-14       2.682043400231e-14       5.059178961818e-15      -6.584036705144e-16 
  677       2.445522059262e-10       5.066896137216e-12      -8.076655167687e-12       1.109872691318e-14       2.668167870415e-14       5.080237319759e-15      -6.580813197371e-16 
  678       2.446404547531e-10       5.075656297242e-12      -8.305447471628e-12       1.110662006430e-14       2.654383109024e-14       5.100963889904e-15      -6.576966650991e-16 
  679       2.447546802591e-10       5.083599550247e-12      -8.533645438116e-12       1.111460742042e-14       2.640687921366e-14       5.121347599065e-15      -6.572516027688e-16 
  680       2.448949516125e-10       5.090717710901e-12      -8.761131647701e-12       1.112269314622e-14       2.627081085773e-14       5.141377273141e-15      -6.567480556530e-16 
  681       2.450613366588e-10       5.097002561092e-12      -8.987787411454e-12       1.113088144419e-14       2.613561353483e-14       5.161041636782e-15      -6.561879735004e-16 
  682       2.452539019126e-10       5.102445849872e-12      -9.213492766488e-12       1.113917655473e-14       2.600127448518e-14       5.180329313058e-15      -6.555733330046e-16 
  683       2.454726579456e-10       5.107041309699e-12      -9.438135240501e-12       1.114758220413e-14       2.586778245805e-14       5.199230817651e-15      -6.549057523242e-16 
  684       2.457173942846e-10       5.110790752445e-12      -9.661636359815e-12       1.115609993538e-14       2.573513309936e-14       5.217744588836e-15      -6.541853254028e-16 
  685       2.459878409743e-10       5.113698103422e-12      -9.883925698296e-12       1.116473074199e-14       2.560332367667e-14       5.235871085553e-15      -6.534117629708e-16 
  686       2.462837228411e-10       5.115767397362e-12      -1.010493215733e-11       1.117347561686e-14       2.547235130658e-14       5.253610804718e-15      -6.525847758800e-16 
  687       2.466047594717e-10       5.117002778889e-12      -1.032458396361e-11       1.118233555223e-14       2.534221295393e-14       5.270964281398e-15      -6.517040751077e-16 
  688       2.469506651912e-10       5.117408502997e-12      -1.054280866688e-11       1.119131153972e-14       2.521290543111e-14       5.287932088988e-15      -6.507693717613e-16 
  689       2.473211490419e-10       5.116988935518e-12      -1.075953313769e-11       1.120040457026e-14       2.508442539730e-14       5.304514839396e-15      -6.497803770817e-16 
  690       2.477159147614e-10       5.115748553604e-12      -1.097468356523e-11       1.120961563408e-14       2.495676935775e-14       5.320713183215e-15      -6.487368024486e-16 
  691       2.481346607610e-10       5.113691946193e-12      -1.118818545500e-11       1.121894572068e-14       2.482993366304e-14       5.336527809906e-15      -6.476383593838e-16 
  692       2.485770801042e-10       5.110823814489e-12      -1.139996362668e-11       1.122839581885e-14       2.470391450837e-14       5.351959447974e-15      -6.464847595559e-16 
  693       2.490428604848e-10       5.107148972435e-12      -1.160994221182e-11       1.123796691658e-14       2.457870793278e-14       5.367008865149e-15      -6.452757147845e-16 
  694       2.495316842059e-10       5.102672347185e-12      -1.181804465162e-11       1.124766000111e-14       2.445430981847e-14       5.381676868562e-15      -6.440109370441e-16 
  695       2.500432281574e-10       5.097398979578e-12      -1.202419369475e-11       1.125747605886e-14       2.433071589004e-14       5.395964304928e-15      -6.426901384688e-16 
  696       2.505771637953e-10       5.091334024615e-12      -1.222831139506e-11       1.126741607541e-14       2.420792171373e-14       5.409872060718e-15      -6.413130313561e-16 
  697       2.511331571193e-10       5.084482751933e-12      -1.243031910935e-11       1.127748103551e-14       2.408592269674e-14       5.423401062345e-15      -6.398793281715e-16 
  698       2.517108686518e-10       5.076850546274e-12      -1.263013749519e-11       1.128767192304e-14       2.396471408648e-14       5.436552276338e-15      -6.383887415522e-16 
  699       2.523099534157e-10       5.068442907965e-12      -1.282768650864e-11       1.129798972098e-14       2.384429096981e-14       5.449326709520e-15      -6.368409843120e-16 
  700       2.529300609135e-10       5.059265453390e-12      -1.302288540200e-11       1.130843541141e-14       2.372464827233e-14       5.461725409192e-15      -6.352357694450e-16 
  701       2.535708351050e-10       5.049323915463e-12      -1.321565272166e-11       1.131900997545e-14       2.360578075765e-14       5.473749463307e-15      -6.335728101298e-16 
  702       2.542319143859e-10       5.038624144102e-12      -1.340590630578e-11       1.132971439330e-14       2.348768302664e-14       5.485400000649e-15      -6.318518197342e-16 
  703       2.549129315664e-10       5.027172106707e-12      -1.359356328209e-11       1.134054964415e-14       2.337034951672e-14       5.496678191012e-15      -6.300725118190e-16 
  704       2.556135138495e-10       5.014973888629e-12      -1.377854006568e-11       1.135151670622e-14       2.325377450109e-14       5.507585245383e-15      -6.282346001424e-16 
  705       2.563332828091e-10       5.002035693646e-12      -1.396075235674e-11       1.136261655668e-14       2.313795208805e-14       5.518122416113e-15      -6.263377986640e-16 
  706       2.570718543688e-10       4.988363844439e-12      -1.414011513833e-11       1.137385017168e-14       2.302287622021e-14       5.528290997103e-15      -6.243818215495e-16 
  707       2.578288387798e-10       4.973964783063e-12      -1.431654267416e-11       1.138521852631e-14       2.290854067380e-14       5.538092323975e-15      -6.223663831742e-16 
  708       2.586038405999e-10       4.958845071424e-12      -1.448994850634e-11       1.139672259456e-14       2.279493905791e-14       5.547527774260e-15      -6.202911981281e-16 
  709       2.593964586713e-10       4.943011391752e-12      -1.466024545317e-11       1.140836334931e-14       2.268206481378e-14       5.556598767568e-15      -6.181559812193e-16 
  710       2.602062860992e-10       4.926470547071e-12      -1.482734560689e-11       1.142014176233e-14       2.256991121404e-14       5.565306765773e-15      -6.159604474787e-16 
  711       2.610329102305e-10       4.909229461682e-12      -1.499116033146e-11       1.143205880425e-14       2.245847136200e-14       5.573653273186e-15      -6.137043121641e-16 
  712       2.618759126316e-10       4.891295181630e-12      -1.515160026030e-11       1.144411544449e-14       2.234773819092e-14       5.581639836741e-15      -6.113872907645e-16 
  713       2.627348690671e-10       4.872674875178e-12      -1.530857529409e-11       1.145631265130e-14       2.223770446323e-14       5.589268046166e-15      -6.090090990041e-16 
  714       2.636093494784e-10       4.853375833285e-12      -1.546199459854e-11       1.146865139174e-14       2.212836276985e-14       5.596539534166e-15      -6.065694528467e-16 
  715       2.644989179616e-10       4.833405470080e-12      -1.561176660213e-11       1.148113263160e-14       2.201970552946e-14       5.603455976602e-15      -6.040680685000e-16 
  716       2.654031327462e-10       4.812771323332e-12      -1.575779899388e-11       1.149375733542e-14       2.191172498771e-14       5.610019092666e-15      -6.015046624196e-16 
  717       2.663215461734e-10       4.791481054927e-12      -1.589999872114e-11       1.150652646648e-14       2.180441321655e-14       5.616230645064e-15      -5.988789513134e-16 
  718       2.672537046745e-10       4.769542451342e-12      -1.603827198735e-11       1.151944098673e-14       2.169776211344e-14       5.622092440193e-15      -5.961906521457e-16 
  719       2.681991487492e-10       4.746963424118e-12      -1.617252424980e-11       1.153250185684e-14       2.159176340067e-14       5.627606328320e-15      -5.934394821413e-16 
  720       2.691574129444e-10       4.723752010336e-12      -1.630266021739e-11       1.154571003611e-14       2.148640862459e-14       5.632774203757e-15      -5.906251587904e-16 
  721       2.701280258317e-10       4.699916373089e-12      -1.642858384842e-11       1.155906648247e-14       2.138168915490e-14       5.637598005046e-15      -5.877473998517e-16 
  722       2.711105156787e-10       4.675465495585e-12      -1.655021146106e-11       1.157257170994e-14       2.127759735074e-14       5.642079664214e-15      -5.848061328658e-16 
  723       2.721044276291e-10       4.650411277876e-12      -1.666751135987e-11       1.158622445111e-14       2.117413008640e-14       5.646220953069e-15      -5.818021283256e-16 
  724       2.731093068264e-10       4.624766483420e-12      -1.678046500527e-11       1.160002296760e-14       2.107128529540e-14       5.650023634151e-15      -5.787363793034e-16 
  725       2.741246927333e-10       4.598544049922e-12      -1.688905397415e-11       1.161396548999e-14       2.096906080958e-14       5.653489511543e-15      -5.756098931534e-16 
  726       2.751501191110e-10       4.571757089966e-12      -1.699325996059e-11       1.162805021776e-14       2.086745435870e-14       5.656620431034e-15      -5.724236915643e-16 
  727       2.761851139992e-10       4.544418891650e-12      -1.709306477669e-11       1.164227531909e-14       2.076646356995e-14       5.659418280286e-15      -5.691788106113e-16 
  728       2.772291996957e-10       4.516542919217e-12      -1.718845035333e-11       1.165663893080e-14       2.066608596747e-14       5.661884989003e-15      -5.658763008088e-16 
  729       2.782818927362e-10       4.488142813695e-12      -1.727939874095e-11       1.167113915819e-14       2.056631897190e-14       5.664022529097e-15      -5.625172271627e-16 
  730       2.793427038735e-10       4.459232393520e-12      -1.736589211034e-11       1.168577407495e-14       2.046715989992e-14       5.665832914854e-15      -5.591026692227e-16 
  731       2.804111380581e-10       4.429825655181e-12      -1.744791275343e-11       1.170054172300e-14       2.036860596375e-14       5.667318203102e-15      -5.556337211347e-16 
  732       2.814866944169e-10       4.399936773845e-12      -1.752544308405e-11       1.171544011239e-14       2.027065427075e-14       5.668480493379e-15      -5.521114916933e-16 
  733       2.825688662337e-10       4.369580103996e-12      -1.759846563872e-11       1.173046722116e-14       2.017330182288e-14       5.669321928097e-15      -5.485371043943e-16 
  734       2.836571409283e-10       4.338770180063e-12      -1.766696307746e-11       1.174562099525e-14       2.007654551631e-14       5.669844692713e-15      -5.449116974865e-16 
  735       2.847510000365e-10       4.307521717060e-12      -1.773091818451e-11       1.176089934833e-14       1.998038214089e-14       5.670051015891e-15      -5.412364240248e-16 
  736       2.858499191899e-10       4.275849611216e-12      -1.779031386918e-11       1.177630016171e-14       1.988480837972e-14       5.669943169673e-15      -5.375124519222e-16 
  737       2.869533680952e-10       4.243768940607e-12      -1.784513316659e-11       1.179182128421e-14       1.978982080869e-14       5.669523469646e-15      -5.337409640022e-16 
  738       2.880608105142e-10       4.211294965793e-12      -1.789535923846e-11       1.180746053203e-14       1.969541589597e-14       5.668794275106e-15      -5.299231580511e-16 
  739       2.891717042434e-10       4.178443130449e-12      -1.794097537390e-11       1.182321568864e-14       1.960159000161e-14       5.667757989227e-15      -5.260602468708e-16 
  740       2.902855010938e-10       4.145229062002e-12      -1.798196499019e-11       1.183908450464e-14       1.950833937703e-14       5.666417059227e-15      -5.221534583308e-16 
  741       2.914016468702e-10       4.111668572260e-12      -1.801831163355e-11       1.185506469764e-14       1.941566016456e-14       5.664773976537e-15      -5.182040354206e-16 
  742       2.925195813515e-10       4.077777658047e-12      -1.804999897994e-11       1.187115395215e-14       1.932354839701e-14       5.662831276966e-15      -5.142132363021e-16 
  743       2.936387382699e-10       4.043572501840e-12      -1.807701083583e-11       1.188734991945e-14       1.923199999715e-14       5.660591540868e-15      -5.101823343624e-16 
  744       2.947585452908e-10       4.009069472398e-12      -1.809933113897e-11       1.190365021745e-14       1.914101077727e-14       5.658057393309e-15      -5.061126182655e-16 
  745       2.958784239925e-10       3.974285125397e-12      -1.811694395922e-11       1.192005243060e-14       1.905057643875e-14       5.655231504237e-15      -5.020053920052e-16 
  746       2.969977898458e-10       3.939236204064e-12      -1.812983349926e-11       1.193655410975e-14       1.896069257153e-14       5.652116588644e-15      -4.978619749571e-16 
  747       2.981160521936e-10       3.903939639813e-12      -1.813798409544e-11       1.195315277200e-14       1.887135465370e-14       5.648715406736e-15      -4.936837019314e-16 
  748       2.992326142310e-10       3.868412552873e-12      -1.814138021851e-11       1.196984590062e-14       1.878255805100e-14       5.645030764099e-15      -4.894719232250e-16 
  749       3.003468729846e-10       3.832672252925e-12      -1.814000647445e-11       1.198663094492e-14       1.869429801638e-14       5.641065511869e-15      -4.852280046741e-16 
  750       3.014582192923e-10       3.796736239738e-12      -1.813384760520e-11       1.200350532009e-14       1.860656968950e-14       5.636822546892e-15      -4.809533277060e-16 
  751       3.025660377830e-10       3.760622203795e-12      -1.812288848949e-11       1.202046640712e-14       1.851936809632e-14       5.632304811898e-15      -4.766492893925e-16 
  752       3.036697068562e-10       3.724348026935e-12      -1.810711414358e-11       1.203751155265e-14       1.843268814858e-14       5.627515295667e-15      -4.723173025013e-16 
  753       3.047685986620e-10       3.687931782981e-12      -1.808650972207e-11       1.205463806887e-14       1.834652464337e-14       5.622457033190e-15      -4.679587955490e-16 
  754       3.058620790805e-10       3.651391738377e-12      -1.806106051869e-11       1.207184323337e-14       1.826087226264e-14       5.617133105843e-15      -4.635752128530e-16 
  755       3.069495077014e-10       3.614746352818e-12      -1.803075196703e-11       1.208912428902e-14       1.817572557278e-14       5.611546641550e-15      -4.591680145846e-16 
  756       3.080302378041e-10       3.578014279886e-12      -1.799556964140e-11       1.210647844388e-14       1.809107902409e-14       5.605700814954e-15      -4.547386768207e-16 
  757       3.091036163371e-10       3.541214367684e-12      -1.795549925754e-11       1.212390287104e-14       1.800692695036e-14       5.599598847577e-15      -4.502886915962e-16 
  758       3.101689838977e-10       3.504365659467e-12      -1.791052667344e-11       1.214139470852e-14       1.792326356839e-14       5.593244007993e-15      -4.458195669570e-16 
  759       3.112256747117e-10       3.467487394278e-12      -1.786063789011e-11       1.215895105911e-14       1.784008297755e-14       5.586639611995e-15      -4.413328270119e-16 
  760       3.122730166131e-10       3.430599007582e-12      -1.780581905238e-11       1.217656899031e-14       1.775737915927e-14       5.579789022757e-15      -4.368300119849e-16 
  761       3.133103880138e-10       3.393719046361e-12      -1.774606595429e-11       1.219424548508e-14       1.767514677132e-14       5.572694885424e-15      -4.323124362788e-16 
  762       3.143373900498e-10       3.356861890329e-12      -1.768141275372e-11       1.221197729350e-14       1.759338354820e-14       5.565356814438e-15      -4.277804574723e-16 
  763       3.153536776950e-10       3.320040969121e-12      -1.761190380977e-11       1.222976107808e-14       1.751208794585e-14       5.557773662207e-15      -4.232341934135e-16 
  764       3.163589030612e-10       3.283269842542e-12      -1.753758423071e-11       1.224759346236e-14       1.743125835077e-14       5.549944280682e-15      -4.186737629419e-16 
  765       3.173527153896e-10       3.246562200977e-12      -1.745849987679e-11       1.226547103086e-14       1.735089307975e-14       5.541867521363e-15      -4.140992858906e-16 
  766       3.183347610428e-10       3.209931865799e-12      -1.737469736291e-11       1.228339032886e-14       1.727099037956e-14       5.533542235308e-15      -4.095108830887e-16 
  767       3.193046834960e-10       3.173392789779e-12      -1.728622406144e-11       1.230134786235e-14       1.719154842666e-14       5.524967273141e-15      -4.049086763636e-16 
  768       3.202621233282e-10       3.136959057492e-12      -1.719312810492e-11       1.231934009783e-14       1.711256532688e-14       5.516141485064e-15      -4.002927885434e-16 
  769       3.212067182141e-10       3.100644885731e-12      -1.709545838883e-11       1.233736346223e-14       1.703403911512e-14       5.507063720860e-15      -3.956633434590e-16 
  770       3.221381029155e-10       3.064464623910e-12      -1.699326457433e-11       1.235541434273e-14       1.695596775507e-14       5.497732829907e-15      -3.910204659465e-16 
  771       3.230559092726e-10       3.028432754478e-12      -1.688659709102e-11       1.237348908665e-14       1.687834913889e-14       5.488147661182e-15      -3.863642818494e-16 
  772       3.239597661957e-10       2.992563893325e-12      -1.677550713968e-11       1.239158400133e-14       1.680118108693e-14       5.478307063272e-15      -3.816949180214e-16 
  773       3.248492996565e-10       2.956872790191e-12      -1.666004669502e-11       1.240969535397e-14       1.672446134741e-14       5.468209884384e-15      -3.770125023279e-16 
  774       3.257241326798e-10       2.921374329077e-12      -1.654026850843e-11       1.242781937150e-14       1.664818759612e-14       5.457854972350e-15      -3.723171636491e-16 
  775       3.265838853348e-10       2.886083528651e-12      -1.641622611071e-11       1.244595224048e-14       1.657235743613e-14       5.447241174637e-15      -3.676090318816e-16 
  776       3.274281747266e-10       2.851015542659e-12      -1.628797381488e-11       1.246409010690e-14       1.649696839749e-14       5.436367338357e-15      -3.628882379413e-16 
  777       3.282566149877e-10       2.816185660334e-12      -1.615556671885e-11       1.248222907613e-14       1.642201793693e-14       5.425232310272e-15      -3.581549137655e-16 
  778       3.290688172696e-10       2.781609306804e-12      -1.601906070821e-11       1.250036521272e-14       1.634750343752e-14       5.413834936808e-15      -3.534091923148e-16 
  779       3.298643897343e-10       2.747302043500e-12      -1.587851245899e-11       1.251849454029e-14       1.627342220846e-14       5.402174064058e-15      -3.486512075763e-16 
  780       3.306429375455e-10       2.713279568567e-12      -1.573397944037e-11       1.253661304141e-14       1.619977148468e-14       5.390248537793e-15      -3.438810945650e-16 
  781       3.314040628603e-10       2.679557717272e-12      -1.558551991747e-11       1.255471665745e-14       1.612654842659e-14       5.378057203473e-15      -3.390989893265e-16 
  782       3.321473648208e-10       2.646152462413e-12      -1.543319295408e-11       1.257280128844e-14       1.605375011979e-14       5.365598906251e-15      -3.343050289395e-16 
  783       3.328724395453e-10       2.613079914728e-12      -1.527705841538e-11       1.259086279297e-14       1.598137357473e-14       5.352872490982e-15      -3.294993515177e-16 
  784       3.335788801199e-10       2.580356323303e-12      -1.511717697076e-11       1.260889698800e-14       1.590941572646e-14       5.339876802237e-15      -3.246820962125e-16 
  785       3.342662765902e-10       2.547998075981e-12      -1.495361009650e-11       1.262689964879e-14       1.583787343427e-14       5.326610684305e-15      -3.198534032149e-16 
  786       3.349342159524e-10       2.516021699774e-12      -1.478642007854e-11       1.264486650873e-14       1.576674348143e-14       5.313072981205e-15      -3.150134137582e-16 
  787       3.355822821451e-10       2.484443861268e-12      -1.461567001526e-11       1.266279325921e-14       1.569602257490e-14       5.299262536693e-15      -3.101622701200e-16 
  788       3.362100560405e-10       2.453281367032e-12      -1.444142382017e-11       1.268067554949e-14       1.562570734499e-14       5.285178194273e-15      -3.053001156248e-16 
  789       3.368171154364e-10       2.422551164031e-12      -1.426374622473e-11       1.269850898657e-14       1.555579434508e-14       5.270818797202e-15      -3.004270946460e-16 
  790       3.374030350469e-10       2.392270340030e-12      -1.408270278102e-11       1.271628913505e-14       1.548628005132e-14       5.256183188502e-15      -2.955433526083e-16 
  791       3.379673864947e-10       2.362456124007e-12      -1.389835986456e-11       1.273401151700e-14       1.541716086233e-14       5.241270210965e-15      -2.906490359902e-16 
  792       3.385097383019e-10       2.333125886559e-12      -1.371078467702e-11       1.275167161183e-14       1.534843309890e-14       5.226078707165e-15      -2.857442923262e-16 
  793       3.390296558821e-10       2.304297140311e-12      -1.352004524896e-11       1.276926485615e-14       1.528009300370e-14       5.210607519466e-15      -2.808292702088e-16 
  794       3.395267015312e-10       2.275987540328e-12      -1.332621044261e-11       1.278678664365e-14       1.521213674093e-14       5.194855490027e-15      -2.759041192914e-16 
  795       3.400004344197e-10       2.248214884521e-12      -1.312934995462e-11       1.280423232495e-14       1.514456039609e-14       5.178821460814e-15      -2.709689902901e-16 
  796       3.404504105833e-10       2.220997114055e-12      -1.292953431876e-11       1.282159720746e-14       1.507735997564e-14       5.162504273610e-15      -2.660240349862e-16 
  797       3.408761829153e-10       2.194352313762e-12      -1.272683490872e-11       1.283887655529e-14       1.501053140669e-14       5.145902770017e-15      -2.610694062285e-16 
  798       3.412773011571e-10       2.168298712546e-12      -1.252132394085e-11       1.285606558906e-14       1.494407053673e-14       5.129015791473e-15      -2.561052579357e-16 
  799       3.416533118907e-10       2.142854683794e-12      -1.231307447688e-11       1.287315948580e-14       1.487797313331e-14       5.111842179253e-15      -2.511317450986e-16 
  800       3.420038288535e-10       2.118036541216e-12      -1.210216088045e-11       1.289015374760e-14       1.481223542451e-14       5.094382048270e-15      -2.461491770276e-16 
  801       3.423287453096e-10       2.093851881452e-12      -1.188866019022e-11       1.290704531518e-14       1.474685573181e-14       5.076640633917e-15      -2.411584801567e-16 
  802       3.426280255356e-10       2.070306120845e-12      -1.167265077725e-11       1.292383147434e-14       1.468183286640e-14       5.058624515405e-15      -2.361607436855e-16 
  803       3.429016348518e-10       2.047404689004e-12      -1.145421189632e-11       1.294050948900e-14       1.461716559092e-14       5.040340348583e-15      -2.311570671298e-16 
  804       3.431495396274e-10       2.025153028802e-12      -1.123342368879e-11       1.295707660108e-14       1.455285261928e-14       5.021794866180e-15      -2.261485603528e-16 
  805       3.433717072846e-10       2.003556596366e-12      -1.101036718545e-11       1.297353003050e-14       1.448889261641e-14       5.002994878056e-15      -2.211363435960e-16 
  806       3.435681063036e-10       1.982620861081e-12      -1.078512430929e-11       1.298986697505e-14       1.442528419812e-14       4.983947271448e-15      -2.161215475100e-16 
  807       3.437387062272e-10       1.962351305580e-12      -1.055777787841e-11       1.300608461037e-14       1.436202593087e-14       4.964659011216e-15      -2.111053131857e-16 
  808       3.438834776653e-10       1.942753425745e-12      -1.032841160880e-11       1.302218008987e-14       1.429911633157e-14       4.945137140094e-15      -2.060887921853e-16 
  809       3.440023922998e-10       1.923832730696e-12      -1.009711011719e-11       1.303815054467e-14       1.423655386738e-14       4.925388778930e-15      -2.010731465731e-16 
  810       3.440954228888e-10       1.905594742797e-12      -9.863958923902e-12       1.305399308352e-14       1.417433695553e-14       4.905421126940e-15      -1.960595489471e-16 
  811       3.441625432720e-10       1.888044997641e-12      -9.629044455652e-12       1.306970479276e-14       1.411246396310e-14       4.885241461953e-15      -1.910491824691e-16 
  812       3.442037283746e-10       1.871189044055e-12      -9.392454048405e-12       1.308528273624e-14       1.405093320682e-14       4.864857140654e-15      -1.860432408964e-16 
  813       3.442189542123e-10       1.855032444093e-12      -9.154275950201e-12       1.310072395527e-14       1.398974295289e-14       4.844275598837e-15      -1.810429286126e-16 
  814       3.442081978962e-10       1.839580773029e-12      -8.914599323994e-12       1.311602546853e-14       1.392889141677e-14       4.823504351650e-15      -1.760494606585e-16 
  815       3.441714376369e-10       1.824839619359e-12      -8.673514250478e-12       1.313118427203e-14       1.386837676298e-14       4.802550993841e-15      -1.710640627634e-16 
  816       3.441086527495e-10       1.810814584792e-12      -8.431111730929e-12       1.314619733905e-14       1.380819710489e-14       4.781423200004e-15      -1.660879713756e-16 
  817       3.440198236583e-10       1.797511284248e-12      -8.187483690034e-12       1.316106162004e-14       1.374835050453e-14       4.760128724831e-15      -1.611224336940e-16 
  818       3.439049319012e-10       1.784935345855e-12      -7.942722978725e-12       1.317577404258e-14       1.368883497243e-14       4.738675403353e-15      -1.561687076986e-16 
  819       3.437639601347e-10       1.773092410944e-12      -7.696923377014e-12       1.319033151133e-14       1.362964846733e-14       4.717071151191e-15      -1.512280621818e-16 
  820       3.435968921380e-10       1.761988134044e-12      -7.450179596827e-12       1.320473090794e-14       1.357078889607e-14       4.695323964804e-15      -1.463017767793e-16 
  821       3.434037128185e-10       1.751628182882e-12      -7.202587284837e-12       1.321896909101e-14       1.351225411334e-14       4.673441921731e-15      -1.413911420011e-16 
  822       3.431844082155e-10       1.742018238372e-12      -6.954243025297e-12       1.323304289598e-14       1.345404192152e-14       4.651433180843e-15      -1.364974592626e-16 
  823       3.429389655057e-10       1.733163994619e-12      -6.705244342875e-12       1.324694913513e-14       1.339615007041e-14       4.629305982589e-15      -1.316220409156e-16 
  824       3.426673730071e-10       1.725071158912e-12      -6.455689705488e-12       1.326068459745e-14       1.333857625713e-14       4.607068649239e-15      -1.267662102789e-16 
  825       3.423696201845e-10       1.717745451716e-12      -6.205678527136e-12       1.327424604865e-14       1.328131812582e-14       4.584729585140e-15      -1.219313016701e-16 
  826       3.420456976531e-10       1.711192606674e-12      -5.955311170732e-12       1.328763023102e-14       1.322437326753e-14       4.562297276952e-15      -1.171186604358e-16 
  827       3.416955971843e-10       1.705418370601e-12      -5.704688950942e-12       1.330083386340e-14       1.316773921996e-14       4.539780293903e-15      -1.123296429832e-16 
  828       3.413193117094e-10       1.700428503480e-12      -5.453914137015e-12       1.331385364115e-14       1.311141346728e-14       4.517187288036e-15      -1.075656168105e-16 
  829       3.409168353249e-10       1.696228778456e-12      -5.203089955615e-12       1.332668623600e-14       1.305539343993e-14       4.494526994450e-15      -1.028279605387e-16 
  830       3.404881632966e-10       1.692824981835e-12      -4.952320593659e-12       1.333932829608e-14       1.299967651444e-14       4.471808231553e-15      -9.811806394192e-17 
  831       3.400332920650e-10       1.690222913080e-12      -4.701711201150e-12       1.335177644579e-14       1.294426001319e-14       4.449039901306e-15      -9.343732797864e-17 
  832       3.395522192490e-10       1.688428384805e-12      -4.451367894006e-12       1.336402728577e-14       1.288914120424e-14       4.426230989472e-15      -8.878716482278e-17 
  833       3.390449436514e-10       1.687447222772e-12      -4.201397756902e-12       1.337607739281e-14       1.283431730113e-14       4.403390565862e-15      -8.416899789463e-17 
  834       3.385114652631e-10       1.687285265887e-12      -3.951908846095e-12       1.338792331981e-14       1.277978546268e-14       4.380527784581e-15      -7.958426189187e-17 
  835       3.379517852680e-10       1.687948366198e-12      -3.703010192264e-12       1.339956159571e-14       1.272554279277e-14       4.357651884277e-15      -7.503440282054e-17 
  836       3.373659060473e-10       1.689442388888e-12      -3.454811803342e-12       1.341098872539e-14       1.267158634018e-14       4.334772188390e-15      -7.052087802610e-17 
  837       3.367538311846e-10       1.691773212273e-12      -3.207424667349e-12       1.342220118969e-14       1.261791309834e-14       4.311898105391e-15      -6.604515622440e-17 
  838       3.361155654701e-10       1.694946727797e-12      -2.960960755226e-12       1.343319544524e-14       1.256452000519e-14       4.289039129040e-15      -6.160871753268e-17 
  839       3.354511580299e-10       1.698966864415e-12      -2.715524674981e-12       1.344396846872e-14       1.251140432703e-14       4.266202792905e-15      -5.721269766416e-17 
  840       3.347608325245e-10       1.703829624068e-12      -2.471188469243e-12       1.345451939992e-14       1.245856481805e-14       4.243388494445e-15      -5.285681366373e-17 
  841       3.340448592242e-10       1.709528942443e-12      -2.228016384902e-12       1.346484792708e-14       1.240600058059e-14       4.220593563983e-15      -4.854041954573e-17 
  842       3.333035121024e-10       1.716058654840e-12      -1.986073183480e-12       1.347495374532e-14       1.235371068277e-14       4.197815300588e-15      -4.426286040733e-17 
  843       3.325370688473e-10       1.723412495833e-12      -1.745424142537e-12       1.348483655662e-14       1.230169415829e-14       4.175050971977e-15      -4.002347239899e-17 
  844       3.317458108738e-10       1.731584098933e-12      -1.506135057090e-12       1.349449606987e-14       1.224995000634e-14       4.152297814409e-15      -3.582158269483e-17 
  845       3.309300233360e-10       1.740566996243e-12      -1.268272241022e-12       1.350393200092e-14       1.219847719148e-14       4.129553032586e-15      -3.165650946309e-17 
  846       3.300899951386e-10       1.750354618122e-12      -1.031902528493e-12       1.351314407256e-14       1.214727464346e-14       4.106813799551e-15      -2.752756183650e-17 
  847       3.292260189495e-10       1.760940292839e-12      -7.970932753564e-13       1.352213201458e-14       1.209634125711e-14       4.084077256591e-15      -2.343403988274e-17 
  848       3.283383912112e-10       1.772317246240e-12      -5.639123605662e-13       1.353089556380e-14       1.204567589222e-14       4.061340513128e-15      -1.937523457483e-17 
  849       3.274274121532e-10       1.784478601401e-12      -3.324281875930e-13       1.353943446408e-14       1.199527737338e-14       4.038600646624e-15      -1.535042776156e-17 
  850       3.264933858040e-10       1.797417378292e-12      -1.027096858347e-13       1.354774846637e-14       1.194514448988e-14       4.015854702478e-15      -1.135889213788e-17 
  851       3.255366200027e-10       1.811126493436e-12       1.251736879708e-13       1.355583732871e-14       1.189527599551e-14       3.993099693923e-15      -7.399891215363e-18 
  852       3.245574264114e-10       1.825598759566e-12       3.511519483341e-13       1.356370081629e-14       1.184567060852e-14       3.970332601928e-15      -3.472679292569e-18 
  853       3.235561205272e-10       1.840826885287e-12       5.751545796009e-13       1.357133870145e-14       1.179632701141e-14       3.947550375094e-15       4.234985745036e-19 
  854       3.225330216940e-10       1.856803474737e-12       7.971105345410e-13       1.357875076374e-14       1.174724385083e-14       3.924749929553e-15       4.289406602016e-18 
  855       3.214884531143e-10       1.873521027243e-12       1.016948232935e-12       1.358593678992e-14       1.169841973744e-14       3.901928148870e-15       8.125818307868e-18 
  856       3.204227418619e-10       1.890971936984e-12       1.234595560163e-12       1.359289657400e-14       1.164985324577e-14       3.879081883936e-15       1.193351654129e-17 
  857       3.193362188931e-10       1.909148492648e-12       1.449979865792e-12       1.359962991726e-14       1.160154291409e-14       3.856207952873e-15       1.571329351240e-17 
  858       3.182292190592e-10       1.928042877094e-12       1.663027962162e-12       1.360613662830e-14       1.155348724430e-14       3.833303140927e-15       1.946595082185e-17 
  859       3.171020811184e-10       1.947647167012e-12       1.873666122978e-12       1.361241652304e-14       1.150568470175e-14       3.810364200372e-15       2.319229949032e-17 
  860       3.159551477477e-10       1.967953332578e-12       2.081820081893e-12       1.361846942477e-14       1.145813371514e-14       3.787387850406e-15       2.689315998818e-17 
  861       3.147887655549e-10       1.988953237120e-12       2.287415031099e-12       1.362429516417e-14       1.141083267637e-14       3.764370777048e-15       3.056936226504e-17 
  862       3.136032850906e-10       2.010638636773e-12       2.490375619912e-12       1.362989357933e-14       1.136377994043e-14       3.741309633040e-15       3.422174577934e-17 
  863       3.123990608605e-10       2.033001180142e-12       2.690625953364e-12       1.363526451581e-14       1.131697382522e-14       3.718201037746e-15       3.785115952791e-17 
  864       3.111764513368e-10       2.056032407960e-12       2.888089590786e-12       1.364040782661e-14       1.127041261147e-14       3.695041577046e-15       4.145846207560e-17 
  865       3.099358189708e-10       2.079723752746e-12       3.082689544399e-12       1.364532337226e-14       1.122409454258e-14       3.671827803242e-15       4.504452158484e-17 
  866       3.086775302045e-10       2.104066538468e-12       3.274348277900e-12       1.365001102082e-14       1.117801782448e-14       3.648556234950e-15       4.861021584521e-17 
  867       3.074019554827e-10       2.129051980201e-12       3.462987705051e-12       1.365447064791e-14       1.113218062550e-14       3.625223357002e-15       5.215643230305e-17 
  868       3.061094692651e-10       2.154671183787e-12       3.648529188266e-12       1.365870213673e-14       1.108658107624e-14       3.601825620345e-15       5.568406809101e-17 
  869       3.048004500382e-10       2.180915145495e-12       3.830893537199e-12       1.366270537810e-14       1.104121726945e-14       3.578359441940e-15       5.919403005768e-17 
  870       3.034752803274e-10       2.207774751678e-12       4.010001007333e-12       1.366648027049e-14       1.099608725987e-14       3.554821204657e-15       6.268723479714e-17 
  871       3.021343467087e-10       2.235240778437e-12       4.185771298563e-12       1.367002672004e-14       1.095118906411e-14       3.531207257179e-15       6.616460867856e-17 
  872       3.007780398211e-10       2.263303891279e-12       4.358123553791e-12       1.367334464060e-14       1.090652066052e-14       3.507513913899e-15       6.962708787576e-17 
  873       2.994067543785e-10       2.291954644774e-12       4.526976357509e-12       1.367643395374e-14       1.086207998905e-14       3.483737454815e-15       7.307561839682e-17 
  874       2.980208891813e-10       2.321183482220e-12       4.692247734387e-12       1.367929458880e-14       1.081786495110e-14       3.459874125434e-15       7.651115611366e-17 
  875       2.966208471289e-10       2.350980735297e-12       4.853855147862e-12       1.368192648290e-14       1.077387340944e-14       3.435920136669e-15       7.993466679162e-17 
  876       2.952070352316e-10       2.381336623730e-12       5.011715498725e-12       1.368432958097e-14       1.073010318800e-14       3.411871664736e-15       8.334712611903e-17 
  877       2.937798646222e-10       2.412241254950e-12       5.165745123710e-12       1.368650383580e-14       1.068655207181e-14       3.387724851056e-15       8.674951973682e-17 
  878       2.923397459899e-10       2.443684063409e-12       5.315871609741e-12       1.368844958388e-14       1.064321807339e-14       3.363477141734e-15       9.014249187050e-17 
  879       2.908870757721e-10       2.475652119013e-12       5.462069454829e-12       1.369016867977e-14       1.060010023730e-14       3.339131330629e-15       9.352528476340e-17 
  880       2.894222497564e-10       2.508131789889e-12       5.604324997305e-12       1.369166338068e-14       1.055719784874e-14       3.314691583307e-15       9.689678166811e-17 
  881       2.879456676500e-10       2.541109299753e-12       5.742624654326e-12       1.369293597238e-14       1.051451016806e-14       3.290162103661e-15       1.002558566209e-16 
  882       2.864577330908e-10       2.574570727479e-12       5.876954922295e-12       1.369398876933e-14       1.047203643069e-14       3.265547134014e-15       1.036013744164e-16 
  883       2.849588536587e-10       2.608502006676e-12       6.007302377292e-12       1.369482411475e-14       1.042977584703e-14       3.240850955228e-15       1.069321905831e-16 
  884       2.834494408872e-10       2.642888925255e-12       6.133653675494e-12       1.369544438069e-14       1.038772760237e-14       3.216077886810e-15       1.102471513578e-16 
  885       2.819299102739e-10       2.677717125006e-12       6.255995553603e-12       1.369585196815e-14       1.034589085679e-14       3.191232287020e-15       1.135450936605e-16 
  886       2.804006812929e-10       2.712972101169e-12       6.374314829270e-12       1.369604930715e-14       1.030426474509e-14       3.166318552979e-15       1.168248450699e-16 
  887       2.788621774049e-10       2.748639202004e-12       6.488598401517e-12       1.369603885680e-14       1.026284837664e-14       3.141341120773e-15       1.200852237978e-16 
  888       2.773148260696e-10       2.784703628371e-12       6.598833251168e-12       1.369582310542e-14       1.022164083537e-14       3.116304465563e-15       1.233250386642e-16 
  889       2.757590587561e-10       2.821150433292e-12       6.705006441270e-12       1.369540457060e-14       1.018064117961e-14       3.091213101689e-15       1.265430890726e-16 
  890       2.741953109546e-10       2.857964521534e-12       6.807105117517e-12       1.369478579931e-14       1.013984844202e-14       3.066071582782e-15       1.297381649841e-16 
  891       2.726240221877e-10       2.895130649173e-12       6.905116508677e-12       1.369396936797e-14       1.009926162951e-14       3.040884501865e-15       1.329090468935e-16 
  892       2.710456360216e-10       2.932633423173e-12       6.999027927019e-12       1.369295788252e-14       1.005887972313e-14       3.015656491464e-15       1.360545058032e-16 
  893       2.694606000775e-10       2.970457300955e-12       7.088826768733e-12       1.369175397856e-14       1.001870167799e-14       2.990392223714e-15       1.391733031988e-16 
  894       2.678693660424e-10       3.008586589970e-12       7.174500514358e-12       1.369036032138e-14       9.978726423159e-15       2.965096410468e-15       1.422641910235e-16 
  895       2.662723896812e-10       3.047005447273e-12       7.256036729206e-12       1.368877960609e-14       9.938952861579e-15       2.939773803398e-15       1.453259116539e-16 
  896       2.646701308474e-10       3.085697879092e-12       7.333423063790e-12       1.368701455766e-14       9.899379869966e-15       2.914429194111e-15       1.483571978739e-16 
  897       2.630630534944e-10       3.124647740406e-12       7.406647254242e-12       1.368506793107e-14       9.860006298723e-15       2.889067414247e-15       1.513567728504e-16 
  898       2.614516256870e-10       3.163838734513e-12       7.475697122747e-12       1.368294251133e-14       9.820830971848e-15       2.863693335592e-15       1.543233501081e-16 
  899       2.598363196128e-10       3.203254412606e-12       7.540560577960e-12       1.368064111363e-14       9.781852686836e-15       2.838311870184e-15       1.572556335040e-16 
  900       2.582176115931e-10       3.242878173341e-12       7.601225615436e-12       1.367816658336e-14       9.743070214593e-15       2.812927970419e-15       1.601523172031e-16 
  901       2.565959820943e-10       3.282693262415e-12       7.657680318052e-12       1.367552179625e-14       9.704482299339e-15       2.787546629157e-15       1.630120856527e-16 
  902       2.549719157394e-10       3.322682772134e-12       7.709912856434e-12       1.367270965846e-14       9.666087658521e-15       2.762172879833e-15       1.658336135577e-16 
  903       2.533459013191e-10       3.362829640988e-12       7.757911489381e-12       1.366973310659e-14       9.627884982714e-15       2.736811796558e-15       1.686155658552e-16 
  904       2.517184318032e-10       3.403116653224e-12       7.801664564290e-12       1.366659510789e-14       9.589872935532e-15       2.711468494234e-15       1.713565976900e-16 
  905       2.500900043518e-10       3.443526438417e-12       7.841160517582e-12       1.366329866021e-14       9.552050153537e-15       2.686148128653e-15       1.740553543891e-16 
  906       2.484611203265e-10       3.484041471042e-12       7.876387875124e-12       1.365984679222e-14       9.514415246145e-15       2.660855896609e-15       1.767104714366e-16 
  907       2.468322853018e-10       3.524644070048e-12       7.907335252658e-12       1.365624256339e-14       9.476966795533e-15       2.635597036003e-15       1.793205744490e-16 
  908       2.452040090766e-10       3.565316398432e-12       7.933991356222e-12       1.365248906413e-14       9.439703356548e-15       2.610376825952e-15       1.818842791501e-16 
  909       2.435768056849e-10       3.606040462808e-12       7.956344982580e-12       1.364858941588e-14       9.402623456615e-15       2.585200586893e-15       1.844001913454e-16 
  910       2.419511934077e-10       3.646798112983e-12       7.974385019641e-12       1.364454677116e-14       9.365725595642e-15       2.560073680694e-15       1.868669068978e-16 
  911       2.403276947840e-10       3.687571041524e-12       7.988100446887e-12       1.364036431370e-14       9.329008245931e-15       2.535001510757e-15       1.892830117020e-16 
  912       2.387068366220e-10       3.728340783340e-12       7.997480335801e-12       1.363604525849e-14       9.292469852083e-15       2.509989522128e-15       1.916470816598e-16 
  913       2.370891500107e-10       3.769088715246e-12       8.002513850284e-12       1.363159285190e-14       9.256108830907e-15       2.485043201602e-15       1.939576826547e-16 
  914       2.354751703306e-10       3.809796055538e-12       8.003190247089e-12       1.362701037173e-14       9.219923571328e-15       2.460168077833e-15       1.962133705273e-16 
  915       2.338654372659e-10       3.850443863567e-12       7.999498876239e-12       1.362230112734e-14       9.183912434294e-15       2.435369721435e-15       1.984126910497e-16 
  916       2.322604948148e-10       3.891013039311e-12       7.991429181456e-12       1.361746845971e-14       9.148073752682e-15       2.410653745099e-15       2.005541799008e-16 
  917       2.306608474039e-10       3.931485468183e-12       7.978979067067e-12       1.361251572588e-14       9.112406035079e-15       2.386025251358e-15       2.026367909842e-16 
  918       2.290668274400e-10       3.971847476297e-12       7.962180143859e-12       1.360744625196e-14       9.076908580850e-15       2.361487166076e-15       2.046611889050e-16 
  919       2.274787256716e-10       4.012086429371e-12       7.941072886054e-12       1.360226337956e-14       9.041580874679e-15       2.337041878641e-15       2.066284770231e-16 
  920       2.258968349002e-10       4.052189592217e-12       7.915698302883e-12       1.359697048144e-14       9.006422383523e-15       2.312691791917e-15       2.085397710119e-16 
  921       2.243214499854e-10       4.092144128473e-12       7.886097940204e-12       1.359157096161e-14       8.971432556550e-15       2.288439322275e-15       2.103961988942e-16 
  922       2.227528678498e-10       4.131937100344e-12       7.852313882114e-12       1.358606825537e-14       8.936610825072e-15       2.264286899621e-15       2.121989010784e-16 
  923       2.211913874841e-10       4.171555468332e-12       7.814388752572e-12       1.358046582944e-14       8.901956602489e-15       2.240236967422e-15       2.139490303942e-16 
  924       2.196373099522e-10       4.210986090976e-12       7.772365717015e-12       1.357476718204e-14       8.867469284218e-15       2.216291982736e-15       2.156477521286e-16 
  925       2.180909383962e-10       4.250215724588e-12       7.726288483976e-12       1.356897584294e-14       8.833148247633e-15       2.192454416240e-15       2.172962440624e-16 
  926       2.165525780412e-10       4.289231022984e-12       7.676201306700e-12       1.356309537358e-14       8.798992852003e-15       2.168726752260e-15       2.188956965057e-16 
  927       2.150225362009e-10       4.328018537226e-12       7.622148984763e-12       1.355712936714e-14       8.765002438428e-15       2.145111488795e-15       2.204473123339e-16 
  928       2.135011222818e-10       4.366564715354e-12       7.564176865689e-12       1.355108144863e-14       8.731176329772e-15       2.121611137551e-15       2.219523070243e-16 
  929       2.119886477889e-10       4.404855902121e-12       7.502330846570e-12       1.354495527497e-14       8.697513830605e-15       2.098228223965e-15       2.234119086912e-16 
  930       2.104854263307e-10       4.442878338734e-12       7.436657375679e-12       1.353875453507e-14       8.664014227139e-15       2.074965287234e-15       2.248273581227e-16 
  931       2.089917736236e-10       4.480618162583e-12       7.367203454091e-12       1.353248294992e-14       8.630676787159e-15       2.051824880345e-15       2.261999088164e-16 
  932       2.075080074977e-10       4.518061406982e-12       7.294016637300e-12       1.352614427268e-14       8.597500759969e-15       2.028809570101e-15       2.275308270152e-16 
  933       2.060344479013e-10       4.555194000904e-12       7.217145036836e-12       1.351974228876e-14       8.564485376318e-15       2.005921937152e-15       2.288213917436e-16 
  934       2.045714169063e-10       4.592001768712e-12       7.136637321884e-12       1.351328081591e-14       8.531629848347e-15       1.983164576022e-15       2.300728948438e-16 
  935       2.031192387128e-10       4.628470429903e-12       7.052542720900e-12       1.350676370428e-14       8.498933369520e-15       1.960540095136e-15       2.312866410113e-16 
  936       2.016782396546e-10       4.664585598836e-12       6.964911023228e-12       1.350019483654e-14       8.466395114559e-15       1.938051116850e-15       2.324639478311e-16 
  937       2.002487482039e-10       4.700332784474e-12       6.873792580721e-12       1.349357812793e-14       8.434014239387e-15       1.915700277479e-15       2.336061458139e-16 
  938       1.988310949764e-10       4.735697390115e-12       6.779238309355e-12       1.348691752639e-14       8.401789881060e-15       1.893490227326e-15       2.347145784318e-16 
  939       1.974256127363e-10       4.770664713131e-12       6.681299690849e-12       1.348021701260e-14       8.369721157704e-15       1.871423630708e-15       2.357906021547e-16 
  940       1.960326364016e-10       4.805219944702e-12       6.580028774280e-12       1.347348060007e-14       8.337807168453e-15       1.849503165986e-15       2.368355864856e-16 
  941       1.946525030486e-10       4.839348169553e-12       6.475478177704e-12       1.346671233525e-14       8.306046993385e-15       1.827731525594e-15       2.378509139975e-16 
  942       1.932855519175e-10       4.873034365688e-12       6.367701089771e-12       1.345991629761e-14       8.274439693461e-15       1.806111416066e-15       2.388379803688e-16 
  943       1.919321244170e-10       4.906263404130e-12       6.256751271344e-12       1.345309659969e-14       8.242984310458e-15       1.784645558064e-15       2.397981944194e-16 
  944       1.905925641296e-10       4.939020048650e-12       6.142683057115e-12       1.344625738724e-14       8.211679866906e-15       1.763336686408e-15       2.407329781467e-16 
  945       1.892672168165e-10       4.971288955511e-12       6.025551357225e-12       1.343940283924e-14       8.180525366030e-15       1.742187550103e-15       2.416437667621e-16 
  946       1.879564304226e-10       5.003054673195e-12       5.905411658880e-12       1.343253716804e-14       8.149519791679e-15       1.721200912367e-15       2.425320087261e-16 
  947       1.866605550815e-10       5.034301642148e-12       5.782320027969e-12       1.342566461942e-14       8.118662108269e-15       1.700379550661e-15       2.433991657850e-16 
  948       1.853799431207e-10       5.065014194507e-12       5.656333110681e-12       1.341878947269e-14       8.087951260717e-15       1.679726256716e-15       2.442467130069e-16 
  949       1.841149490666e-10       5.095176553843e-12       5.527508135122e-12       1.341191604073e-14       8.057386174376e-15       1.659243836562e-15       2.450761388171e-16 
  950       1.828659296492e-10       5.124772834892e-12       5.395902912938e-12       1.340504867014e-14       8.026965754976e-15       1.638935110554e-15       2.458889450349e-16 
  951       1.816332438078e-10       5.153787043294e-12       5.261575840923e-12       1.339819174128e-14       7.996688888557e-15       1.618802913404e-15       2.466866469089e-16 
  952       1.804172526952e-10       5.182203075326e-12       5.124585902646e-12       1.339134966836e-14       7.966554441409e-15       1.598850094207e-15       2.474707731536e-16 
  953       1.792183196833e-10       5.210004717639e-12       4.984992670063e-12       1.338452689953e-14       7.936561260004e-15       1.579079516469e-15       2.482428659850e-16 
  954       1.780368103680e-10       5.237175646997e-12       4.842856305136e-12       1.337772791697e-14       7.906708170938e-15       1.559494058139e-15       2.490044811567e-16 
  955       1.768730925742e-10       5.263699430007e-12       4.698237561451e-12       1.337095723699e-14       7.876993980863e-15       1.540096611630e-15       2.497571879960e-16 
  956       1.757274819877e-10       5.289561631192e-12       4.551198373809e-12       1.336421903359e-14       7.847417605885e-15       1.520889127497e-15       2.505021509170e-16 
  957       1.746000781321e-10       5.314756173011e-12       4.401803633603e-12       1.335751600295e-14       7.817978462034e-15       1.501869729377e-15       2.512388668835e-16 
  958       1.734909258959e-10       5.339279072473e-12       4.250119443770e-12       1.335085048177e-14       7.788676080629e-15       1.483035555030e-15       2.519664087307e-16 
  959       1.724000696772e-10       5.363126341619e-12       4.096212534973e-12       1.334422482225e-14       7.759509979320e-15       1.464383708601e-15       2.526838419211e-16 
  960       1.713275533807e-10       5.386293987537e-12       3.940150267292e-12       1.333764139210e-14       7.730479662039e-15       1.445911260531e-15       2.533902245253e-16 
  961       1.702734204163e-10       5.408778012373e-12       3.782000631923e-12       1.333110257456e-14       7.701584618953e-15       1.427615247450e-15       2.540846072032e-16 
  962       1.692377136965e-10       5.430574413346e-12       3.621832252867e-12       1.332461076847e-14       7.672824326421e-15       1.409492672087e-15       2.547660331853e-16 
  963       1.682204756344e-10       5.451679182756e-12       3.459714388630e-12       1.331816838829e-14       7.644198246944e-15       1.391540503171e-15       2.554335382537e-16 
  964       1.672217481420e-10       5.472088308001e-12       3.295716933913e-12       1.331177786412e-14       7.615705829120e-15       1.373755675332e-15       2.560861507229e-16 
  965       1.662415726275e-10       5.491797771584e-12       3.129910421313e-12       1.330544164175e-14       7.587346507599e-15       1.356135089006e-15       2.567228914214e-16 
  966       1.652799899934e-10       5.510803551132e-12       2.962366023010e-12       1.329916218270e-14       7.559119703034e-15       1.338675610337e-15       2.573427736725e-16 
  967       1.643370406349e-10       5.529101619403e-12       2.793155552469e-12       1.329294196426e-14       7.531024822037e-15       1.321374071080e-15       2.579448032758e-16 
  968       1.634127644368e-10       5.546687944299e-12       2.622351466129e-12       1.328678347948e-14       7.503061257133e-15       1.304227268505e-15       2.585279784875e-16 
  969       1.625072007723e-10       5.563558488882e-12       2.450026865102e-12       1.328068923727e-14       7.475228386712e-15       1.287231965297e-15       2.590912900025e-16 
  970       1.616203885005e-10       5.579709211381e-12       2.276255496865e-12       1.327466176240e-14       7.447525574983e-15       1.270384889462e-15       2.596337209348e-16 
  971       1.607523659644e-10       5.595136065210e-12       2.101111756955e-12       1.326870359552e-14       7.419952171927e-15       1.253682734228e-15       2.601542467990e-16 
  972       1.599031709885e-10       5.609834998976e-12       1.924670690667e-12       1.326281729324e-14       7.392507513255e-15       1.237122157948e-15       2.606518354911e-16 
  973       1.590728408773e-10       5.623801956493e-12       1.747007994743e-12       1.325700542812e-14       7.365190920354e-15       1.220699784004e-15       2.611254472700e-16 
  974       1.582614124124e-10       5.637032876794e-12       1.568200019072e-12       1.325127058873e-14       7.338001700249e-15       1.204412200709e-15       2.615740347381e-16 
  975       1.574689218513e-10       5.649523694144e-12       1.388323768381e-12       1.324561537969e-14       7.310939145550e-15       1.188255961210e-15       2.619965428229e-16 
  976       1.566954049245e-10       5.661270338051e-12       1.207456903932e-12       1.324004242169e-14       7.284002534411e-15       1.172227583391e-15       2.623919087579e-16 
  977       1.559408968338e-10       5.672268733282e-12       1.025677745217e-12       1.323455435152e-14       7.257191130479e-15       1.156323549775e-15       2.627590620638e-16 
  978       1.552054322502e-10       5.682514799868e-12       8.430652716500e-13       1.322915382213e-14       7.230504182851e-15       1.140540307428e-15       2.630969245293e-16 
  979       1.544890453117e-10       5.692004453126e-12       6.596991242648e-13       1.322384350264e-14       7.203940926026e-15       1.124874267862e-15       2.634044101927e-16 
  980       1.537917696210e-10       5.700733603662e-12       4.756596074078e-13       1.321862607840e-14       7.177500579860e-15       1.109321806938e-15       2.636804253226e-16 
  981       1.531136382439e-10       5.708698157391e-12       2.910276904337e-13       1.321350425100e-14       7.151182349517e-15       1.093879264766e-15       2.639238683991e-16 
  982       1.524546837067e-10       5.715894015543e-12       1.058850093997e-13       1.320848073831e-14       7.124985425427e-15       1.078542945613e-15       2.641336300954e-16 
  983       1.518149379944e-10       5.722317074680e-12      -7.968613123961e-14       1.320355827455e-14       7.098908983237e-15       1.063309117800e-15       2.643085932579e-16 
  984       1.511944325485e-10       5.727963226708e-12      -2.656027569374e-13       1.319873961026e-14       7.072952183763e-15       1.048174013610e-15       2.644476328884e-16 
  985       1.505931982648e-10       5.732828358885e-12      -4.517812213599e-13       1.319402751240e-14       7.047114172947e-15       1.033133829188e-15       2.645496161244e-16 
  986       1.500112654915e-10       5.736908353839e-12      -6.381372046919e-13       1.318942476434e-14       7.021394081811e-15       1.018184724445e-15       2.646134022207e-16 
  987       1.494486640269e-10       5.740199089575e-12      -8.245857119416e-13       1.318493416593e-14       6.995791026405e-15       1.003322822960e-15       2.646378425304e-16 
  988       1.489054231173e-10       5.742696439494e-12      -1.011041071246e-12       1.318055853350e-14       6.970304107769e-15       9.885442118835e-16       2.646217804856e-16 
  989       1.483815714552e-10       5.744396272397e-12      -1.197416932178e-12       1.317630069992e-14       6.944932411879e-15       9.738449418407e-16       2.645640515793e-16 
  990       1.478771371768e-10       5.745294452505e-12      -1.383626264047e-12       1.317216351463e-14       6.919675009608e-15       9.592210268332e-16       2.644634833459e-16 
  991       1.473921478600e-10       5.745386839468e-12      -1.569581354209e-12       1.316814984367e-14       6.894530956671e-15       9.446684441431e-16       2.643188953424e-16 
  992       1.469266305226e-10       5.744669288374e-12      -1.755193806369e-12       1.316426256971e-14       6.869499293588e-15       9.301831342350e-16       2.641290991296e-16 
  993       1.464806116198e-10       5.743137649770e-12      -1.940374538890e-12       1.316050459213e-14       6.844579045630e-15       9.157610006595e-16       2.638928982534e-16 
  994       1.460541170421e-10       5.740787769664e-12      -2.125033783091e-12       1.315687882696e-14       6.819769222777e-15       9.013979099556e-16       2.636090882255e-16 
  995       1.456471378492e-10       5.737617268927e-12      -2.309087786674e-12       1.315338771921e-14       6.795068940876e-15       8.870905773797e-16       2.632768304758e-16 
  996       1.452595269227e-10       5.733630910051e-12      -2.492479035181e-12       1.315003177149e-14       6.770477787157e-15       8.728392385291e-16       2.628967802595e-16 
  997       1.448911007919e-10       5.728835309194e-12      -2.675156324016e-12       1.314681099385e-14       6.745995459987e-15       8.586450167450e-16       2.624699752699e-16 
  998       1.445416737541e-10       5.723237164173e-12      -2.857068079365e-12       1.314372538955e-14       6.721621648128e-15       8.445090408518e-16       2.619974631949e-16 
  999       1.442110578690e-10       5.716843254687e-12      -3.038162357312e-12       1.314077495505e-14       6.697356030696e-15       8.304324451676e-16       2.614803017434e-16 
 1000       1.438990629518e-10       5.709660442549e-12      -3.218386842956e-12       1.313795968003e-14       6.673198277137e-15       8.164163695144e-16       2.609195586720e-16 
 1001       1.436054965671e-10       5.701695671910e-12      -3.397688849528e-12       1.313527954728e-14       6.649148047192e-15       8.024619592283e-16       2.603163118110e-16 
 1002       1.433301640232e-10       5.692955969492e-12      -3.576015317510e-12       1.313273453279e-14       6.625204990864e-15       7.885703651691e-16       2.596716490909e-16 
 1003       1.430728683648e-10       5.683448444809e-12      -3.753312813750e-12       1.313032460561e-14       6.601368748390e-15       7.747427437312e-16       2.589866685689e-16 
 1004       1.428334103679e-10       5.673180290402e-12      -3.929527530581e-12       1.312804972792e-14       6.577638950206e-15       7.609802568533e-16       2.582624784553e-16 
 1005       1.426115885327e-10       5.662158782060e-12      -4.104605284936e-12       1.312590985493e-14       6.554015216918e-15       7.472840720283e-16       2.575001971397e-16 
 1006       1.424071990776e-10       5.650391279054e-12      -4.278491517466e-12       1.312390493494e-14       6.530497159269e-15       7.336553623142e-16       2.567009532177e-16 
 1007       1.422200359332e-10       5.637885224359e-12      -4.451131291659e-12       1.312203490922e-14       6.507084378106e-15       7.200953063433e-16       2.558658855170e-16 
 1008       1.420498907355e-10       5.624648144888e-12      -4.622469292956e-12       1.312029971206e-14       6.483776464352e-15       7.066050883330e-16       2.549961431238e-16 
 1009       1.418965528204e-10       5.610687651715e-12      -4.792449827866e-12       1.311869927072e-14       6.460572998971e-15       6.931858980959e-16       2.540928854096e-16 
 1010       1.417598092168e-10       5.596011440302e-12      -4.961016823087e-12       1.311723350540e-14       6.437473552938e-15       6.798389310496e-16       2.531572820572e-16 
 1011       1.416394446405e-10       5.580627290733e-12      -5.128113824620e-12       1.311590232924e-14       6.414477687207e-15       6.665653882269e-16       2.521905130870e-16 
 1012       1.415352414881e-10       5.564543067936e-12      -5.293683996887e-12       1.311470564826e-14       6.391584952679e-15       6.533664762862e-16       2.511937688839e-16 
 1013       1.414469798307e-10       5.547766721912e-12      -5.457670121852e-12       1.311364336135e-14       6.368794890172e-15       6.402434075214e-16       2.501682502232e-16 
 1014       1.413744374076e-10       5.530306287966e-12      -5.620014598130e-12       1.311271536029e-14       6.346107030386e-15       6.271973998721e-16       2.491151682972e-16 
 1015       1.413173896201e-10       5.512169886930e-12      -5.780659440112e-12       1.311192152963e-14       6.323520893876e-15       6.142296769339e-16       2.480357447416e-16 
 1016       1.412756095251e-10       5.493365725394e-12      -5.939546277079e-12       1.311126174679e-14       6.301035991015e-15       6.013414679681e-16       2.469312116620e-16 
 1017       1.412488678290e-10       5.473902095934e-12      -6.096616352318e-12       1.311073588190e-14       6.278651821967e-15       5.885340079124e-16       2.458028116599e-16 
 1018       1.412369328814e-10       5.453787377337e-12      -6.251810522241e-12       1.311034379791e-14       6.256367876654e-15       5.758085373905e-16       2.446517978597e-16 
 1019       1.412395706690e-10       5.433030034831e-12      -6.405069255502e-12       1.311008535046e-14       6.234183634722e-15       5.631663027225e-16       2.434794339344e-16 
 1020       1.412565448088e-10       5.411638620314e-12      -6.556332632114e-12       1.310996038792e-14       6.212098565514e-15       5.506085559353e-16       2.422869941327e-16 
 1021       1.412876165427e-10       5.389621772578e-12      -6.705540342565e-12       1.310996875132e-14       6.190112128033e-15       5.381365547721e-16       2.410757633047e-16 
 1022       1.413325447306e-10       5.366988217540e-12      -6.852631686937e-12       1.311011027439e-14       6.168223770914e-15       5.257515627030e-16       2.398470369290e-16 
 1023       1.413910858442e-10       5.343746768471e-12      -6.997545574023e-12       1.311038478346e-14       6.146432932392e-15       5.134548489352e-16       2.386021211384e-16 
 1024       1.414629939610e-10       5.319906326217e-12      -7.140220520442e-12       1.311079209748e-14       6.124739040269e-15       5.012476884227e-16       2.373423327469e-16 
 1025       1.415480207580e-10       5.295475879435e-12      -7.280594649758e-12       1.311133202801e-14       6.103141511883e-15       4.891313618767e-16       2.360689992757e-16 
 1026       1.416459155053e-10       5.270464504817e-12      -7.418605691598e-12       1.311200437915e-14       6.081639754077e-15       4.771071557760e-16       2.347834589796e-16 
 1027       1.417564250599e-10       5.244881367316e-12      -7.554190980766e-12       1.311280894755e-14       6.060233163168e-15       4.651763623766e-16       2.334870608739e-16 
 1028       1.418792938595e-10       5.218735720378e-12      -7.687287456366e-12       1.311374552239e-14       6.038921124911e-15       4.533402797221e-16       2.321811647600e-16 
 1029       1.420142639163e-10       5.192036906166e-12      -7.817831660910e-12       1.311481388532e-14       6.017703014474e-15       4.416002116539e-16       2.308671412524e-16 
 1030       1.421610748104e-10       5.164794355792e-12      -7.945759739445e-12       1.311601381048e-14       5.996578196400e-15       4.299574678213e-16       2.295463718048e-16 
 1031       1.423194636841e-10       5.137017589539e-12      -8.071007438664e-12       1.311734506444e-14       5.975546024581e-15       4.184133636915e-16       2.282202487368e-16 
 1032       1.424891652353e-10       5.108716217094e-12      -8.193510106025e-12       1.311880740621e-14       5.954605842222e-15       4.069692205599e-16       2.268901752599e-16 
 1033       1.426699117112e-10       5.079899937775e-12      -8.313202688868e-12       1.312040058717e-14       5.933756981811e-15       3.956263655601e-16       2.255575655041e-16 
 1034       1.428614335624e-10       5.050578990822e-12      -8.430029186845e-12       1.312212404857e-14       5.912998830208e-15       3.843862668074e-16       2.242235578902e-16 
 1035       1.430634614281e-10       5.020765512795e-12      -8.543971157251e-12       1.312397600918e-14       5.892331024974e-15       3.732509408989e-16       2.228881507578e-16 
 1036       1.432757241665e-10       4.990472199811e-12      -8.655019610673e-12       1.312595436468e-14       5.871753260752e-15       3.622225511912e-16       2.215510545776e-16 
 1037       1.434979481908e-10       4.959711859490e-12      -8.763165594370e-12       1.312805698897e-14       5.851265224375e-15       3.513032732137e-16       2.202119774925e-16 
 1038       1.437298574633e-10       4.928497411234e-12      -8.868400192453e-12       1.313028173407e-14       5.830866594841e-15       3.404952946941e-16       2.188706253115e-16 
 1039       1.439711734891e-10       4.896841886507e-12      -8.970714526060e-12       1.313262643015e-14       5.810557043289e-15       3.298008155842e-16       2.175267015044e-16 
 1040       1.442216153099e-10       4.864758429114e-12      -9.070099753534e-12       1.313508888537e-14       5.790336232975e-15       3.192220480843e-16       2.161799071957e-16 
 1041       1.444808994977e-10       4.832260295475e-12      -9.166547070598e-12       1.313766688588e-14       5.770203819247e-15       3.087612166695e-16       2.148299411592e-16 
 1042       1.447487401490e-10       4.799360854908e-12      -9.260047710537e-12       1.314035819576e-14       5.750159449521e-15       2.984205581139e-16       2.134764998119e-16 
 1043       1.450248488781e-10       4.766073589906e-12      -9.350592944371e-12       1.314316055696e-14       5.730202763257e-15       2.882023215169e-16       2.121192772085e-16 
 1044       1.453089348115e-10       4.732412096411e-12      -9.438174081032e-12       1.314607168923e-14       5.710333391934e-15       2.781087683278e-16       2.107579650355e-16 
 1045       1.456007045811e-10       4.698390084100e-12      -9.522782467545e-12       1.314908929005e-14       5.690550959025e-15       2.681421723714e-16       2.093922526056e-16 
 1046       1.458998623184e-10       4.664021376658e-12      -9.604409489202e-12       1.315221103461e-14       5.670855079977e-15       2.583048198731e-16       2.080218268518e-16 
 1047       1.462061096486e-10       4.629319912054e-12      -9.683046569739e-12       1.315543457574e-14       5.651245362178e-15       2.485990094845e-16       2.066463723217e-16 
 1048       1.465191456835e-10       4.594299742828e-12      -9.758685171515e-12       1.315875754382e-14       5.631721404944e-15       2.390270523083e-16       2.052655711719e-16 
 1049       1.468386670164e-10       4.558975036360e-12      -9.831316795687e-12       1.316217754677e-14       5.612282799484e-15       2.295912719237e-16       2.038791031620e-16 
 1050       1.471643677152e-10       4.523360075154e-12      -9.900932982391e-12       1.316569216996e-14       5.592929128882e-15       2.202940044121e-16       2.024866456491e-16 
 1051       1.474959393164e-10       4.487469257115e-12      -9.967525310915e-12       1.316929897616e-14       5.573659968072e-15       2.111375983817e-16       2.010878735817e-16 
 1052       1.478330708191e-10       4.451317095824e-12      -1.003108539988e-11       1.317299550548e-14       5.554474883811e-15       2.021244149932e-16       1.996824594945e-16 
 1053       1.481754486785e-10       4.414918220822e-12      -1.009160490740e-11       1.317677927532e-14       5.535373434658e-15       1.932568279852e-16       1.982700735021e-16 
 1054       1.485227568001e-10       4.378287377884e-12      -1.014907553131e-11       1.318064778032e-14       5.516355170946e-15       1.845372236990e-16       1.968503832935e-16 
 1055       1.488746765332e-10       4.341439429300e-12      -1.020348900927e-11       1.318459849227e-14       5.497419634760e-15       1.759680011045e-16       1.954230541265e-16 
 1056       1.492308866648e-10       4.304389354148e-12      -1.025483711899e-11       1.318862886008e-14       5.478566359915e-15       1.675515718249e-16       1.939877488217e-16 
 1057       1.495910634136e-10       4.267152248581e-12      -1.030311167840e-11       1.319273630973e-14       5.459794871927e-15       1.592903601626e-16       1.925441277568e-16 
 1058       1.499548804237e-10       4.229743326098e-12      -1.034830454584e-11       1.319691824417e-14       5.441104687989e-15       1.511868031238e-16       1.910918488610e-16 
 1059       1.503220087582e-10       4.192177917824e-12      -1.039040762019e-11       1.320117204330e-14       5.422495316951e-15       1.432433504443e-16       1.896305676089e-16 
 1060       1.506921168934e-10       4.154471472791e-12      -1.042941284111e-11       1.320549506392e-14       5.403966259293e-15       1.354624646146e-16       1.881599370154e-16 
 1061       1.510648707124e-10       4.116639558212e-12      -1.046531218914e-11       1.320988463961e-14       5.385517007098e-15       1.278466209054e-16       1.866796076292e-16 
 1062       1.514399334989e-10       4.078697859764e-12      -1.049809768598e-11       1.321433808077e-14       5.367147044033e-15       1.203983073923e-16       1.851892275276e-16 
 1063       1.518169659313e-10       4.040662181861e-12      -1.052776139457e-11       1.321885267447e-14       5.348855845322e-15       1.131200249818e-16       1.836884423105e-16 
 1064       1.521956260761e-10       4.002548447937e-12      -1.055429541931e-11       1.322342568443e-14       5.330642877719e-15       1.060142874363e-16       1.821768950947e-16 
 1065       1.525755693820e-10       3.964372700722e-12      -1.057769190625e-11       1.322805435098e-14       5.312507599490e-15       9.908362139908e-17       1.806542265082e-16 
 1066       1.529564486737e-10       3.926151102520e-12      -1.059794304324e-11       1.323273589098e-14       5.294449460382e-15       9.233056642014e-17       1.791200746844e-16 
 1067       1.533379141455e-10       3.887899935488e-12      -1.061504106013e-11       1.323746749777e-14       5.276467901602e-15       8.575767498110e-17       1.775740752563e-16 
 1068       1.537196133556e-10       3.849635601916e-12      -1.062897822891e-11       1.324224634108e-14       5.258562355796e-15       7.936751252061e-17       1.760158613508e-16 
 1069       1.541011912193e-10       3.811374624500e-12      -1.063974686394e-11       1.324706956704e-14       5.240732247015e-15       7.316265745963e-17       1.744450635833e-16 
 1070       1.544822900033e-10       3.773133646627e-12      -1.064733932209e-11       1.325193429806e-14       5.222976990702e-15       6.714570122674e-17       1.728613100511e-16 
 1071       1.548625493193e-10       3.734929432647e-12      -1.065174800292e-11       1.325683763281e-14       5.205295993660e-15       6.131924828338e-17       1.712642263286e-16 
 1072       1.552416061180e-10       3.696778868157e-12      -1.065296534888e-11       1.326177664612e-14       5.187688654029e-15       5.568591614916e-17       1.696534354610e-16 
 1073       1.556191242428e-10       3.658697914588e-12      -1.065099049875e-11       1.326674843296e-14       5.170154434980e-15       5.024739030908e-17       1.680286727239e-16 
 1074       1.559948835449e-10       3.620698456828e-12      -1.064584934699e-11       1.327175024089e-14       5.152693086931e-15       4.500157479138e-17       1.663901316253e-16 
 1075       1.563686919696e-10       3.582791413230e-12      -1.063757475786e-11       1.327677933925e-14       5.135304428306e-15       3.994540283994e-17       1.647381226038e-16 
 1076       1.567403561031e-10       3.544987777573e-12      -1.062619993785e-11       1.328183297534e-14       5.117988272078e-15       3.507577844093e-17       1.630729586965e-16 
 1077       1.571096811692e-10       3.507298619231e-12      -1.061175843648e-11       1.328690837430e-14       5.100744425754e-15       3.038957624961e-17       1.613949555454e-16 
 1078       1.574764710263e-10       3.469735083344e-12      -1.059428414719e-11       1.329200273913e-14       5.083572691354e-15       2.588364151727e-17       1.597044314036e-16 
 1079       1.578405281644e-10       3.432308390988e-12      -1.057381130824e-11       1.329711325057e-14       5.066472865399e-15       2.155479001804e-17       1.580017071412e-16 
 1080       1.582016537019e-10       3.395029839342e-12      -1.055037450353e-11       1.330223706710e-14       5.049444738892e-15       1.739980797583e-17       1.562871062521e-16 
 1081       1.585596473825e-10       3.357910801859e-12      -1.052400866350e-11       1.330737132486e-14       5.032488097302e-15       1.341545199113e-17       1.545609548595e-16 
 1082       1.589143075722e-10       3.320962728436e-12      -1.049474906600e-11       1.331251313757e-14       5.015602720546e-15       9.598448967946e-18       1.528235817225e-16 
 1083       1.592654312560e-10       3.284197145580e-12      -1.046263133714e-11       1.331765959655e-14       4.998788382975e-15       5.945496040615e-18       1.510753182426e-16 
 1084       1.596128140350e-10       3.247625656582e-12      -1.042769145219e-11       1.332280777060e-14       4.982044853354e-15       2.453260500721e-18       1.493164984690e-16 
 1085       1.599562501231e-10       3.211259941683e-12      -1.038996573643e-11       1.332795470597e-14       4.965371894848e-15      -8.816202760566e-19       1.475474591057e-16 
 1086       1.602955323441e-10       3.175111758246e-12      -1.034949086603e-11       1.333309742632e-14       4.948769265005e-15      -4.062538903064e-18       1.457685395174e-16 
 1087       1.606304521287e-10       3.139192940922e-12      -1.030630386889e-11       1.333823293265e-14       4.932236715739e-15      -7.092918055804e-18       1.439800817354e-16 
 1088       1.609607995108e-10       3.103515401823e-12      -1.026044212555e-11       1.334335820324e-14       4.915773993310e-15      -9.976210545062e-18       1.421824304643e-16 
 1089       1.612863631252e-10       3.068091130689e-12      -1.021194337005e-11       1.334847019363e-14       4.899380838316e-15      -1.271589939004e-17       1.403759330878e-16 
 1090       1.616069302038e-10       3.032932195058e-12      -1.016084569079e-11       1.335356583651e-14       4.883056985665e-15      -1.531549789147e-17       1.385609396751e-16 
 1091       1.619222865731e-10       2.998050740436e-12      -1.010718753140e-11       1.335864204174e-14       4.866802164569e-15      -1.777854970477e-17       1.367378029872e-16 
 1092       1.622322166505e-10       2.963458990464e-12      -1.005100769161e-11       1.336369569624e-14       4.850616098519e-15      -2.010862891314e-17       1.349068784827e-16 
 1093       1.625365034418e-10       2.929169247093e-12      -9.992345328141e-12       1.336872366394e-14       4.834498505275e-15      -2.230934010071e-17       1.330685243246e-16 
 1094       1.628349285377e-10       2.895193890747e-12      -9.931239955533e-12       1.337372278577e-14       4.818449096843e-15      -2.438431842568e-17       1.312231013860e-16 
 1095       1.631272721106e-10       2.861545380495e-12      -9.867731447058e-12       1.337868987956e-14       4.802467579463e-15      -2.633722969340e-17       1.293709732564e-16 
 1096       1.634133129121e-10       2.828236254221e-12      -9.801860035567e-12       1.338362174002e-14       4.786553653591e-15      -2.817177042955e-17       1.275125062481e-16 
 1097       1.636928282691e-10       2.795279128793e-12      -9.733666314363e-12       1.338851513866e-14       4.770707013884e-15      -2.989166795326e-17       1.256480694024e-16 
 1098       1.639655940814e-10       2.762686700232e-12      -9.663191238077e-12       1.339336682374e-14       4.754927349178e-15      -3.150068045022e-17       1.237780344954e-16 
 1099       1.642313848182e-10       2.730471743881e-12      -9.590476123529e-12       1.339817352024e-14       4.739214342477e-15      -3.300259704579e-17       1.219027760447e-16 
 1100       1.644899735150e-10       2.698647114577e-12      -9.515562650604e-12       1.340293192981e-14       4.723567670934e-15      -3.440123787820e-17       1.200226713153e-16 
 1101       1.647411317708e-10       2.667225746816e-12      -9.438492863124e-12       1.340763873065e-14       4.707987005835e-15      -3.570045417159e-17       1.181381003260e-16 
 1102       1.649846297446e-10       2.636220654926e-12      -9.359309169709e-12       1.341229057755e-14       4.692472012580e-15      -3.690412830921e-17       1.162494458554e-16 
 1103       1.652202361526e-10       2.605644933234e-12      -9.278054344658e-12       1.341688410178e-14       4.677022350672e-15      -3.801617390652e-17       1.143570934483e-16 
 1104       1.654477182650e-10       2.575511756238e-12      -9.194771528811e-12       1.342141591104e-14       4.661637673694e-15      -3.904053588429e-17       1.124614314216e-16 
 1105       1.656668419029e-10       2.545834378775e-12      -9.109504230421e-12       1.342588258942e-14       4.646317629294e-15      -3.998119054178e-17       1.105628508710e-16 
 1106       1.658773714351e-10       2.516626136188e-12      -9.022296326027e-12       1.343028069735e-14       4.631061859173e-15      -4.084214562984e-17       1.086617456767e-16 
 1107       1.660790697752e-10       2.487900444501e-12      -8.933192061318e-12       1.343460677154e-14       4.615869999060e-15      -4.162744042404e-17       1.067585125098e-16 
 1108       1.662716983784e-10       2.459670800582e-12      -8.842236052012e-12       1.343885732492e-14       4.600741678704e-15      -4.234114579780e-17       1.048535508386e-16 
 1109       1.664550172382e-10       2.431950782316e-12      -8.749473284714e-12       1.344302884659e-14       4.585676521851e-15      -4.298736429553e-17       1.029472629349e-16 
 1110       1.666287848838e-10       2.404754048777e-12      -8.654949117798e-12       1.344711780178e-14       4.570674146231e-15      -4.357023020573e-17       1.010400538796e-16 
 1111       1.667927583764e-10       2.378094340389e-12      -8.558709282268e-12       1.345112063177e-14       4.555734163540e-15      -4.409390963416e-17       9.913233156960e-17 
 1112       1.669467308300e-10       2.351983660177e-12      -8.460800434866e-12       1.345503408489e-14       4.540856209503e-15      -4.456202446467e-17       9.722448995905e-17 
 1113       1.670906445186e-10       2.326426790971e-12      -8.361271823577e-12       1.345885621417e-14       4.526040034532e-15      -4.497591580625e-17       9.531685853006e-17 
 1114       1.672244792488e-10       2.301426706485e-12      -8.260173645740e-12       1.346258539268e-14       4.511285414230e-15      -4.533635787130e-17       9.340975217031e-17 
 1115       1.673482149722e-10       2.276986383704e-12      -8.157556498716e-12       1.346621998367e-14       4.496592119399e-15      -4.564413203562e-17       9.150348788211e-17 
 1116       1.674618317853e-10       2.253108802877e-12      -8.053471380817e-12       1.346975834055e-14       4.481959916031e-15      -4.590002685568e-17       8.959838478692e-17 
 1117       1.675653099307e-10       2.229796947511e-12      -7.947969692229e-12       1.347319880689e-14       4.467388565291e-15      -4.610483808586e-17       8.769476412998e-17 
 1118       1.676586297971e-10       2.207053804360e-12      -7.841103235931e-12       1.347653971637e-14       4.452877823507e-15      -4.625936869578e-17       8.579294928485e-17 
 1119       1.677417719201e-10       2.184882363425e-12      -7.732924218626e-12       1.347977939278e-14       4.438427442150e-15      -4.636442888751e-17       8.389326575803e-17 
 1120       1.678147169826e-10       2.163285617941e-12      -7.623485251657e-12       1.348291615000e-14       4.424037167829e-15      -4.642083611286e-17       8.199604119347e-17 
 1121       1.678774458157e-10       2.142266564372e-12      -7.512839351936e-12       1.348594829193e-14       4.409706742269e-15      -4.642941509066e-17       8.010160537722e-17 
 1122       1.679299393985e-10       2.121828202405e-12      -7.401039942863e-12       1.348887411257e-14       4.395435902302e-15      -4.639099782404e-17       7.821029024196e-17 
 1123       1.679721788595e-10       2.101973534941e-12      -7.288140855254e-12       1.349169189588e-14       4.381224379853e-15      -4.630642361765e-17       7.632242987160e-17 
 1124       1.680041454766e-10       2.082705568091e-12      -7.174196328262e-12       1.349439991585e-14       4.367071901923e-15      -4.617653909499e-17       7.443836050584e-17 
 1125       1.680258206777e-10       2.064027311165e-12      -7.059261010301e-12       1.349699643644e-14       4.352978190580e-15      -4.600219821565e-17       7.255842054476e-17 
 1126       1.680371860414e-10       2.045941776669e-12      -6.943389959968e-12       1.349947971156e-14       4.338942962941e-15      -4.578426229257e-17       7.068295055340e-17 
 1127       1.680382232973e-10       2.028451980296e-12      -6.826638646971e-12       1.350184798505e-14       4.324965931160e-15      -4.552360000932e-17       6.881229326632e-17 
 1128       1.680289143268e-10       2.011560940918e-12      -6.709062953046e-12       1.350409949067e-14       4.311046802417e-15      -4.522108743741e-17       6.694679359221e-17 
 1129       1.680092411636e-10       1.995271680583e-12      -6.590719172887e-12       1.350623245206e-14       4.297185278897e-15      -4.487760805348e-17       6.508679861843e-17 
 1130       1.679791859939e-10       1.979587224503e-12      -6.471664015066e-12       1.350824508275e-14       4.283381057785e-15      -4.449405275664e-17       6.323265761559e-17 
 1131       1.679387311575e-10       1.964510601050e-12      -6.351954602955e-12       1.351013558610e-14       4.269633831246e-15      -4.407131988569e-17       6.138472204217e-17 
 1132       1.678878591477e-10       1.950044841748e-12      -6.231648475654e-12       1.351190215530e-14       4.255943286415e-15      -4.361031523645e-17       5.954334554905e-17 
 1133       1.678265526124e-10       1.936192981268e-12      -6.110803588911e-12       1.351354297335e-14       4.242309105379e-15      -4.311195207895e-17       5.770888398411e-17 
 1134       1.677547943544e-10       1.922958057418e-12      -5.989478316047e-12       1.351505621304e-14       4.228730965168e-15      -4.257715117478e-17       5.588169539681e-17 
 1135       1.676725673318e-10       1.910343111139e-12      -5.867731448880e-12       1.351644003691e-14       4.215208537738e-15      -4.200684079430e-17       5.406214004274e-17 
 1136       1.675798546587e-10       1.898351186494e-12      -5.745622198645e-12       1.351769259727e-14       4.201741489959e-15      -4.140195673394e-17       5.225058038824e-17 
 1137       1.674766396058e-10       1.886985330666e-12      -5.623210196925e-12       1.351881203611e-14       4.188329483602e-15      -4.076344233346e-17       5.044738111494e-17 
 1138       1.673629056009e-10       1.876248593947e-12      -5.500555496564e-12       1.351979648516e-14       4.174972175320e-15      -4.009224849323e-17       4.865290912436e-17 
 1139       1.672386362292e-10       1.866144029735e-12      -5.377718572601e-12       1.352064406581e-14       4.161669216643e-15      -3.938933369149e-17       4.686753354248e-17 
 1140       1.671038152341e-10       1.856674694521e-12      -5.254760323187e-12       1.352135288911e-14       4.148420253956e-15      -3.865566400163e-17       4.509162572430e-17 
 1141       1.669584265178e-10       1.847843647889e-12      -5.131742070509e-12       1.352192105575e-14       4.135224928489e-15      -3.789221310943e-17       4.332555925846e-17 
 1142       1.668024541415e-10       1.839653952504e-12      -5.008725561718e-12       1.352234665604e-14       4.122082876305e-15      -3.709996233038e-17       4.156970997178e-17 
 1143       1.666358823262e-10       1.832108674107e-12      -4.885772969846e-12       1.352262776987e-14       4.108993728283e-15      -3.627990062691e-17       3.982445593383e-17 
 1144       1.664586954534e-10       1.825210881507e-12      -4.762946894736e-12       1.352276246673e-14       4.095957110104e-15      -3.543302462568e-17       3.809017746157e-17 
 1145       1.662708780649e-10       1.818963646577e-12      -4.640310363959e-12       1.352274880564e-14       4.082972642242e-15      -3.456033863482e-17       3.636725712383e-17 
 1146       1.660724148644e-10       1.813370044243e-12      -4.517926833745e-12       1.352258483516e-14       4.070039939944e-15      -3.366285466126e-17       3.465607974599e-17 
 1147       1.658632907172e-10       1.808433152478e-12      -4.395860189899e-12       1.352226859336e-14       4.057158613221e-15      -3.274159242794e-17       3.295703241447e-17 
 1148       1.656434906509e-10       1.804156052299e-12      -4.274174748730e-12       1.352179810780e-14       4.044328266831e-15      -3.179757939110e-17       3.127050448138e-17 
 1149       1.654129998564e-10       1.800541827753e-12      -4.152935257972e-12       1.352117139550e-14       4.031548500269e-15      -3.083185075756e-17       2.959688756902e-17 
 1150       1.651718036879e-10       1.797593565918e-12      -4.032206897707e-12       1.352038646295e-14       4.018818907749e-15      -2.984544950199e-17       2.793657557454e-17 
 1151       1.649199117517e-10       1.795312865546e-12      -3.912050292583e-12       1.351944170215e-14       4.006139127652e-15      -2.883881209634e-17       2.628987216032e-17 
 1152       1.646574305058e-10       1.793695342306e-12      -3.792506477254e-12       1.351833708449e-14       3.993508991577e-15      -2.780991712452e-17       2.465671193011e-17 
 1153       1.643844915832e-10       1.792735066457e-12      -3.673611741880e-12       1.351707298204e-14       3.980928377154e-15      -2.675611319448e-17       2.303693572172e-17 
 1154       1.641012277901e-10       1.792426048877e-12      -3.555402603983e-12       1.351564977277e-14       3.968397158748e-15      -2.567473105572e-17       2.143038279623e-17 
 1155       1.638077731089e-10       1.792762240917e-12      -3.437915808930e-12       1.351406784061e-14       3.955915207450e-15      -2.456308356091e-17       1.983689083422e-17 
 1156       1.635042627003e-10       1.793737534262e-12      -3.321188330395e-12       1.351232757546e-14       3.943482391068e-15      -2.341846562763e-17       1.825629593200e-17 
 1157       1.631908329066e-10       1.795345760788e-12      -3.205257370840e-12       1.351042937317e-14       3.931098574114e-15      -2.223815420001e-17       1.668843259775e-17 
 1158       1.628676212542e-10       1.797580692421e-12      -3.090160361978e-12       1.350837363560e-14       3.918763617803e-15      -2.101940821042e-17       1.513313374778e-17 
 1159       1.625347664564e-10       1.800436040992e-12      -2.975934965253e-12       1.350616077062e-14       3.906477380034e-15      -1.975946854112e-17       1.359023070271e-17 
 1160       1.621924084157e-10       1.803905458098e-12      -2.862619072309e-12       1.350379119212e-14       3.894239715387e-15      -1.845555798597e-17       1.205955318370e-17 
 1161       1.618406882274e-10       1.807982534960e-12      -2.750250805461e-12       1.350126532000e-14       3.882050475113e-15      -1.710488121210e-17       1.054092930861e-17 
 1162       1.614797481812e-10       1.812660802280e-12      -2.638868518166e-12       1.349858358024e-14       3.869909507124e-15      -1.570462472157e-17       9.034185588245e-18 
 1163       1.611097317649e-10       1.817933730099e-12      -2.528510795501e-12       1.349574640487e-14       3.857816655980e-15      -1.425195681306e-17       7.539146922542e-18 
 1164       1.607307836666e-10       1.823794727655e-12      -2.419216454627e-12       1.349275423200e-14       3.845771762888e-15      -1.274402754352e-17       6.055636596779e-18 
 1165       1.603430497775e-10       1.830237143244e-12      -2.311024545269e-12       1.348960750584e-14       3.833774665686e-15      -1.117796868991e-17       4.583476277777e-18 
 1166       1.599466771946e-10       1.837254264071e-12      -2.203974350179e-12       1.348630667669e-14       3.821825198834e-15      -9.550893710798e-18       3.122486010107e-18 
 1167       1.595418142235e-10       1.844839316117e-12      -2.098105385618e-12       1.348285220100e-14       3.809923193409e-15      -7.859897708087e-18       1.672484212295e-18 
 1168       1.591286103812e-10       1.852985463991e-12      -1.993457401821e-12       1.347924454134e-14       3.798068477093e-15      -6.102057388677e-18       2.332876730237e-19 
 1169       1.587072163986e-10       1.861685810789e-12      -1.890070383470e-12       1.347548416644e-14       3.786260874163e-15      -4.274431026139e-18      -1.195288452658e-18 
 1170       1.582777842231e-10       1.870933397953e-12      -1.787984550170e-12       1.347157155119e-14       3.774500205483e-15      -2.374058422395e-18      -2.613430647135e-18 
 1171       1.578404670219e-10       1.880721205130e-12      -1.687240356916e-12       1.346750717667e-14       3.762786288494e-15      -3.979608693922e-19      -4.021327034018e-18 
 1172       1.573954191842e-10       1.891042150028e-12      -1.587878494568e-12       1.346329153015e-14       3.751118937206e-15       1.656858889220e-18      -5.419167381941e-18 
 1173       1.569427963239e-10       1.901889088275e-12      -1.489939890323e-12       1.345892510512e-14       3.739497962188e-15       3.793416696415e-18      -6.807143108356e-18 
 1174       1.564827552828e-10       1.913254813277e-12      -1.393465708185e-12       1.345440840129e-14       3.727923170558e-15       6.014747020108e-18      -8.185447283326e-18 
 1175       1.560154541327e-10       1.925132056077e-12      -1.298497349440e-12       1.344974192461e-14       3.716394365975e-15       8.323902991485e-18      -9.554274633325e-18 
 1176       1.555410521786e-10       1.937513485210e-12      -1.205076453125e-12       1.344492618729e-14       3.704911348628e-15       1.072395644333e-17      -1.091382154503e-17 
 1177       1.550597099611e-10       1.950391706566e-12      -1.113244896503e-12       1.343996170781e-14       3.693473915229e-15       1.321799794833e-17      -1.226428606911e-17 
 1178       1.545715892594e-10       1.963759263243e-12      -1.023044795532e-12       1.343484901094e-14       3.682081859003e-15       1.580913685742e-17      -1.360586792404e-17 
 1179       1.540768530938e-10       1.977608635408e-12      -9.345185053395e-13       1.342958862773e-14       3.670734969676e-15       1.850050133810e-17      -1.493876849988e-17 
 1180       1.535756657284e-10       1.991932240155e-12      -8.477086206937e-13       1.342418109556e-14       3.659433033471e-15       2.129523841276e-17      -1.626319086206e-17 
 1181       1.530681926741e-10       2.006722431362e-12      -7.626579764750e-13       1.341862695815e-14       3.648175833093e-15       2.419651399699e-17      -1.757933975522e-17 
 1182       1.525546006909e-10       2.021971499549e-12      -6.794096481488e-13       1.341292676553e-14       3.636963147725e-15       2.720751293793e-17      -1.888742160696e-17 
 1183       1.520350577910e-10       2.037671671736e-12      -5.980069522372e-13       1.340708107413e-14       3.625794753015e-15       3.033143905256e-17      -2.018764453163e-17 
 1184       1.515097332412e-10       2.053815111305e-12      -5.184934467909e-13       1.340109044673e-14       3.614670421068e-15       3.357151516606e-17      -2.148021833417e-17 
 1185       1.509787975659e-10       2.070393917850e-12      -4.409129318618e-13       1.339495545249e-14       3.603589920437e-15       3.693098315010e-17      -2.276535451389e-17 
 1186       1.504424225496e-10       2.087400127043e-12      -3.653094499742e-13       1.338867666699e-14       3.592553016113e-15       4.041310396120e-17      -2.404326626824e-17 
 1187       1.499007812399e-10       2.104825710488e-12      -2.917272865977e-13       1.338225467223e-14       3.581559469518e-15       4.402115767900e-17      -2.531416849661e-17 
 1188       1.493540479497e-10       2.122662575580e-12      -2.202109706186e-13       1.337569005663e-14       3.570609038491e-15       4.775844354465e-17      -2.657827780416e-17 
 1189       1.488023982605e-10       2.140902565361e-12      -1.508052748124e-13       1.336898341505e-14       3.559701477285e-15       5.162827999908e-17      -2.783581250558e-17 
 1190       1.482460091808e-10       2.159537099768e-12      -8.354821813961e-14       1.336213557455e-14       3.548836554863e-15       5.563241906178e-17      -2.908693498013e-17 
 1191       1.476850596195e-10       2.178556094822e-12      -1.844997759774e-14       1.335514827454e-14       3.538014110074e-15       5.976626807053e-17      -3.033157795393e-17 
 1192       1.471197299235e-10       2.197949029880e-12       4.448628170912e-14       1.334802349498e-14       3.527233997138e-15       6.402360932848e-17      -3.156961609152e-17 
 1193       1.465502017256e-10       2.217705304871e-12       1.052574320086e-13       1.334076323149e-14       3.516496067391e-15       6.839818034452e-17      -3.280092344999e-17 
 1194       1.459766579467e-10       2.237814240127e-12       1.638603829806e-13       1.333336949535e-14       3.505800169274e-15       7.288367373737e-17      -3.402537347791e-17 
 1195       1.453992827985e-10       2.258265076208e-12       2.202920818778e-13       1.332584431353e-14       3.495146148329e-15       7.747373713966e-17      -3.524283901424e-17 
 1196       1.448182617868e-10       2.279046973729e-12       2.745495136459e-13       1.331818972877e-14       3.484533847187e-15       8.216197310196e-17      -3.645319228723e-17 
 1197       1.442337817136e-10       2.300149013193e-12       3.266297010445e-13       1.331040779955e-14       3.473963105565e-15       8.694193899690e-17      -3.765630491337e-17 
 1198       1.436460306800e-10       2.321560194812e-12       3.765297047673e-13       1.330250060017e-14       3.463433760253e-15       9.180714692319e-17      -3.885204789626e-17 
 1199       1.430551980892e-10       2.343269438339e-12       4.242466235626e-13       1.329447022079e-14       3.452945645111e-15       9.675106360970e-17      -4.004029162557e-17 
 1200       1.424614746488e-10       2.365265582893e-12       4.697775943538e-13       1.328631876740e-14       3.442498591060e-15       1.017671103196e-16      -4.122090587592e-17 
 1201       1.418650523741e-10       2.387537386790e-12       5.131197923602e-13       1.327804836194e-14       3.432092426071e-15       1.068486627542e-16      -4.239375980579e-17 
 1202       1.412661245903e-10       2.410073527369e-12       5.542704312170e-13       1.326966114226e-14       3.421726975164e-15       1.119890509574e-16      -4.355872195646e-17 
 1203       1.406648859353e-10       2.432862600816e-12       5.932267630961e-13       1.326115926220e-14       3.411402060392e-15       1.171815592193e-16      -4.471566025094e-17 
 1204       1.400615323627e-10       2.455893121999e-12       6.299860788264e-13       1.325254489162e-14       3.401117500841e-15       1.224194259808e-16      -4.586444199280e-17 
 1205       1.394562611444e-10       2.479153524289e-12       6.645457080144e-13       1.324382021640e-14       3.390873112618e-15       1.276958437372e-16      -4.700493386521e-17 
 1206       1.388492708734e-10       2.502632159394e-12       6.969030191647e-13       1.323498743852e-14       3.380668708841e-15       1.330039589423e-16      -4.813700192973e-17 
 1207       1.382407614662e-10       2.526317297180e-12       7.270554198006e-13       1.322604877604e-14       3.370504099640e-15       1.383368719129e-16      -4.926051162530e-17 
 1208       1.376309341659e-10       2.550197125503e-12       7.550003565840e-13       1.321700646319e-14       3.360379092139e-15       1.436876367325e-16      -5.037532776715e-17 
 1209       1.370199915449e-10       2.574259750037e-12       7.807353154369e-13       1.320786275038e-14       3.350293490455e-15       1.490492611553e-16      -5.148131454568e-17 
 1210       1.364081375074e-10       2.598493194097e-12       8.042578216608e-13       1.319861990421e-14       3.340247095689e-15       1.544147065106e-16      -5.257833552539e-17 
 1211       1.357955772924e-10       2.622885398474e-12       8.255654400580e-13       1.318928020754e-14       3.330239705915e-15       1.597768876065e-16      -5.366625364382e-17 
 1212       1.351825174762e-10       2.647424221257e-12       8.446557750516e-13       1.317984595952e-14       3.320271116178e-15       1.651286726343e-16      -5.474493121043e-17 
 1213       1.345691659753e-10       2.672097437661e-12       8.615264708063e-13       1.317031947559e-14       3.310341118481e-15       1.704628830724e-16      -5.581422990551e-17 
 1214       1.339557320488e-10       2.696892739859e-12       8.761752113487e-13       1.316070308755e-14       3.300449501781e-15       1.757722935903e-16      -5.687401077913e-17 
 1215       1.333424263019e-10       2.721797736804e-12       8.885997206878e-13       1.315099914359e-14       3.290596051977e-15       1.810496319529e-16      -5.792413425003e-17 
 1216       1.327294606876e-10       2.746799954061e-12       8.987977629355e-13       1.314121000830e-14       3.280780551908e-15       1.862875789243e-16      -5.896446010453e-17 
 1217       1.321170485103e-10       2.771886833635e-12       9.067671424273e-13       1.313133806273e-14       3.271002781340e-15       1.914787681721e-16      -5.999484749547e-17 
 1218       1.315054044280e-10       2.797045733792e-12       9.125057038423e-13       1.312138570439e-14       3.261262516963e-15       1.966157861712e-16      -6.101515494110e-17 
 1219       1.308947444553e-10       2.822263928897e-12       9.160113323243e-13       1.311135534734e-14       3.251559532379e-15       2.016911721082e-16      -6.202524032398e-17 
 1220       1.302852859660e-10       2.847528609232e-12       9.172819536016e-13       1.310124942217e-14       3.241893598097e-15       2.066974177852e-16      -6.302496088996e-17 
 1221       1.296772476958e-10       2.872826880832e-12       9.163155341081e-13       1.309107037606e-14       3.232264481524e-15       2.116269675240e-16      -6.401417324700e-17 
 1222       1.290708497453e-10       2.898145765305e-12       9.131100811036e-13       1.308082067280e-14       3.222671946957e-15       2.164722180701e-16      -6.499273336417e-17 
 1223       1.284663135824e-10       2.923472199665e-12       9.076636427940e-13       1.307050279284e-14       3.213115755577e-15       2.212255184968e-16      -6.596049657052e-17 
 1224       1.278638620451e-10       2.948793036159e-12       8.999743084521e-13       1.306011923332e-14       3.203595665442e-15       2.258791701093e-16      -6.691731755399e-17 
 1225       1.272637193445e-10       2.974095042092e-12       8.900402085380e-13       1.304967250808e-14       3.194111431473e-15       2.304254263489e-16      -6.786305036036e-17 
 1226       1.266661110670e-10       2.999364899658e-12       8.778595148197e-13       1.303916514774e-14       3.184662805456e-15       2.348564926965e-16      -6.879754839211e-17 
 1227       1.260712641778e-10       3.024589205765e-12       8.634304404932e-13       1.302859969969e-14       3.175249536025e-15       2.391645265774e-16      -6.972066440740e-17 
 1228       1.254794070227e-10       3.049754471864e-12       8.467512403035e-13       1.301797872814e-14       3.165871368661e-15       2.433416372650e-16      -7.063225051891e-17 
 1229       1.248907500346e-10       3.074847977802e-12       8.278250060687e-13       1.300730475934e-14       3.156528072405e-15       2.473821630276e-16      -7.153217076030e-17 
 1230       1.243054275930e-10       3.099860344833e-12       8.066741154433e-13       1.299658011639e-14       3.147219520370e-15       2.512895324080e-16      -7.242033895101e-17 
 1231       1.237235554781e-10       3.124782992869e-12       7.833259552497e-13       1.298580708254e-14       3.137945610172e-15       2.550694843622e-16      -7.329668127965e-17 
 1232       1.231452501062e-10       3.149607289125e-12       7.578081421639e-13       1.297498795584e-14       3.128706237289e-15       2.587277985039e-16      -7.416112377725e-17 
 1233       1.225706285312e-10       3.174324548012e-12       7.301485232168e-13       1.296412504916e-14       3.119501295050e-15       2.622702951895e-16      -7.501359231723e-17 
 1234       1.219998084454e-10       3.198926031040e-12       7.003751762952e-13       1.295322069028e-14       3.110330674637e-15       2.657028356029e-16      -7.585401261527e-17 
 1235       1.214329081809e-10       3.223402946706e-12       6.685164106429e-13       1.294227722184e-14       3.101194265074e-15       2.690313218403e-16      -7.668231022925e-17 
 1236       1.208700467107e-10       3.247746450393e-12       6.346007673621e-13       1.293129700142e-14       3.092091953222e-15       2.722616969952e-16      -7.749841055912e-17 
 1237       1.203113436504e-10       3.271947644264e-12       5.986570199142e-13       1.292028240155e-14       3.083023623775e-15       2.753999452431e-16      -7.830223884686e-17 
 1238       1.197569192584e-10       3.295997577160e-12       5.607141746215e-13       1.290923580977e-14       3.073989159254e-15       2.784520919262e-16      -7.909372017637e-17 
 1239       1.192068944381e-10       3.319887244494e-12       5.208014711676e-13       1.289815962860e-14       3.064988440002e-15       2.814242036385e-16      -7.987277947336e-17 
 1240       1.186613907385e-10       3.343607588144e-12       4.789483830993e-13       1.288705627563e-14       3.056021344176e-15       2.843223883107e-16      -8.063934150533e-17 
 1241       1.181205303556e-10       3.367149496354e-12       4.351846183272e-13       1.287592818350e-14       3.047087747742e-15       2.871527952947e-16      -8.139333088139e-17 
 1242       1.175844361336e-10       3.390503803623e-12       3.895401196273e-13       1.286477779999e-14       3.038187524475e-15       2.899216154486e-16      -8.213467205225e-17 
 1243       1.170532315661e-10       3.413661290607e-12       3.420450651418e-13       1.285360758799e-14       3.029320545943e-15       2.926350812218e-16      -8.286328931008e-17 
 1244       1.165270407973e-10       3.436612684008e-12       2.927298688804e-13       1.284242002554e-14       3.020486681511e-15       2.952994667394e-16      -8.357910678846e-17 
 1245       1.160059886230e-10       3.459348656477e-12       2.416251812215e-13       1.283121760589e-14       3.011685798330e-15       2.979210878872e-16      -8.428204846226e-17 
 1246       1.154902004921e-10       3.481859826501e-12       1.887618894134e-13       1.282000283752e-14       3.002917761334e-15       3.005063023970e-16      -8.497203814757e-17 
 1247       1.149798025076e-10       3.504136758305e-12       1.341711180751e-13       1.280877824414e-14       2.994182433232e-15       3.030615099305e-16      -8.564899950161e-17 
 1248       1.144749214280e-10       3.526169961746e-12       7.788422969809e-14       1.279754636475e-14       2.985479674506e-15       3.055931521650e-16      -8.631285602264e-17 
 1249       1.139756846683e-10       3.547949892206e-12       1.993282514685e-14       1.278630975366e-14       2.976809343401e-15       3.081077128778e-16      -8.696353104987e-17 
 1250       1.134822203012e-10       3.569466950490e-12      -3.965125583956e-14       1.277507098052e-14       2.968171295923e-15       3.106117180313e-16      -8.760094776337e-17 
 1251       1.129946570583e-10       3.590711482721e-12      -1.008359341465e-13       1.276383263034e-14       2.959565385830e-15       3.131117358576e-16      -8.822502918400e-17 
 1252       1.125131243316e-10       3.611673780235e-12      -1.635888907827e-13       1.275259730355e-14       2.950991464633e-15       3.156143769433e-16      -8.883569817329e-17 
 1253       1.120377521743e-10       3.632344079477e-12      -2.278775663788e-13       1.274136761598e-14       2.942449381580e-15       3.181262943146e-16      -8.943287743339e-17 
 1254       1.115686713022e-10       3.652712561895e-12      -2.936691606865e-13       1.273014619894e-14       2.933938983661e-15       3.206541835222e-16      -9.001648950692e-17 
 1255       1.111060130948e-10       3.672769353839e-12      -3.609306320771e-13       1.271893569922e-14       2.925460115594e-15       3.232047827258e-16      -9.058645677698e-17 
 1256       1.106499095966e-10       3.692504526452e-12      -4.296286970408e-13       1.270773877911e-14       2.917012619827e-15       3.257848727789e-16      -9.114270146696e-17 
 1257       1.102004935182e-10       3.711908095568e-12      -4.997298296851e-13       1.269655811647e-14       2.908596336525e-15       3.284012773142e-16      -9.168514564051e-17 
 1258       1.097578982376e-10       3.730970021609e-12      -5.712002612339e-13       1.268539640473e-14       2.900211103570e-15       3.310608628280e-16      -9.221371120145e-17 
 1259       1.093222578015e-10       3.749680209478e-12      -6.440059795260e-13       1.267425635291e-14       2.891856756552e-15       3.337705387649e-16      -9.272831989366e-17 
 1260       1.088937069260e-10       3.768028508452e-12      -7.181127285145e-13       1.266314068567e-14       2.883533128765e-15       3.365372576032e-16      -9.322889330100e-17 
 1261       1.084723809984e-10       3.786004712086e-12      -7.934860077652e-13       1.265205214335e-14       2.875240051203e-15       3.393680149391e-16      -9.371535284723e-17 
 1262       1.080584160782e-10       3.803598558098e-12      -8.700910719556e-13       1.264099348196e-14       2.866977352549e-15       3.422698495720e-16      -9.418761979591e-17 
 1263       1.076519488980e-10       3.820799728274e-12      -9.478929303737e-13       1.262996747325e-14       2.858744859176e-15       3.452498435893e-16      -9.464561525034e-17 
 1264       1.072531168651e-10       3.837597848356e-12      -1.026856346417e-12       1.261897690471e-14       2.850542395137e-15       3.483151224510e-16      -9.508926015341e-17 
 1265       1.068620580625e-10       3.853982487942e-12      -1.106945837091e-12       1.260802457961e-14       2.842369782160e-15       3.514728550745e-16      -9.551847528759e-17 
 1266       1.064789112502e-10       3.869943160379e-12      -1.188125672508e-12       1.259711331706e-14       2.834226839646e-15       3.547302539201e-16      -9.593318127478e-17 
 1267       1.061038158664e-10       3.885469322662e-12      -1.270359875388e-12       1.258624595196e-14       2.826113384657e-15       3.580945750748e-16      -9.633329857626e-17 
 1268       1.057368875781e-10       3.900551824748e-12      -1.353611959286e-12       1.257542506450e-14       2.818029247529e-15       3.615708805973e-16      -9.671876783397e-17 
 1269       1.053781446244e-10       3.915187276006e-12      -1.437844141000e-12       1.256465216480e-14       2.809974318894e-15       3.651552971438e-16      -9.708961115129e-17 
 1270       1.050275806263e-10       3.929373728908e-12      -1.523018118089e-12       1.255392849889e-14       2.801948503190e-15       3.688416797859e-16      -9.744587151863e-17 
 1271       1.046851889598e-10       3.943109234170e-12      -1.609095328794e-12       1.254325531851e-14       2.793951703086e-15       3.726238426188e-16      -9.778759253754e-17 
 1272       1.043509627551e-10       3.956391840759e-12      -1.696036951521e-12       1.253263388106e-14       2.785983819485e-15       3.764955586793e-16      -9.811481842220e-17 
 1273       1.040248948959e-10       3.969219595894e-12      -1.783803904318e-12       1.252206544965e-14       2.778044751513e-15       3.804505598638e-16      -9.842759400075e-17 
 1274       1.037069780189e-10       3.981590545053e-12      -1.872356844354e-12       1.251155129312e-14       2.770134396518e-15       3.844825368458e-16      -9.872596471682e-17 
 1275       1.033972045131e-10       3.993502731976e-12      -1.961656167400e-12       1.250109268603e-14       2.762252650068e-15       3.885851389945e-16      -9.900997663089e-17 
 1276       1.030955665193e-10       4.004954198665e-12      -2.051662007308e-12       1.249069090865e-14       2.754399405939e-15       3.927519742922e-16      -9.927967642175e-17 
 1277       1.028020559292e-10       4.015942985392e-12      -2.142334235489e-12       1.248034724702e-14       2.746574556119e-15       3.969766092528e-16      -9.953511138792e-17 
 1278       1.025166643851e-10       4.026467130700e-12      -2.233632460394e-12       1.247006299291e-14       2.738777990798e-15       4.012525688391e-16      -9.977632944909e-17 
 1279       1.022393832789e-10       4.036524671406e-12      -2.325516026991e-12       1.245983944386e-14       2.731009598367e-15       4.055733363815e-16      -1.000033791475e-16 
 1280       1.019702037521e-10       4.046113642608e-12      -2.417944016249e-12       1.244967790318e-14       2.723269265410e-15       4.099323534953e-16      -1.002163096495e-16 
 1281       1.017091166944e-10       4.055232077686e-12      -2.510875244612e-12       1.243957967994e-14       2.715556876702e-15       4.143230199991e-16      -1.004151707467e-16 
 1282       1.014561127435e-10       4.063878008305e-12      -2.604268263481e-12       1.242954608902e-14       2.707872315206e-15       4.187386938326e-16      -1.006000128579e-16 
 1283       1.012111822847e-10       4.072049464420e-12      -2.698081358694e-12       1.241957845110e-14       2.700215462064e-15       4.231726909745e-16      -1.007708870298e-16 
 1284       1.009743154496e-10       4.079744474279e-12      -2.792272550004e-12       1.240967809263e-14       2.692586196598e-15       4.276182853605e-16      -1.009278449392e-16 
 1285       1.007455021162e-10       4.086961064428e-12      -2.886799590559e-12       1.239984634593e-14       2.684984396299e-15       4.320687088014e-16      -1.010709388939e-16 
 1286       1.005247319078e-10       4.093697259712e-12      -2.981619966381e-12       1.239008454909e-14       2.677409936831e-15       4.365171509007e-16      -1.012002218342e-16 
 1287       1.003119941925e-10       4.099951083281e-12      -3.076690895845e-12       1.238039404607e-14       2.669862692018e-15       4.409567589732e-16      -1.013157473347e-16 
 1288       1.001072780827e-10       4.105720556591e-12      -3.171969329159e-12       1.237077618667e-14       2.662342533847e-15       4.453806379622e-16      -1.014175696050e-16 
 1289       9.991057243437e-11       4.111003699409e-12      -3.267411947845e-12       1.236123232652e-14       2.654849332457e-15       4.497818503579e-16      -1.015057434921e-16 
 1290       9.972186584628e-11       4.115798529820e-12      -3.362975164214e-12       1.235176382714e-14       2.647382956140e-15       4.541534161153e-16      -1.015803244810e-16 
 1291       9.954114665966e-11       4.120103064224e-12      -3.458615120850e-12       1.234237205590e-14       2.639943271333e-15       4.584883125723e-16      -1.016413686964e-16 
 1292       9.936840295742e-11       4.123915317343e-12      -3.554287690085e-12       1.233305838606e-14       2.632530142615e-15       4.627794743671e-16      -1.016889329042e-16 
 1293       9.920362256353e-11       4.127233302225e-12      -3.649948473484e-12       1.232382419678e-14       2.625143432702e-15       4.670197933569e-16      -1.017230745132e-16 
 1294       9.904679304240e-11       4.130055030249e-12      -3.745552801319e-12       1.231467087310e-14       2.617783002445e-15       4.712021185355e-16      -1.017438515757e-16 
 1295       9.889790169829e-11       4.132378511123e-12      -3.841055732050e-12       1.230559980598e-14       2.610448710822e-15       4.753192559509e-16      -1.017513227899e-16 
 1296       9.875693557463e-11       4.134201752894e-12      -3.936412051805e-12       1.229661239229e-14       2.603140414934e-15       4.793639686241e-16      -1.017455475007e-16 
 1297       9.862388145347e-11       4.135522761947e-12      -4.031576273860e-12       1.228771003483e-14       2.595857970004e-15       4.833289764663e-16      -1.017265857012e-16 
 1298       9.849872585475e-11       4.136339543011e-12      -4.126502638118e-12       1.227889414234e-14       2.588601229369e-15       4.872069561972e-16      -1.016944980344e-16 
 1299       9.838145503580e-11       4.136650099163e-12      -4.221145110585e-12       1.227016612951e-14       2.581370044477e-15       4.909905412629e-16      -1.016493457943e-16 
 1300       9.827205499059e-11       4.136452431829e-12      -4.315457382856e-12       1.226152741697e-14       2.574164264883e-15       4.946723217540e-16      -1.015911909278e-16 
 1301       9.817051144922e-11       4.135744540789e-12      -4.409392871587e-12       1.225297943133e-14       2.566983738242e-15       4.982448443232e-16      -1.015200960356e-16 
 1302       9.807680987719e-11       4.134524424182e-12      -4.502904717980e-12       1.224452360516e-14       2.559828310309e-15       5.017006121036e-16      -1.014361243738e-16 
 1303       9.799093547488e-11       4.132790078507e-12      -4.595945787259e-12       1.223616137702e-14       2.552697824932e-15       5.050320846265e-16      -1.013393398555e-16 
 1304       9.791287317682e-11       4.130539498628e-12      -4.688468668153e-12       1.222789419146e-14       2.545592124045e-15       5.082316777395e-16      -1.012298070520e-16 
 1305       9.784260765114e-11       4.127770677779e-12      -4.780425672371e-12       1.221972349903e-14       2.538511047670e-15       5.112917635242e-16      -1.011075911946e-16 
 1306       9.778012329894e-11       4.124481607563e-12      -4.871768834083e-12       1.221165075630e-14       2.531454433906e-15       5.142046702144e-16      -1.009727581754e-16 
 1307       9.772538927291e-11       4.120671445587e-12      -4.962453703348e-12       1.220367712047e-14       2.524422136439e-15       5.169647969517e-16      -1.008253839978e-16 
 1308       9.767831435133e-11       4.116344032626e-12      -5.052450773872e-12       1.219580252955e-14       2.517414077288e-15       5.195749841055e-16      -1.006655832379e-16 
 1309       9.763879155803e-11       4.111504414809e-12      -5.141734182054e-12       1.218802661193e-14       2.510430194639e-15       5.220402140516e-16      -1.004934809042e-16 
 1310       9.760671309568e-11       4.106157679646e-12      -5.230277924375e-12       1.218034899079e-14       2.503470425383e-15       5.243655028655e-16      -1.003092030201e-16 
 1311       9.758197034406e-11       4.100308956118e-12      -5.318055857147e-12       1.217276928411e-14       2.496534705118e-15       5.265559003891e-16      -1.001128766256e-16 
 1312       9.756445385841e-11       4.093963414756e-12      -5.405041696262e-12       1.216528710464e-14       2.489622968140e-15       5.286164902970e-16      -9.990462977982e-17 
 1313       9.755405336777e-11       4.087126267733e-12      -5.491209016932e-12       1.215790205991e-14       2.482735147444e-15       5.305523901629e-16      -9.968459156309e-17 
 1314       9.755065777326e-11       4.079802768944e-12      -5.576531253437e-12       1.215061375218e-14       2.475871174718e-15       5.323687515258e-16      -9.945289207876e-17 
 1315       9.755415514642e-11       4.071998214097e-12      -5.660981698873e-12       1.214342177848e-14       2.469030980343e-15       5.340707599570e-16      -9.920966245551e-17 
 1316       9.756443272758e-11       4.063717940792e-12      -5.744533504894e-12       1.213632573056e-14       2.462214493384e-15       5.356636351258e-16      -9.895503484935e-17 
 1317       9.758137692409e-11       4.054967328615e-12      -5.827159681459e-12       1.212932519487e-14       2.455421641595e-15       5.371526308663e-16      -9.868914244576e-17 
 1318       9.760487330874e-11       4.045751799215e-12      -5.908833096580e-12       1.212241975260e-14       2.448652351408e-15       5.385430352438e-16      -9.841211946175e-17 
 1319       9.763480661803e-11       4.036076816395e-12      -5.989526476062e-12       1.211560897960e-14       2.441906547935e-15       5.398401706211e-16      -9.812410114799e-17 
 1320       9.767106075049e-11       4.025947886195e-12      -6.069212403255e-12       1.210889244643e-14       2.435184154962e-15       5.410493937250e-16      -9.782522379083e-17 
 1321       9.771351876504e-11       4.015370556980e-12      -6.147863318797e-12       1.210226971830e-14       2.428485094947e-15       5.421760957127e-16      -9.751562471449e-17 
 1322       9.776206287926e-11       4.004350419523e-12      -6.225451520358e-12       1.209574035508e-14       2.421809289018e-15       5.432257022378e-16      -9.719544228306e-17 
 1323       9.781657446778e-11       3.992893107091e-12      -6.301949162388e-12       1.208930391129e-14       2.415156656966e-15       5.442036735176e-16      -9.686481590267e-17 
 1324       9.787693406056e-11       3.981004295532e-12      -6.377328255863e-12       1.208295993608e-14       2.408527117245e-15       5.451155043987e-16      -9.652388602350e-17 
 1325       9.794302134120e-11       3.968689703359e-12      -6.451560668027e-12       1.207670797322e-14       2.401920586970e-15       5.459667244236e-16      -9.617279414197e-17 
 1326       9.801471514530e-11       3.955955091836e-12      -6.524618122143e-12       1.207054756109e-14       2.395336981909e-15       5.467628978974e-16      -9.581168280273e-17 
 1327       9.809189345879e-11       3.942806265064e-12      -6.596472197234e-12       1.206447823267e-14       2.388776216484e-15       5.475096239538e-16      -9.544069560082e-17 
 1328       9.817443341620e-11       3.929249070068e-12      -6.667094327832e-12       1.205849951553e-14       2.382238203766e-15       5.482125366218e-16      -9.505997718377e-17 
 1329       9.826221129904e-11       3.915289396877e-12      -6.736455803721e-12       1.205261093178e-14       2.375722855472e-15       5.488773048922e-16      -9.466967325362e-17 
 1330       9.835510253408e-11       3.900933178617e-12      -6.804527769685e-12       1.204681199813e-14       2.369230081963e-15       5.495096327834e-16      -9.426993056909e-17 
 1331       9.845298169170e-11       3.886186391591e-12      -6.871281225252e-12       1.204110222581e-14       2.362759792239e-15       5.501152594086e-16      -9.386089694762e-17 
 1332       9.855572248423e-11       3.871055055366e-12      -6.936687024441e-12       1.203548112061e-14       2.356311893935e-15       5.506999590417e-16      -9.344272126749e-17 
 1333       9.866319776422e-11       3.855545232859e-12      -7.000715875505e-12       1.202994818281e-14       2.349886293324e-15       5.512695411837e-16      -9.301555346991e-17 
 1334       9.877527952281e-11       3.839663030426e-12      -7.063338340682e-12       1.202450290725e-14       2.343482895304e-15       5.518298506296e-16      -9.257954456110e-17 
 1335       9.889183888803e-11       3.823414597938e-12      -7.124524835933e-12       1.201914478321e-14       2.337101603403e-15       5.523867675340e-16      -9.213484661438e-17 
 1336       9.901274612313e-11       3.806806128878e-12      -7.184245630697e-12       1.201387329451e-14       2.330742319772e-15       5.529462074784e-16      -9.168161277228e-17 
 1337       9.913787062493e-11       3.789843860418e-12      -7.242470847627e-12       1.200868791941e-14       2.324404945183e-15       5.535141215368e-16      -9.121999724862e-17 
 1338       9.926708092208e-11       3.772534073508e-12      -7.299170462343e-12       1.200358813066e-14       2.318089379025e-15       5.540964963428e-16      -9.075015533061e-17 
 1339       9.940024467346e-11       3.754883092963e-12      -7.354314303174e-12       1.199857339543e-14       2.311795519301e-15       5.546993541554e-16      -9.027224338092e-17 
 1340       9.953722866643e-11       3.736897287545e-12      -7.407872050905e-12       1.199364317535e-14       2.305523262625e-15       5.553287529258e-16      -8.978641883980e-17 
 1341       9.967789881521e-11       3.718583070051e-12      -7.459813238523e-12       1.198879692648e-14       2.299272504220e-15       5.559907863639e-16      -8.929284022716e-17 
 1342       9.982212015918e-11       3.699946897397e-12      -7.510107250959e-12       1.198403409928e-14       2.293043137913e-15       5.566915840041e-16      -8.879166714467e-17 
 1343       9.996975686121e-11       3.680995270706e-12      -7.558723324841e-12       1.197935413861e-14       2.286835056130e-15       5.574373112724e-16      -8.828306027781e-17 
 1344       1.001206722060e-10       3.661734735391e-12      -7.605630548233e-12       1.197475648374e-14       2.280648149899e-15       5.582341695524e-16      -8.776718139805e-17 
 1345       1.002747285983e-10       3.642171881240e-12      -7.650797860381e-12       1.197024056830e-14       2.274482308842e-15       5.590883962520e-16      -8.724419336484e-17 
 1346       1.004317888838e-10       3.622313610456e-12      -7.694199193044e-12       1.196580565938e-14       2.268337430746e-15       5.600045266029e-16      -8.671424913381e-17 
 1347       1.005917203305e-10       3.602167944773e-12      -7.735828956088e-12       1.196145037285e-14       2.262213450407e-15       5.609801582654e-16      -8.617745864623e-17 
 1348       1.007543906872e-10       3.581743227277e-12      -7.775686719605e-12       1.195717315276e-14       2.256110311094e-15       5.620111299818e-16      -8.563392158399e-17 
 1349       1.009196668633e-10       3.561047855351e-12      -7.813772087690e-12       1.195297243173e-14       2.250027955001e-15       5.630932546344e-16      -8.508373833230e-17 
 1350       1.010874149274e-10       3.540090280781e-12      -7.850084698518e-12       1.194884663092e-14       2.243966323243e-15       5.642223191969e-16      -8.452700998106e-17 
 1351       1.012575001056e-10       3.518879009860e-12      -7.884624224435e-12       1.194479416003e-14       2.237925355856e-15       5.653940846856e-16      -8.396383832621e-17 
 1352       1.014297867800e-10       3.497422603487e-12      -7.917390372044e-12       1.194081341727e-14       2.231904991792e-15       5.666042861110e-16      -8.339432587111e-17 
 1353       1.016041384870e-10       3.475729677276e-12      -7.948382882290e-12       1.193690278933e-14       2.225905168918e-15       5.678486324289e-16      -8.281857582789e-17 
 1354       1.017804179157e-10       3.453808901653e-12      -7.977601530544e-12       1.193306065138e-14       2.219925824012e-15       5.691228064919e-16      -8.223669211884e-17 
 1355       1.019584869067e-10       3.431669001964e-12      -8.005046126693e-12       1.192928536699e-14       2.213966892761e-15       5.704224650007e-16      -8.164877937773e-17 
 1356       1.021382064497e-10       3.409318758579e-12      -8.030716515223e-12       1.192557528819e-14       2.208028309760e-15       5.717432384557e-16      -8.105494295123e-17 
 1357       1.023194366827e-10       3.386767006989e-12      -8.054612575306e-12       1.192192875538e-14       2.202110008506e-15       5.730807311077e-16      -8.045528890021e-17 
 1358       1.025020368901e-10       3.364022637917e-12      -8.076734220886e-12       1.191834409733e-14       2.196211921400e-15       5.744305209102e-16      -7.984992400118e-17 
 1359       1.026858655011e-10       3.341094597415e-12      -8.097081400764e-12       1.191481963116e-14       2.190333979739e-15       5.757881594699e-16      -7.923895574758e-17 
 1360       1.028707800880e-10       3.317991886972e-12      -8.115654098685e-12       1.191135366233e-14       2.184476113720e-15       5.771491719986e-16      -7.862249235120e-17 
 1361       1.030566373650e-10       3.294723563615e-12      -8.132452333425e-12       1.190794448458e-14       2.178638252431e-15       5.785090572643e-16      -7.800064274351e-17 
 1362       1.032432931861e-10       3.271298740010e-12      -8.147476158874e-12       1.190459037994e-14       2.172820323852e-15       5.798632875427e-16      -7.737351657705e-17 
 1363       1.034306025439e-10       3.247726584571e-12      -8.160725664125e-12       1.190128961871e-14       2.167022254852e-15       5.812073085684e-16      -7.674122422678e-17 
 1364       1.036184195678e-10       3.224016321558e-12      -8.172200973559e-12       1.189804045940e-14       2.161243971185e-15       5.825365394864e-16      -7.610387679143e-17 
 1365       1.038065975226e-10       3.200177231183e-12      -8.181902246927e-12       1.189484114874e-14       2.155485397491e-15       5.838463728034e-16      -7.546158609490e-17 
 1366       1.039949888067e-10       3.176218649713e-12      -8.189829679445e-12       1.189168992166e-14       2.149746457288e-15       5.851321743391e-16      -7.481446468760e-17 
 1367       1.041834449507e-10       3.152149969573e-12      -8.195983501871e-12       1.188858500125e-14       2.144027072974e-15       5.863892831777e-16      -7.416262584781e-17 
 1368       1.043718166156e-10       3.127980639447e-12      -8.200363980596e-12       1.188552459873e-14       2.138327165824e-15       5.876130116192e-16      -7.350618358307e-17 
 1369       1.045599535914e-10       3.103720164387e-12      -8.202971417727e-12       1.188250691346e-14       2.132646655984e-15       5.887986451307e-16      -7.284525263152e-17 
 1370       1.047477047954e-10       3.079378105910e-12      -8.203806151176e-12       1.187953013288e-14       2.126985462471e-15       5.899414422977e-16      -7.217994846327e-17 
 1371       1.049349182707e-10       3.054964082105e-12      -8.202868554745e-12       1.187659243251e-14       2.121343503172e-15       5.910366347757e-16      -7.151038728177e-17 
 1372       1.051214411847e-10       3.030487767734e-12      -8.200159038208e-12       1.187369197593e-14       2.115720694838e-15       5.920794272413e-16      -7.083668602517e-17 
 1373       1.053071198270e-10       3.005958894339e-12      -8.195678047405e-12       1.187082691474e-14       2.110116953084e-15       5.930649973436e-16      -7.015896236770e-17 
 1374       1.054917996086e-10       2.981387250341e-12      -8.189426064321e-12       1.186799538855e-14       2.104532192385e-15       5.939884956559e-16      -6.947733472100e-17 
 1375       1.056753250597e-10       2.956782681146e-12      -8.181403607174e-12       1.186519552495e-14       2.098966326073e-15       5.948450456265e-16      -6.879192223553e-17 
 1376       1.058575398282e-10       2.932155089246e-12      -8.171611230502e-12       1.186242543949e-14       2.093419266337e-15       5.956297435304e-16      -6.810284480187e-17 
 1377       1.060382866784e-10       2.907514434325e-12      -8.160049525249e-12       1.185968323567e-14       2.087890924217e-15       5.963376584207e-16      -6.741022305217e-17 
 1378       1.062174074893e-10       2.882870733361e-12      -8.146719118848e-12       1.185696700489e-14       2.082381209606e-15       5.969638320798e-16      -6.671417836143e-17 
 1379       1.063947432527e-10       2.858234060728e-12      -8.131620675312e-12       1.185427482645e-14       2.076890031242e-15       5.975032789707e-16      -6.601483284893e-17 
 1380       1.065701340719e-10       2.833614548302e-12      -8.114754895315e-12       1.185160476751e-14       2.071417296708e-15       5.979509861887e-16      -6.531230937956e-17 
 1381       1.067434191604e-10       2.809022385562e-12      -8.096122516283e-12       1.184895488309e-14       2.065962912431e-15       5.983019134122e-16      -6.460673156518e-17 
 1382       1.069144368394e-10       2.784467819693e-12      -8.075724312473e-12       1.184632321603e-14       2.060526783678e-15       5.985509928546e-16      -6.389822376602e-17 
 1383       1.070830245374e-10       2.759961155692e-12      -8.053561095067e-12       1.184370779697e-14       2.055108814552e-15       5.986931292156e-16      -6.318691109198e-17 
 1384       1.072490187874e-10       2.735512756470e-12      -8.029633712252e-12       1.184110664431e-14       2.049708907993e-15       5.987231996319e-16      -6.247291940408e-17 
 1385       1.074122694838e-10       2.711132380600e-12      -8.003946518696e-12       1.183851782133e-14       2.044326973268e-15       5.986375289689e-16      -6.175636721092e-17 
 1386       1.075726828167e-10       2.686827187722e-12      -7.976517823865e-12       1.183593960800e-14       2.038962948556e-15       5.984383328328e-16      -6.103734126191e-17 
 1387       1.077301787871e-10       2.662603712283e-12      -7.947369554196e-12       1.183337033092e-14       2.033616778600e-15       5.981293213724e-16      -6.031592069909e-17 
 1388       1.078846769904e-10       2.638468524045e-12      -7.916523794018e-12       1.183080830635e-14       2.028288407225e-15       5.977142282393e-16      -5.959218513942e-17 
 1389       1.080360966153e-10       2.614428228146e-12      -7.884002785857e-12       1.182825184021e-14       2.022977777343e-15       5.971968106317e-16      -5.886621467566e-17 
 1390       1.081843564431e-10       2.590489465161e-12      -7.849828930735e-12       1.182569922804e-14       2.017684830944e-15       5.965808493379e-16      -5.813808987722e-17 
 1391       1.083293748473e-10       2.566658911164e-12      -7.814024788480e-12       1.182314875501e-14       2.012409509097e-15       5.958701487798e-16      -5.740789179102e-17 
 1392       1.084710697926e-10       2.542943277790e-12      -7.776613078021e-12       1.182059869588e-14       2.007151751949e-15       5.950685370567e-16      -5.667570194234e-17 
 1393       1.086093588342e-10       2.519349312297e-12      -7.737616677697e-12       1.181804731496e-14       2.001911498722e-15       5.941798659887e-16      -5.594160233569e-17 
 1394       1.087441591175e-10       2.495883797629e-12      -7.697058625557e-12       1.181549286614e-14       1.996688687708e-15       5.932080111604e-16      -5.520567545563e-17 
 1395       1.088753873770e-10       2.472553552475e-12      -7.654962119662e-12       1.181293359284e-14       1.991483256271e-15       5.921568719644e-16      -5.446800426770e-17 
 1396       1.090029599357e-10       2.449365431333e-12      -7.611350518390e-12       1.181036772800e-14       1.986295140844e-15       5.910303716448e-16      -5.372867221922e-17 
 1397       1.091267927043e-10       2.426326324571e-12      -7.566247340739e-12       1.180779349406e-14       1.981124276925e-15       5.898324573412e-16      -5.298776324014e-17 
 1398       1.092468011810e-10       2.403443158492e-12      -7.519676266626e-12       1.180520910291e-14       1.975970599076e-15       5.885671001317e-16      -5.224536174397e-17 
 1399       1.093629004500e-10       2.380722895390e-12      -7.471661137196e-12       1.180261275594e-14       1.970834040922e-15       5.872382950768e-16      -5.150155262854e-17 
 1400       1.094750051815e-10       2.358172533616e-12      -7.422225955119e-12       1.180000264394e-14       1.965714535148e-15       5.858500612632e-16      -5.075642127693e-17 
 1401       1.095830296308e-10       2.335799107640e-12      -7.371394884897e-12       1.179737694716e-14       1.960612013496e-15       5.844064418469e-16      -5.001005355832e-17 
 1402       1.096868876372e-10       2.313609688111e-12      -7.319192253163e-12       1.179473383523e-14       1.955526406764e-15       5.829115040972e-16      -4.926253582880e-17 
 1403       1.097864926241e-10       2.291611381919e-12      -7.265642548990e-12       1.179207146715e-14       1.950457644803e-15       5.813693394398e-16      -4.851395493228e-17 
 1404       1.098817575974e-10       2.269811332258e-12      -7.210770424185e-12       1.178938799131e-14       1.945405656518e-15       5.797840635011e-16      -4.776439820133e-17 
 1405       1.099725951456e-10       2.248216718688e-12      -7.154600693601e-12       1.178668154542e-14       1.940370369859e-15       5.781598161512e-16      -4.701395345802e-17 
 1406       1.100589174385e-10       2.226834757197e-12      -7.097158335434e-12       1.178395025653e-14       1.935351711828e-15       5.765007615475e-16      -4.626270901482e-17 
 1407       1.101406362269e-10       2.205672700259e-12      -7.038468491526e-12       1.178119224100e-14       1.930349608470e-15       5.748110881788e-16      -4.551075367539e-17 
 1408       1.102176628417e-10       2.184737836903e-12      -6.978556467672e-12       1.177840560444e-14       1.925363984874e-15       5.730950089083e-16      -4.475817673552e-17 
 1409       1.102899081933e-10       2.164037492768e-12      -6.917447733919e-12       1.177558844178e-14       1.920394765168e-15       5.713567610174e-16      -4.400506798393e-17 
 1410       1.103572827708e-10       2.143579030170e-12      -6.855167924870e-12       1.177273883715e-14       1.915441872521e-15       5.696006062494e-16      -4.325151770315e-17 
 1411       1.104196966414e-10       2.123369848159e-12      -6.791742839986e-12       1.176985486393e-14       1.910505229139e-15       5.678308308531e-16      -4.249761667036e-17 
 1412       1.104770594496e-10       2.103417382585e-12      -6.727198443892e-12       1.176693458472e-14       1.905584756261e-15       5.660517456260e-16      -4.174345615827e-17 
 1413       1.105292804167e-10       2.083729106160e-12      -6.661560866676e-12       1.176397605129e-14       1.900680374161e-15       5.642676859585e-16      -4.098912793596e-17 
 1414       1.105762683399e-10       2.064312528515e-12      -6.594856404194e-12       1.176097730458e-14       1.895792002141e-15       5.624830118767e-16      -4.023472426977e-17 
 1415       1.106179315915e-10       2.045175196268e-12      -6.527111518371e-12       1.175793637470e-14       1.890919558534e-15       5.607021080869e-16      -3.948033792410e-17 
 1416       1.106541781187e-10       2.026324693080e-12      -6.458352837508e-12       1.175485128087e-14       1.886062960699e-15       5.589293840184e-16      -3.872606216233e-17 
 1417       1.106849154423e-10       2.007768639724e-12      -6.388607156579e-12       1.175172003145e-14       1.881222125016e-15       5.571692738675e-16      -3.797199074763e-17 
 1418       1.107100506564e-10       1.989514694139e-12      -6.317901437538e-12       1.174854062386e-14       1.876396966891e-15       5.554262366411e-16      -3.721821794384e-17 
 1419       1.107294904277e-10       1.971570551498e-12      -6.246262809623e-12       1.174531104462e-14       1.871587400750e-15       5.537047562000e-16      -3.646483851633e-17 
 1420       1.107431409943e-10       1.953943944265e-12      -6.173718569652e-12       1.174202926929e-14       1.866793340034e-15       5.520093413027e-16      -3.571194773286e-17 
 1421       1.107509081659e-10       1.936642642263e-12      -6.100296182335e-12       1.173869326249e-14       1.862014697203e-15       5.503445256490e-16      -3.495964136441e-17 
 1422       1.107526973221e-10       1.919674452729e-12      -6.026023280570e-12       1.173530097782e-14       1.857251383729e-15       5.487148679235e-16      -3.420801568607e-17 
 1423       1.107484134125e-10       1.903047220380e-12      -5.950927665747e-12       1.173185035791e-14       1.852503310096e-15       5.471249518391e-16      -3.345716747789e-17 
 1424       1.107379783109e-10       1.886767723135e-12      -5.875037445100e-12       1.172833954897e-14       1.847770394422e-15       5.455781242203e-16      -3.270718808938e-17 
 1425       1.107213830753e-10       1.870838346749e-12      -5.798381444681e-12       1.172476754705e-14       1.843052588431e-15       5.440726949852e-16      -3.195814556465e-17 
 1426       1.106986362234e-10       1.855260376150e-12      -5.720988801226e-12       1.172113355843e-14       1.838349851741e-15       5.426056982236e-16      -3.121010233540e-17 
 1427       1.106697464261e-10       1.840035096676e-12      -5.642888825808e-12       1.171743678551e-14       1.833662143265e-15       5.411741505857e-16      -3.046312114116e-17 
 1428       1.106347225081e-10       1.825163794072e-12      -5.564111004147e-12       1.171367642691e-14       1.828989421210e-15       5.397750512509e-16      -2.971726502970e-17 
 1429       1.105935734482e-10       1.810647754486e-12      -5.484684996918e-12       1.170985167736e-14       1.824331643075e-15       5.384053818968e-16      -2.897259735766e-17 
 1430       1.105463083792e-10       1.796488264466e-12      -5.404640640066e-12       1.170596172778e-14       1.819688765648e-15       5.370621066682e-16      -2.822918179095e-17 
 1431       1.104929365888e-10       1.782686610957e-12      -5.324007945115e-12       1.170200576523e-14       1.815060745006e-15       5.357421721458e-16      -2.748708230533e-17 
 1432       1.104334675197e-10       1.769244081296e-12      -5.242817099478e-12       1.169798297289e-14       1.810447536513e-15       5.344425073156e-16      -2.674636318686e-17 
 1433       1.103679107698e-10       1.756161963212e-12      -5.161098466771e-12       1.169389253009e-14       1.805849094818e-15       5.331600235374e-16      -2.600708903245e-17 
 1434       1.102962760927e-10       1.743441544818e-12      -5.078882587121e-12       1.168973361229e-14       1.801265373852e-15       5.318916145141e-16      -2.526932475035e-17 
 1435       1.102185733981e-10       1.731084114609e-12      -4.996200177479e-12       1.168550539106e-14       1.796696326832e-15       5.306341562606e-16      -2.453313556066e-17 
 1436       1.101348127517e-10       1.719090961462e-12      -4.913082131927e-12       1.168120703409e-14       1.792141906251e-15       5.293845070724e-16      -2.379858699584e-17 
 1437       1.100450043761e-10       1.707463374629e-12      -4.829559521997e-12       1.167683770518e-14       1.787602063885e-15       5.281395074951e-16      -2.306574490119e-17 
 1438       1.099491586508e-10       1.696202643732e-12      -4.745663596972e-12       1.167239656422e-14       1.783076750784e-15       5.268959802931e-16      -2.233467543539e-17 
 1439       1.098472861126e-10       1.685310058766e-12      -4.661425784206e-12       1.166788276721e-14       1.778565917276e-15       5.256507304184e-16      -2.160544507100e-17 
 1440       1.097393974557e-10       1.674786910089e-12      -4.576877689428e-12       1.166329546621e-14       1.774069512961e-15       5.244005449798e-16      -2.087812059495e-17 
 1441       1.096255035325e-10       1.664634488422e-12      -4.492051097057e-12       1.165863380941e-14       1.769587486715e-15       5.231421932118e-16      -2.015276910907e-17 
 1442       1.095056153537e-10       1.654854084845e-12      -4.406977970512e-12       1.165389694102e-14       1.765119786681e-15       5.218724264434e-16      -1.942945803058e-17 
 1443       1.093797440884e-10       1.645446990791e-12      -4.321690452521e-12       1.164908400135e-14       1.760666360273e-15       5.205879780673e-16      -1.870825509260e-17 
 1444       1.092479010648e-10       1.636414498048e-12      -4.236220865437e-12       1.164419412678e-14       1.756227154175e-15       5.192855635087e-16      -1.798922834466e-17 
 1445       1.091100977703e-10       1.627757898751e-12      -4.150601711542e-12       1.163922644970e-14       1.751802114333e-15       5.179618801944e-16      -1.727244615319e-17 
 1446       1.089663458518e-10       1.619478485380e-12      -4.064865673364e-12       1.163418009861e-14       1.747391185961e-15       5.166136075213e-16      -1.655797720207e-17 
 1447       1.088166571162e-10       1.611577550756e-12      -3.979045613985e-12       1.162905419800e-14       1.742994313535e-15       5.152374068262e-16      -1.584589049309e-17 
 1448       1.086610435308e-10       1.604056388039e-12      -3.893174577353e-12       1.162384786843e-14       1.738611440792e-15       5.138299213540e-16      -1.513625534648e-17 
 1449       1.084995172231e-10       1.596916290724e-12      -3.807285788590e-12       1.161856022646e-14       1.734242510729e-15       5.123877762268e-16      -1.442914140140e-17 
 1450       1.083320904820e-10       1.590158552636e-12      -3.721412654309e-12       1.161319038470e-14       1.729887465601e-15       5.109075784133e-16      -1.372461861648e-17 
 1451       1.081587757571e-10       1.583784467929e-12      -3.635588762918e-12       1.160773745176e-14       1.725546246922e-15       5.093859166972e-16      -1.302275727029e-17 
 1452       1.079795856600e-10       1.577795331080e-12      -3.549847884938e-12       1.160220053227e-14       1.721218795457e-15       5.078193616464e-16      -1.232362796186e-17 
 1453       1.077945329640e-10       1.572192436888e-12      -3.464223973306e-12       1.159657872684e-14       1.716905051229e-15       5.062044655822e-16      -1.162730161121e-17 
 1454       1.076036306046e-10       1.566977080469e-12      -3.378751163695e-12       1.159087113210e-14       1.712604953510e-15       5.045377625476e-16      -1.093384945980e-17 
 1455       1.074068916798e-10       1.562150557254e-12      -3.293463774817e-12       1.158507684067e-14       1.708318440822e-15       5.028157682770e-16      -1.024334307111e-17 
 1456       1.072043294507e-10       1.557714162983e-12      -3.208396308738e-12       1.157919494114e-14       1.704045450938e-15       5.010349801647e-16      -9.555854331074e-18 
 1457       1.069959573414e-10       1.553669193705e-12      -3.123583451187e-12       1.157322451808e-14       1.699785920877e-15       4.991918772340e-16      -8.871455448650e-18 
 1458       1.067817889396e-10       1.550016945771e-12      -3.039060071871e-12       1.156716465203e-14       1.695539786904e-15       4.972829201061e-16      -8.190218956283e-18 
 1459       1.065618379969e-10       1.546758715834e-12      -2.954861224780e-12       1.156101441951e-14       1.691306984527e-15       4.953045509691e-16      -7.512217710431e-18 
 1460       1.063361184290e-10       1.543895800842e-12      -2.871022148503e-12       1.155477289296e-14       1.687087448497e-15       4.932531935470e-16      -6.837524892066e-18 
 1461       1.061046443162e-10       1.541429498039e-12      -2.787578266537e-12       1.154843914081e-14       1.682881112807e-15       4.911252530685e-16      -6.166214007185e-18 
 1462       1.058674299036e-10       1.539361104956e-12      -2.704565187596e-12       1.154201222742e-14       1.678687910687e-15       4.889171162362e-16      -5.498358887311e-18 
 1463       1.056245002044e-10       1.537691042337e-12      -2.622015946059e-12       1.153549144344e-14       1.674507780463e-15       4.866262564351e-16      -4.834025762926e-18 
 1464       1.053759229250e-10       1.536416213312e-12      -2.539952692497e-12       1.152887699944e-14       1.670340683187e-15       4.842545615082e-16      -4.173249396044e-18 
 1465       1.051217768596e-10       1.535532617812e-12      -2.458394920693e-12       1.152216933919e-14       1.666186585180e-15       4.818050391872e-16      -3.516056710039e-18 
 1466       1.048621413173e-10       1.535036227204e-12      -2.377362220127e-12       1.151536890999e-14       1.662045452185e-15       4.792807149020e-16      -2.862474695139e-18 
 1467       1.045970961231e-10       1.534922984228e-12      -2.296874276133e-12       1.150847616260e-14       1.657917249372e-15       4.766846318120e-16      -2.212530408486e-18 
 1468       1.043267216185e-10       1.535188802955e-12      -2.216950870054e-12       1.150149155131e-14       1.653801941335e-15       4.740198508368e-16      -1.566250974201e-18 
 1469       1.040510986629e-10       1.535829568726e-12      -2.137611879399e-12       1.149441553392e-14       1.649699492086e-15       4.712894506868e-16      -9.236635834421e-19 
 1470       1.037703086340e-10       1.536841138104e-12      -2.058877277999e-12       1.148724857175e-14       1.645609865061e-15       4.684965278945e-16      -2.847954944732e-19 
 1471       1.034844334291e-10       1.538219338823e-12      -1.980767136164e-12       1.147999112964e-14       1.641533023114e-15       4.656441968454e-16       3.503259672780e-19 
 1472       1.031935554660e-10       1.539959969728e-12      -1.903301620841e-12       1.147264367596e-14       1.637468928516e-15       4.627355898084e-16       9.816734091557e-19 
 1473       1.028977576837e-10       1.542058800730e-12      -1.826500995764e-12       1.146520668265e-14       1.633417542956e-15       4.597738569671e-16       1.609219371214e-18 
 1474       1.025971235434e-10       1.544511572752e-12      -1.750385621619e-12       1.145768062514e-14       1.629378827538e-15       4.567621664507e-16       2.232936326152e-18 
 1475       1.022917370297e-10       1.547313997672e-12      -1.674975956194e-12       1.145006598246e-14       1.625352742781e-15       4.537037043644e-16       2.852796679257e-18 
 1476       1.019816826511e-10       1.550461758275e-12      -1.600292554536e-12       1.144236323718e-14       1.621339248614e-15       4.506016748209e-16       3.468772768334e-18 
 1477       1.016670454412e-10       1.553950508199e-12      -1.526356069111e-12       1.143457287542e-14       1.617338304382e-15       4.474592999710e-16       4.080836863649e-18 
 1478       1.013479109595e-10       1.557775871882e-12      -1.453187249957e-12       1.142669538689e-14       1.613349868838e-15       4.442798200344e-16       4.688961167865e-18 
 1479       1.010243652923e-10       1.561933444510e-12      -1.380806944842e-12       1.141873126488e-14       1.609373900143e-15       4.410664933305e-16       5.293117815978e-18 
 1480       1.006964950539e-10       1.566418791964e-12      -1.309236099418e-12       1.141068100624e-14       1.605410355868e-15       4.378225963098e-16       5.893278875256e-18 
 1481       1.003643873871e-10       1.571227450767e-12      -1.238495757381e-12       1.140254511143e-14       1.601459192991e-15       4.345514235841e-16       6.489416345177e-18 
 1482       1.000281299645e-10       1.576354928034e-12      -1.168607060623e-12       1.139432408450e-14       1.597520367893e-15       4.312562879578e-16       7.081502157361e-18 
 1483       9.968781098909e-11       1.581796701415e-12      -1.099591249394e-12       1.138601843310e-14       1.593593836362e-15       4.279405204588e-16       7.669508175517e-18 
 1484       9.934351919544e-11       1.587548219047e-12      -1.031469662451e-12       1.137762866850e-14       1.589679553586e-15       4.246074703691e-16       8.253406195371e-18 
 1485       9.899534385051e-11       1.593604899498e-12      -9.642637372213e-13       1.136915530557e-14       1.585777474156e-15       4.212605052559e-16       8.833167944609e-18 
 1486       9.864337475456e-11       1.599962131716e-12      -8.979950099546e-13       1.136059886280e-14       1.581887552064e-15       4.179030110025e-16       9.408765082814e-18 
 1487       9.828770224212e-11       1.606615274976e-12      -8.326851158808e-13       1.135195986233e-14       1.578009740700e-15       4.145383918388e-16       9.980169201400e-18 
 1488       9.792841718287e-11       1.613559658829e-12      -7.683557893659e-13       1.134323882991e-14       1.574143992853e-15       4.111700703729e-16       1.054735182355e-17 
 1489       9.756561098261e-11       1.620790583045e-12      -7.050288640688e-13       1.133443629494e-14       1.570290260707e-15       4.078014876212e-16       1.111028440417e-17 
 1490       9.719937558412e-11       1.628303317567e-12      -6.427262730973e-13       1.132555279047e-14       1.566448495843e-15       4.044361030399e-16       1.166893832978e-17 
 1491       9.682980346814e-11       1.636093102453e-12      -5.814700491644e-13       1.131658885320e-14       1.562618649235e-15       4.010773945555e-16       1.222328491851e-17 
 1492       9.645698765426e-11       1.644155147825e-12      -5.212823247447e-13       1.130754502350e-14       1.558800671250e-15       3.977288585957e-16       1.277329542001e-17 
 1493       9.608102170186e-11       1.652484633818e-12      -4.621853322309e-13       1.129842184539e-14       1.554994511646e-15       3.943940101206e-16       1.331894101538e-17 
 1494       9.570199971102e-11       1.661076710524e-12      -4.042014040898e-13       1.128921986656e-14       1.551200119573e-15       3.910763826532e-16       1.386019281710e-17 
 1495       9.532001632345e-11       1.669926497944e-12      -3.473529730191e-13       1.127993963840e-14       1.547417443568e-15       3.877795283104e-16       1.439702186901e-17 
 1496       9.493516672342e-11       1.679029085931e-12      -2.916625721032e-13       1.127058171597e-14       1.543646431558e-15       3.845070178340e-16       1.492939914621e-17 
 1497       9.454754663866e-11       1.688379534141e-12      -2.371528349698e-13       1.126114665803e-14       1.539887030854e-15       3.812624406216e-16       1.545729555500e-17 
 1498       9.415725234131e-11       1.697972871978e-12      -1.838464959463e-13       1.125163502702e-14       1.536139188154e-15       3.780494047573e-16       1.598068193283e-17 
 1499       9.376438064881e-11       1.707804098543e-12      -1.317663902160e-13       1.124204738911e-14       1.532402849540e-15       3.748715370425e-16       1.649952904823e-17 
 1500       9.336902892486e-11       1.717868182579e-12      -8.093545397454e-14       1.123238431416e-14       1.528677960476e-15       3.717324830270e-16       1.701380760075e-17 
 1501       9.297129508031e-11       1.728160062422e-12      -3.137672458603e-14       1.122264637577e-14       1.524964465807e-15       3.686359070401e-16       1.752348822091e-17 
 1502       9.257127686609e-11       1.738674447163e-12       1.689039506039e-14       1.121283426716e-14       1.521262314171e-15       3.655847051504e-16       1.802854380044e-17 
 1503       9.216906974240e-11       1.749405218131e-12       6.386138358982e-14       1.120294915024e-14       1.517571471277e-15       3.625786356014e-16       1.852895650812e-17 
 1504       9.176476899062e-11       1.760346021475e-12       1.095354633167e-13       1.119299230999e-14       1.513891906751e-15       3.596166653626e-16       1.902471084216e-17 
 1505       9.135847042028e-11       1.771490466361e-12       1.539118744259e-13       1.118296503884e-14       1.510223589738e-15       3.566977550949e-16       1.951579130609e-17 
 1506       9.095027036997e-11       1.782832124903e-12       1.969898750152e-13       1.117286863669e-14       1.506566488899e-15       3.538208591396e-16       2.000218240890e-17 
 1507       9.054026570825e-11       1.794364532103e-12       2.387687411372e-13       1.116270441090e-14       1.502920572412e-15       3.509849255078e-16       2.048386866503e-17 
 1508       9.012855383448e-11       1.806081185787e-12       2.792477668419e-13       1.115247367635e-14       1.499285807969e-15       3.481888958688e-16       2.096083459444e-17 
 1509       8.971523267976e-11       1.817975546541e-12       3.184262642186e-13       1.114217775543e-14       1.495662162774e-15       3.454317055399e-16       2.143306472272e-17 
 1510       8.930040070778e-11       1.830041037651e-12       3.563035634385e-13       1.113181797802e-14       1.492049603546e-15       3.427122834746e-16       2.190054358110e-17 
 1511       8.888415691573e-11       1.842271045036e-12       3.928790127968e-13       1.112139568156e-14       1.488448096514e-15       3.400295522526e-16       2.236325570653e-17 
 1512       8.846660083514e-11       1.854658917185e-12       4.281519787549e-13       1.111091221101e-14       1.484857607420e-15       3.373824280680e-16       2.282118564174e-17 
 1513       8.804783253284e-11       1.867197965098e-12       4.621218459826e-13       1.110036891890e-14       1.481278101512e-15       3.347698207189e-16       2.327431793530e-17 
 1514       8.762795261178e-11       1.879881462218e-12       4.947880174007e-13       1.108976716534e-14       1.477709543549e-15       3.321906335959e-16       2.372263714170e-17 
 1515       8.720706221192e-11       1.892702644373e-12       5.261499142227e-13       1.107910831799e-14       1.474151897798e-15       3.296437636719e-16       2.416612782137e-17 
 1516       8.678526301116e-11       1.905654709707e-12       5.562069759975e-13       1.106839375212e-14       1.470605128030e-15       3.271281014904e-16       2.460477454079e-17 
 1517       8.636265722618e-11       1.918730818620e-12       5.849586606514e-13       1.105762485062e-14       1.467069197524e-15       3.246425311549e-16       2.503856187250e-17 
 1518       8.593934761336e-11       1.931924093707e-12       6.124044445306e-13       1.104680300399e-14       1.463544069062e-15       3.221859303181e-16       2.546747439522e-17 
 1519       8.551543746963e-11       1.945227619689e-12       6.385438224431e-13       1.103592961034e-14       1.460029704929e-15       3.197571701705e-16       2.589149669385e-17 
 1520       8.509103063337e-11       1.958634443357e-12       6.633763077012e-13       1.102500607546e-14       1.456526066915e-15       3.173551154298e-16       2.631061335957e-17 
 1521       8.466623148532e-11       1.972137573502e-12       6.869014321638e-13       1.101403381277e-14       1.453033116308e-15       3.149786243298e-16       2.672480898991e-17 
 1522       8.424114494942e-11       1.985729980856e-12       7.091187462782e-13       1.100301424336e-14       1.449550813898e-15       3.126265486094e-16       2.713406818877e-17 
 1523       8.381587649373e-11       1.999404598030e-12       7.300278191232e-13       1.099194879603e-14       1.446079119976e-15       3.102977335019e-16       2.753837556652e-17 
 1524       8.339053213130e-11       2.013154319446e-12       7.496282384503e-13       1.098083890723e-14       1.442617994327e-15       3.079910177236e-16       2.793771574003e-17 
 1525       8.296521842105e-11       2.026972001278e-12       7.679196107268e-13       1.096968602116e-14       1.439167396239e-15       3.057052334633e-16       2.833207333277e-17 
 1526       8.254004246867e-11       2.040850461387e-12       7.849015611777e-13       1.095849158972e-14       1.435727284490e-15       3.034392063710e-16       2.872143297483e-17 
 1527       8.211511192751e-11       2.054782479258e-12       8.005737338279e-13       1.094725707252e-14       1.432297617359e-15       3.011917555472e-16       2.910577930301e-17 
 1528       8.169053499943e-11       2.068760795939e-12       8.149357915444e-13       1.093598393695e-14       1.428878352614e-15       2.989616935318e-16       2.948509696085e-17 
 1529       8.126642043572e-11       2.082778113974e-12       8.279874160791e-13       1.092467365815e-14       1.425469447522e-15       2.967478262929e-16       2.985937059875e-17 
 1530       8.084287753797e-11       2.096827097342e-12       8.397283081101e-13       1.091332771901e-14       1.422070858836e-15       2.945489532165e-16       3.022858487397e-17 
 1531       8.042001615898e-11       2.110900371396e-12       8.501581872848e-13       1.090194761021e-14       1.418682542805e-15       2.923638670950e-16       3.059272445071e-17 
 1532       7.999794670358e-11       2.124990522795e-12       8.592767922618e-13       1.089053483024e-14       1.415304455166e-15       2.901913541162e-16       3.095177400018e-17 
 1533       7.957678012960e-11       2.139090099444e-12       8.670838807531e-13       1.087909088537e-14       1.411936551145e-15       2.880301938529e-16       3.130571820068e-17 
 1534       7.915662794869e-11       2.153191610433e-12       8.735792295664e-13       1.086761728973e-14       1.408578785456e-15       2.858791592512e-16       3.165454173761e-17 
 1535       7.873760222724e-11       2.167287525967e-12       8.787626346474e-13       1.085611556523e-14       1.405231112301e-15       2.837370166201e-16       3.199822930357e-17 
 1536       7.831981558724e-11       2.181370277311e-12       8.826339111221e-13       1.084458724166e-14       1.401893485367e-15       2.816025256205e-16       3.233676559842e-17 
 1537       7.790338120721e-11       2.195432256720e-12       8.851928933388e-13       1.083303385666e-14       1.398565857828e-15       2.794744392538e-16       3.267013532932e-17 
 1538       7.748841282301e-11       2.209465817381e-12       8.864394349106e-13       1.082145695574e-14       1.395248182339e-15       2.773515038514e-16       3.299832321080e-17 
 1539       7.707502472881e-11       2.223463273345e-12       8.863734087576e-13       1.080985809229e-14       1.391940411040e-15       2.752324590637e-16       3.332131396485e-17 
 1540       7.666333177791e-11       2.237416899469e-12       8.849947071491e-13       1.079823882759e-14       1.388642495553e-15       2.731160378489e-16       3.363909232093e-17 
 1541       7.625343990444e-11       2.251319417962e-12       8.823057769201e-13       1.078660068619e-14       1.385354391032e-15       2.710011385020e-16       3.395164583934e-17 
 1542       7.584541758824e-11       2.265165463212e-12       8.783192513588e-13       1.077494502150e-14       1.382076068370e-15       2.688873425503e-16       3.425897341037e-17 
 1543       7.543932412083e-11       2.278950130739e-12       8.730503908479e-13       1.076327314896e-14       1.378807502106e-15       2.667744017523e-16       3.456107683594e-17 
 1544       7.503521906054e-11       2.292668491805e-12       8.665145544345e-13       1.075158639053e-14       1.375548666383e-15       2.646620665014e-16       3.485795801385e-17 
 1545       7.463316223283e-11       2.306315593377e-12       8.587272000007e-13       1.073988607477e-14       1.372299534948e-15       2.625500858238e-16       3.514961893798e-17 
 1546       7.423321373076e-11       2.319886458087e-12       8.497038844337e-13       1.072817353678e-14       1.369060081153e-15       2.604382073764e-16       3.543606169850e-17 
 1547       7.383543391534e-11       2.333376084194e-12       8.394602637961e-13       1.071645011825e-14       1.365830277949e-15       2.583261774443e-16       3.571728848209e-17 
 1548       7.343988341600e-11       2.346779445544e-12       8.280120934963e-13       1.070471716747e-14       1.362610097888e-15       2.562137409384e-16       3.599330157210e-17 
 1549       7.304662313093e-11       2.360091491537e-12       8.153752284586e-13       1.069297603933e-14       1.359399513125e-15       2.541006413936e-16       3.626410334881e-17 
 1550       7.265571422754e-11       2.373307147079e-12       8.015656232934e-13       1.068122809533e-14       1.356198495412e-15       2.519866209660e-16       3.652969628958e-17 
 1551       7.226721814285e-11       2.386421312552e-12       7.865993324678e-13       1.066947470359e-14       1.353007016101e-15       2.498714204311e-16       3.679008296911e-17 
 1552       7.188119658386e-11       2.399428863771e-12       7.704925104757e-13       1.065771723886e-14       1.349825046141e-15       2.477547791811e-16       3.704526605957e-17 
 1553       7.149771152802e-11       2.412324651946e-12       7.532614120081e-13       1.064595708256e-14       1.346652556079e-15       2.456364352231e-16       3.729524833088e-17 
 1554       7.111682522360e-11       2.425103503647e-12       7.349223921231e-13       1.063419562272e-14       1.343489516056e-15       2.435161251762e-16       3.754003265088e-17 
 1555       7.073860019009e-11       2.437760220758e-12       7.154919064167e-13       1.062243425408e-14       1.340335895812e-15       2.413935842700e-16       3.777962198551e-17 
 1556       7.036309921861e-11       2.450289580445e-12       6.949865111927e-13       1.061067437802e-14       1.337191664678e-15       2.392685463417e-16       3.801401939907e-17 
 1557       6.999038537235e-11       2.462686335116e-12       6.734228636331e-13       1.059891740261e-14       1.334056791581e-15       2.371407438340e-16       3.824322805437e-17 
 1558       6.962052198693e-11       2.474945212381e-12       6.508177219682e-13       1.058716474265e-14       1.330931245040e-15       2.350099077932e-16       3.846725121295e-17 
 1559       6.925357267083e-11       2.487060915013e-12       6.271879456474e-13       1.057541781959e-14       1.327814993166e-15       2.328757678664e-16       3.868609223532e-17 
 1560       6.888960130579e-11       2.499028120913e-12       6.025504955087e-13       1.056367806163e-14       1.324708003662e-15       2.307380522993e-16       3.889975458111e-17 
 1561       6.852867204723e-11       2.510841483067e-12       5.769224339496e-13       1.055194690369e-14       1.321610243821e-15       2.285964879345e-16       3.910824180930e-17 
 1562       6.817084932463e-11       2.522495629509e-12       5.503209250971e-13       1.054022578743e-14       1.318521680526e-15       2.264508002085e-16       3.931155757842e-17 
 1563       6.781619784197e-11       2.533985163286e-12       5.227632349780e-13       1.052851616125e-14       1.315442280247e-15       2.243007131498e-16       3.950970564678e-17 
 1564       6.746478257810e-11       2.545304662412e-12       4.942667316894e-13       1.051681948030e-14       1.312372009045e-15       2.221459493766e-16       3.970268987261e-17 
 1565       6.711666878718e-11       2.556448679837e-12       4.648488855685e-13       1.050513720651e-14       1.309310832567e-15       2.199862300946e-16       3.989051421433e-17 
 1566       6.677192199907e-11       2.567411743405e-12       4.345272693634e-13       1.049347080858e-14       1.306258716044e-15       2.178212750944e-16       4.007318273072e-17 
 1567       6.643060801972e-11       2.578188355813e-12       4.033195584030e-13       1.048182176201e-14       1.303215624297e-15       2.156508027499e-16       4.025069958113e-17 
 1568       6.609279293160e-11       2.588772994577e-12       3.712435307675e-13       1.047019154907e-14       1.300181521728e-15       2.134745300150e-16       4.042306902568e-17 
 1569       6.575854309413e-11       2.599160111993e-12       3.383170674585e-13       1.045858165887e-14       1.297156372325e-15       2.112921724225e-16       4.059029542548e-17 
 1570       6.542792514402e-11       2.609344135092e-12       3.045581525695e-13       1.044699358731e-14       1.294140139658e-15       2.091034440808e-16       4.075238324282e-17 
 1571       6.510100599572e-11       2.619319465613e-12       2.699848734558e-13       1.043542883714e-14       1.291132786880e-15       2.069080576724e-16       4.090933704136e-17 
 1572       6.477785284183e-11       2.629080479951e-12       2.346154209054e-13       1.042388891795e-14       1.288134276724e-15       2.047057244513e-16       4.106116148636e-17 
 1573       6.445853315350e-11       2.638621529130e-12       1.984680893085e-13       1.041237534615e-14       1.285144571506e-15       2.024961542405e-16       4.120786134490e-17 
 1574       6.414311468081e-11       2.647936938758e-12       1.615612768284e-13       1.040088964504e-14       1.282163633120e-15       2.002790554303e-16       4.134944148600e-17 
 1575       6.383166545322e-11       2.657021008989e-12       1.239134855715e-13       1.038943334479e-14       1.279191423040e-15       1.980541349754e-16       4.148590688094e-17 
 1576       6.352425377995e-11       2.665868014488e-12       8.554332175768e-14       1.037800798242e-14       1.276227902317e-15       1.958210983932e-16       4.161726260337e-17 
 1577       6.322094825038e-11       2.674472204387e-12       4.646949589038e-14       1.036661510187e-14       1.273273031581e-15       1.935796497612e-16       4.174351382957e-17 
 1578       6.292181773447e-11       2.682827802252e-12       6.710822927118e-15       1.035525625397e-14       1.270326771038e-15       1.913294917147e-16       4.186466583861e-17 
 1579       6.262693138319e-11       2.690929006040e-12      -3.371377755036e-14       1.034393299646e-14       1.267389080468e-15       1.890703254447e-16       4.198072401260e-17 
 1580       6.233634687813e-11       2.698770800422e-12      -7.478508398626e-14       1.033264673787e-14       1.264459922489e-15       1.868020170122e-16       4.209169665774e-17 
 1581       6.205007506067e-11       2.706351402047e-12      -1.164829791452e-13       1.032139826752e-14       1.261539272376e-15       1.845250979802e-16       4.219760349579e-17 
 1582       6.176811497619e-11       2.713669836839e-12      -1.587870379817e-13       1.031018822121e-14       1.258627108327e-15       1.822402694120e-16       4.229846725162e-17 
 1583       6.149046559489e-11       2.720725129696e-12      -2.016767241417e-13       1.029901723691e-14       1.255723408214e-15       1.799482359816e-16       4.239431083983e-17 
 1584       6.121712581165e-11       2.727516304487e-12      -2.451313897823e-13       1.028788595481e-14       1.252828149577e-15       1.776497059790e-16       4.248515736509e-17 
 1585       6.094809444585e-11       2.734042384058e-12      -2.891302753922e-13       1.027679501729e-14       1.249941309630e-15       1.753453913160e-16       4.257103012245e-17 
 1586       6.068337024125e-11       2.740302390223e-12      -3.336525096120e-13       1.026574506895e-14       1.247062865255e-15       1.730360075321e-16       4.265195259771e-17 
 1587       6.042295186582e-11       2.746295343777e-12      -3.786771090546e-13       1.025473675659e-14       1.244192793003e-15       1.707222737999e-16       4.272794846774e-17 
 1588       6.016683791154e-11       2.752020264483e-12      -4.241829781250e-13       1.024377072923e-14       1.241331069094e-15       1.684049129311e-16       4.279904160085e-17 
 1589       5.991502689432e-11       2.757476171085e-12      -4.701489088410e-13       1.023284763810e-14       1.238477669415e-15       1.660846513821e-16       4.286525605706e-17 
 1590       5.966751725376e-11       2.762662081298e-12      -5.165535806533e-13       1.022196813663e-14       1.235632569523e-15       1.637622192597e-16       4.292661608854e-17 
 1591       5.942430735305e-11       2.767577011816e-12      -5.633755602656e-13       1.021113288051e-14       1.232795744637e-15       1.614383503270e-16       4.298314613985e-17 
 1592       5.918539547880e-11       2.772219978309e-12      -6.105933014552e-13       1.020034252762e-14       1.229967169644e-15       1.591137820089e-16       4.303487084835e-17 
 1593       5.895077984083e-11       2.776589995424e-12      -6.581851448927e-13       1.018959773807e-14       1.227146819098e-15       1.567892553977e-16       4.308181504450e-17 
 1594       5.872045857212e-11       2.780686076783e-12      -7.061293179629e-13       1.017889917422e-14       1.224334667214e-15       1.544655152593e-16       4.312400375223e-17 
 1595       5.849442972853e-11       2.784507234990e-12      -7.544039345847e-13       1.016824750064e-14       1.221530687873e-15       1.521433100386e-16       4.316146218925e-17 
 1596       5.827269128874e-11       2.788052481625e-12      -8.029869950312e-13       1.015764338413e-14       1.218734854619e-15       1.498233918651e-16       4.319421576740e-17 
 1597       5.805524115403e-11       2.791320827246e-12      -8.518563857502e-13       1.014708749376e-14       1.215947140658e-15       1.475065165590e-16       4.322229009299e-17 
 1598       5.784207714814e-11       2.794311281393e-12      -9.009898791846e-13       1.013658050080e-14       1.213167518858e-15       1.451934436363e-16       4.324571096715e-17 
 1599       5.763319701713e-11       2.797022852583e-12      -9.503651335922e-13       1.012612307878e-14       1.210395961748e-15       1.428849363155e-16       4.326450438616e-17 
 1600       5.742859842921e-11       2.799454548315e-12      -9.999596928663e-13       1.011571590349e-14       1.207632441518e-15       1.405817615222e-16       4.327869654178e-17 
 1601       5.722827897455e-11       2.801605375068e-12      -1.049750986356e-12       1.010535965294e-14       1.204876930016e-15       1.382846898958e-16       4.328831382160e-17 
 1602       5.703223616518e-11       2.803474338302e-12      -1.099716328686e-12       1.009505500741e-14       1.202129398753e-15       1.359944957944e-16       4.329338280939e-17 
 1603       5.684046743479e-11       2.805060442459e-12      -1.149832919577e-12       1.008480264943e-14       1.199389818895e-15       1.337119573011e-16       4.329393028541e-17 
 1604       5.665297013858e-11       2.806362690963e-12      -1.200077843667e-12       1.007460326378e-14       1.196658161268e-15       1.314378562296e-16       4.328998322679e-17 
 1605       5.646974155313e-11       2.807380086219e-12      -1.250428070329e-12       1.006445753751e-14       1.193934396353e-15       1.291729781296e-16       4.328156880781e-17 
 1606       5.629077887620e-11       2.808111629617e-12      -1.300860453496e-12       1.005436615992e-14       1.191218494289e-15       1.269181122929e-16       4.326871440032e-17 
 1607       5.611607922658e-11       2.808556321530e-12      -1.351351731474e-12       1.004432982258e-14       1.188510424872e-15       1.246740517591e-16       4.325144757399e-17 
 1608       5.594563964396e-11       2.808713161313e-12      -1.401878526769e-12       1.003434921934e-14       1.185810157551e-15       1.224415933210e-16       4.322979609674e-17 
 1609       5.577945708875e-11       2.808581147309e-12      -1.452417345905e-12       1.002442504629e-14       1.183117661430e-15       1.202215375305e-16       4.320378793499e-17 
 1610       5.561752844193e-11       2.808159276841e-12      -1.502944579242e-12       1.001455800183e-14       1.180432905268e-15       1.180146887046e-16       4.317345125407e-17 
 1611       5.545985050487e-11       2.807446546222e-12      -1.553436500801e-12       1.000474878661e-14       1.177755857477e-15       1.158218549305e-16       4.313881441853e-17 
 1612       5.530641999921e-11       2.806441950747e-12      -1.603869268078e-12       9.994998103567e-15       1.175086486121e-15       1.136438480721e-16       4.309990599247e-17 
 1613       5.515723356668e-11       2.805144484699e-12      -1.654218921870e-12       9.985306657919e-15       1.172424758915e-15       1.114814837749e-16       4.305675473991e-17 
 1614       5.501228776892e-11       2.803553141347e-12      -1.704461386092e-12       9.975675157169e-15       1.169770643228e-15       1.093355814723e-16       4.300938962508e-17 
 1615       5.487157908738e-11       2.801666912948e-12      -1.754572467599e-12       9.966104311106e-15       1.167124106077e-15       1.072069643913e-16       4.295783981282e-17 
 1616       5.473510392311e-11       2.799484790744e-12      -1.804527856004e-12       9.956594831809e-15       1.164485114129e-15       1.050964595578e-16       4.290213466888e-17 
 1617       5.460285859661e-11       2.797005764969e-12      -1.854303123501e-12       9.947147433652e-15       1.161853633703e-15       1.030048978026e-16       4.284230376026e-17 
 1618       5.447483934769e-11       2.794228824842e-12      -1.903873724684e-12       9.937762833300e-15       1.159229630763e-15       1.009331137673e-16       4.277837685557e-17 
 1619       5.435103496206e-11       2.791153611987e-12      -1.953216838591e-12       9.928441584856e-15       1.156613073708e-15       9.888185841867e-17       4.271038443686e-17 
 1620       5.423140457851e-11       2.787782387134e-12      -2.002316913408e-12       9.919183583638e-15       1.154003941753e-15       9.685153571695e-17       4.263835923965e-17 
 1621       5.411589968085e-11       2.784118081191e-12      -2.051160171511e-12       9.909988557922e-15       1.151402216619e-15       9.484246357957e-17       4.256233472748e-17 
 1622       5.400447145251e-11       2.780163643468e-12      -2.099732771693e-12       9.900856233391e-15       1.148807879756e-15       9.285496115792e-17       4.248234458205e-17 
 1623       5.389707077601e-11       2.775922041711e-12      -2.148020809068e-12       9.891786333132e-15       1.146220912343e-15       9.088934883905e-17       4.239842270358e-17 
 1624       5.379364823247e-11       2.771396262132e-12      -2.196010314978e-12       9.882778577630e-15       1.143641295285e-15       8.894594824739e-17       4.231060321117e-17 
 1625       5.369415410112e-11       2.766589309438e-12      -2.243687256894e-12       9.873832684763e-15       1.141069009216e-15       8.702508224648e-17       4.221892044317e-17 
 1626       5.359853835880e-11       2.761504206861e-12      -2.291037538323e-12       9.864948369799e-15       1.138504034496e-15       8.512707494069e-17       4.212340895752e-17 
 1627       5.350675067947e-11       2.756143996189e-12      -2.338046998711e-12       9.856125345392e-15       1.135946351209e-15       8.325225167691e-17       4.202410353213e-17 
 1628       5.341874043372e-11       2.750511737800e-12      -2.384701413350e-12       9.847363321572e-15       1.133395939169e-15       8.140093904629e-17       4.192103916525e-17 
 1629       5.333445668827e-11       2.744610510686e-12      -2.430986493280e-12       9.838662005746e-15       1.130852777909e-15       7.957346488596e-17       4.181425107582e-17 
 1630       5.325384820543e-11       2.738443412486e-12      -2.476887885193e-12       9.830021102690e-15       1.128316846692e-15       7.777015828071e-17       4.170377470383e-17 
 1631       5.317686344271e-11       2.732013559519e-12      -2.522391171341e-12       9.821440314547e-15       1.125788124502e-15       7.599134956477e-17       4.158964571069e-17 
 1632       5.310345055220e-11       2.725324086809e-12      -2.567481869438e-12       9.812919340818e-15       1.123266590046e-15       7.423737032348e-17       4.147189997960e-17 
 1633       5.303355738018e-11       2.718378148122e-12      -2.612145432564e-12       9.804457878361e-15       1.120752221755e-15       7.250855339500e-17       4.135057361590e-17 
 1634       5.296713146655e-11       2.711178915991e-12      -2.656367249072e-12       9.796055621385e-15       1.118244997782e-15       7.080523287208e-17       4.122570294743e-17 
 1635       5.290412004439e-11       2.703729581746e-12      -2.700132642489e-12       9.787712261445e-15       1.115744896001e-15       6.912774410371e-17       4.109732452491e-17 
 1636       5.284447003940e-11       2.696033355551e-12      -2.743426871426e-12       9.779427487437e-15       1.113251894010e-15       6.747642369690e-17       4.096547512228e-17 
 1637       5.278812806948e-11       2.688093466426e-12      -2.786235129476e-12       9.771200985594e-15       1.110765969123e-15       6.585160951836e-17       4.083019173709e-17 
 1638       5.273504044419e-11       2.679913162282e-12      -2.828542545123e-12       9.763032439482e-15       1.108287098378e-15       6.425364069621e-17       4.069151159085e-17 
 1639       5.268515316424e-11       2.671495709952e-12      -2.870334181645e-12       9.754921529992e-15       1.105815258531e-15       6.268285762173e-17       4.054947212937e-17 
 1640       5.263841192105e-11       2.662844395219e-12      -2.911595037019e-12       9.746867935339e-15       1.103350426057e-15       6.113960195105e-17       4.040411102316e-17 
 1641       5.259476209619e-11       2.653962522846e-12      -2.952310043826e-12       9.738871331054e-15       1.100892577150e-15       5.962421660689e-17       4.025546616777e-17 
 1642       5.255414876093e-11       2.644853416610e-12      -2.992464069155e-12       9.730931389982e-15       1.098441687723e-15       5.813704578024e-17       4.010357568417e-17 
 1643       5.251651667574e-11       2.635520419327e-12      -3.032041914504e-12       9.723047782277e-15       1.095997733405e-15       5.667843493211e-17       3.994847791909e-17 
 1644       5.248181028977e-11       2.625966892889e-12      -3.071028315693e-12       9.715220175394e-15       1.093560689541e-15       5.524873079527e-17       3.979021144540e-17 
 1645       5.244997374036e-11       2.616196218288e-12      -3.109407942759e-12       9.707448234088e-15       1.091130531195e-15       5.384828137588e-17       3.962881506247e-17 
 1646       5.242095085259e-11       2.606211795648e-12      -3.147165399869e-12       9.699731620407e-15       1.088707233145e-15       5.247743595530e-17       3.946432779652e-17 
 1647       5.239468513872e-11       2.596017044260e-12      -3.184285225218e-12       9.692069993690e-15       1.086290769885e-15       5.113654509177e-17       3.929678890100e-17 
 1648       5.237111979773e-11       2.585615402605e-12      -3.220751890936e-12       9.684463010558e-15       1.083881115624e-15       4.982596062210e-17       3.912623785695e-17 
 1649       5.235019771481e-11       2.575010328391e-12      -3.256549802994e-12       9.676910324911e-15       1.081478244284e-15       4.854603566344e-17       3.895271437336e-17 
 1650       5.233186146088e-11       2.564205298579e-12      -3.291663301107e-12       9.669411587927e-15       1.079082129503e-15       4.729712461495e-17       3.877625838751e-17 
 1651       5.231605329209e-11       2.553203809414e-12      -3.326076658638e-12       9.661966448050e-15       1.076692744631e-15       4.607958315957e-17       3.859691006539e-17 
 1652       5.230271514932e-11       2.542009376457e-12      -3.359774082504e-12       9.654574550993e-15       1.074310062729e-15       4.489376826567e-17       3.841470980200e-17 
 1653       5.229178865769e-11       2.530625534616e-12      -3.392739713079e-12       9.647235539726e-15       1.071934056573e-15       4.374003818882e-17       3.822969822174e-17 
 1654       5.228321512603e-11       2.519055838171e-12      -3.424957624099e-12       9.639949054477e-15       1.069564698648e-15       4.261875247348e-17       3.804191617879e-17 
 1655       5.227693554646e-11       2.507303860812e-12      -3.456411822569e-12       9.632714732725e-15       1.067201961152e-15       4.153027195474e-17       3.785140475744e-17 
 1656       5.227289059382e-11       2.495373195664e-12      -3.487086248663e-12       9.625532209193e-15       1.064845815993e-15       4.047495876002e-17       3.765820527247e-17 
 1657       5.227102062521e-11       2.483267455318e-12      -3.516964775633e-12       9.618401115846e-15       1.062496234789e-15       3.945317631078e-17       3.746235926952e-17 
 1658       5.227126568446e-11       2.470990425334e-12      -3.546033744430e-12       9.611320999862e-15       1.060153190954e-15       3.846513407512e-17       3.726390621497e-17 
 1659       5.227356551653e-11       2.458546526159e-12      -3.574289592233e-12       9.604291076748e-15       1.057816665977e-15       3.751042032384e-17       3.706287654260e-17 
 1660       5.227785955226e-11       2.445940355345e-12      -3.601731291045e-12       9.597310475036e-15       1.055486643201e-15       3.658846525477e-17       3.685929854630e-17 
 1661       5.228408690290e-11       2.433176534484e-12      -3.628357819100e-12       9.590378318099e-15       1.053163105734e-15       3.569869586261e-17       3.665320068525e-17 
 1662       5.229218635962e-11       2.420259709247e-12      -3.654168160879e-12       9.583493724145e-15       1.050846036454e-15       3.484053593392e-17       3.644461158415e-17 
 1663       5.230209639301e-11       2.407194549417e-12      -3.679161307122e-12       9.576655806207e-15       1.048535418005e-15       3.401340604201e-17       3.623356003348e-17 
 1664       5.231375515260e-11       2.393985748933e-12      -3.703336254847e-12       9.569863672137e-15       1.046231232800e-15       3.321672354194e-17       3.602007498980e-17 
 1665       5.232710046635e-11       2.380638025918e-12      -3.726692007359e-12       9.563116424595e-15       1.043933463017e-15       3.244990256541e-17       3.580418557599e-17 
 1666       5.234206984016e-11       2.367156122726e-12      -3.749227574274e-12       9.556413161043e-15       1.041642090601e-15       3.171235401576e-17       3.558592108150e-17 
 1667       5.235860045738e-11       2.353544805970e-12      -3.770941971525e-12       9.549752973734e-15       1.039357097261e-15       3.100348556285e-17       3.536531096262e-17 
 1668       5.237662917830e-11       2.339808866565e-12      -3.791834221383e-12       9.543134949708e-15       1.037078464475e-15       3.032270163807e-17       3.514238484276e-17 
 1669       5.239609253967e-11       2.325953119762e-12      -3.811903352472e-12       9.536558170777e-15       1.034806173482e-15       2.966940342925e-17       3.491717251268e-17 
 1670       5.241692675420e-11       2.311982405188e-12      -3.831148399779e-12       9.530021713523e-15       1.032540205287e-15       2.904298887559e-17       3.468970393079e-17 
 1671       5.243906771006e-11       2.297901586880e-12      -3.849568404676e-12       9.523524649288e-15       1.030280540659e-15       2.844285266263e-17       3.446000922337e-17 
 1672       5.246245097040e-11       2.283715553323e-12      -3.867162414929e-12       9.517066044162e-15       1.028027160130e-15       2.786838621720e-17       3.422811868488e-17 
 1673       5.248701177283e-11       2.269429217487e-12      -3.883929484719e-12       9.510644958981e-15       1.025780043996e-15       2.731897770233e-17       3.399406277816e-17 
 1674       5.251268502893e-11       2.255047516865e-12      -3.899868674650e-12       9.504260449312e-15       1.023539172315e-15       2.679401201223e-17       3.375787213476e-17 
 1675       5.253940532379e-11       2.240575413510e-12      -3.914979051773e-12       9.497911565449e-15       1.021304524907e-15       2.629287076721e-17       3.351957755514e-17 
 1676       5.256710691547e-11       2.226017894070e-12      -3.929259689591e-12       9.491597352404e-15       1.019076081354e-15       2.581493230863e-17       3.327921000899e-17 
 1677       5.259572373453e-11       2.211379969829e-12      -3.942709668084e-12       9.485316849898e-15       1.016853820999e-15       2.535957169385e-17       3.303680063545e-17 
 1678       5.262518938351e-11       2.196666676737e-12      -3.955328073717e-12       9.479069092352e-15       1.014637722946e-15       2.492616069119e-17       3.279238074337e-17 
 1679       5.265543713647e-11       2.181883075457e-12      -3.967113999458e-12       9.472853108881e-15       1.012427766060e-15       2.451406777481e-17       3.254598181162e-17 
 1680       5.268639993847e-11       2.167034251392e-12      -3.978066544792e-12       9.466667923282e-15       1.010223928966e-15       2.412265811975e-17       3.229763548928e-17 
 1681       5.271801040509e-11       2.152125314730e-12      -3.988184815739e-12       9.460512554030e-15       1.008026190046e-15       2.375129359680e-17       3.204737359598e-17 
 1682       5.275020082192e-11       2.137161400476e-12      -3.997467924866e-12       9.454386014266e-15       1.005834527445e-15       2.339933276745e-17       3.179522812210e-17 
 1683       5.278290314406e-11       2.122147668491e-12      -4.005914991301e-12       9.448287311789e-15       1.003648919063e-15       2.306613087889e-17       3.154123122905e-17 
 1684       5.281604899565e-11       2.107089303529e-12      -4.013525140753e-12       9.442215449053e-15       1.001469342562e-15       2.275103985889e-17       3.128541524955e-17 
 1685       5.284956966936e-11       2.091991515274e-12      -4.020297505523e-12       9.436169423149e-15       9.992957753569e-16       2.245340831077e-17       3.102781268788e-17 
 1686       5.288339612588e-11       2.076859538377e-12      -4.026231224522e-12       9.430148225806e-15       9.971281946243e-16       2.217258150836e-17       3.076845622014e-17 
 1687       5.291745899347e-11       2.061698632493e-12      -4.031325443282e-12       9.424150843377e-15       9.949665772955e-16       2.190790139092e-17       3.050737869450e-17 
 1688       5.295168856741e-11       2.046514082318e-12      -4.035579313975e-12       9.418176256833e-15       9.928109000585e-16       2.165870655808e-17       3.024461313149e-17 
 1689       5.298601480953e-11       2.031311197625e-12      -4.038991995428e-12       9.412223441754e-15       9.906611393575e-16       2.142433226483e-17       2.998019272423e-17 
 1690       5.302036734772e-11       2.016095313304e-12      -4.041562653135e-12       9.406291368321e-15       9.885172713921e-16       2.120411041640e-17       2.971415083874e-17 
 1691       5.305467547544e-11       2.000871789395e-12      -4.043290459274e-12       9.400379001305e-15       9.863792721169e-16       2.099736956324e-17       2.944652101413e-17 
 1692       5.308886815120e-11       1.985646011130e-12      -4.044174592725e-12       9.394485300065e-15       9.842471172412e-16       2.080343489597e-17       2.917733696293e-17 
 1693       5.312287399809e-11       1.970423388964e-12      -4.044214239079e-12       9.388609218533e-15       9.821207822286e-16       2.062162824030e-17       2.890663257132e-17 
 1694       5.315662130325e-11       1.955209358618e-12      -4.043408590658e-12       9.382749705209e-15       9.800002422962e-16       2.045126805202e-17       2.863444189940e-17 
 1695       5.319003801742e-11       1.940009381113e-12      -4.041756846528e-12       9.376905703151e-15       9.778854724147e-16       2.029166941187e-17       2.836079918143e-17 
 1696       5.322305175443e-11       1.924828942806e-12      -4.039258212515e-12       9.371076149970e-15       9.757764473074e-16       2.014214402054e-17       2.808573882613e-17 
 1697       5.325559567237e-11       1.909673237829e-12      -4.035913678390e-12       9.365260008246e-15       9.736731435346e-16       2.000209545691e-17       2.780929520402e-17 
 1698       5.328762617370e-11       1.894546212334e-12      -4.031731366149e-12       9.359456357095e-15       9.715755457653e-16       1.987130586107e-17       2.753150200697e-17 
 1699       5.331910535680e-11       1.879451512080e-12      -4.026721227878e-12       9.353664301380e-15       9.694836405587e-16       1.974965171292e-17       2.725239288367e-17 
 1700       5.334999514783e-11       1.864392799311e-12      -4.020893272852e-12       9.347882941339e-15       9.673974142842e-16       1.963700879220e-17       2.697200165226e-17 
 1701       5.338025730054e-11       1.849373752778e-12      -4.014257567626e-12       9.342111372586e-15       9.653168531207e-16       1.953325217737e-17       2.669036230058e-17 
 1702       5.340985339596e-11       1.834398067761e-12      -4.006824236126e-12       9.336348686101e-15       9.632419430569e-16       1.943825624452e-17       2.640750898642e-17 
 1703       5.343874484222e-11       1.819469456099e-12      -3.998603459738e-12       9.330593968219e-15       9.611726698904e-16       1.935189466627e-17       2.612347603782e-17 
 1704       5.346689287421e-11       1.804591646207e-12      -3.989605477392e-12       9.324846300631e-15       9.591090192274e-16       1.927404041070e-17       2.583829795325e-17 
 1705       5.349425855343e-11       1.789768383106e-12      -3.979840585659e-12       9.319104760368e-15       9.570509764829e-16       1.920456574028e-17       2.555200940192e-17 
 1706       5.352080276763e-11       1.775003428440e-12      -3.969319138833e-12       9.313368419802e-15       9.549985268796e-16       1.914334221072e-17       2.526464522401e-17 
 1707       5.354648623068e-11       1.760300560505e-12      -3.958051549027e-12       9.307636346633e-15       9.529516554478e-16       1.909024066994e-17       2.497624043091e-17 
 1708       5.357126948221e-11       1.745663574273e-12      -3.946048286254e-12       9.301907603885e-15       9.509103470254e-16       1.904513125696e-17       2.468683020552e-17 
 1709       5.359511288743e-11       1.731096281412e-12      -3.933319878524e-12       9.296181249897e-15       9.488745862569e-16       1.900788340082e-17       2.439644990244e-17 
 1710       5.361797663685e-11       1.716602510313e-12      -3.919876911928e-12       9.290456338319e-15       9.468443575938e-16       1.897836581945e-17       2.410513504827e-17 
 1711       5.363982074605e-11       1.702186106111e-12      -3.905730030729e-12       9.284731918102e-15       9.448196452934e-16       1.895644651865e-17       2.381292134186e-17 
 1712       5.366060505539e-11       1.687850930713e-12      -3.890889937452e-12       9.279007033490e-15       9.428004334193e-16       1.894199279094e-17       2.351984465452e-17 
 1713       5.368028922982e-11       1.673600862819e-12      -3.875367392971e-12       9.273280724018e-15       9.407867058402e-16       1.893487121453e-17       2.322594103035e-17 
 1714       5.369883275856e-11       1.659439797944e-12      -3.859173216598e-12       9.267552024499e-15       9.387784462304e-16       1.893494765217e-17       2.293124668640e-17 
 1715       5.371619495492e-11       1.645371648446e-12      -3.842318286177e-12       9.261819965022e-15       9.367756380686e-16       1.894208725009e-17       2.263579801300e-17 
 1716       5.373233495600e-11       1.631400343548e-12      -3.824813538165e-12       9.256083570941e-15       9.347782646383e-16       1.895615443692e-17       2.233963157399e-17 
 1717       5.374721172245e-11       1.617529829362e-12      -3.806669967729e-12       9.250341862869e-15       9.327863090268e-16       1.897701292260e-17       2.204278410693e-17 
 1718       5.376078403822e-11       1.603764068909e-12      -3.787898628831e-12       9.244593856673e-15       9.307997541254e-16       1.900452569728e-17       2.174529252343e-17 
 1719       5.377301051035e-11       1.590107042152e-12      -3.768510634316e-12       9.238838563465e-15       9.288185826286e-16       1.903855503022e-17       2.144719390934e-17 
 1720       5.378384956863e-11       1.576562746010e-12      -3.748517156005e-12       9.233074989593e-15       9.268427770339e-16       1.907896246875e-17       2.114852552504e-17 
 1721       5.379325946546e-11       1.563135194387e-12      -3.727929424781e-12       9.227302136640e-15       9.248723196417e-16       1.912560883710e-17       2.084932480567e-17 
 1722       5.380119827550e-11       1.549828418196e-12      -3.706758730680e-12       9.221519001411e-15       9.229071925545e-16       1.917835423541e-17       2.054962936140e-17 
 1723       5.380762389549e-11       1.536646465379e-12      -3.685016422980e-12       9.215724575927e-15       9.209473776768e-16       1.923705803856e-17       2.024947697766e-17 
 1724       5.381249404396e-11       1.523593400936e-12      -3.662713910286e-12       9.209917847421e-15       9.189928567147e-16       1.930157889512e-17       1.994890561544e-17 
 1725       5.381576626099e-11       1.510673306946e-12      -3.639862660627e-12       9.204097798328e-15       9.170436111756e-16       1.937177472627e-17       1.964795341147e-17 
 1726       5.381739790798e-11       1.497890282590e-12      -3.616474201539e-12       9.198263406279e-15       9.150996223676e-16       1.944750272466e-17       1.934665867856e-17 
 1727       5.381734616737e-11       1.485248444176e-12      -3.592560120154e-12       9.192413644093e-15       9.131608713997e-16       1.952861935339e-17       1.904505990576e-17 
 1728       5.381556804240e-11       1.472751925163e-12      -3.568132063295e-12       9.186547479771e-15       9.112273391806e-16       1.961498034488e-17       1.874319575871e-17 
 1729       5.381202035687e-11       1.460404876186e-12      -3.543201737557e-12       9.180663876491e-15       9.092990064192e-16       1.970644069977e-17       1.844110507982e-17 
 1730       5.380665975487e-11       1.448211465076e-12      -3.517780909403e-12       9.174761792594e-15       9.073758536236e-16       1.980285468588e-17       1.813882688853e-17 
 1731       5.379944270056e-11       1.436175876888e-12      -3.491881405250e-12       9.168840181585e-15       9.054578611011e-16       1.990407583708e-17       1.783640038162e-17 
 1732       5.379032547787e-11       1.424302313922e-12      -3.465515111558e-12       9.162897992121e-15       9.035450089578e-16       2.000995695220e-17       1.753386493339e-17 
 1733       5.377926419032e-11       1.412594995748e-12      -3.438693974918e-12       9.156934168005e-15       9.016372770981e-16       2.012035009398e-17       1.723126009596e-17 
 1734       5.376621476070e-11       1.401058159230e-12      -3.411430002147e-12       9.150947648181e-15       8.997346452245e-16       2.023510658794e-17       1.692862559952e-17 
 1735       5.375113293086e-11       1.389696058549e-12      -3.383735260370e-12       9.144937366723e-15       8.978370928370e-16       2.035407702132e-17       1.662600135255e-17 
 1736       5.373398170503e-11       1.378512390277e-12      -3.355622070442e-12       9.138902363768e-15       8.959446007635e-16       2.047713588633e-17       1.632342497759e-17 
 1737       5.371475374889e-11       1.367508563245e-12      -3.327103588811e-12       9.132842119342e-15       8.940571557635e-16       2.060425573936e-17       1.602092439510e-17 
 1738       5.369344917880e-11       1.356685414140e-12      -3.298193230737e-12       9.126756222332e-15       8.921747459625e-16       2.073543366470e-17       1.571852517760e-17 
 1739       5.367006813539e-11       1.346043781130e-12      -3.268904477506e-12       9.120644259802e-15       8.902973593247e-16       2.087066668673e-17       1.541625300863e-17 
 1740       5.364461078362e-11       1.335584503870e-12      -3.239250876520e-12       9.114505816992e-15       8.884249836522e-16       2.100995176991e-17       1.511413368294e-17 
 1741       5.361707731280e-11       1.325308423499e-12      -3.209246041402e-12       9.108340477314e-15       8.865576065856e-16       2.115328581858e-17       1.481219310663e-17 
 1742       5.358746793667e-11       1.315216382644e-12      -3.178903652088e-12       9.102147822347e-15       8.846952156031e-16       2.130066567694e-17       1.451045729731e-17 
 1743       5.355578289345e-11       1.305309225417e-12      -3.148237454925e-12       9.095927431841e-15       8.828377980202e-16       2.145208812885e-17       1.420895238426e-17 
 1744       5.352202244582e-11       1.295587797418e-12      -3.117261262769e-12       9.089678883707e-15       8.809853409899e-16       2.160754989780e-17       1.390770460858e-17 
 1745       5.348618688104e-11       1.286052945740e-12      -3.085988955079e-12       9.083401754017e-15       8.791378315017e-16       2.176704764675e-17       1.360674032334e-17 
 1746       5.344827651098e-11       1.276705518961e-12      -3.054434478016e-12       9.077095617005e-15       8.772952563820e-16       2.193057797806e-17       1.330608599373e-17 
 1747       5.340829167213e-11       1.267546367153e-12      -3.022611844539e-12       9.070760045058e-15       8.754576022931e-16       2.209813743335e-17       1.300576819725e-17 
 1748       5.336623272568e-11       1.258576341880e-12      -2.990535134505e-12       9.064394608719e-15       8.736248557337e-16       2.226972249342e-17       1.270581362380e-17 
 1749       5.332210005755e-11       1.249796296197e-12      -2.958218494759e-12       9.057998876679e-15       8.717970030379e-16       2.244532957813e-17       1.240624907592e-17 
 1750       5.327589407846e-11       1.241207084655e-12      -2.925676139237e-12       9.051572415779e-15       8.699740303751e-16       2.262495504627e-17       1.210710146888e-17 
 1751       5.322761522394e-11       1.232809563299e-12      -2.892922349059e-12       9.045114791005e-15       8.681559237502e-16       2.280859519549e-17       1.180839783083e-17 
 1752       5.317726395440e-11       1.224604589670e-12      -2.859971472631e-12       9.038625565487e-15       8.663426690024e-16       2.299624626218e-17       1.151016530302e-17 
 1753       5.312484075516e-11       1.216593022804e-12      -2.826837925735e-12       9.032104300494e-15       8.645342518058e-16       2.318790442134e-17       1.121243113989e-17 
 1754       5.307034613653e-11       1.208775723236e-12      -2.793536191629e-12       9.025550555432e-15       8.627306576685e-16       2.338356578651e-17       1.091522270927e-17 
 1755       5.301378063381e-11       1.201153553000e-12      -2.760080821146e-12       9.018963887843e-15       8.609318719325e-16       2.358322640963e-17       1.061856749248e-17 
 1756       5.295514480736e-11       1.193727375628e-12      -2.726486432787e-12       9.012343853401e-15       8.591378797734e-16       2.378688228094e-17       1.032249308456e-17 
 1757       5.289443924265e-11       1.186498056155e-12      -2.692767712821e-12       9.005690005909e-15       8.573486662003e-16       2.399452932889e-17       1.002702719436e-17 
 1758       5.283166455030e-11       1.179466461114e-12      -2.658939415380e-12       8.999001897298e-15       8.555642160551e-16       2.420616342000e-17       9.732197644722e-18 
 1759       5.276682136612e-11       1.172633458543e-12      -2.625016362555e-12       8.992279077622e-15       8.537845140125e-16       2.442178035879e-17       9.438032372644e-18 
 1760       5.269991035116e-11       1.165999917982e-12      -2.591013444495e-12       8.985521095056e-15       8.520095445796e-16       2.464137588763e-17       9.144559429414e-18 
 1761       5.263093219177e-11       1.159566710476e-12      -2.556945619503e-12       8.978727495896e-15       8.502392920957e-16       2.486494568668e-17       8.851806980779e-18 
 1762       5.255988759961e-11       1.153334708574e-12      -2.522827914133e-12       8.971897824553e-15       8.484737407319e-16       2.509248537374e-17       8.559803307095e-18 
 1763       5.248677731175e-11       1.147304786331e-12      -2.488675423286e-12       8.965031623552e-15       8.467128744909e-16       2.532399050416e-17       8.268576803482e-18 
 1764       5.241160209065e-11       1.141477819312e-12      -2.454503310307e-12       8.958128433529e-15       8.449566772064e-16       2.555945657074e-17       7.978155979983e-18 
 1765       5.233436272427e-11       1.135854684585e-12      -2.420326807083e-12       8.951187793227e-15       8.432051325433e-16       2.579887900359e-17       7.688569461714e-18 
 1766       5.225506002608e-11       1.130436260732e-12      -2.386161214137e-12       8.944209239496e-15       8.414582239971e-16       2.604225317008e-17       7.399845989022e-18 
 1767       5.217369483510e-11       1.125223427841e-12      -2.352021900730e-12       8.937192307289e-15       8.397159348935e-16       2.628957437467e-17       7.112014417638e-18 
 1768       5.209026801596e-11       1.120217067513e-12      -2.317924304953e-12       8.930136529658e-15       8.379782483886e-16       2.654083785883e-17       6.825103718833e-18 
 1769       5.200478045897e-11       1.115418062859e-12      -2.283883933825e-12       8.923041437755e-15       8.362451474678e-16       2.679603880096e-17       6.539142979576e-18 
 1770       5.191723308011e-11       1.110827298505e-12      -2.249916363390e-12       8.915906560823e-15       8.345166149463e-16       2.705517231622e-17       6.254161402684e-18 
 1771       5.182762682112e-11       1.106445660589e-12      -2.216037238816e-12       8.908731426202e-15       8.327926334685e-16       2.731823345647e-17       5.970188306979e-18 
 1772       5.173596264954e-11       1.102274036763e-12      -2.182262274488e-12       8.901515559318e-15       8.310731855074e-16       2.758521721014e-17       5.687253127446e-18 
 1773       5.164224155873e-11       1.098313316196e-12      -2.148607254108e-12       8.894258483686e-15       8.293582533647e-16       2.785611850215e-17       5.405385415381e-18 
 1774       5.154646456795e-11       1.094564389574e-12      -2.115088030789e-12       8.886959720904e-15       8.276478191705e-16       2.813093219377e-17       5.124614838554e-18 
 1775       5.144863746221e-11       1.091027683851e-12      -2.081719350311e-12       8.879618908569e-15       8.259418667291e-16       2.840966093882e-17       4.844966057321e-18 
 1776       5.134878505460e-11       1.087701762328e-12      -2.048511310065e-12       8.872236155081e-15       8.242403870744e-16       2.869233882332e-17       4.566443306475e-18 
 1777       5.124693704161e-11       1.084584713037e-12      -2.015472871111e-12       8.864811687758e-15       8.225433729597e-16       2.897900792050e-17       4.289045686600e-18 
 1778       5.114312327424e-11       1.081674612922e-12      -1.982613032420e-12       8.857345735184e-15       8.208508170157e-16       2.926971045242e-17       4.012772276533e-18 
 1779       5.103737375822e-11       1.078969527828e-12      -1.949940830926e-12       8.849838527217e-15       8.191627117496e-16       2.956448879011e-17       3.737622133322e-18 
 1780       5.092971865422e-11       1.076467512477e-12      -1.917465341581e-12       8.842290294985e-15       8.174790495456e-16       2.986338545379e-17       3.463594292186e-18 
 1781       5.082018827809e-11       1.074166610459e-12      -1.885195677408e-12       8.834701270892e-15       8.157998226643e-16       3.016644311306e-17       3.190687766477e-18 
 1782       5.070881310109e-11       1.072064854208e-12      -1.853140989546e-12       8.827071688615e-15       8.141250232424e-16       3.047370458706e-17       2.918901547639e-18 
 1783       5.059562375008e-11       1.070160264988e-12      -1.821310467310e-12       8.819401783113e-15       8.124546432926e-16       3.078521284474e-17       2.648234605166e-18 
 1784       5.048065100781e-11       1.068450852879e-12      -1.789713338240e-12       8.811691790621e-15       8.107886747035e-16       3.110101100494e-17       2.378685886567e-18 
 1785       5.036392581309e-11       1.066934616755e-12      -1.758358868150e-12       8.803941948658e-15       8.091271092391e-16       3.142114233668e-17       2.110254317319e-18 
 1786       5.024547926104e-11       1.065609544272e-12      -1.727256361186e-12       8.796152496024e-15       8.074699385390e-16       3.174565025929e-17       1.842938800834e-18 
 1787       5.012534260332e-11       1.064473611849e-12      -1.696415159873e-12       8.788323672806e-15       8.058171541174e-16       3.207457834265e-17       1.576738218413e-18 
 1788       5.000354724834e-11       1.063524784650e-12      -1.665844645168e-12       8.780455720378e-15       8.041687473639e-16       3.240797030731e-17       1.311651429211e-18 
 1789       4.988012476150e-11       1.062761016570e-12      -1.635554236515e-12       8.772548881401e-15       8.025247095424e-16       3.274587002476e-17       1.047677270193e-18 
 1790       4.975510686543e-11       1.062180250217e-12      -1.605553391894e-12       8.764603399829e-15       8.008850317913e-16       3.308832151757e-17       7.848145560972e-19 
 1791       4.962852544016e-11       1.061780416894e-12      -1.575851607874e-12       8.756619520906e-15       7.992497051233e-16       3.343536895961e-17       5.230620793916e-19 
 1792       4.950041252344e-11       1.061559436585e-12      -1.546458419664e-12       8.748597491172e-15       7.976187204248e-16       3.378705667620e-17       2.624186102369e-19 
 1793       4.937080031085e-11       1.061515217935e-12      -1.517383401168e-12       8.740537558464e-15       7.959920684563e-16       3.414342914437e-17       2.882896445418e-21 
 1794       4.923972115614e-11       1.061645658236e-12      -1.488636165033e-12       8.732439971914e-15       7.943697398516e-16       3.450453099297e-17      -2.555463365593e-19 
 1795       4.910720757138e-11       1.061948643408e-12      -1.460226362704e-12       8.724304981956e-15       7.927517251177e-16       3.487040700294e-17      -5.128703857820e-19 
 1796       4.897329222721e-11       1.062422047984e-12      -1.432163684476e-12       8.716132840325e-15       7.911380146350e-16       3.524110210742e-17      -7.690905706960e-19 
 1797       4.883800795308e-11       1.063063735093e-12      -1.404457859542e-12       8.707923800060e-15       7.895285986563e-16       3.561666139202e-17      -1.024208233283e-18 
 1798       4.870138773745e-11       1.063871556442e-12      -1.377118656051e-12       8.699678115503e-15       7.879234673073e-16       3.599713009497e-17      -1.278224738073e-18 
 1799       4.856346472804e-11       1.064843352300e-12      -1.350155881157e-12       8.691396042307e-15       7.863226105861e-16       3.638255360729e-17      -1.531141472186e-18 
 1800       4.842427223205e-11       1.065976951481e-12      -1.323579381070e-12       8.683077837431e-15       7.847260183628e-16       3.677297747304e-17      -1.782959845367e-18 
 1801       4.828384371635e-11       1.067270171329e-12      -1.297399041109e-12       8.674723759145e-15       7.831336803795e-16       3.716844738946e-17      -2.033681290035e-18 
 1802       4.814221280779e-11       1.068720817698e-12      -1.271624785755e-12       8.666334067032e-15       7.815455862501e-16       3.756900920719e-17      -2.283307261312e-18 
 1803       4.799941329334e-11       1.070326684937e-12      -1.246266578702e-12       8.657909021990e-15       7.799617254599e-16       3.797470893043e-17      -2.531839237073e-18 
 1804       4.785547912035e-11       1.072085555875e-12      -1.221334422910e-12       8.649448886232e-15       7.783820873654e-16       3.838559271719e-17      -2.779278717978e-18 
 1805       4.771044439681e-11       1.073995201799e-12      -1.196838360654e-12       8.640953923291e-15       7.768066611943e-16       3.880170687941e-17      -3.025627227519e-18 
 1806       4.756434339152e-11       1.076053382445e-12      -1.172788473582e-12       8.632424398018e-15       7.752354360448e-16       3.922309788320e-17      -3.270886312055e-18 
 1807       4.741721053433e-11       1.078257845974e-12      -1.149194882759e-12       8.623860576587e-15       7.736684008861e-16       3.964981234901e-17      -3.515057540854e-18 
 1808       4.726908041641e-11       1.080606328957e-12      -1.126067748727e-12       8.615262726494e-15       7.721055445575e-16       4.008189705184e-17      -3.758142506132e-18 
 1809       4.711998779041e-11       1.083096556362e-12      -1.103417271552e-12       8.606631116562e-15       7.705468557684e-16       4.051939892139e-17      -4.000142823094e-18 
 1810       4.696996757075e-11       1.085726241534e-12      -1.081253690876e-12       8.597966016941e-15       7.689923230982e-16       4.096236504230e-17      -4.241060129976e-18 
 1811       4.681905483379e-11       1.088493086178e-12      -1.059587285973e-12       8.589267699109e-15       7.674419349960e-16       4.141084265433e-17      -4.480896088079e-18 
 1812       4.666728481810e-11       1.091394780343e-12      -1.038428375798e-12       8.580536435875e-15       7.658956797802e-16       4.186487915252e-17      -4.719652381816e-18 
 1813       4.651469292466e-11       1.094429002406e-12      -1.017787319037e-12       8.571772501382e-15       7.643535456386e-16       4.232452208742e-17      -4.957330718747e-18 
 1814       4.636131481046e-11       1.097593284791e-12      -9.976728520242e-13       8.562976230956e-15       7.628155202569e-16       4.278979288542e-17      -5.193919491037e-18 
 1815       4.620718666959e-11       1.100884609984e-12      -9.780870877116e-13       8.554148201179e-15       7.612815897021e-16       4.326060777774e-17      -5.429353642086e-18 
 1816       4.605234495483e-11       1.104299811227e-12      -9.590304764567e-13       8.545289051273e-15       7.597517395297e-16       4.373685623393e-17      -5.663554476223e-18 
 1817       4.589682628481e-11       1.107835706462e-12      -9.405034644925e-13       8.536399423388e-15       7.582259551536e-16       4.421842718311e-17      -5.896442967454e-18 
 1818       4.574066744415e-11       1.111489098310e-12      -9.225064939183e-13       8.527479962604e-15       7.567042218461e-16       4.470520901313e-17      -6.127939759018e-18 
 1819       4.558390538374e-11       1.115256774051e-12      -9.050400026917e-13       8.518531316936e-15       7.551865247375e-16       4.519708956987e-17      -6.357965162936e-18 
 1820       4.542657722096e-11       1.119135505598e-12      -8.881044246196e-13       8.509554137336e-15       7.536728488157e-16       4.569395615642e-17      -6.586439159574e-18 
 1821       4.526872023992e-11       1.123122049479e-12      -8.717001893499e-13       8.500549077700e-15       7.521631789263e-16       4.619569553233e-17      -6.813281397186e-18 
 1822       4.511037189165e-11       1.127213146815e-12      -8.558277223628e-13       8.491516794873e-15       7.506574997722e-16       4.670219391286e-17      -7.038411191476e-18 
 1823       4.495156979439e-11       1.131405523298e-12      -8.404874449623e-13       8.482457948647e-15       7.491557959131e-16       4.721333696818e-17      -7.261747525149e-18 
 1824       4.479235173375e-11       1.135695889167e-12      -8.256797742676e-13       8.473373201771e-15       7.476580517658e-16       4.772900982266e-17      -7.483209047463e-18 
 1825       4.463275566303e-11       1.140080939189e-12      -8.114051232048e-13       8.464263219952e-15       7.461642516037e-16       4.824909705403e-17      -7.702714073788e-18 
 1826       4.447281970334e-11       1.144557352639e-12      -7.976639004978e-13       8.455128671860e-15       7.446743795561e-16       4.877348269266e-17      -7.920180585153e-18 
 1827       4.431258214393e-11       1.149121793273e-12      -7.844565106604e-13       8.445970229132e-15       7.431884196090e-16       4.930205022080e-17      -8.135526227807e-18 
 1828       4.415208144235e-11       1.153770909311e-12      -7.717833539871e-13       8.436788566376e-15       7.417063556038e-16       4.983468257178e-17      -8.348668312766e-18 
 1829       4.399135622473e-11       1.158501333412e-12      -7.596448265453e-13       8.427584361174e-15       7.402281712377e-16       5.037126212927e-17      -8.559523815372e-18 
 1830       4.383044528596e-11       1.163309682657e-12      -7.480413201659e-13       8.418358294088e-15       7.387538500633e-16       5.091167072648e-17      -8.768009374846e-18 
 1831       4.366938758997e-11       1.168192558522e-12      -7.369732224353e-13       8.409111048662e-15       7.372833754882e-16       5.145578964546e-17      -8.974041293839e-18 
 1832       4.350822226992e-11       1.173146546859e-12      -7.264409166869e-13       8.399843311427e-15       7.358167307750e-16       5.200349961625e-17      -9.177535537989e-18 
 1833       4.334698862845e-11       1.178168217874e-12      -7.164447819919e-13       8.390555771905e-15       7.343538990410e-16       5.255468081618e-17      -9.378407735473e-18 
 1834       4.318572613791e-11       1.183254126107e-12      -7.069851931517e-13       8.381249122613e-15       7.328948632578e-16       5.310921286905e-17      -9.576573176563e-18 
 1835       4.302447444058e-11       1.188400810406e-12      -6.980625206885e-13       8.371924059066e-15       7.314396062514e-16       5.366697484443e-17      -9.771946813176e-18 
 1836       4.286327334890e-11       1.193604793910e-12      -6.896771308372e-13       8.362581279785e-15       7.299881107014e-16       5.422784525682e-17      -9.964443258432e-18 
 1837       4.270216284572e-11       1.198862584025e-12      -6.818293855367e-13       8.353221486293e-15       7.285403591414e-16       5.479170206492e-17      -1.015397678621e-17 
 1838       4.254118308450e-11       1.204170672403e-12      -6.745196424214e-13       8.343845383128e-15       7.270963339583e-16       5.535842267087e-17      -1.034046133068e-17 
 1839       4.238037438956e-11       1.209525534920e-12      -6.677482548125e-13       8.334453677842e-15       7.256560173924e-16       5.592788391949e-17      -1.052381048590e-17 
 1840       4.221977725630e-11       1.214923631652e-12      -6.615155717097e-13       8.325047081004e-15       7.242193915367e-16       5.649996209746e-17      -1.070393750534e-17 
 1841       4.205943235145e-11       1.220361406860e-12      -6.558219377826e-13       8.315626306208e-15       7.227864383373e-16       5.707453293262e-17      -1.088075530142e-17 
 1842       4.189938051325e-11       1.225835288961e-12      -6.506676933617e-13       8.306192070075e-15       7.213571395925e-16       5.765147159315e-17      -1.105417644510e-17 
 1843       4.173966275174e-11       1.231341690511e-12      -6.460531744305e-13       8.296745092257e-15       7.199314769530e-16       5.823065268686e-17      -1.122411316542e-17 
 1844       4.158032024897e-11       1.236877008180e-12      -6.419787126165e-13       8.287286095438e-15       7.185094319216e-16       5.881195026036e-17      -1.139047734905e-17 
 1845       4.142139435919e-11       1.242437622734e-12      -6.384446351829e-13       8.277815805345e-15       7.170909858527e-16       5.939523779833e-17      -1.155318053985e-17 
 1846       4.126292660914e-11       1.248019899011e-12      -6.354512650198e-13       8.268334950747e-15       7.156761199524e-16       5.998038822276e-17      -1.171213393840e-17 
 1847       4.110495869824e-11       1.253620185898e-12      -6.329989206358e-13       8.258844263458e-15       7.142648152781e-16       6.056727389217e-17      -1.186724840160e-17 
 1848       4.094753249885e-11       1.259234816313e-12      -6.310879161494e-13       8.249344478346e-15       7.128570527382e-16       6.115576660082e-17      -1.201843444218e-17 
 1849       4.079069005644e-11       1.264860107182e-12      -6.297185612807e-13       8.239836333331e-15       7.114528130921e-16       6.174573757799e-17      -1.216560222828e-17 
 1850       4.063447358991e-11       1.270492359415e-12      -6.288911613422e-13       8.230320569395e-15       7.100520769495e-16       6.233705748719e-17      -1.230866158300e-17 
 1851       4.047892549175e-11       1.276127857887e-12      -6.286060172311e-13       8.220797930580e-15       7.086548247707e-16       6.292959642539e-17      -1.244752198393e-17 
 1852       4.032408832828e-11       1.281762871415e-12      -6.288634254198e-13       8.211269163999e-15       7.072610368660e-16       6.352322392224e-17      -1.258209256274e-17 
 1853       4.017000124873e-11       1.287393863757e-12      -6.296625153044e-13       8.201734999754e-15       7.058706952106e-16       6.411780993213e-17      -1.271231292397e-17 
 1854       4.001668918099e-11       1.293018128474e-12      -6.309977512248e-13       8.192196090542e-15       7.044837889049e-16       6.471322782024e-17      -1.283824586847e-17 
 1855       3.986417355095e-11       1.298633159035e-12      -6.328624028016e-13       8.182653071584e-15       7.031003087566e-16       6.530935139854e-17      -1.295998540137e-17 
 1856       3.971247586608e-11       1.304236438244e-12      -6.352497050228e-13       8.173106580661e-15       7.017202454699e-16       6.590605393437e-17      -1.307762597992e-17 
 1857       3.956161771550e-11       1.309825438223e-12      -6.381528581951e-13       8.163557258122e-15       7.003435896448e-16       6.650320814975e-17      -1.319126251414e-17 
 1858       3.941162077010e-11       1.315397620397e-12      -6.415650278941e-13       8.154005746882e-15       6.989703317774e-16       6.710068622062e-17      -1.330099036742e-17 
 1859       3.926250678266e-11       1.320950435480e-12      -6.454793449157e-13       8.144452692430e-15       6.976004622596e-16       6.769835977613e-17      -1.340690535716e-17 
 1860       3.911429758791e-11       1.326481323463e-12      -6.498889052265e-13       8.134898742831e-15       6.962339713786e-16       6.829609989791e-17      -1.350910375545e-17 
 1861       3.896701510268e-11       1.331987713596e-12      -6.547867699150e-13       8.125344548725e-15       6.948708493173e-16       6.889377711929e-17      -1.360768228960e-17 
 1862       3.882068132597e-11       1.337467024378e-12      -6.601659651422e-13       8.115790763338e-15       6.935110861536e-16       6.949126142464e-17      -1.370273814288e-17 
 1863       3.867531833908e-11       1.342916663537e-12      -6.660194820925e-13       8.106238042478e-15       6.921546718604e-16       7.008842224858e-17      -1.379436895506e-17 
 1864       3.853094830571e-11       1.348334028022e-12      -6.723402769245e-13       8.096687044544e-15       6.908015963057e-16       7.068512847529e-17      -1.388267282311e-17 
 1865       3.838759347205e-11       1.353716503985e-12      -6.791212707220e-13       8.087138430526e-15       6.894518492519e-16       7.128124843773e-17      -1.396774830176e-17 
 1866       3.824527616688e-11       1.359061466766e-12      -6.863553494446e-13       8.077592864008e-15       6.881054203560e-16       7.187664991697e-17      -1.404969440421e-17 
 1867       3.810401880170e-11       1.364366280883e-12      -6.940353638786e-13       8.068051011173e-15       6.867622991693e-16       7.247120014140e-17      -1.412861060270e-17 
 1868       3.796384387082e-11       1.369628300012e-12      -7.021541295879e-13       8.058513540808e-15       6.854224751375e-16       7.306476578602e-17      -1.420459682916e-17 
 1869       3.782477395148e-11       1.374844866978e-12      -7.107044268648e-13       8.048981124301e-15       6.840859375999e-16       7.365721297173e-17      -1.427775347585e-17 
 1870       3.768683170390e-11       1.380013313736e-12      -7.196790006809e-13       8.039454435652e-15       6.827526757899e-16       7.424840726457e-17      -1.434818139597e-17 
 1871       3.755003987146e-11       1.385130961361e-12      -7.290705606379e-13       8.029934151471e-15       6.814226788343e-16       7.483821367499e-17      -1.441598190430e-17 
 1872       3.741442128075e-11       1.390195120031e-12      -7.388717809182e-13       8.020420950983e-15       6.800959357535e-16       7.542649665713e-17      -1.448125677785e-17 
 1873       3.727999884171e-11       1.395203089013e-12      -7.490753002361e-13       8.010915516032e-15       6.787724354611e-16       7.601312010809e-17      -1.454410825645e-17 
 1874       3.714679554770e-11       1.400152156650e-12      -7.596737217885e-13       8.001418531082e-15       6.774521667638e-16       7.659794736717e-17      -1.460463904342e-17 
 1875       3.701483447563e-11       1.405039600345e-12      -7.706596132056e-13       7.991930683225e-15       6.761351183614e-16       7.718084121517e-17      -1.466295230617e-17 
 1876       3.688413878604e-11       1.409862686548e-12      -7.820255065019e-13       7.982452662178e-15       6.748212788461e-16       7.776166387366e-17      -1.471915167685e-17 
 1877       3.675473172325e-11       1.414618670742e-12      -7.937638980270e-13       7.972985160291e-15       6.735106367029e-16       7.834027700421e-17      -1.477334125298e-17 
 1878       3.662663661540e-11       1.419304797426e-12      -8.058672484162e-13       7.963528872549e-15       6.722031803092e-16       7.891654170770e-17      -1.482562559806e-17 
 1879       3.649987687461e-11       1.423918300105e-12      -8.183279825419e-13       7.954084496575e-15       6.708988979346e-16       7.949031852357e-17      -1.487610974222e-17 
 1880       3.637447599707e-11       1.428456401273e-12      -8.311384894639e-13       7.944652732634e-15       6.695977777406e-16       8.006146742907e-17      -1.492489918285e-17 
 1881       3.625045756311e-11       1.432916312396e-12      -8.442911223802e-13       7.935234283634e-15       6.682998077808e-16       8.062984783858e-17      -1.497209988522e-17 
 1882       3.612784523735e-11       1.437295233906e-12      -8.577781985784e-13       7.925829855132e-15       6.670049760004e-16       8.119531860280e-17      -1.501781828311e-17 
 1883       3.600666276878e-11       1.441590355177e-12      -8.715919993859e-13       7.916440155338e-15       6.657132702359e-16       8.175773800812e-17      -1.506216127946e-17 
 1884       3.588693399088e-11       1.445798854518e-12      -8.857247701212e-13       7.907065895115e-15       6.644246782155e-16       8.231696377577e-17      -1.510523624698e-17 
 1885       3.576868282170e-11       1.449917899155e-12      -9.001687200445e-13       7.897707787984e-15       6.631391875584e-16       8.287285306119e-17      -1.514715102878e-17 
 1886       3.565193326399e-11       1.453944645217e-12      -9.149160223085e-13       7.888366550128e-15       6.618567857746e-16       8.342526245325e-17      -1.518801393902e-17 
 1887       3.553670940529e-11       1.457876237724e-12      -9.299588139093e-13       7.879042900394e-15       6.605774602653e-16       8.397404797351e-17      -1.522793376351e-17 
 1888       3.542303541802e-11       1.461709810569e-12      -9.452891956373e-13       7.869737560297e-15       6.593011983220e-16       8.451906507552e-17      -1.526701976037e-17 
 1889       3.531093555964e-11       1.465442486508e-12      -9.608992320281e-13       7.860451254024e-15       6.580279871269e-16       8.506016864406e-17      -1.530538166065e-17 
 1890       3.520043417268e-11       1.469071377142e-12      -9.767809513130e-13       7.851184708437e-15       6.567578137523e-16       8.559721299443e-17      -1.534312966895e-17 
 1891       3.509155568490e-11       1.472593582905e-12      -9.929263453702e-13       7.841938653073e-15       6.554906651606e-16       8.613005187168e-17      -1.538037446407e-17 
 1892       3.498432005796e-11       1.476006574026e-12      -1.009327234025e-12       7.832713746542e-15       6.542265297761e-16       8.665857937027e-17      -1.541720380711e-17 
 1893       3.487872909482e-11       1.479309336673e-12      -1.025974856906e-12       7.823510355066e-15       6.529654022128e-16       8.718285304028e-17      -1.545361216681e-17 
 1894       3.477478002664e-11       1.482501235646e-12      -1.042860278331e-12       7.814328772229e-15       6.517072785826e-16       8.770297173199e-17      -1.548957055111e-17 
 1895       3.467247005454e-11       1.485581634205e-12      -1.059974522623e-12       7.805169292437e-15       6.504521549268e-16       8.821903476257e-17      -1.552504985010e-17 
 1896       3.457179634952e-11       1.488549894065e-12      -1.077308574052e-12       7.796032210917e-15       6.492000272160e-16       8.873114191674e-17      -1.556002083587e-17 
 1897       3.447275605242e-11       1.491405375397e-12      -1.094853376784e-12       7.786917823716e-15       6.479508913497e-16       8.923939344742e-17      -1.559445416233e-17 
 1898       3.437534627392e-11       1.494147436827e-12      -1.112599834825e-12       7.777826427705e-15       6.467047431567e-16       8.974389007639e-17      -1.562832036509e-17 
 1899       3.427956409440e-11       1.496775435431e-12      -1.130538811970e-12       7.768758320578e-15       6.454615783942e-16       9.024473299487e-17      -1.566158986130e-17 
 1900       3.418540656399e-11       1.499288726736e-12      -1.148661131745e-12       7.759713800854e-15       6.442213927487e-16       9.074202386420e-17      -1.569423294946e-17 
 1901       3.409287070245e-11       1.501686664721e-12      -1.166957577359e-12       7.750693167877e-15       6.429841818348e-16       9.123586481648e-17      -1.572621980934e-17 
 1902       3.400195349916e-11       1.503968601809e-12      -1.185418891646e-12       7.741696721816e-15       6.417499411960e-16       9.172635845518e-17      -1.575752050173e-17 
 1903       3.391265191304e-11       1.506133888870e-12      -1.204035777012e-12       7.732724763668e-15       6.405186663039e-16       9.221360785583e-17      -1.578810496838e-17 
 1904       3.382496287256e-11       1.508181875221e-12      -1.222798895383e-12       7.723777595256e-15       6.392903525585e-16       9.269771656659e-17      -1.581794303179e-17 
 1905       3.373888327560e-11       1.510111908619e-12      -1.241698868149e-12       7.714855519235e-15       6.380649952877e-16       9.317878860897e-17      -1.584700439506e-17 
 1906       3.365440998951e-11       1.511923335264e-12      -1.260726276114e-12       7.705958839086e-15       6.368425897477e-16       9.365692847838e-17      -1.587525864178e-17 
 1907       3.357153985096e-11       1.513615499796e-12      -1.279871659435e-12       7.697087859122e-15       6.356231311225e-16       9.413224114485e-17      -1.590267523580e-17 
 1908       3.349026966598e-11       1.515187745293e-12      -1.299125517578e-12       7.688242884486e-15       6.344066145236e-16       9.460483205362e-17      -1.592922352118e-17 
 1909       3.341059620984e-11       1.516639413271e-12      -1.318478309257e-12       7.679424221153e-15       6.331930349904e-16       9.507480712580e-17      -1.595487272192e-17 
 1910       3.333251622704e-11       1.517969843680e-12      -1.337920452383e-12       7.670632175933e-15       6.319823874898e-16       9.554227275899e-17      -1.597959194190e-17 
 1911       3.325602643127e-11       1.519178374904e-12      -1.357442324009e-12       7.661867056467e-15       6.307746669159e-16       9.600733582794e-17      -1.600335016468e-17 
 1912       3.318112350532e-11       1.520264343761e-12      -1.377034260278e-12       7.653129171230e-15       6.295698680902e-16       9.647010368519e-17      -1.602611625336e-17 
 1913       3.310780410108e-11       1.521227085499e-12      -1.396686556369e-12       7.644418829536e-15       6.283679857613e-16       9.693068416168e-17      -1.604785895043e-17 
 1914       3.303606483946e-11       1.522065933793e-12      -1.416389466442e-12       7.635736341530e-15       6.271690146049e-16       9.738918556741e-17      -1.606854687761e-17 
 1915       3.296590231035e-11       1.522780220750e-12      -1.436133203585e-12       7.627082018199e-15       6.259729492234e-16       9.784571669210e-17      -1.608814853569e-17 
 1916       3.289731307258e-11       1.523369276901e-12      -1.455907939761e-12       7.618456171365e-15       6.247797841462e-16       9.830038680578e-17      -1.610663230439e-17 
 1917       3.283029365385e-11       1.523832431201e-12      -1.475703805753e-12       7.609859113688e-15       6.235895138291e-16       9.875330565948e-17      -1.612396644219e-17 
 1918       3.276484055073e-11       1.524169011030e-12      -1.495510891111e-12       7.601291158671e-15       6.224021326546e-16       9.920458348582e-17      -1.614011908622e-17 
 1919       3.270095022854e-11       1.524378342188e-12      -1.515319244099e-12       7.592752620652e-15       6.212176349316e-16       9.965433099969e-17      -1.615505825204e-17 
 1920       3.263861912136e-11       1.524459748896e-12      -1.535118871640e-12       7.584243814816e-15       6.200360148952e-16       1.001026593989e-16      -1.616875183353e-17 
 1921       3.257784363197e-11       1.524412553794e-12      -1.554899739261e-12       7.575765057185e-15       6.188572667066e-16       1.005496803647e-16      -1.618116760275e-17 
 1922       3.251862013177e-11       1.524236077939e-12      -1.574651771045e-12       7.567316664628e-15       6.176813844532e-16       1.009955060626e-16      -1.619227320972e-17 
 1923       3.246094496079e-11       1.523929640803e-12      -1.594364849571e-12       7.558898954855e-15       6.165083621481e-16       1.014402491429e-16      -1.620203618236e-17 
 1924       3.240481442757e-11       1.523492560272e-12      -1.614028815861e-12       7.550512246421e-15       6.153381937304e-16       1.018840227413e-16      -1.621042392626e-17 
 1925       3.235022480919e-11       1.522924152646e-12      -1.633633469331e-12       7.542156858728e-15       6.141708730647e-16       1.023269404797e-16      -1.621740372455e-17 
 1926       3.229717235114e-11       1.522223732634e-12      -1.653168567732e-12       7.533833112023e-15       6.130063939412e-16       1.027691164667e-16      -1.622294273776e-17 
 1927       3.224565326735e-11       1.521390613356e-12      -1.672623827101e-12       7.525541327398e-15       6.118447500755e-16       1.032106652980e-16      -1.622700800366e-17 
 1928       3.219566374009e-11       1.520424106338e-12      -1.691988921703e-12       7.517281826798e-15       6.106859351086e-16       1.036517020578e-16      -1.622956643710e-17 
 1929       3.214719991992e-11       1.519323521516e-12      -1.711253483978e-12       7.509054933012e-15       6.095299426064e-16       1.040923423185e-16      -1.623058482986e-17 
 1930       3.210025792569e-11       1.518088167227e-12      -1.730407104492e-12       7.500860969681e-15       6.083767660600e-16       1.045327021420e-16      -1.623002985051e-17 
 1931       3.205483100451e-11       1.516717669311e-12      -1.749440098172e-12       7.492700184828e-15       6.072263984060e-16       1.049728191808e-16      -1.622787403578e-17 
 1932       3.201090098837e-11       1.515212931050e-12      -1.768345809499e-12       7.484572520820e-15       6.060788305834e-16       1.054124153270e-16      -1.622411381484e-17 
 1933       3.196844677272e-11       1.513575180497e-12      -1.787118324682e-12       7.476477842662e-15       6.049340529654e-16       1.058511322656e-16      -1.621875162132e-17 
 1934       3.192744715032e-11       1.511805652053e-12      -1.805751706922e-12       7.468416014311e-15       6.037920558378e-16       1.062886102088e-16      -1.621178991424e-17 
 1935       3.188788081114e-11       1.509905586470e-12      -1.824239996379e-12       7.460386898670e-15       6.026528293991e-16       1.067244878937e-16      -1.620323117803e-17 
 1936       3.184972634224e-11       1.507876230865e-12      -1.842577210147e-12       7.452390357586e-15       6.015163637597e-16       1.071584025808e-16      -1.619307792256e-17 
 1937       3.181296222759e-11       1.505718838725e-12      -1.860757342223e-12       7.444426251853e-15       6.003826489426e-16       1.075899900520e-16      -1.618133268319e-17 
 1938       3.177756684793e-11       1.503434669918e-12      -1.878774363478e-12       7.436494441203e-15       5.992516748826e-16       1.080188846085e-16      -1.616799802081e-17 
 1939       3.174351848068e-11       1.501024990701e-12      -1.896622221626e-12       7.428594784313e-15       5.981234314266e-16       1.084447190691e-16      -1.615307652186e-17 
 1940       3.171079529973e-11       1.498491073728e-12      -1.914294841200e-12       7.420727138795e-15       5.969979083332e-16       1.088671247683e-16      -1.613657079841e-17 
 1941       3.167937537538e-11       1.495834198059e-12      -1.931786123518e-12       7.412891361202e-15       5.958750952725e-16       1.092857315542e-16      -1.611848348816e-17 
 1942       3.164923667412e-11       1.493055649171e-12      -1.949089946657e-12       7.405087307021e-15       5.947549818263e-16       1.097001677871e-16      -1.609881725450e-17 
 1943       3.162035705856e-11       1.490156718962e-12      -1.966200165423e-12       7.397314830673e-15       5.936375574876e-16       1.101100603367e-16      -1.607757478653e-17 
 1944       3.159271428723e-11       1.487138705765e-12      -1.983110611319e-12       7.389573785513e-15       5.925228116609e-16       1.105150345814e-16      -1.605475879914e-17 
 1945       3.156628601449e-11       1.484002914353e-12      -1.999815092521e-12       7.381864023824e-15       5.914107336615e-16       1.109147144051e-16      -1.603037203298e-17 
 1946       3.154104979036e-11       1.480750655949e-12      -2.016307393847e-12       7.374185396821e-15       5.903013127157e-16       1.113087221965e-16      -1.600441725459e-17 
 1947       3.151698306040e-11       1.477383248236e-12      -2.032581276726e-12       7.366537754647e-15       5.891945379607e-16       1.116966788463e-16      -1.597689725635e-17 
 1948       3.149406316556e-11       1.473902015363e-12      -2.048630479172e-12       7.358920946368e-15       5.880903984444e-16       1.120782037458e-16      -1.594781485658e-17 
 1949       3.147226734203e-11       1.470308287956e-12      -2.064448715752e-12       7.351334819979e-15       5.869888831250e-16       1.124529147849e-16      -1.591717289957e-17 
 1950       3.145157272112e-11       1.466603403126e-12      -2.080029677558e-12       7.343779222393e-15       5.858899808713e-16       1.128204283501e-16      -1.588497425558e-17 
 1951       3.143195632912e-11       1.462788704478e-12      -2.095367032181e-12       7.336253999447e-15       5.847936804623e-16       1.131803593226e-16      -1.585122182092e-17 
 1952       3.141339508714e-11       1.458865542118e-12      -2.110454423675e-12       7.328758995899e-15       5.836999705872e-16       1.135323210766e-16      -1.581591851799e-17 
 1953       3.139586581098e-11       1.454835272666e-12      -2.125285472537e-12       7.321294055421e-15       5.826088398450e-16       1.138759254772e-16      -1.577906729529e-17 
 1954       3.137934521102e-11       1.450699259258e-12      -2.139853775668e-12       7.313859020605e-15       5.815202767447e-16       1.142107828785e-16      -1.574067112749e-17 
 1955       3.136380989203e-11       1.446458871563e-12      -2.154152906354e-12       7.306453732956e-15       5.804342697049e-16       1.145365021219e-16      -1.570073301544e-17 
 1956       3.134923635306e-11       1.442115485785e-12      -2.168176414228e-12       7.299078032892e-15       5.793508070537e-16       1.148526905339e-16      -1.565925598624e-17 
 1957       3.133560098731e-11       1.437670484673e-12      -2.181917825247e-12       7.291731759743e-15       5.782698770289e-16       1.151589539245e-16      -1.561624309325e-17 
 1958       3.132288008194e-11       1.433125257534e-12      -2.195370641660e-12       7.284414751750e-15       5.771914677772e-16       1.154548965851e-16      -1.557169741616e-17 
 1959       3.131104981802e-11       1.428481200236e-12      -2.208528341981e-12       7.277126846061e-15       5.761155673548e-16       1.157401212868e-16      -1.552562206098e-17 
 1960       3.130008627028e-11       1.423739715221e-12      -2.221384380957e-12       7.269867878730e-15       5.750421637266e-16       1.160142292782e-16      -1.547802016016e-17 
 1961       3.128996540707e-11       1.418902211511e-12      -2.233932189541e-12       7.262637684719e-15       5.739712447667e-16       1.162768202838e-16      -1.542889487254e-17 
 1962       3.128066309017e-11       1.413970104719e-12      -2.246165174863e-12       7.255436097889e-15       5.729027982576e-16       1.165274925019e-16      -1.537824938346e-17 
 1963       3.127215507463e-11       1.408944817055e-12      -2.258076720201e-12       7.248262951007e-15       5.718368118906e-16       1.167658426027e-16      -1.532608690474e-17 
 1964       3.126441700870e-11       1.403827777338e-12      -2.269660184952e-12       7.241118075738e-15       5.707732732654e-16       1.169914657267e-16      -1.527241067477e-17 
 1965       3.125742443361e-11       1.398620421002e-12      -2.280908904599e-12       7.234001302647e-15       5.697121698900e-16       1.172039554825e-16      -1.521722395854e-17 
 1966       3.125115278351e-11       1.393324190105e-12      -2.291816190690e-12       7.226912461194e-15       5.686534891806e-16       1.174029039447e-16      -1.516053004763e-17 
 1967       3.124557738525e-11       1.387940533342e-12      -2.302375330800e-12       7.219851379736e-15       5.675972184613e-16       1.175879016528e-16      -1.510233226032e-17 
 1968       3.124067345831e-11       1.382470906046e-12      -2.312579588510e-12       7.212817885523e-15       5.665433449643e-16       1.177585376083e-16      -1.504263394158e-17 
 1969       3.123641611462e-11       1.376916770203e-12      -2.322422203371e-12       7.205811804698e-15       5.654918558296e-16       1.179143992736e-16      -1.498143846315e-17 
 1970       3.123278044326e-11       1.371279696051e-12      -2.331897483118e-12       7.198832924665e-15       5.644427401532e-16       1.180551920514e-16      -1.491874831797e-17 
 1971       3.122974176555e-11       1.365561667693e-12      -2.341004089228e-12       7.191880880902e-15       5.633959951503e-16       1.181810986993e-16      -1.485456239635e-17 
 1972       3.122727538156e-11       1.359764779769e-12      -2.349741775713e-12       7.184955269302e-15       5.623516200380e-16       1.182924225816e-16      -1.478887868965e-17 
 1973       3.122535648534e-11       1.353891136088e-12      -2.358110299100e-12       7.178055683728e-15       5.613096139904e-16       1.183894684324e-16      -1.472169519403e-17 
 1974       3.122396016479e-11       1.347942849633e-12      -2.366109418440e-12       7.171181716007e-15       5.602699761390e-16       1.184725423567e-16      -1.465300991048e-17 
 1975       3.122306140148e-11       1.341922042580e-12      -2.373738895309e-12       7.164332955926e-15       5.592327055720e-16       1.185419518324e-16      -1.458282084481e-17 
 1976       3.122263507059e-11       1.335830846305e-12      -2.380998493816e-12       7.157508991232e-15       5.581978013350e-16       1.185980057125e-16      -1.451112600766e-17 
 1977       3.122265594067e-11       1.329671401396e-12      -2.387887980603e-12       7.150709407629e-15       5.571652624302e-16       1.186410142263e-16      -1.443792341450e-17 
 1978       3.122309867361e-11       1.323445857667e-12      -2.394407124856e-12       7.143933788773e-15       5.561350878167e-16       1.186712889816e-16      -1.436321108569e-17 
 1979       3.122393782442e-11       1.317156374169e-12      -2.400555698303e-12       7.137181716270e-15       5.551072764105e-16       1.186891429662e-16      -1.428698704642e-17 
 1980       3.122514784115e-11       1.310805119204e-12      -2.406333475225e-12       7.130452769677e-15       5.540818270842e-16       1.186948905501e-16      -1.420924932680e-17 
 1981       3.122670306470e-11       1.304394270330e-12      -2.411740232454e-12       7.123746526491e-15       5.530587386668e-16       1.186888474867e-16      -1.412999596180e-17 
 1982       3.122857772873e-11       1.297926014381e-12      -2.416775749385e-12       7.117062562156e-15       5.520380099443e-16       1.186713309153e-16      -1.404922499130e-17 
 1983       3.123074595950e-11       1.291402547476e-12      -2.421439807974e-12       7.110400450052e-15       5.510196396587e-16       1.186426593622e-16      -1.396693446010e-17 
 1984       3.123318177575e-11       1.284826075027e-12      -2.425732192747e-12       7.103759761498e-15       5.500036265087e-16       1.186031527431e-16      -1.388312241791e-17 
 1985       3.123585908853e-11       1.278198811758e-12      -2.429652690805e-12       7.097140065744e-15       5.489899691491e-16       1.185531323644e-16      -1.379778691941e-17 
 1986       3.123875170111e-11       1.271522981711e-12      -2.433201091823e-12       7.090540929975e-15       5.479786661910e-16       1.184929209254e-16      -1.371092602419e-17 
 1987       3.124183330878e-11       1.264800818259e-12      -2.436377188064e-12       7.083961919301e-15       5.469697162018e-16       1.184228425197e-16      -1.362253779682e-17 
 1988       3.124507749879e-11       1.258034564123e-12      -2.439180774373e-12       7.077402596759e-15       5.459631177047e-16       1.183432226373e-16      -1.353262030684e-17 
 1989       3.124845775016e-11       1.251226471374e-12      -2.441611648192e-12       7.070862523308e-15       5.449588691792e-16       1.182543881664e-16      -1.344117162875e-17 
 1990       3.125194743353e-11       1.244378801456e-12      -2.443669609557e-12       7.064341257829e-15       5.439569690605e-16       1.181566673949e-16      -1.334818984207e-17 
 1991       3.125551981109e-11       1.237493825189e-12      -2.445354461105e-12       7.057838357116e-15       5.429574157399e-16       1.180503900125e-16      -1.325367303131e-17 
 1992       3.125914803638e-11       1.230573822786e-12      -2.446666008082e-12       7.051353375882e-15       5.419602075642e-16       1.179358871123e-16      -1.315761928601e-17 
 1993       3.126280515419e-11       1.223621083862e-12      -2.447604058344e-12       7.044885866749e-15       5.409653428361e-16       1.178134911927e-16      -1.306002670071e-17 
 1994       3.126646410038e-11       1.216637907448e-12      -2.448168422360e-12       7.038435380248e-15       5.399728198138e-16       1.176835361592e-16      -1.296089337502e-17 
 1995       3.127009770182e-11       1.209626602003e-12      -2.448358913223e-12       7.032001464817e-15       5.389826367113e-16       1.175463573261e-16      -1.286021741358e-17 
 1996       3.127367867615e-11       1.202589485422e-12      -2.448175346648e-12       7.025583666797e-15       5.379947916978e-16       1.174022914184e-16      -1.275799692609e-17 
 1997       3.127717963174e-11       1.195528885055e-12      -2.447617540983e-12       7.019181530429e-15       5.370092828981e-16       1.172516765734e-16      -1.265423002734e-17 
 1998       3.128057306749e-11       1.188447137709e-12      -2.446685317206e-12       7.012794597852e-15       5.360261083922e-16       1.170948523429e-16      -1.254891483718e-17 
 1999       3.128383137273e-11       1.181346589672e-12      -2.445378498939e-12       7.006422409100e-15       5.350452662154e-16       1.169321596944e-16      -1.244204948058e-17 
 2000       3.128692682706e-11       1.174229596713e-12      -2.443696912444e-12       7.000064502099e-15       5.340667543582e-16       1.167639410135e-16      -1.233363208760e-17 
 2001       3.128983160021e-11       1.167098524101e-12      -2.441640386633e-12       6.993720412665e-15       5.330905707662e-16       1.165905401052e-16      -1.222366079341e-17 
 2002       3.129251775192e-11       1.159955746618e-12      -2.439208753071e-12       6.987389674499e-15       5.321167133400e-16       1.164123021962e-16      -1.211213373834e-17 
 2003       3.129495723182e-11       1.152803648563e-12      -2.436401845981e-12       6.981071819189e-15       5.311451799352e-16       1.162295739362e-16      -1.199904906783e-17 
 2004       3.129712187923e-11       1.145644623773e-12      -2.433219502249e-12       6.974766376199e-15       5.301759683622e-16       1.160427033998e-16      -1.188440493249e-17 
 2005       3.129898342309e-11       1.138481075628e-12      -2.429661561426e-12       6.968472872877e-15       5.292090763864e-16       1.158520400886e-16      -1.176819948808e-17 
 2006       3.130051348180e-11       1.131315417068e-12      -2.425727865738e-12       6.962190834442e-15       5.282445017277e-16       1.156579349327e-16      -1.165043089555e-17 
 2007       3.130168356305e-11       1.124150070601e-12      -2.421418260086e-12       6.955919783989e-15       5.272822420608e-16       1.154607402926e-16      -1.153109732102e-17 
 2008       3.130246506375e-11       1.116987468316e-12      -2.416732592052e-12       6.949659242479e-15       5.263222950148e-16       1.152608099609e-16      -1.141019693582e-17 
 2009       3.130283169444e-11       1.109829924124e-12      -2.411671489734e-12       6.943408742339e-15       5.253646576385e-16       1.150584332435e-16      -1.128773408627e-17 
 2010       3.130276677238e-11       1.102679249423e-12      -2.406238701435e-12       6.937167868345e-15       5.244093247902e-16       1.148536366735e-16      -1.116373785221e-17 
 2011       3.130225598133e-11       1.095537134656e-12      -2.400438773025e-12       6.930936217028e-15       5.234562907359e-16       1.146463808562e-16      -1.103824362373e-17 
 2012       3.130128495174e-11       1.088405276836e-12      -2.394276271695e-12       6.924713383101e-15       5.225055496832e-16       1.144366262584e-16      -1.091128694381e-17 
 2013       3.129983926065e-11       1.081285379555e-12      -2.387755785977e-12       6.918498959462e-15       5.215570957807e-16       1.142243332083e-16      -1.078290350854e-17 
 2014       3.129790443164e-11       1.074179152991e-12      -2.380881925778e-12       6.912292537185e-15       5.206109231187e-16       1.140094618956e-16      -1.065312916731e-17 
 2015       3.129546593474e-11       1.067088313920e-12      -2.373659322403e-12       6.906093705525e-15       5.196670257284e-16       1.137919723709e-16      -1.052199992301e-17 
 2016       3.129250918642e-11       1.060014585717e-12      -2.366092628587e-12       6.899902051908e-15       5.187253975823e-16       1.135718245457e-16      -1.038955193223e-17 
 2017       3.128901954947e-11       1.052959698372e-12      -2.358186518520e-12       6.893717161935e-15       5.177860325937e-16       1.133489781924e-16      -1.025582150542e-17 
 2018       3.128498233297e-11       1.045925388490e-12      -2.349945687874e-12       6.887538619376e-15       5.168489246172e-16       1.131233929439e-16      -1.012084510712e-17 
 2019       3.128038279219e-11       1.038913399308e-12      -2.341374853836e-12       6.881366006167e-15       5.159140674477e-16       1.128950282935e-16      -9.984659356155e-18 
 2020       3.127520612857e-11       1.031925480696e-12      -2.332478755128e-12       6.875198902411e-15       5.149814548214e-16       1.126638435951e-16      -9.847301025802e-18 
 2021       3.126943748963e-11       1.024963389166e-12      -2.323262152041e-12       6.869036886375e-15       5.140510804147e-16       1.124297980622e-16      -9.708807044009e-18 
 2022       3.126306196889e-11       1.018028887884e-12      -2.313729826462e-12       6.862879534482e-15       5.131229378448e-16       1.121928507686e-16      -9.569214493582e-18 
 2023       3.125606460583e-11       1.011123746676e-12      -2.303886581899e-12       6.856726421318e-15       5.121970206692e-16       1.119529606478e-16      -9.428560612378e-18 
 2024       3.124843038583e-11       1.004249742033e-12      -2.293737243511e-12       6.850577119621e-15       5.112733223861e-16       1.117100864929e-16      -9.286882793501e-18 
 2025       3.124014424008e-11       9.974086571245e-13      -2.283286658134e-12       6.844431200285e-15       5.103518364337e-16       1.114641869564e-16      -9.144218585499e-18 
 2026       3.123119104554e-11       9.906022818023e-13      -2.272539694312e-12       6.838288232353e-15       5.094325561903e-16       1.112152205501e-16      -9.000605692555e-18 
 2027       3.122155562484e-11       9.838324126109e-13      -2.261501242322e-12       6.832147783017e-15       5.085154749747e-16       1.109631456450e-16      -8.856081974684e-18 
 2028       3.121122274627e-11       9.771008527946e-13      -2.250176214203e-12       6.826009417616e-15       5.076005860453e-16       1.107079204710e-16      -8.710685447926e-18 
 2029       3.120017712365e-11       9.704094123058e-13      -2.238569543782e-12       6.819872699633e-15       5.066878826007e-16       1.104495031167e-16      -8.564454284543e-18 
 2030       3.118840341632e-11       9.637599078133e-13      -2.226686186705e-12       6.813737190689e-15       5.057773577792e-16       1.101878515294e-16      -8.417426813213e-18 
 2031       3.117588622905e-11       9.571541627100e-13      -2.214531120463e-12       6.807602450549e-15       5.048690046588e-16       1.099229235148e-16      -8.269641519222e-18 
 2032       3.116261011199e-11       9.505940071213e-13      -2.202109344418e-12       6.801468037112e-15       5.039628162574e-16       1.096546767371e-16      -8.121137044663e-18 
 2033       3.114855956056e-11       9.440812779131e-13      -2.189425879835e-12       6.795333506411e-15       5.030587855321e-16       1.093830687184e-16      -7.971952188627e-18 
 2034       3.113371901545e-11       9.376178186996e-13      -2.176485769906e-12       6.789198412612e-15       5.021569053796e-16       1.091080568388e-16      -7.822125907399e-18 
 2035       3.111807286252e-11       9.312054798518e-13      -2.163294079780e-12       6.783062308010e-15       5.012571686362e-16       1.088295983362e-16      -7.671697314655e-18 
 2036       3.110160543274e-11       9.248461185055e-13      -2.149855896590e-12       6.776924743026e-15       5.003595680772e-16       1.085476503062e-16      -7.520705681653e-18 
 2037       3.108430100210e-11       9.185415985690e-13      -2.136176329481e-12       6.770785266209e-15       4.994640964172e-16       1.082621697018e-16      -7.369190437430e-18 
 2038       3.106614379160e-11       9.122937907317e-13      -2.122260509638e-12       6.764643424227e-15       4.985707463099e-16       1.079731133333e-16      -7.217191168994e-18 
 2039       3.104711796714e-11       9.061045724718e-13      -2.108113590312e-12       6.758498761870e-15       4.976795103479e-16       1.076804378681e-16      -7.064747621524e-18 
 2040       3.102720763948e-11       8.999758280646e-13      -2.093740746851e-12       6.752350822046e-15       4.967903810629e-16       1.073840998308e-16      -6.911899698559e-18 
 2041       3.100639686416e-11       8.939094485904e-13      -2.079147176727e-12       6.746199145776e-15       4.959033509254e-16       1.070840556025e-16      -6.758687462195e-18 
 2042       3.098466964143e-11       8.879073319428e-13      -2.064338099560e-12       6.740043272195e-15       4.950184123444e-16       1.067802614210e-16      -6.605151133281e-18 
 2043       3.096200991622e-11       8.819713828365e-13      -2.049318757150e-12       6.733882738550e-15       4.941355576679e-16       1.064726733808e-16      -6.451331091613e-18 
 2044       3.093840157802e-11       8.761035128158e-13      -2.034094413506e-12       6.727717080195e-15       4.932547791822e-16       1.061612474324e-16      -6.297267876125e-18 
 2045       3.091382846087e-11       8.703056402621e-13      -2.018670354867e-12       6.721545830589e-15       4.923760691121e-16       1.058459393827e-16      -6.143002185091e-18 
 2046       3.088827434326e-11       8.645796904026e-13      -2.003051889739e-12       6.715368521296e-15       4.914994196208e-16       1.055267048944e-16      -5.988574876312e-18 
 2047       3.086172294809e-11       8.589275953178e-13      -1.987244348914e-12       6.709184681980e-15       4.906248228100e-16       1.052034994861e-16      -5.834026967317e-18 
 2048       3.083416096751e-11       8.533510474083e-13      -1.971253194382e-12       6.702993888682e-15       4.897522706041e-16       1.048762954214e-16      -5.679399976909e-18 
 2049       3.080558716139e-11       8.478507578503e-13      -1.955084346849e-12       6.696795909028e-15       4.888817544056e-16       1.045451325093e-16      -5.524736952105e-18 
 2050       3.077600332375e-11       8.424271928562e-13      -1.938743860610e-12       6.690590558057e-15       4.880132654370e-16       1.042100676664e-16      -5.370081448925e-18 
 2051       3.074541126379e-11       8.370808197362e-13      -1.922237814920e-12       6.684377650030e-15       4.871467948564e-16       1.038711580611e-16      -5.215477191908e-18 
 2052       3.071381280587e-11       8.318121068989e-13      -1.905572314023e-12       6.678156998433e-15       4.862823337569e-16       1.035284611137e-16      -5.060968074314e-18 
 2053       3.068120978955e-11       8.266215238529e-13      -1.888753487180e-12       6.671928415976e-15       4.854198731667e-16       1.031820344969e-16      -4.906598158333e-18 
 2054       3.064760406962e-11       8.215095412076e-13      -1.871787488703e-12       6.665691714589e-15       4.845594040486e-16       1.028319361361e-16      -4.752411675284e-18 
 2055       3.061299751611e-11       8.164766306741e-13      -1.854680497987e-12       6.659446705425e-15       4.837009173008e-16       1.024782242093e-16      -4.598453025823e-18 
 2056       3.057739201429e-11       8.115232650665e-13      -1.837438719537e-12       6.653193198855e-15       4.828444037558e-16       1.021209571482e-16      -4.444766780147e-18 
 2057       3.054078946474e-11       8.066499183028e-13      -1.820068383000e-12       6.646931004470e-15       4.819898541808e-16       1.017601936379e-16      -4.291397678197e-18 
 2058       3.050319178335e-11       8.018570654057e-13      -1.802575743201e-12       6.640659931081e-15       4.811372592779e-16       1.013959926173e-16      -4.138390629865e-18 
 2059       3.046460090131e-11       7.971451825041e-13      -1.784967080165e-12       6.634379786712e-15       4.802866096832e-16       1.010284132796e-16      -3.985790715195e-18 
 2060       3.042501876520e-11       7.925147468338e-13      -1.767248699157e-12       6.628090378606e-15       4.794378959675e-16       1.006575150726e-16      -3.833643184590e-18 
 2061       3.038444733693e-11       7.879662367385e-13      -1.749426930705e-12       6.621791513220e-15       4.785911086357e-16       1.002833576989e-16      -3.681993459016e-18 
 2062       3.034288859384e-11       7.835001316711e-13      -1.731508130637e-12       6.615482996225e-15       4.777462381269e-16       9.990600111618e-17      -3.530887130206e-18 
 2063       3.030034452866e-11       7.791169121944e-13      -1.713498680108e-12       6.609164632505e-15       4.769032748144e-16       9.952550553776e-17      -3.380369960865e-18 
 2064       3.025681714956e-11       7.748170599825e-13      -1.695404985635e-12       6.602836226157e-15       4.760622090054e-16       9.914193143268e-17      -3.230487884874e-18 
 2065       3.021230848018e-11       7.706010578215e-13      -1.677233479121e-12       6.596497580488e-15       4.752230309410e-16       9.875533952612e-17      -3.081287007494e-18 
 2066       3.016682055963e-11       7.664693896107e-13      -1.658990617895e-12       6.590148498015e-15       4.743857307960e-16       9.836579079971e-17      -2.932813605572e-18 
 2067       3.012035544252e-11       7.624225403636e-13      -1.640682884735e-12       6.583788780465e-15       4.735502986790e-16       9.797334649184e-17      -2.785114127744e-18 
 2068       3.007291519900e-11       7.584609962088e-13      -1.622316787902e-12       6.577418228771e-15       4.727167246324e-16       9.757806809797e-17      -2.638235194640e-18 
 2069       3.002450191473e-11       7.545852443914e-13      -1.603898861174e-12       6.571036643077e-15       4.718849986318e-16       9.718001737095e-17      -2.492223599088e-18 
 2070       2.997511769099e-11       7.507957732736e-13      -1.585435663871e-12       6.564643822728e-15       4.710551105864e-16       9.677925632136e-17      -2.347126306320e-18 
 2071       2.992476464459e-11       7.470930723359e-13      -1.566933780891e-12       6.558239566278e-15       4.702270503387e-16       9.637584721780e-17      -2.202990454174e-18 
 2072       2.987344490799e-11       7.434776321782e-13      -1.548399822736e-12       6.551823671484e-15       4.694008076643e-16       9.596985258722e-17      -2.059863353301e-18 
 2073       2.982116062927e-11       7.399499445208e-13      -1.529840425548e-12       6.545395935305e-15       4.685763722722e-16       9.556133521524e-17      -1.917792487367e-18 
 2074       2.976791397215e-11       7.365105022054e-13      -1.511262251138e-12       6.538956153903e-15       4.677537338043e-16       9.515035814646e-17      -1.776825513260e-18 
 2075       2.971370711605e-11       7.331597991961e-13      -1.492671987015e-12       6.532504122641e-15       4.669328818354e-16       9.473698468479e-17      -1.637010261292e-18 
 2076       2.965854225606e-11       7.298983305804e-13      -1.474076346419e-12       6.526039636083e-15       4.661138058732e-16       9.432127839375e-17      -1.498394735405e-18 
 2077       2.960242160301e-11       7.267265925704e-13      -1.455482068352e-12       6.519562487991e-15       4.652964953583e-16       9.390330309679e-17      -1.361027113374e-18 
 2078       2.954534738346e-11       7.236450825037e-13      -1.436895917608e-12       6.513072471324e-15       4.644809396637e-16       9.348312287765e-17      -1.224955747016e-18 
 2079       2.948732183973e-11       7.206542988444e-13      -1.418324684802e-12       6.506569378240e-15       4.636671280951e-16       9.306080208062e-17      -1.090229162387e-18 
 2080       2.942834722992e-11       7.177547411843e-13      -1.399775186408e-12       6.500053000093e-15       4.628550498908e-16       9.263640531087e-17      -9.568960599914e-19 
 2081       2.936842582795e-11       7.149469102437e-13      -1.381254264781e-12       6.493523127432e-15       4.620446942213e-16       9.220999743479e-17      -8.250053149872e-19 
 2082       2.930755992355e-11       7.122313078725e-13      -1.362768788193e-12       6.486979549999e-15       4.612360501896e-16       9.178164358031e-17      -6.946059773870e-19 
 2083       2.924575182231e-11       7.096084370516e-13      -1.344325650864e-12       6.480422056730e-15       4.604291068305e-16       9.135140913720e-17      -5.657472722647e-19 
 2084       2.918300384568e-11       7.070788018931e-13      -1.325931772990e-12       6.473850435753e-15       4.596238531114e-16       9.091935975737e-17      -4.384785999595e-19 
 2085       2.911931833100e-11       7.046429076423e-13      -1.307594100779e-12       6.467264474388e-15       4.588202779315e-16       9.048556135523e-17      -3.128495362802e-19 
 2086       2.905469763153e-11       7.023012606780e-13      -1.289319606474e-12       6.460663959143e-15       4.580183701216e-16       9.005008010799e-17      -1.889098327097e-19 
 2087       2.898914602256e-11       7.000541548931e-13      -1.271114803705e-12       6.454048727742e-15       4.572181201372e-16       8.961297818079e-17      -6.669932040155e-20 
 2088       2.892267543427e-11       6.979010291958e-13      -1.252984289734e-12       6.447418825587e-15       4.564195251470e-16       8.917430086870e-17       5.378245564233e-20 
 2089       2.885529975914e-11       6.958411055040e-13      -1.234932193044e-12       6.440774350393e-15       4.556225839799e-16       8.873408936518e-17       1.725460833229e-19 
 2090       2.878703294955e-11       6.938736019520e-13      -1.216962657114e-12       6.434115400256e-15       4.548272954348e-16       8.829238502925e-17       2.896022066465e-19 
 2091       2.871788901786e-11       6.919977328858e-13      -1.199079840438e-12       6.427442073659e-15       4.540336582815e-16       8.784922938573e-17       4.049615257980e-19 
 2092       2.864788203651e-11       6.902127088582e-13      -1.181287916543e-12       6.420754469470e-15       4.532416712599e-16       8.740466412541e-17       5.186347972149e-19 
 2093       2.857702613804e-11       6.885177366238e-13      -1.163591074005e-12       6.414052686943e-15       4.524513330805e-16       8.695873110525e-17       6.306328336605e-19 
 2094       2.850533551524e-11       6.869120191344e-13      -1.145993516468e-12       6.407336825719e-15       4.516626424240e-16       8.651147234860e-17       7.409665042976e-19 
 2095       2.843282442116e-11       6.853947555340e-13      -1.128499462660e-12       6.400606985825e-15       4.508755979414e-16       8.606293004538e-17       8.496467347623e-19 
 2096       2.835950716921e-11       6.839651411538e-13      -1.111113146414e-12       6.393863267676e-15       4.500901982540e-16       8.561314655228e-17       9.566845072370e-19 
 2097       2.828539813323e-11       6.826223675078e-13      -1.093838816680e-12       6.387105772074e-15       4.493064419531e-16       8.516216439299e-17       1.062090860525e-18 
 2098       2.821051174756e-11       6.813656222873e-13      -1.076680737547e-12       6.380334600210e-15       4.485243276005e-16       8.471002625836e-17       1.165876890122e-18 
 2099       2.813486250715e-11       6.801940893568e-13      -1.059643188260e-12       6.373549853663e-15       4.477438537278e-16       8.425677500663e-17       1.268053748293e-18 
 2100       2.805846496755e-11       6.791069487484e-13      -1.042730463235e-12       6.366751634403e-15       4.469650188366e-16       8.380245366360e-17       1.368632644142e-18 
 2101       2.798133374510e-11       6.781033766575e-13      -1.025946872081e-12       6.359940044785e-15       4.461878213988e-16       8.334710542287e-17       1.467624843689e-18 
 2102       2.790348351688e-11       6.771825454377e-13      -1.009296739612e-12       6.353115187559e-15       4.454122598559e-16       8.289077364600e-17       1.565041669942e-18 
 2103       2.782492902090e-11       6.763436235960e-13      -9.927844058710e-13       6.346277165863e-15       4.446383326195e-16       8.243350186274e-17       1.660894502970e-18 
 2104       2.774568505608e-11       6.755857757880e-13      -9.764142261408e-13       6.339426083225e-15       4.438660380710e-16       8.197533377122e-17       1.755194779977e-18 
 2105       2.766576648239e-11       6.749081628128e-13      -9.601905709669e-13       6.332562043566e-15       4.430953745616e-16       8.151631323814e-17       1.847953995377e-18 
 2106       2.758518822088e-11       6.743099416086e-13      -9.441178261725e-13       6.325685151198e-15       4.423263404124e-16       8.105648429899e-17       1.939183700865e-18 
 2107       2.750396525380e-11       6.737902652475e-13      -9.282003928767e-13       6.318795510825e-15       4.415589339139e-16       8.059589115821e-17       2.028895505494e-18 
 2108       2.742211262461e-11       6.733482829306e-13      -9.124426875119e-13       6.311893227543e-15       4.407931533264e-16       8.013457818947e-17       2.117101075743e-18 
 2109       2.733964543812e-11       6.729831399833e-13      -8.968491418419e-13       6.304978406843e-15       4.400289968801e-16       7.967258993576e-17       2.203812135597e-18 
 2110       2.725657886051e-11       6.726939778507e-13      -8.814242029786e-13       6.298051154606e-15       4.392664627743e-16       7.920997110970e-17       2.289040466618e-18 
 2111       2.717292811947e-11       6.724799340922e-13      -8.661723334004e-13       6.291111577112e-15       4.385055491781e-16       7.874676659366e-17       2.372797908017e-18 
 2112       2.708870850418e-11       6.723401423770e-13      -8.510980109693e-13       6.284159781030e-15       4.377462542299e-16       7.828302144000e-17       2.455096356728e-18 
 2113       2.700393536549e-11       6.722737324791e-13      -8.362057289486e-13       6.277195873426e-15       4.369885760378e-16       7.781878087124e-17       2.535947767483e-18 
 2114       2.691862411590e-11       6.722798302728e-13      -8.214999960204e-13       6.270219961763e-15       4.362325126789e-16       7.735409028032e-17       2.615364152887e-18 
 2115       2.683279022969e-11       6.723575577272e-13      -8.069853363035e-13       6.263232153896e-15       4.354780621999e-16       7.688899523071e-17       2.693357583487e-18 
 2116       2.674644924299e-11       6.725060329020e-13      -7.926662893704e-13       6.256232558078e-15       4.347252226167e-16       7.642354145670e-17       2.769940187849e-18 
 2117       2.665961675383e-11       6.727243699422e-13      -7.785474102655e-13       6.249221282960e-15       4.339739919145e-16       7.595777486353e-17       2.845124152631e-18 
 2118       2.657230842224e-11       6.730116790734e-13      -7.646332695221e-13       6.242198437588e-15       4.332243680474e-16       7.549174152765e-17       2.918921722655e-18 
 2119       2.648453997031e-11       6.733670665972e-13      -7.509284531804e-13       6.235164131404e-15       4.324763489391e-16       7.502548769685e-17       2.991345200984e-18 
 2120       2.639632718225e-11       6.737896348857e-13      -7.374375628049e-13       6.228118474252e-15       4.317299324818e-16       7.455905979055e-17       3.062406948991e-18 
 2121       2.630768590451e-11       6.742784823775e-13      -7.241652155021e-13       6.221061576370e-15       4.309851165374e-16       7.409250439990e-17       3.132119386436e-18 
 2122       2.621863204580e-11       6.748327035720e-13      -7.111160439377e-13       6.213993548397e-15       4.302418989362e-16       7.362586828806e-17       3.200494991539e-18 
 2123       2.612918157719e-11       6.754513890253e-13      -6.982946963546e-13       6.206914501371e-15       4.295002774778e-16       7.315919839036e-17       3.267546301054e-18 
 2124       2.603935053220e-11       6.761336253446e-13      -6.857058365904e-13       6.199824546728e-15       4.287602499306e-16       7.269254181451e-17       3.333285910338e-18 
 2125       2.594915500686e-11       6.768784951842e-13      -6.733541440948e-13       6.192723796307e-15       4.280218140318e-16       7.222594584081e-17       3.397726473433e-18 
 2126       2.585861117296e-11       6.776850020636e-13      -6.612435997495e-13       6.185612390515e-15       4.272849676997e-16       7.175945528975e-17       3.460885537208e-18 
 2127       2.576773531799e-11       6.785518442687e-13      -6.493753379179e-13       6.178490583050e-15       4.265497096714e-16       7.129310460462e-17       3.522800080055e-18 
 2128       2.567654380563e-11       6.794776393845e-13      -6.377497796412e-13       6.171358656766e-15       4.258160388694e-16       7.082692571481e-17       3.583512073448e-18 
 2129       2.558505306266e-11       6.804609993229e-13      -6.263673454914e-13       6.164216895556e-15       4.250839541898e-16       7.036095066357e-17       3.643063657155e-18 
 2130       2.549327957906e-11       6.815005303165e-13      -6.152284555703e-13       6.157065584352e-15       4.243534545019e-16       6.989521160808e-17       3.701497139445e-18 
 2131       2.540123990804e-11       6.825948329109e-13      -6.043335295079e-13       6.149905009128e-15       4.236245386484e-16       6.942974081966e-17       3.758854997285e-18 
 2132       2.530895066615e-11       6.837425019588e-13      -5.936829864614e-13       6.142735456900e-15       4.228972054455e-16       6.896457068386e-17       3.815179876545e-18 
 2133       2.521642853334e-11       6.849421266121e-13      -5.832772451132e-13       6.135557215726e-15       4.221714536824e-16       6.849973370059e-17       3.870514592196e-18 
 2134       2.512369025302e-11       6.861922903161e-13      -5.731167236703e-13       6.128370574712e-15       4.214472821218e-16       6.803526248426e-17       3.924902128517e-18 
 2135       2.503075263217e-11       6.874915708019e-13      -5.632018398622e-13       6.121175824007e-15       4.207246894994e-16       6.757118976390e-17       3.978385639292e-18 
 2136       2.493763254138e-11       6.888385400798e-13      -5.535330109399e-13       6.113973254809e-15       4.200036745242e-16       6.710754838331e-17       4.031008448016e-18 
 2137       2.484434691495e-11       6.902317644325e-13      -5.441106536744e-13       6.106763159363e-15       4.192842358784e-16       6.664437130117e-17       4.082814048094e-18 
 2138       2.475091275095e-11       6.916698044084e-13      -5.349351843555e-13       6.099545830964e-15       4.185663722169e-16       6.618169159118e-17       4.133846103043e-18 
 2139       2.465734711128e-11       6.931512148142e-13      -5.260070187901e-13       6.092321563958e-15       4.178500821681e-16       6.571954244217e-17       4.184148446696e-18 
 2140       2.456366712180e-11       6.946745447087e-13      -5.173265723013e-13       6.085090653742e-15       4.171353643331e-16       6.525795715827e-17       4.233765083402e-18 
 2141       2.446988997233e-11       6.962383373956e-13      -5.088942597265e-13       6.077853396767e-15       4.164222172859e-16       6.479696915900e-17       4.282740188227e-18 
 2142       2.437603291677e-11       6.978411304168e-13      -5.007104954162e-13       6.070610090537e-15       4.157106395737e-16       6.433661197945e-17       4.331118107159e-18 
 2143       2.428211327319e-11       6.994814555453e-13      -4.927756932328e-13       6.063361033612e-15       4.150006297162e-16       6.387691927032e-17       4.378943357307e-18 
 2144       2.418814842385e-11       7.011578387787e-13      -4.850902665491e-13       6.056106525609e-15       4.142921862063e-16       6.341792479818e-17       4.426260627105e-18 
 2145       2.409415581531e-11       7.028688003322e-13      -4.776546282469e-13       6.048846867203e-15       4.135853075093e-16       6.295966244546e-17       4.473114776510e-18 
 2146       2.400015295852e-11       7.046128546314e-13      -4.704691907157e-13       6.041582360126e-15       4.128799920635e-16       6.250216621071e-17       4.519550837210e-18 
 2147       2.390615742884e-11       7.063885103064e-13      -4.635343658510e-13       6.034313307173e-15       4.121762382798e-16       6.204547020862e-17       4.565614012821e-18 
 2148       2.381218686619e-11       7.081942701837e-13      -4.568505650535e-13       6.027040012198e-15       4.114740445418e-16       6.158960867022e-17       4.611349679089e-18 
 2149       2.371825897505e-11       7.100286312804e-13      -4.504181992273e-13       6.019762780118e-15       4.107734092056e-16       6.113461594300e-17       4.656803384095e-18 
 2150       2.362439152458e-11       7.118900847969e-13      -4.442376787784e-13       6.012481916915e-15       4.100743306001e-16       6.068052649101e-17       4.702020848453e-18 
 2151       2.353060234867e-11       7.137771161099e-13      -4.383094136140e-13       6.005197729634e-15       4.093768070263e-16       6.022737489502e-17       4.747047965518e-18 
 2152       2.343690934604e-11       7.156882047661e-13      -4.326338131402e-13       5.997910526388e-15       4.086808367582e-16       5.977519585264e-17       4.791930801578e-18 
 2153       2.334333048030e-11       7.176218244746e-13      -4.272112862614e-13       5.990620616354e-15       4.079864180419e-16       5.932402417845e-17       4.836715596065e-18 
 2154       2.324988378002e-11       7.195764431007e-13      -4.220422413784e-13       5.983328309782e-15       4.072935490959e-16       5.887389480413e-17       4.881448761753e-18 
 2155       2.315658733881e-11       7.215505226588e-13      -4.171270863873e-13       5.976033917988e-15       4.066022281113e-16       5.842484277859e-17       4.926176884961e-18 
 2156       2.306345931540e-11       7.235425193056e-13      -4.124662286783e-13       5.968737753361e-15       4.059124532512e-16       5.797690326810e-17       4.970946725752e-18 
 2157       2.297051793369e-11       7.255508833331e-13      -4.080600751337e-13       5.961440129359e-15       4.052242226513e-16       5.753011155642e-17       5.015805218138e-18 
 2158       2.287778148287e-11       7.275740591618e-13      -4.039090321270e-13       5.954141360517e-15       4.045375344193e-16       5.708450304494e-17       5.060799470281e-18 
 2159       2.278526831744e-11       7.296104853342e-13      -4.000135055215e-13       5.946841762442e-15       4.038523866350e-16       5.664011325279e-17       5.105976764695e-18 
 2160       2.269299685735e-11       7.316585945075e-13      -3.963739006688e-13       5.939541651816e-15       4.031687773507e-16       5.619697781699e-17       5.151384558447e-18 
 2161       2.260098558799e-11       7.337168134469e-13      -3.929906224076e-13       5.932241346401e-15       4.024867045906e-16       5.575513249257e-17       5.197070483360e-18 
 2162       2.250925306035e-11       7.357835630188e-13      -3.898640750618e-13       5.924941165033e-15       4.018061663508e-16       5.531461315270e-17       5.243082346213e-18 
 2163       2.241781789103e-11       7.378572581841e-13      -3.869946624399e-13       5.917641427629e-15       4.011271605996e-16       5.487545578883e-17       5.289468128944e-18 
 2164       2.232669876236e-11       7.399363079908e-13      -3.843827878330e-13       5.910342455186e-15       4.004496852774e-16       5.443769651081e-17       5.336275988855e-18 
 2165       2.223591294267e-11       7.420191920666e-13      -3.820283340175e-13       5.903044563174e-15       3.997737379302e-16       5.400137004967e-17       5.383541857451e-18 
 2166       2.214547183616e-11       7.441046906725e-13      -3.799290994220e-13       5.895748041665e-15       3.990993146091e-16       5.356650525469e-17       5.431252144930e-18 
 2167       2.205538540310e-11       7.461916561905e-13      -3.780823513837e-13       5.888453175070e-15       3.984264109634e-16       5.313312956618e-17       5.479380783921e-18 
 2168       2.196566363691e-11       7.482789367617e-13      -3.764853451695e-13       5.881160248739e-15       3.977550226062e-16       5.270127051008e-17       5.527901607827e-18 
 2169       2.187631656420e-11       7.503653762812e-13      -3.751353239617e-13       5.873869548962e-15       3.970851451142e-16       5.227095569811e-17       5.576788350712e-18 
 2170       2.178735424478e-11       7.524498143931e-13      -3.740295188429e-13       5.866581362969e-15       3.964167740275e-16       5.184221282787e-17       5.626014647182e-18 
 2171       2.169878677174e-11       7.545310864856e-13      -3.731651487817e-13       5.859295978930e-15       3.957499048500e-16       5.141506968289e-17       5.675554032272e-18 
 2172       2.161062427146e-11       7.566080236865e-13      -3.725394206178e-13       5.852013685960e-15       3.950845330490e-16       5.098955413272e-17       5.725379941331e-18 
 2173       2.152287690364e-11       7.586794528578e-13      -3.721495290474e-13       5.844734774115e-15       3.944206540550e-16       5.056569413308e-17       5.775465709904e-18 
 2174       2.143555486134e-11       7.607441965911e-13      -3.719926566084e-13       5.837459534395e-15       3.937582632622e-16       5.014351772589e-17       5.825784573617e-18 
 2175       2.134866837106e-11       7.628010732028e-13      -3.720659736660e-13       5.830188258749e-15       3.930973560278e-16       4.972305303939e-17       5.876309668065e-18 
 2176       2.126222769271e-11       7.648488967288e-13      -3.723666383975e-13       5.822921240067e-15       3.924379276725e-16       4.930432828823e-17       5.927014028693e-18 
 2177       2.117624311967e-11       7.668864769200e-13      -3.728917967782e-13       5.815658772192e-15       3.917799734802e-16       4.888737177356e-17       5.977870590680e-18 
 2178       2.109072497886e-11       7.689126192375e-13      -3.736385825664e-13       5.808401149912e-15       3.911234886978e-16       4.847221188313e-17       6.028852188825e-18 
 2179       2.100568363073e-11       7.709261248470e-13      -3.746041172886e-13       5.801148668964e-15       3.904684685354e-16       4.805887709135e-17       6.079931557435e-18 
 2180       2.092112946934e-11       7.729257906149e-13      -3.757855102250e-13       5.793901626037e-15       3.898149081663e-16       4.764739595943e-17       6.131081330200e-18 
 2181       2.083707292234e-11       7.749104091026e-13      -3.771798583951e-13       5.786660318773e-15       3.891628027265e-16       4.723779713544e-17       6.182274040089e-18 
 2182       2.075352445107e-11       7.768787685621e-13      -3.787842465422e-13       5.779425045762e-15       3.885121473152e-16       4.683010935440e-17       6.233482119226e-18 
 2183       2.067049455055e-11       7.788296529307e-13      -3.805957471197e-13       5.772196106552e-15       3.878629369945e-16       4.642436143839e-17       6.284677898778e-18 
 2184       2.058799374953e-11       7.807618418267e-13      -3.826114202756e-13       5.764973801643e-15       3.872151667892e-16       4.602058229663e-17       6.335833608838e-18 
 2185       2.050603261056e-11       7.826741105438e-13      -3.848283138382e-13       5.757758432491e-15       3.865688316870e-16       4.561880092558e-17       6.386921378312e-18 
 2186       2.042462172996e-11       7.845652300468e-13      -3.872434633015e-13       5.750550301509e-15       3.859239266385e-16       4.521904640902e-17       6.437913234803e-18 
 2187       2.034377173791e-11       7.864339669664e-13      -3.898538918103e-13       5.743349712068e-15       3.852804465566e-16       4.482134791815e-17       6.488781104490e-18 
 2188       2.026349329847e-11       7.882790835944e-13      -3.926566101455e-13       5.736156968495e-15       3.846383863173e-16       4.442573471168e-17       6.539496812022e-18 
 2189       2.018379710962e-11       7.900993378787e-13      -3.956486167097e-13       5.728972376080e-15       3.839977407589e-16       4.403223613593e-17       6.590032080395e-18 
 2190       2.010469390328e-11       7.918934834186e-13      -3.988268975121e-13       5.721796241072e-15       3.833585046823e-16       4.364088162492e-17       6.640358530839e-18 
 2191       2.002619444537e-11       7.936602694598e-13      -4.021884261543e-13       5.714628870681e-15       3.827206728509e-16       4.325170070042e-17       6.690447682703e-18 
 2192       1.994830953584e-11       7.953984408895e-13      -4.057301638150e-13       5.707470573081e-15       3.820842399907e-16       4.286472297212e-17       6.740270953338e-18 
 2193       1.987105000868e-11       7.971067382316e-13      -4.094490592360e-13       5.700321657408e-15       3.814492007898e-16       4.247997813766e-17       6.789799657984e-18 
 2194       1.979442673202e-11       7.987838976418e-13      -4.133420487070e-13       5.693182433766e-15       3.808155498989e-16       4.209749598275e-17       6.839005009653e-18 
 2195       1.971845060809e-11       8.004286509024e-13      -4.174060560512e-13       5.686053213220e-15       3.801832819309e-16       4.171730638125e-17       6.887858119012e-18 
 2196       1.964313257332e-11       8.020397254178e-13      -4.216379926103e-13       5.678934307806e-15       3.795523914607e-16       4.133943929526e-17       6.936329994270e-18 
 2197       1.956848359831e-11       8.036158442097e-13      -4.260347572302e-13       5.671826030524e-15       3.789228730259e-16       4.096392477522e-17       6.984391541062e-18 
 2198       1.949451468796e-11       8.051557259116e-13      -4.305932362463e-13       5.664728695346e-15       3.782947211257e-16       4.059079296001e-17       7.032013562333e-18 
 2199       1.942123688141e-11       8.066580847646e-13      -4.353103034682e-13       5.657642617213e-15       3.776679302216e-16       4.022007407703e-17       7.079166758220e-18 
 2200       1.934866125213e-11       8.081216306121e-13      -4.401828201659e-13       5.650568112034e-15       3.770424947373e-16       3.985179844228e-17       7.125821725943e-18 
 2201       1.927679890796e-11       8.095450688950e-13      -4.452076350544e-13       5.643505496693e-15       3.764184090582e-16       3.948599646048e-17       7.171948959683e-18 
 2202       1.920566099113e-11       8.109271006468e-13      -4.503815842795e-13       5.636455089046e-15       3.757956675318e-16       3.912269862514e-17       7.217518850471e-18 
 2203       1.913525867827e-11       8.122664224889e-13      -4.557014914028e-13       5.629417207923e-15       3.751742644673e-16       3.876193551865e-17       7.262501686067e-18 
 2204       1.906560129560e-11       8.135618853990e-13      -4.611640651788e-13       5.622392141597e-15       3.745541943244e-16       3.840373385658e-17       7.306865482907e-18 
 2205       1.899669065045e-11       8.148129721800e-13      -4.667655921727e-13       5.615380052973e-15       3.739354522800e-16       3.804810459161e-17       7.350569466407e-18 
 2206       1.892852666210e-11       8.160193231531e-13      -4.725022420719e-13       5.608381073773e-15       3.733180336648e-16       3.769505473075e-17       7.393570547119e-18 
 2207       1.886110924334e-11       8.171805776710e-13      -4.783701696912e-13       5.601395336006e-15       3.727019337755e-16       3.734459128397e-17       7.435825484577e-18 
 2208       1.879443830036e-11       8.182963741169e-13      -4.843655149560e-13       5.594422971976e-15       3.720871478743e-16       3.699672126420e-17       7.477290887127e-18 
 2209       1.872851373282e-11       8.193663499036e-13      -4.904844028848e-13       5.587464114273e-15       3.714736711893e-16       3.665145168734e-17       7.517923211756e-18 
 2210       1.866333543379e-11       8.203901414727e-13      -4.967229435725e-13       5.580518895782e-15       3.708614989142e-16       3.630878957224e-17       7.557678763927e-18 
 2211       1.859890328979e-11       8.213673842932e-13      -5.030772321726e-13       5.573587449676e-15       3.702506262081e-16       3.596874194068e-17       7.596513697406e-18 
 2212       1.853521718071e-11       8.222977128610e-13      -5.095433488802e-13       5.566669909421e-15       3.696410481959e-16       3.563131581740e-17       7.634384014097e-18 
 2213       1.847227697987e-11       8.231807606975e-13      -5.161173589150e-13       5.559766408774e-15       3.690327599678e-16       3.529651823005e-17       7.671245563869e-18 
 2214       1.841008255398e-11       8.240161603491e-13      -5.227953125039e-13       5.552877081784e-15       3.684257565796e-16       3.496435620923e-17       7.707054044388e-18 
 2215       1.834863376311e-11       8.248035433857e-13      -5.295732448635e-13       5.546002062791e-15       3.678200330524e-16       3.463483678844e-17       7.741765000951e-18 
 2216       1.828793046071e-11       8.255425404003e-13      -5.364471761837e-13       5.539141486429e-15       3.672155843728e-16       3.430796700411e-17       7.775333826313e-18 
 2217       1.822797249361e-11       8.262327810076e-13      -5.434131116097e-13       5.532295487623e-15       3.666124054924e-16       3.398375389559e-17       7.807715760520e-18 
 2218       1.816875970195e-11       8.268738938431e-13      -5.504670412251e-13       5.525464201592e-15       3.660104913285e-16       3.366220450511e-17       7.838865890740e-18 
 2219       1.811029191926e-11       8.274655065623e-13      -5.576049400348e-13       5.518647763846e-15       3.654098367633e-16       3.334332587781e-17       7.868739151093e-18 
 2220       1.805256897236e-11       8.280072458396e-13      -5.648227679474e-13       5.511846310191e-15       3.648104366442e-16       3.302712506173e-17       7.897290322484e-18 
 2221       1.799559068141e-11       8.284987373674e-13      -5.721164697587e-13       5.505059976725e-15       3.642122857838e-16       3.271360910779e-17       7.924474032429e-18 
 2222       1.793935685988e-11       8.289396058551e-13      -5.794819751336e-13       5.498288899838e-15       3.636153789598e-16       3.240278506978e-17       7.950244754894e-18 
 2223       1.788386731454e-11       8.293294750281e-13      -5.869151985896e-13       5.491533216218e-15       3.630197109149e-16       3.209466000440e-17       7.974556810119e-18 
 2224       1.782912184545e-11       8.296679676268e-13      -5.944120394793e-13       5.484793062842e-15       3.624252763567e-16       3.178924097118e-17       7.997364364451e-18 
 2225       1.777512024594e-11       8.299547054058e-13      -6.019683819732e-13       5.478068576987e-15       3.618320699578e-16       3.148653503254e-17       8.018621430178e-18 
 2226       1.772186230264e-11       8.301893091327e-13      -6.095800950425e-13       5.471359896219e-15       3.612400863557e-16       3.118654925374e-17       8.038281865354e-18 
 2227       1.766934779541e-11       8.303713985873e-13      -6.172430324418e-13       5.464667158404e-15       3.606493201528e-16       3.088929070291e-17       8.056299373637e-18 
 2228       1.761757649739e-11       8.305005925606e-13      -6.249530326923e-13       5.457990501699e-15       3.600597659162e-16       3.059476645102e-17       8.072627504112e-18 
 2229       1.756654817493e-11       8.305765088538e-13      -6.327059190641e-13       5.451330064559e-15       3.594714181777e-16       3.030298357187e-17       8.087219651132e-18 
 2230       1.751626258765e-11       8.305987642773e-13      -6.404974995590e-13       5.444685985734e-15       3.588842714340e-16       3.001394914212e-17       8.100029054138e-18 
 2231       1.746671948835e-11       8.305669746499e-13      -6.483235668938e-13       5.438058404269e-15       3.582983201461e-16       2.972767024124e-17       8.111008797498e-18 
 2232       1.741791862308e-11       8.304807547976e-13      -6.561798984826e-13       5.431447459505e-15       3.577135587401e-16       2.944415395151e-17       8.120111810335e-18 
 2233       1.736985973107e-11       8.303397185527e-13      -6.640622564197e-13       5.424853291081e-15       3.571299816062e-16       2.916340735807e-17       8.127290866358e-18 
 2234       1.732254254474e-11       8.301434787528e-13      -6.719663874626e-13       5.418276038931e-15       3.565475830994e-16       2.888543754884e-17       8.132498583693e-18 
 2235       1.727596678971e-11       8.298916472402e-13      -6.798880230145e-13       5.411715843286e-15       3.559663575390e-16       2.861025161454e-17       8.135687424714e-18 
 2236       1.723013218475e-11       8.295838348603e-13      -6.878228791072e-13       5.405172844675e-15       3.553862992089e-16       2.833785664872e-17       8.136809695876e-18 
 2237       1.718503844182e-11       8.292196514611e-13      -6.957666563842e-13       5.398647183922e-15       3.548074023572e-16       2.806825974771e-17       8.135817547542e-18 
 2238       1.714068526601e-11       8.287987058920e-13      -7.037150400828e-13       5.392139002150e-15       3.542296611963e-16       2.780146801062e-17       8.132662973817e-18 
 2239       1.709707235555e-11       8.283206060032e-13      -7.116637000175e-13       5.385648440781e-15       3.536530699031e-16       2.753748853936e-17       8.127297812378e-18 
 2240       1.705419940182e-11       8.277849586440e-13      -7.196082905627e-13       5.379175641533e-15       3.530776226185e-16       2.727632843859e-17       8.119673744305e-18 
 2241       1.701206608931e-11       8.271913696626e-13      -7.275444506352e-13       5.372720746423e-15       3.525033134477e-16       2.701799481578e-17       8.109742293912e-18 
 2242       1.697067209563e-11       8.265394439048e-13      -7.354678036773e-13       5.366283897765e-15       3.519301364600e-16       2.676249478114e-17       8.097454828578e-18 
 2243       1.693001584590e-11       8.258289270035e-13      -7.433742399497e-13       5.359865204445e-15       3.513580862236e-16       2.650983575919e-17       8.082780589480e-18 
 2244       1.689009076704e-11       8.250601317614e-13      -7.512607654599e-13       5.353464640485e-15       3.507871594126e-16       2.626002642564e-17       8.065760912744e-18 
 2245       1.685088900902e-11       8.242335145497e-13      -7.591246585402e-13       5.347082145819e-15       3.502173532107e-16       2.601307577661e-17       8.046455361855e-18 
 2246       1.681240268819e-11       8.233495337722e-13      -7.669631880306e-13       5.340717659953e-15       3.496486647766e-16       2.576899281762e-17       8.024923729147e-18 
 2247       1.677462388723e-11       8.224086498677e-13      -7.747736132678e-13       5.334371121972e-15       3.490810912447e-16       2.552778656364e-17       8.001226036065e-18 
 2248       1.673754465512e-11       8.214113253131e-13      -7.825531840750e-13       5.328042470534e-15       3.485146297246e-16       2.528946603906e-17       7.975422533428e-18 
 2249       1.670115700710e-11       8.203580246248e-13      -7.902991407513e-13       5.321731643874e-15       3.479492773011e-16       2.505404027767e-17       7.947573701687e-18 
 2250       1.666545292461e-11       8.192492143619e-13      -7.980087140613e-13       5.315438579800e-15       3.473850310345e-16       2.482151832271e-17       7.917740251186e-18 
 2251       1.663042435529e-11       8.180853631283e-13      -8.056791252245e-13       5.309163215694e-15       3.468218879601e-16       2.459190922684e-17       7.885983122425e-18 
 2252       1.659606321290e-11       8.168669415751e-13      -8.133075859052e-13       5.302905488509e-15       3.462598450886e-16       2.436522205217e-17       7.852363486319e-18 
 2253       1.656236137732e-11       8.155944224029e-13      -8.208912982013e-13       5.296665334774e-15       3.456988994058e-16       2.414146587020e-17       7.816942744459e-18 
 2254       1.652931069446e-11       8.142682803646e-13      -8.284274546346e-13       5.290442690587e-15       3.451390478726e-16       2.392064976190e-17       7.779782529374e-18 
 2255       1.649690297629e-11       8.128889922675e-13      -8.359132381397e-13       5.284237491620e-15       3.445802874250e-16       2.370278281767e-17       7.740944704792e-18 
 2256       1.646513000071e-11       8.114570369758e-13      -8.433458220540e-13       5.278049673113e-15       3.440226149742e-16       2.348787413732e-17       7.700491365897e-18 
 2257       1.643398351160e-11       8.099728954129e-13      -8.507223701070e-13       5.271879169877e-15       3.434660274061e-16       2.327593283013e-17       7.658484839596e-18 
 2258       1.640345521872e-11       8.084370505640e-13      -8.580400364098e-13       5.265725916295e-15       3.429105215821e-16       2.306696801482e-17       7.614987684774e-18 
 2259       1.637353679771e-11       8.068499874784e-13      -8.652959654445e-13       5.259589846315e-15       3.423560943381e-16       2.286098881951e-17       7.570062692561e-18 
 2260       1.634421989000e-11       8.052121932718e-13      -8.724872920541e-13       5.253470893457e-15       3.418027424851e-16       2.265800438182e-17       7.523772886585e-18 
 2261       1.631549610283e-11       8.035241571291e-13      -8.796111414318e-13       5.247368990808e-15       3.412504628092e-16       2.245802384878e-17       7.476181523242e-18 
 2262       1.628735700917e-11       8.017863703063e-13      -8.866646291103e-13       5.241284071020e-15       3.406992520709e-16       2.226105637688e-17       7.427352091947e-18 
 2263       1.625979414769e-11       7.999993261334e-13      -8.936448609519e-13       5.235216066316e-15       3.401491070061e-16       2.206711113203e-17       7.377348315405e-18 
 2264       1.623279902274e-11       7.981635200163e-13      -9.005489331373e-13       5.229164908482e-15       3.396000243250e-16       2.187619728964e-17       7.326234149863e-18 
 2265       1.620636310428e-11       7.962794494397e-13      -9.073739321557e-13       5.223130528872e-15       3.390520007128e-16       2.168832403454e-17       7.274073785377e-18 
 2266       1.618047782784e-11       7.943476139693e-13      -9.141169347941e-13       5.217112858401e-15       3.385050328294e-16       2.150350056100e-17       7.220931646069e-18 
 2267       1.615513459451e-11       7.923685152540e-13      -9.207750081268e-13       5.211111827555e-15       3.379591173093e-16       2.132173607279e-17       7.166872390391e-18 
 2268       1.613032477090e-11       7.903426570287e-13      -9.273452095050e-13       5.205127366377e-15       3.374142507619e-16       2.114303978308e-17       7.111960911382e-18 
 2269       1.610603968906e-11       7.882705451165e-13      -9.338245865462e-13       5.199159404479e-15       3.368704297709e-16       2.096742091455e-17       7.056262336934e-18 
 2270       1.608227064646e-11       7.861526874311e-13      -9.402101771237e-13       5.193207871033e-15       3.363276508947e-16       2.079488869931e-17       6.999842030047e-18 
 2271       1.605900890599e-11       7.839895939794e-13      -9.464990093566e-13       5.187272694773e-15       3.357859106664e-16       2.062545237894e-17       6.942765589094e-18 
 2272       1.603624569585e-11       7.817817768634e-13      -9.526881015985e-13       5.181353803997e-15       3.352452055935e-16       2.045912120448e-17       6.885098848082e-18 
 2273       1.601397220956e-11       7.795297502834e-13      -9.587744624278e-13       5.175451126562e-15       3.347055321580e-16       2.029590443644e-17       6.826907876910e-18 
 2274       1.599217960592e-11       7.772340305398e-13      -9.647550906366e-13       5.169564589886e-15       3.341668868163e-16       2.013581134479e-17       6.768258981631e-18 
 2275       1.597085900893e-11       7.748951360356e-13      -9.706269752207e-13       5.163694120948e-15       3.336292659993e-16       1.997885120897e-17       6.709218704714e-18 
 2276       1.595000150781e-11       7.725135872790e-13      -9.763870953690e-13       5.157839646286e-15       3.330926661122e-16       1.982503331790e-17       6.649853825304e-18 
 2277       1.592959815689e-11       7.700899068859e-13      -9.820324204527e-13       5.152001091995e-15       3.325570835347e-16       1.967436696996e-17       6.590231359484e-18 
 2278       1.590963997564e-11       7.676246195818e-13      -9.875599100152e-13       5.146178383731e-15       3.320225146207e-16       1.952686147299e-17       6.530418560533e-18 
 2279       1.589011794859e-11       7.651182522047e-13      -9.929665137615e-13       5.140371446707e-15       3.314889556983e-16       1.938252614435e-17       6.470482919189e-18 
 2280       1.587102302529e-11       7.625713337074e-13      -9.982491715478e-13       5.134580205692e-15       3.309564030699e-16       1.924137031082e-17       6.410492163909e-18 
 2281       1.585234612029e-11       7.599843951599e-13      -1.003404813371e-12       5.128804585014e-15       3.304248530124e-16       1.910340330870e-17       6.350514261134e-18 
 2282       1.583407798635e-11       7.573580245453e-13      -1.008430795545e-12       5.123044492469e-15       3.298943032437e-16       1.896862784671e-17       6.290610586768e-18 
 2283       1.581620883328e-11       7.546930315287e-13      -1.013326212316e-12       5.117299770963e-15       3.293647573356e-16       1.883702004835e-17       6.230815392255e-18 
 2284       1.579872870660e-11       7.519902837499e-13      -1.018090592638e-12       5.111570246559e-15       3.288362203294e-16       1.870854928153e-17       6.171156207288e-18 
 2285       1.578162761397e-11       7.492506521304e-13      -1.022723464755e-12       5.105855744539e-15       3.283086972715e-16       1.858318478383e-17       6.111660656726e-18 
 2286       1.576489552519e-11       7.464750108761e-13      -1.027224356200e-12       5.100156089398e-15       3.277821932133e-16       1.846089566232e-17       6.052356460699e-18 
 2287       1.574852237212e-11       7.436642374815e-13      -1.031592793789e-12       5.094471104842e-15       3.272567132111e-16       1.834165089347e-17       5.993271434709e-18 
 2288       1.573249804866e-11       7.408192127332e-13      -1.035828303626e-12       5.088800613795e-15       3.267322623263e-16       1.822541932293e-17       5.934433489734e-18 
 2289       1.571681241069e-11       7.379408207136e-13      -1.039930411102e-12       5.083144438387e-15       3.262088456251e-16       1.811216966543e-17       5.875870632335e-18 
 2290       1.570145527605e-11       7.350299488048e-13      -1.043898640892e-12       5.077502399964e-15       3.256864681788e-16       1.800187050460e-17       5.817610964753e-18 
 2291       1.568641642450e-11       7.320874876918e-13      -1.047732516957e-12       5.071874319078e-15       3.251651350638e-16       1.789449029284e-17       5.759682685019e-18 
 2292       1.567168559763e-11       7.291143313664e-13      -1.051431562542e-12       5.066260015493e-15       3.246448513614e-16       1.778999735114e-17       5.702114087054e-18 
 2293       1.565725249886e-11       7.261113771312e-13      -1.054995300176e-12       5.060659308178e-15       3.241256221576e-16       1.768835986896e-17       5.644933560773e-18 
 2294       1.564310679342e-11       7.230795256027e-13      -1.058423251673e-12       5.055072015311e-15       3.236074525439e-16       1.758954590406e-17       5.588169592190e-18 
 2295       1.562923810824e-11       7.200196807154e-13      -1.061714938128e-12       5.049497954275e-15       3.230903476163e-16       1.749352338236e-17       5.531850763520e-18 
 2296       1.561563603195e-11       7.169327497252e-13      -1.064869879923e-12       5.043936941661e-15       3.225743124762e-16       1.740026009776e-17       5.476005753283e-18 
 2297       1.560229011484e-11       7.138196432134e-13      -1.067887596717e-12       5.038388793260e-15       3.220593522296e-16       1.730972371205e-17       5.420663336409e-18 
 2298       1.558918986881e-11       7.106812750901e-13      -1.070767607456e-12       5.032853324069e-15       3.215454719877e-16       1.722188175468e-17       5.365852384338e-18 
 2299       1.557632476730e-11       7.075185625977e-13      -1.073509430364e-12       5.027330348287e-15       3.210326768668e-16       1.713670162267e-17       5.311601865127e-18 
 2300       1.556368424532e-11       7.043324263151e-13      -1.076112582949e-12       5.021819679314e-15       3.205209719878e-16       1.705415058044e-17       5.257940843553e-18 
 2301       1.555125769932e-11       7.011237901610e-13      -1.078576581997e-12       5.016321129752e-15       3.200103624769e-16       1.697419575964e-17       5.204898481215e-18 
 2302       1.553903448719e-11       6.978935813978e-13      -1.080900943578e-12       5.010834511399e-15       3.195008534652e-16       1.689680415904e-17       5.152504036640e-18 
 2303       1.552700392825e-11       6.946427306349e-13      -1.083085183037e-12       5.005359635256e-15       3.189924500887e-16       1.682194264433e-17       5.100786865382e-18 
 2304       1.551515530313e-11       6.913721718327e-13      -1.085128815002e-12       4.999896311519e-15       3.184851574885e-16       1.674957794800e-17       5.049776420133e-18 
 2305       1.550347785381e-11       6.880828423063e-13      -1.087031353380e-12       4.994444349581e-15       3.179789808106e-16       1.667967666919e-17       4.999502250819e-18 
 2306       1.549196078350e-11       6.847756827289e-13      -1.088792311355e-12       4.989003558031e-15       3.174739252060e-16       1.661220527352e-17       4.949994004707e-18 
 2307       1.548059325666e-11       6.814516371357e-13      -1.090411201390e-12       4.983573744654e-15       3.169699958307e-16       1.654713009295e-17       4.901281426510e-18 
 2308       1.546936439893e-11       6.781116529276e-13      -1.091887535225e-12       4.978154716427e-15       3.164671978456e-16       1.648441732564e-17       4.853394358488e-18 
 2309       1.545826329709e-11       6.747566808746e-13      -1.093220823878e-12       4.972746279523e-15       3.159655364167e-16       1.642403303576e-17       4.806362740552e-18 
 2310       1.544727899900e-11       6.713876751198e-13      -1.094410577644e-12       4.967348239302e-15       3.154650167148e-16       1.636594315339e-17       4.760216610369e-18 
 2311       1.543640051361e-11       6.680055931828e-13      -1.095456306094e-12       4.961960400321e-15       3.149656439158e-16       1.631011347434e-17       4.714986103463e-18 
 2312       1.542561681085e-11       6.646113959636e-13      -1.096357518075e-12       4.956582566324e-15       3.144674232007e-16       1.625650965999e-17       4.670701453323e-18 
 2313       1.541491682164e-11       6.612060477462e-13      -1.097113721711e-12       4.951214540243e-15       3.139703597552e-16       1.620509723717e-17       4.627392991500e-18 
 2314       1.540428943782e-11       6.577905162020e-13      -1.097724424397e-12       4.945856124202e-15       3.134744587701e-16       1.615584159798e-17       4.585091147719e-18 
 2315       1.539372351211e-11       6.543657723941e-13      -1.098189132808e-12       4.940507119509e-15       3.129797254413e-16       1.610870799964e-17       4.543826449973e-18 
 2316       1.538320785809e-11       6.509327907803e-13      -1.098507352890e-12       4.935167326661e-15       3.124861649694e-16       1.606366156437e-17       4.503629524634e-18 
 2317       1.537273125012e-11       6.474925492171e-13      -1.098678589863e-12       4.929836545338e-15       3.119937825603e-16       1.602066727919e-17       4.464531096554e-18 
 2318       1.536228242333e-11       6.440460289635e-13      -1.098702348223e-12       4.924514574407e-15       3.115025834247e-16       1.597968999583e-17       4.426561989169e-18 
 2319       1.535185007356e-11       6.405942146843e-13      -1.098578131734e-12       4.919201211917e-15       3.110125727782e-16       1.594069443050e-17       4.389753124600e-18 
 2320       1.534142285732e-11       6.371380944541e-13      -1.098305443438e-12       4.913896255101e-15       3.105237558414e-16       1.590364516383e-17       4.354135523761e-18 
 2321       1.533099020991e-11       6.336786185341e-13      -1.097884120196e-12       4.908599506869e-15       3.100361351079e-16       1.586851275246e-17       4.319722868561e-18 
 2322       1.532054480544e-11       6.302165754108e-13      -1.097315338645e-12       4.903310795345e-15       3.095497021288e-16       1.583529210652e-17       4.286459068108e-18 
 2323       1.531008011223e-11       6.267527149825e-13      -1.096600615588e-12       4.898029954454e-15       3.090644456761e-16       1.580398422783e-17       4.254270361963e-18 
 2324       1.529958957605e-11       6.232877897182e-13      -1.095741474031e-12       4.892756817434e-15       3.085803544704e-16       1.577459010852e-17       4.223082727719e-18 
 2325       1.528906662010e-11       6.198225546600e-13      -1.094739443183e-12       4.887491216834e-15       3.080974171805e-16       1.574711073111e-17       4.192821880719e-18 
 2326       1.527850464495e-11       6.163577674261e-13      -1.093596058471e-12       4.882232984517e-15       3.076156224234e-16       1.572154706842e-17       4.163413273766e-18 
 2327       1.526789702859e-11       6.128941882134e-13      -1.092312861539e-12       4.876981951657e-15       3.071349587644e-16       1.569790008357e-17       4.134782096844e-18 
 2328       1.525723712633e-11       6.094325798003e-13      -1.090891400262e-12       4.871737948737e-15       3.066554147169e-16       1.567617073000e-17       4.106853276830e-18 
 2329       1.524651827080e-11       6.059737075495e-13      -1.089333228749e-12       4.866500805551e-15       3.061769787424e-16       1.565635995142e-17       4.079551477211e-18 
 2330       1.523573377197e-11       6.025183394107e-13      -1.087639907351e-12       4.861270351200e-15       3.056996392504e-16       1.563846868179e-17       4.052801097797e-18 
 2331       1.522487691705e-11       5.990672459233e-13      -1.085813002669e-12       4.856046414096e-15       3.052233845985e-16       1.562249784534e-17       4.026526274440e-18 
 2332       1.521394097052e-11       5.956212002195e-13      -1.083854087559e-12       4.850828821954e-15       3.047482030918e-16       1.560844835653e-17       4.000650878745e-18 
 2333       1.520291917409e-11       5.921809780265e-13      -1.081764741140e-12       4.845617401799e-15       3.042740829837e-16       1.559632112004e-17       3.975098517788e-18 
 2334       1.519180474665e-11       5.887473576697e-13      -1.079546548802e-12       4.840411979960e-15       3.038010124751e-16       1.558611703074e-17       3.949792533831e-18 
 2335       1.518059088432e-11       5.853211200752e-13      -1.077201102212e-12       4.835212382070e-15       3.033289797146e-16       1.557783697370e-17       3.924656004036e-18 
 2336       1.516927076033e-11       5.819030487727e-13      -1.074729999322e-12       4.830018433068e-15       3.028579727986e-16       1.557148182418e-17       3.899611740181e-18 
 2337       1.515783752505e-11       5.784939298984e-13      -1.072134844373e-12       4.824829957196e-15       3.023879797710e-16       1.556705244757e-17       3.874582288378e-18 
 2338       1.514628430599e-11       5.750945521972e-13      -1.069417247906e-12       4.819646777995e-15       3.019189886233e-16       1.556454969942e-17       3.849489928784e-18 
 2339       1.513460420770e-11       5.717057070260e-13      -1.066578826767e-12       4.814468718313e-15       3.014509872942e-16       1.556397442540e-17       3.824256675317e-18 
 2340       1.512279031182e-11       5.683281883565e-13      -1.063621204114e-12       4.809295600294e-15       3.009839636702e-16       1.556532746131e-17       3.798804275374e-18 
 2341       1.511083567700e-11       5.649627927772e-13      -1.060546009424e-12       4.804127245384e-15       3.005179055849e-16       1.556860963302e-17       3.773054209544e-18 
 2342       1.509873333892e-11       5.616103194973e-13      -1.057354878502e-12       4.798963474330e-15       3.000528008192e-16       1.557382175652e-17       3.746927691324e-18 
 2343       1.508647631024e-11       5.582715703484e-13      -1.054049453483e-12       4.793804107175e-15       2.995886371012e-16       1.558096463784e-17       3.720345666835e-18 
 2344       1.507405758058e-11       5.549473497878e-13      -1.050631382846e-12       4.788648963260e-15       2.991254021064e-16       1.559003907307e-17       3.693228814535e-18 
 2345       1.506147011649e-11       5.516384649013e-13      -1.047102321414e-12       4.783497861224e-15       2.986630834570e-16       1.560104584834e-17       3.665497544938e-18 
 2346       1.504870686145e-11       5.483457254057e-13      -1.043463930368e-12       4.778350619000e-15       2.982016687226e-16       1.561398573980e-17       3.637072000325e-18 
 2347       1.503576073581e-11       5.450699436516e-13      -1.039717877246e-12       4.773207053819e-15       2.977411454196e-16       1.562885951361e-17       3.607872054462e-18 
 2348       1.502262463680e-11       5.418119346263e-13      -1.035865835960e-12       4.768066982204e-15       2.972815010113e-16       1.564566792592e-17       3.577817312315e-18 
 2349       1.500929143848e-11       5.385725159565e-13      -1.031909486791e-12       4.762930219974e-15       2.968227229079e-16       1.566441172287e-17       3.546827109766e-18 
 2350       1.499575399173e-11       5.353525079111e-13      -1.027850516408e-12       4.757796582239e-15       2.963647984664e-16       1.568509164053e-17       3.514820513325e-18 
 2351       1.498200512421e-11       5.321527334035e-13      -1.023690617867e-12       4.752665883402e-15       2.959077149905e-16       1.570770840496e-17       3.481716319849e-18 
 2352       1.496803764037e-11       5.289740179953e-13      -1.019431490619e-12       4.747537937157e-15       2.954514597306e-16       1.573226273212e-17       3.447433056255e-18 
 2353       1.495384432139e-11       5.258171898980e-13      -1.015074840522e-12       4.742412556488e-15       2.949960198837e-16       1.575875532789e-17       3.411888979239e-18 
 2354       1.493941792516e-11       5.226830799766e-13      -1.010622379841e-12       4.737289553671e-15       2.945413825933e-16       1.578718688807e-17       3.375002074983e-18 
 2355       1.492475118628e-11       5.195725217518e-13      -1.006075827262e-12       4.732168740268e-15       2.940875349495e-16       1.581755809832e-17       3.336690058882e-18 
 2356       1.490983681601e-11       5.164863514031e-13      -1.001436907893e-12       4.727049927130e-15       2.936344639888e-16       1.584986963420e-17       3.296870375247e-18 
 2357       1.489466750225e-11       5.134254077714e-13      -9.967073532734e-13       4.721932924397e-15       2.931821566939e-16       1.588412216110e-17       3.255460197032e-18 
 2358       1.487923590954e-11       5.103905323615e-13      -9.918889013833e-13       4.716817541495e-15       2.927305999940e-16       1.592031633427e-17       3.212376425539e-18 
 2359       1.486353467900e-11       5.073825693456e-13      -9.869832966469e-13       4.711703587133e-15       2.922797807644e-16       1.595845279878e-17       3.167535690141e-18 
 2360       1.484755758412e-11       5.044022710405e-13      -9.819923788465e-13       4.706590889013e-15       2.918296882942e-16       1.599852138079e-17       3.120879143986e-18 
 2361       1.483130300594e-11       5.014500136961e-13      -9.769183504482e-13       4.701479353075e-15       2.913803217046e-16       1.604046858813e-17       3.072447019807e-18 
 2362       1.481477047938e-11       4.985260799495e-13      -9.717635109485e-13       4.696368904613e-15       2.909316825766e-16       1.608422990807e-17       3.022304536084e-18 
 2363       1.479795953941e-11       4.956307531906e-13      -9.665301681283e-13       4.691259468605e-15       2.904837724873e-16       1.612974059747e-17       2.970517143298e-18 
 2364       1.478086972101e-11       4.927643175621e-13      -9.612206380622e-13       4.686150969715e-15       2.900365930102e-16       1.617693568257e-17       2.917150524182e-18 
 2365       1.476350055925e-11       4.899270579612e-13      -9.558372451272e-13       4.681043332289e-15       2.895901457148e-16       1.622574995869e-17       2.862270593969e-18 
 2366       1.474585158921e-11       4.871192600396e-13      -9.503823220117e-13       4.675936480353e-15       2.891444321671e-16       1.627611799003e-17       2.805943500642e-18 
 2367       1.472792234601e-11       4.843412102043e-13      -9.448582097246e-13       4.670830337621e-15       2.886994539291e-16       1.632797410936e-17       2.748235625183e-18 
 2368       1.470971236485e-11       4.815931956187e-13      -9.392672576036e-13       4.665724827484e-15       2.882552125591e-16       1.638125241786e-17       2.689213581823e-18 
 2369       1.469122118095e-11       4.788755042031e-13      -9.336118233252e-13       4.660619873019e-15       2.878117096116e-16       1.643588678480e-17       2.628944218291e-18 
 2370       1.467244832957e-11       4.761884246352e-13      -9.278942729125e-13       4.655515396980e-15       2.873689466373e-16       1.649181084731e-17       2.567494616062e-18 
 2371       1.465339334604e-11       4.735322463511e-13      -9.221169807450e-13       4.650411321807e-15       2.869269251832e-16       1.654895801015e-17       2.504932090610e-18 
 2372       1.463405576572e-11       4.709072595459e-13      -9.162823295671e-13       4.645307569616e-15       2.864856467924e-16       1.660726144544e-17       2.441324191652e-18 
 2373       1.461443512402e-11       4.683137551747e-13      -9.103927104970e-13       4.640204062206e-15       2.860451130040e-16       1.666665409243e-17       2.376738703400e-18 
 2374       1.459453095640e-11       4.657520249527e-13      -9.044505230359e-13       4.635100721055e-15       2.856053253535e-16       1.672706865725e-17       2.311243644813e-18 
 2375       1.457434279838e-11       4.632223613567e-13      -8.984581750767e-13       4.629997467321e-15       2.851662853725e-16       1.678843761263e-17       2.244907269841e-18 
 2376       1.455387018550e-11       4.607250576250e-13      -8.924180829131e-13       4.624894221841e-15       2.847279945888e-16       1.685069319771e-17       2.177798067679e-18 
 2377       1.453311265339e-11       4.582604077589e-13      -8.863326712484e-13       4.619790905130e-15       2.842904545262e-16       1.691376741773e-17       2.109984763013e-18 
 2378       1.451206973770e-11       4.558287065228e-13      -8.802043732045e-13       4.614687437384e-15       2.838536667047e-16       1.697759204385e-17       2.041536316270e-18 
 2379       1.449074097415e-11       4.534302494454e-13      -8.740356303309e-13       4.609583738474e-15       2.834176326404e-16       1.704209861283e-17       1.972521923871e-18 
 2380       1.446912589849e-11       4.510653328200e-13      -8.678288926134e-13       4.604479727950e-15       2.829823538457e-16       1.710721842683e-17       1.903011018472e-18 
 2381       1.444722404655e-11       4.487342537055e-13      -8.615866184832e-13       4.599375325040e-15       2.825478318289e-16       1.717288255314e-17       1.833073269225e-18 
 2382       1.442503495419e-11       4.464373099271e-13      -8.553112748259e-13       4.594270448647e-15       2.821140680945e-16       1.723902182397e-17       1.762778582014e-18 
 2383       1.440255815734e-11       4.441748000768e-13      -8.490053369904e-13       4.589165017354e-15       2.816810641429e-16       1.730556683613e-17       1.692197099717e-18 
 2384       1.437979319197e-11       4.419470235144e-13      -8.426712887976e-13       4.584058949416e-15       2.812488214710e-16       1.737244795086e-17       1.621399202446e-18 
 2385       1.435673959411e-11       4.397542803681e-13      -8.363116225497e-13       4.578952162768e-15       2.808173415714e-16       1.743959529352e-17       1.550455507800e-18 
 2386       1.433339689986e-11       4.375968715352e-13      -8.299288390388e-13       4.573844575017e-15       2.803866259329e-16       1.750693875340e-17       1.479436871116e-18 
 2387       1.430976464536e-11       4.354750986827e-13      -8.235254475560e-13       4.568736103447e-15       2.799566760404e-16       1.757440798341e-17       1.408414385714e-18 
 2388       1.428584236679e-11       4.333892642484e-13      -8.171039659004e-13       4.563626665017e-15       2.795274933748e-16       1.764193239988e-17       1.337459383151e-18 
 2389       1.426162960043e-11       4.313396714410e-13      -8.106669203879e-13       4.558516176360e-15       2.790990794131e-16       1.770944118230e-17       1.266643433465e-18 
 2390       1.423712588259e-11       4.293266242417e-13      -8.042168458601e-13       4.553404553781e-15       2.786714356282e-16       1.777686327304e-17       1.196038345431e-18 
 2391       1.421233074964e-11       4.273504274040e-13      -7.977562856934e-13       4.548291713262e-15       2.782445634892e-16       1.784412737717e-17       1.125716166802e-18 
 2392       1.418724373801e-11       4.254113864550e-13      -7.912877918079e-13       4.543177570457e-15       2.778184644612e-16       1.791116196214e-17       1.055749184568e-18 
 2393       1.416186438418e-11       4.235098076960e-13      -7.848139246760e-13       4.538062040693e-15       2.773931400052e-16       1.797789525757e-17       9.862099251965e-19 
 2394       1.413619222473e-11       4.216459982029e-13      -7.783372533320e-13       4.532945038967e-15       2.769685915782e-16       1.804425525501e-17       9.171711548866e-19 
 2395       1.411022679624e-11       4.198202658276e-13      -7.718603553802e-13       4.527826479953e-15       2.765448206335e-16       1.811016970766e-17       8.487058798175e-19 
 2396       1.408396763541e-11       4.180329191980e-13      -7.653858170047e-13       4.522706277993e-15       2.761218286199e-16       1.817556613016e-17       7.808873463972e-19 
 2397       1.405741427895e-11       4.162842677191e-13      -7.589162329775e-13       4.517584347102e-15       2.756996169826e-16       1.824037179829e-17       7.137890415122e-19 
 2398       1.403056626368e-11       4.145746215738e-13      -7.524542066682e-13       4.512460600965e-15       2.752781871625e-16       1.830451374878e-17       6.474846927769e-19 
 2399       1.400342393696e-11       4.129042006092e-13      -7.460021876322e-13       4.507334972686e-15       2.748575409284e-16       1.836794676222e-17       5.820334851721e-19 
 2400       1.397599089370e-11       4.112728603882e-13      -7.395619832761e-13       4.502207474154e-15       2.744376813741e-16       1.843073749893e-17       5.174356118645e-19 
 2401       1.394827155427e-11       4.096803644674e-13      -7.331352442297e-13       4.497078137036e-15       2.740186119270e-16       1.849298087613e-17       4.536764526017e-19 
 2402       1.392027035534e-11       4.081264753587e-13      -7.267236265017e-13       4.491946993067e-15       2.736003360174e-16       1.855477213165e-17       3.907413326291e-19 
 2403       1.389199174990e-11       4.066109545273e-13      -7.203287914844e-13       4.486814074044e-15       2.731828570778e-16       1.861620682434e-17       3.286155226318e-19 
 2404       1.386344020727e-11       4.051335623912e-13      -7.139524059599e-13       4.481679411832e-15       2.727661785437e-16       1.867738083432e-17       2.672842386752e-19 
 2405       1.383462021316e-11       4.036940583199e-13      -7.075961421053e-13       4.476543038360e-15       2.723503038528e-16       1.873839036340e-17       2.067326421465e-19 
 2406       1.380553626962e-11       4.022922006329e-13      -7.012616774984e-13       4.471404985623e-15       2.719352364456e-16       1.879933193535e-17       1.469458396956e-19 
 2407       1.377619289511e-11       4.009277465988e-13      -6.949506951232e-13       4.466265285680e-15       2.715209797653e-16       1.886030239629e-17       8.790888317676e-20 
 2408       1.374659462451e-11       3.996004524342e-13      -6.886648833755e-13       4.461123970658e-15       2.711075372573e-16       1.892139891498e-17       2.960676958921e-20 
 2409       1.371674600910e-11       3.983100733021e-13      -6.824059360682e-13       4.455981072749e-15       2.706949123700e-16       1.898271898316e-17      -2.797555898118e-20 
 2410       1.368665161662e-11       3.970563633112e-13      -6.761755524374e-13       4.450836624208e-15       2.702831085541e-16       1.904436041593e-17      -8.485321542098e-20 
 2411       1.365631603128e-11       3.958390755145e-13      -6.699754371473e-13       4.445690657359e-15       2.698721292629e-16       1.910642135203e-17      -1.410413676479e-19 
 2412       1.362574385377e-11       3.946579619080e-13      -6.638073002960e-13       4.440543204590e-15       2.694619779524e-16       1.916900025420e-17      -1.965552386697e-19 
 2413       1.359493970126e-11       3.935127734299e-13      -6.576728574214e-13       4.435394298355e-15       2.690526580811e-16       1.923219590953e-17      -2.514101066429e-19 
 2414       1.356390820745e-11       3.924032599590e-13      -6.515738295062e-13       4.430243971174e-15       2.686441731102e-16       1.929610742976e-17      -3.056213049317e-19 
 2415       1.353265402256e-11       3.913291703136e-13      -6.455119429836e-13       4.425092255633e-15       2.682365265031e-16       1.936083425165e-17      -3.592042221666e-19 
 2416       1.350118181338e-11       3.902902522506e-13      -6.394889297433e-13       4.419939184383e-15       2.678297217263e-16       1.942647613729e-17      -4.121743023035e-19 
 2417       1.346949626326e-11       3.892862524642e-13      -6.335065271362e-13       4.414784790142e-15       2.674237622485e-16       1.949313317445e-17      -4.645470446822e-19 
 2418       1.343760207211e-11       3.883169165845e-13      -6.275664779809e-13       4.409629105694e-15       2.670186515410e-16       1.956090577691e-17      -5.163380040856e-19 
 2419       1.340550395647e-11       3.873819891764e-13      -6.216705305683e-13       4.404472163887e-15       2.666143930778e-16       1.962989468480e-17      -5.675627907980e-19 
 2420       1.337320664951e-11       3.864812137388e-13      -6.158204386680e-13       4.399313997637e-15       2.662109903355e-16       1.970020096491e-17      -6.182370706643e-19 
 2421       1.334071490100e-11       3.856143327028e-13      -6.100179615333e-13       4.394154639926e-15       2.658084467930e-16       1.977192601109e-17      -6.683765651490e-19 
 2422       1.330803347739e-11       3.847810874312e-13      -6.042648639070e-13       4.388994123802e-15       2.654067659321e-16       1.984517154449e-17      -7.179970513942e-19 
 2423       1.327516716180e-11       3.839812182166e-13      -5.985629160266e-13       4.383832482378e-15       2.650059512369e-16       1.992003961399e-17      -7.671143622793e-19 
 2424       1.324212075403e-11       3.832144642807e-13      -5.929138936305e-13       4.378669748835e-15       2.646060061942e-16       1.999663259646e-17      -8.157443864793e-19 
 2425       1.320889907061e-11       3.824805637732e-13      -5.873195779628e-13       4.373505956420e-15       2.642069342933e-16       2.007505319716e-17      -8.639030685240e-19 
 2426       1.317550694476e-11       3.817792537702e-13      -5.817817557795e-13       4.368341138444e-15       2.638087390261e-16       2.015540445000e-17      -9.116064088562e-19 
 2427       1.314194922647e-11       3.811102702733e-13      -5.763022193536e-13       4.363175328287e-15       2.634114238871e-16       2.023778971797e-17      -9.588704638911e-19 
 2428       1.310823078247e-11       3.804733482083e-13      -5.708827664807e-13       4.358008559394e-15       2.630149923733e-16       2.032231269339e-17      -1.005711346075e-18 
 2429       1.307435649630e-11       3.798682214244e-13      -5.655252004848e-13       4.352840865278e-15       2.626194479842e-16       2.040907739828e-17      -1.052145223944e-18 
 2430       1.304033126825e-11       3.792946226923e-13      -5.602313302237e-13       4.347672279517e-15       2.622247942219e-16       2.049818818471e-17      -1.098188322182e-18 
 2431       1.300616001545e-11       3.787522837036e-13      -5.550029700945e-13       4.342502835756e-15       2.618310345911e-16       2.058974973510e-17      -1.143856921682e-18 
 2432       1.297184767185e-11       3.782409350695e-13      -5.498419400390e-13       4.337332567705e-15       2.614381725991e-16       2.068386706260e-17      -1.189167359602e-18 
 2433       1.293739918826e-11       3.777603063196e-13      -5.447500655498e-13       4.332161509144e-15       2.610462117556e-16       2.078064551137e-17      -1.234136029425e-18 
 2434       1.290281953234e-11       3.773101259005e-13      -5.397291776751e-13       4.326989693917e-15       2.606551555729e-16       2.088019075697e-17      -1.278779381018e-18 
 2435       1.286811368864e-11       3.768901211749e-13      -5.347811130250e-13       4.321817155935e-15       2.602650075659e-16       2.098260880666e-17      -1.323113920692e-18 
 2436       1.283328665859e-11       3.765000184205e-13      -5.299077137764e-13       4.316643929178e-15       2.598757712521e-16       2.108800599975e-17      -1.367156211259e-18 
 2437       1.279834346057e-11       3.761395428284e-13      -5.251108276789e-13       4.311470047689e-15       2.594874501514e-16       2.119648900793e-17      -1.410922872088e-18 
 2438       1.276328921815e-11       3.758083826400e-13      -5.203920743101e-13       4.306295555515e-15       2.591000456474e-16       2.130812502214e-17      -1.454422841148e-18 
 2439       1.272812942549e-11       3.755060813232e-13      -5.157521422969e-13       4.301120536578e-15       2.587135505564e-16       2.142282205121e-17      -1.497634110202e-18 
 2440       1.269286968363e-11       3.752321447463e-13      -5.111914878844e-13       4.295945084978e-15       2.583279555194e-16       2.154044790499e-17      -1.540526850003e-18 
 2441       1.265751561229e-11       3.749860769794e-13      -5.067105683038e-13       4.290769295081e-15       2.579432511382e-16       2.166086994208e-17      -1.583071135533e-18 
 2442       1.262207284996e-11       3.747673802925e-13      -5.023098417734e-13       4.285593261515e-15       2.575594279746e-16       2.178395506934e-17      -1.625236945906e-18 
 2443       1.258654705391e-11       3.745755551536e-13      -4.979897674989e-13       4.280417079169e-15       2.571764765507e-16       2.190956974143e-17      -1.666994164267e-18 
 2444       1.255094390017e-11       3.744101002271e-13      -4.937508056748e-13       4.275240843200e-15       2.567943873491e-16       2.203757996036e-17      -1.708312577702e-18 
 2445       1.251526908357e-11       3.742705123713e-13      -4.895934174850e-13       4.270064649024e-15       2.564131508123e-16       2.216785127500e-17      -1.749161877133e-18 
 2446       1.247952831779e-11       3.741562866371e-13      -4.855180651035e-13       4.264888592326e-15       2.560327573430e-16       2.230024878061e-17      -1.789511657224e-18 
 2447       1.244372733534e-11       3.740669162657e-13      -4.815252116954e-13       4.259712769052e-15       2.556531973042e-16       2.243463711840e-17      -1.829331416286e-18 
 2448       1.240787188758e-11       3.740018926868e-13      -4.776153214177e-13       4.254537275412e-15       2.552744610188e-16       2.257088047503e-17      -1.868590556175e-18 
 2449       1.237196774477e-11       3.739607055169e-13      -4.737888594201e-13       4.249362207885e-15       2.548965387697e-16       2.270884258215e-17      -1.907258382198e-18 
 2450       1.233602069605e-11       3.739428425571e-13      -4.700462918459e-13       4.244187663209e-15       2.545194207998e-16       2.284838671594e-17      -1.945304103013e-18 
 2451       1.230003654950e-11       3.739477897913e-13      -4.663880858326e-13       4.239013738393e-15       2.541430973119e-16       2.298937569664e-17      -1.982696830535e-18 
 2452       1.226402113213e-11       3.739750313845e-13      -4.628147095131e-13       4.233840530709e-15       2.537675584688e-16       2.313167188808e-17      -2.019405579836e-18 
 2453       1.222798028991e-11       3.740240496804e-13      -4.593266320162e-13       4.228668137693e-15       2.533927943931e-16       2.327513719722e-17      -2.055399269048e-18 
 2454       1.219191988778e-11       3.740943252001e-13      -4.559243234676e-13       4.223496657150e-15       2.530187951670e-16       2.341963307366e-17      -2.090646719268e-18 
 2455       1.215584580968e-11       3.741853366397e-13      -4.526082549909e-13       4.218326187150e-15       2.526455508328e-16       2.356502050919e-17      -2.125116654457e-18 
 2456       1.211976395858e-11       3.742965608689e-13      -4.493788987078e-13       4.213156826030e-15       2.522730513921e-16       2.371116003731e-17      -2.158777701345e-18 
 2457       1.208368025647e-11       3.744274729285e-13      -4.462367277396e-13       4.207988672393e-15       2.519012868066e-16       2.385791173278e-17      -2.191598389333e-18 
 2458       1.204760064439e-11       3.745775460289e-13      -4.431822162079e-13       4.202821825109e-15       2.515302469971e-16       2.400513521115e-17      -2.223547150395e-18 
 2459       1.201153108247e-11       3.747462515482e-13      -4.402158392351e-13       4.197656383316e-15       2.511599218446e-16       2.415268962826e-17      -2.254592318984e-18 
 2460       1.197547754991e-11       3.749330590300e-13      -4.373380729456e-13       4.192492446419e-15       2.507903011890e-16       2.430043367980e-17      -2.284702131930e-18 
 2461       1.193944604506e-11       3.751374361819e-13      -4.345493944662e-13       4.187330114091e-15       2.504213748300e-16       2.444822560085e-17      -2.313844728344e-18 
 2462       1.190344258535e-11       3.753588488732e-13      -4.318502819276e-13       4.182169486272e-15       2.500531325269e-16       2.459592316539e-17      -2.341988149524e-18 
 2463       1.186747320741e-11       3.755967611334e-13      -4.292412144646e-13       4.177010663171e-15       2.496855639981e-16       2.474338368584e-17      -2.369100338852e-18 
 2464       1.183154396702e-11       3.758506351498e-13      -4.267226722171e-13       4.171853745267e-15       2.493186589214e-16       2.489046401259e-17      -2.395149141702e-18 
 2465       1.179566093913e-11       3.761199312662e-13      -4.242951363311e-13       4.166698833304e-15       2.489524069340e-16       2.503702053353e-17      -2.420102305340e-18 
 2466       1.175983021793e-11       3.764041079804e-13      -4.219590889595e-13       4.161546028298e-15       2.485867976324e-16       2.518290917360e-17      -2.443927478826e-18 
 2467       1.172405791681e-11       3.767026219428e-13      -4.197150132627e-13       4.156395431534e-15       2.482218205721e-16       2.532798539429e-17      -2.466592212919e-18 
 2468       1.168835016844e-11       3.770149279540e-13      -4.175633934096e-13       4.151247144564e-15       2.478574652681e-16       2.547210419321e-17      -2.488063959976e-18 
 2469       1.165271312472e-11       3.773404789634e-13      -4.155047145786e-13       4.146101269213e-15       2.474937211942e-16       2.561512010359e-17      -2.508310073860e-18 
 2470       1.161715295686e-11       3.776787260670e-13      -4.135394629579e-13       4.140957907573e-15       2.471305777834e-16       2.575688719381e-17      -2.527297809838e-18 
 2471       1.158167585536e-11       3.780291185055e-13      -4.116681257471e-13       4.135817162008e-15       2.467680244280e-16       2.589725906697e-17      -2.544994324484e-18 
 2472       1.154628803006e-11       3.783911036626e-13      -4.098911911573e-13       4.130679135152e-15       2.464060504788e-16       2.603608886038e-17      -2.561366675586e-18 
 2473       1.151099571013e-11       3.787641270627e-13      -4.082091484123e-13       4.125543929908e-15       2.460446452459e-16       2.617322924511e-17      -2.576381822043e-18 
 2474       1.147580514410e-11       3.791476323696e-13      -4.066224877493e-13       4.120411649454e-15       2.456837979984e-16       2.630853242553e-17      -2.590006623772e-18 
 2475       1.144072259990e-11       3.795410613840e-13      -4.051317004200e-13       4.115282397234e-15       2.453234979638e-16       2.644185013882e-17      -2.602207841607e-18 
 2476       1.140575436484e-11       3.799438540418e-13      -4.037372786910e-13       4.110156276967e-15       2.449637343290e-16       2.657303365452e-17      -2.612952137206e-18 
 2477       1.137090622072e-11       3.803554447801e-13      -4.024393861377e-13       4.105033394156e-15       2.446044985133e-16       2.670196269368e-17      -2.622222103812e-18 
 2478       1.133618186557e-11       3.807752516149e-13      -4.012368663929e-13       4.099913860637e-15       2.442457910061e-16       2.682863237404e-17      -2.630064462302e-18 
 2479       1.130158448263e-11       3.812026869947e-13      -4.001282285405e-13       4.094797790059e-15       2.438876145701e-16       2.695306677787e-17      -2.636542149850e-18 
 2480       1.126711726441e-11       3.816371614253e-13      -3.991119762842e-13       4.089685296374e-15       2.435299719706e-16       2.707529007912e-17      -2.641718315151e-18 
 2481       1.123278341273e-11       3.820780834676e-13      -3.981866079425e-13       4.084576493833e-15       2.431728659758e-16       2.719532654355e-17      -2.645656318637e-18 
 2482       1.119858613872e-11       3.825248597357e-13      -3.973506164430e-13       4.079471496993e-15       2.428162993565e-16       2.731320052876e-17      -2.648419732696e-18 
 2483       1.116452866281e-11       3.829768948950e-13      -3.966024893167e-13       4.074370420710e-15       2.424602748865e-16       2.742893648436e-17      -2.650072341884e-18 
 2484       1.113061421478e-11       3.834335916601e-13      -3.959407086924e-13       4.069273380145e-15       2.421047953423e-16       2.754255895203e-17      -2.650678143141e-18 
 2485       1.109684603374e-11       3.838943507928e-13      -3.953637512908e-13       4.064180490761e-15       2.417498635030e-16       2.765409256560e-17      -2.650301346013e-18 
 2486       1.106322736813e-11       3.843585711003e-13      -3.948700884197e-13       4.059091868325e-15       2.413954821507e-16       2.776356205120e-17      -2.649006372860e-18 
 2487       1.102976147576e-11       3.848256494332e-13      -3.944581859673e-13       4.054007628907e-15       2.410416540702e-16       2.787099222729e-17      -2.646857859078e-18 
 2488       1.099645162381e-11       3.852949806831e-13      -3.941265043976e-13       4.048927888883e-15       2.406883820490e-16       2.797640800483e-17      -2.643920653312e-18 
 2489       1.096330108880e-11       3.857659577814e-13      -3.938734987439e-13       4.043852764929e-15       2.403356688774e-16       2.807983438731e-17      -2.640259817675e-18 
 2490       1.093031315667e-11       3.862379716967e-13      -3.936976186039e-13       4.038782374031e-15       2.399835173486e-16       2.818129647090e-17      -2.635940627960e-18 
 2491       1.089749112272e-11       3.867104114331e-13      -3.935973081336e-13       4.033716833474e-15       2.396319302584e-16       2.828081944452e-17      -2.631028573858e-18 
 2492       1.086483829166e-11       3.871826640280e-13      -3.935710060420e-13       4.028656260851e-15       2.392809104055e-16       2.837842858994e-17      -2.625589359177e-18 
 2493       1.083235797762e-11       3.876541145505e-13      -3.936171455853e-13       4.023600774062e-15       2.389304605913e-16       2.847414928186e-17      -2.619688902052e-18 
 2494       1.080005350411e-11       3.881241460991e-13      -3.937341545613e-13       4.018550491308e-15       2.385805836200e-16       2.856800698807e-17      -2.613393335167e-18 
 2495       1.076792820412e-11       3.885921397998e-13      -3.939204553039e-13       4.013505531100e-15       2.382312822986e-16       2.866002726947e-17      -2.606769005966e-18 
 2496       1.073598542002e-11       3.890574748043e-13      -3.941744646773e-13       4.008466012253e-15       2.378825594369e-16       2.875023578020e-17      -2.599882476875e-18 
 2497       1.070422850366e-11       3.895195282876e-13      -3.944945940706e-13       4.003432053888e-15       2.375344178473e-16       2.883865826777e-17      -2.592800525510e-18 
 2498       1.067266081633e-11       3.899776754466e-13      -3.948792493920e-13       3.998403775435e-15       2.371868603452e-16       2.892532057309e-17      -2.585590144902e-18 
 2499       1.064128572878e-11       3.904312894978e-13      -3.953268310633e-13       3.993381296627e-15       2.368398897486e-16       2.901024863062e-17      -2.578318543706e-18 
 2500       1.061010662124e-11       3.908797416752e-13      -3.958357340142e-13       3.988364737509e-15       2.364935088784e-16       2.909346846846e-17      -2.571053146421e-18 
